method,encoder,spec,pretrain_spec,n_shots,seed,target,test_acc,test_f1_macro,protocol
lfr,cnnpff,device:MotionSense:10,in-domain,10,0,MotionSense,0.84375,0.8451807732039974,val
lfr,cnnpff,device:MotionSense:10,in-domain,10,1,MotionSense,0.8349609375,0.8362511932658138,val
lfr,cnnpff,device:MotionSense:10,in-domain,10,2,MotionSense,0.802734375,0.8065059728635141,val
lfr,cnnpff,device:MotionSense:10,in-domain,10,3,MotionSense,0.8056640625,0.8095978421812958,val
lfr,cnnpff,device:MotionSense:10,in-domain,1,0,MotionSense,0.6884765625,0.6831991970276102,val
lfr,cnnpff,device:MotionSense:10,in-domain,1,1,MotionSense,0.6865234375,0.6787010890366717,val
lfr,cnnpff,device:MotionSense:10,in-domain,1,2,MotionSense,0.6611328125,0.6594053604503652,val
lfr,cnnpff,device:MotionSense:10,in-domain,1,3,MotionSense,0.65234375,0.6538296784803938,val
lfr,cnnpff,device:MotionSense:10,in-domain,2,0,MotionSense,0.7421875,0.7399417746118889,val
lfr,cnnpff,device:MotionSense:10,in-domain,2,1,MotionSense,0.7294921875,0.7267120654461244,val
lfr,cnnpff,device:MotionSense:10,in-domain,2,2,MotionSense,0.771484375,0.7732890772023239,val
lfr,cnnpff,device:MotionSense:10,in-domain,2,3,MotionSense,0.7568359375,0.7595753164031435,val
lfr,cnnpff,device:MotionSense:10,in-domain,5,0,MotionSense,0.8193359375,0.8204416888877364,val
lfr,cnnpff,device:MotionSense:10,in-domain,5,1,MotionSense,0.7998046875,0.8007781775068284,val
lfr,cnnpff,device:MotionSense:10,in-domain,5,2,MotionSense,0.7841796875,0.7879831352902391,val
lfr,cnnpff,device:MotionSense:10,in-domain,5,3,MotionSense,0.822265625,0.8260030309167726,val
lfr,cnnpff,device:MotionSense:10,in-domain,full,0,MotionSense,0.8427734375,0.8448057155833341,val
lfr,cnnpff,device:MotionSense:10,in-domain,full,1,MotionSense,0.8388671875,0.8409842673795519,val
lfr,cnnpff,device:MotionSense:10,in-domain,full,2,MotionSense,0.8369140625,0.8404872991148723,val
lfr,cnnpff,device:MotionSense:10,in-domain,full,3,MotionSense,0.859375,0.8604976821549578,val
lfr,cnnpff,device:RealWorld_thigh+MotionSense:10+10,in-domain,10,0,RealWorld_thigh,0.7368055555555556,0.7418983353452734,val
lfr,cnnpff,device:RealWorld_thigh+MotionSense:10+10,in-domain,10,0,MotionSense,0.8271484375,0.8273724816125818,val
lfr,cnnpff,device:RealWorld_thigh+MotionSense:10+10,in-domain,10,1,RealWorld_thigh,0.6854166666666667,0.691492813041899,val
lfr,cnnpff,device:RealWorld_thigh+MotionSense:10+10,in-domain,10,1,MotionSense,0.8203125,0.8213158497047566,val
lfr,cnnpff,device:RealWorld_thigh+MotionSense:10+10,in-domain,10,2,RealWorld_thigh,0.6979166666666666,0.7002886870658713,val
lfr,cnnpff,device:RealWorld_thigh+MotionSense:10+10,in-domain,10,2,MotionSense,0.8310546875,0.8328784765613655,val
lfr,cnnpff,device:RealWorld_thigh+MotionSense:10+10,in-domain,10,3,RealWorld_thigh,0.6447916666666667,0.6542224870239831,val
lfr,cnnpff,device:RealWorld_thigh+MotionSense:10+10,in-domain,10,3,MotionSense,0.828125,0.8305088183217006,val
lfr,cnnpff,device:RealWorld_thigh+MotionSense:10+10,in-domain,1,0,RealWorld_thigh,0.5583333333333333,0.5641826816337557,val
lfr,cnnpff,device:RealWorld_thigh+MotionSense:10+10,in-domain,1,0,MotionSense,0.68359375,0.6807753938550806,val
lfr,cnnpff,device:RealWorld_thigh+MotionSense:10+10,in-domain,1,1,RealWorld_thigh,0.5885416666666666,0.5938724884213902,val
lfr,cnnpff,device:RealWorld_thigh+MotionSense:10+10,in-domain,1,1,MotionSense,0.6513671875,0.6487976923180887,val
lfr,cnnpff,device:RealWorld_thigh+MotionSense:10+10,in-domain,1,2,RealWorld_thigh,0.5746527777777778,0.579005172795691,val
lfr,cnnpff,device:RealWorld_thigh+MotionSense:10+10,in-domain,1,2,MotionSense,0.685546875,0.6817856472128435,val
lfr,cnnpff,device:RealWorld_thigh+MotionSense:10+10,in-domain,1,3,RealWorld_thigh,0.5479166666666667,0.5565316454989445,val
lfr,cnnpff,device:RealWorld_thigh+MotionSense:10+10,in-domain,1,3,MotionSense,0.64453125,0.6457777400915357,val
lfr,cnnpff,device:RealWorld_thigh+MotionSense:10+10,in-domain,2,0,RealWorld_thigh,0.653125,0.6550005388810345,val
lfr,cnnpff,device:RealWorld_thigh+MotionSense:10+10,in-domain,2,0,MotionSense,0.76953125,0.7659704333691105,val
lfr,cnnpff,device:RealWorld_thigh+MotionSense:10+10,in-domain,2,1,RealWorld_thigh,0.6447916666666667,0.649832153163105,val
lfr,cnnpff,device:RealWorld_thigh+MotionSense:10+10,in-domain,2,1,MotionSense,0.7568359375,0.755408522962703,val
lfr,cnnpff,device:RealWorld_thigh+MotionSense:10+10,in-domain,2,2,RealWorld_thigh,0.6548611111111111,0.6575370188971367,val
lfr,cnnpff,device:RealWorld_thigh+MotionSense:10+10,in-domain,2,2,MotionSense,0.7626953125,0.7602862492145867,val
lfr,cnnpff,device:RealWorld_thigh+MotionSense:10+10,in-domain,2,3,RealWorld_thigh,0.6159722222222223,0.6210830825484615,val
lfr,cnnpff,device:RealWorld_thigh+MotionSense:10+10,in-domain,2,3,MotionSense,0.7373046875,0.7385277073586408,val
lfr,cnnpff,device:RealWorld_thigh+MotionSense:10+10,in-domain,5,0,RealWorld_thigh,0.6892361111111112,0.6927733204414422,val
lfr,cnnpff,device:RealWorld_thigh+MotionSense:10+10,in-domain,5,0,MotionSense,0.802734375,0.8018053449857434,val
lfr,cnnpff,device:RealWorld_thigh+MotionSense:10+10,in-domain,5,1,RealWorld_thigh,0.690625,0.6959715524872548,val
lfr,cnnpff,device:RealWorld_thigh+MotionSense:10+10,in-domain,5,1,MotionSense,0.80859375,0.8073945074831639,val
lfr,cnnpff,device:RealWorld_thigh+MotionSense:10+10,in-domain,5,2,RealWorld_thigh,0.684375,0.6863959126311271,val
lfr,cnnpff,device:RealWorld_thigh+MotionSense:10+10,in-domain,5,2,MotionSense,0.7841796875,0.7836457778364441,val
lfr,cnnpff,device:RealWorld_thigh+MotionSense:10+10,in-domain,5,3,RealWorld_thigh,0.6638888888888889,0.6720029628276963,val
lfr,cnnpff,device:RealWorld_thigh+MotionSense:10+10,in-domain,5,3,MotionSense,0.802734375,0.8034925807886254,val
lfr,cnnpff,device:RealWorld_thigh+MotionSense:10+10,in-domain,full,0,RealWorld_thigh,0.7298611111111111,0.7359860462836169,val
lfr,cnnpff,device:RealWorld_thigh+MotionSense:10+10,in-domain,full,0,MotionSense,0.845703125,0.8473395580069422,val
lfr,cnnpff,device:RealWorld_thigh+MotionSense:10+10,in-domain,full,1,RealWorld_thigh,0.7177083333333333,0.7223845778253878,val
lfr,cnnpff,device:RealWorld_thigh+MotionSense:10+10,in-domain,full,1,MotionSense,0.83203125,0.8340529812729772,val
lfr,cnnpff,device:RealWorld_thigh+MotionSense:10+10,in-domain,full,2,RealWorld_thigh,0.7229166666666667,0.7258093639593243,val
lfr,cnnpff,device:RealWorld_thigh+MotionSense:10+10,in-domain,full,2,MotionSense,0.8359375,0.8367665533761475,val
lfr,cnnpff,device:RealWorld_thigh+MotionSense:10+10,in-domain,full,3,RealWorld_thigh,0.684375,0.6926357852481219,val
lfr,cnnpff,device:RealWorld_thigh+MotionSense:10+10,in-domain,full,3,MotionSense,0.8505859375,0.8508261098844624,val
lfr,cnnpff,device:RealWorld_thigh+MotionSense:5+5,in-domain,10,0,RealWorld_thigh,0.6802083333333333,0.683261014524217,val
lfr,cnnpff,device:RealWorld_thigh+MotionSense:5+5,in-domain,10,0,MotionSense,0.796875,0.7895105567170781,val
lfr,cnnpff,device:RealWorld_thigh+MotionSense:5+5,in-domain,10,1,RealWorld_thigh,0.6628472222222223,0.6680354243425567,val
lfr,cnnpff,device:RealWorld_thigh+MotionSense:5+5,in-domain,10,1,MotionSense,0.7890625,0.7897909573757437,val
lfr,cnnpff,device:RealWorld_thigh+MotionSense:5+5,in-domain,10,2,RealWorld_thigh,0.6364583333333333,0.6380979424280621,val
lfr,cnnpff,device:RealWorld_thigh+MotionSense:5+5,in-domain,10,2,MotionSense,0.7646484375,0.7607258427499115,val
lfr,cnnpff,device:RealWorld_thigh+MotionSense:5+5,in-domain,10,3,RealWorld_thigh,0.6142361111111111,0.6229025341550154,val
lfr,cnnpff,device:RealWorld_thigh+MotionSense:5+5,in-domain,10,3,MotionSense,0.74609375,0.7396039106338242,val
lfr,cnnpff,device:RealWorld_thigh+MotionSense:5+5,in-domain,1,0,RealWorld_thigh,0.5663194444444445,0.5640285543182948,val
lfr,cnnpff,device:RealWorld_thigh+MotionSense:5+5,in-domain,1,0,MotionSense,0.669921875,0.6560212458802955,val
lfr,cnnpff,device:RealWorld_thigh+MotionSense:5+5,in-domain,1,1,RealWorld_thigh,0.5576388888888889,0.5629471432889033,val
lfr,cnnpff,device:RealWorld_thigh+MotionSense:5+5,in-domain,1,1,MotionSense,0.6513671875,0.6459975589353024,val
lfr,cnnpff,device:RealWorld_thigh+MotionSense:5+5,in-domain,1,2,RealWorld_thigh,0.5371527777777778,0.5382305860287083,val
lfr,cnnpff,device:RealWorld_thigh+MotionSense:5+5,in-domain,1,2,MotionSense,0.6005859375,0.5954238490980921,val
lfr,cnnpff,device:RealWorld_thigh+MotionSense:5+5,in-domain,1,3,RealWorld_thigh,0.46875,0.4646605186929117,val
lfr,cnnpff,device:RealWorld_thigh+MotionSense:5+5,in-domain,1,3,MotionSense,0.552734375,0.5423053547009845,val
lfr,cnnpff,device:RealWorld_thigh+MotionSense:5+5,in-domain,2,0,RealWorld_thigh,0.5715277777777777,0.576968167914949,val
lfr,cnnpff,device:RealWorld_thigh+MotionSense:5+5,in-domain,2,0,MotionSense,0.7265625,0.7127730918933902,val
lfr,cnnpff,device:RealWorld_thigh+MotionSense:5+5,in-domain,2,1,RealWorld_thigh,0.5642361111111112,0.56997367134504,val
lfr,cnnpff,device:RealWorld_thigh+MotionSense:5+5,in-domain,2,1,MotionSense,0.6796875,0.6733432018306181,val
lfr,cnnpff,device:RealWorld_thigh+MotionSense:5+5,in-domain,2,2,RealWorld_thigh,0.5663194444444445,0.5694462841547167,val
lfr,cnnpff,device:RealWorld_thigh+MotionSense:5+5,in-domain,2,2,MotionSense,0.666015625,0.6625992386455789,val
lfr,cnnpff,device:RealWorld_thigh+MotionSense:5+5,in-domain,2,3,RealWorld_thigh,0.5861111111111111,0.587324222894883,val
lfr,cnnpff,device:RealWorld_thigh+MotionSense:5+5,in-domain,2,3,MotionSense,0.677734375,0.6631634166487006,val
lfr,cnnpff,device:RealWorld_thigh+MotionSense:5+5,in-domain,5,0,RealWorld_thigh,0.6666666666666666,0.6686518675304208,val
lfr,cnnpff,device:RealWorld_thigh+MotionSense:5+5,in-domain,5,0,MotionSense,0.791015625,0.784976932901219,val
lfr,cnnpff,device:RealWorld_thigh+MotionSense:5+5,in-domain,5,1,RealWorld_thigh,0.6513888888888889,0.6565682263115004,val
lfr,cnnpff,device:RealWorld_thigh+MotionSense:5+5,in-domain,5,1,MotionSense,0.7568359375,0.7553735109993922,val
lfr,cnnpff,device:RealWorld_thigh+MotionSense:5+5,in-domain,5,2,RealWorld_thigh,0.640625,0.6420957129474973,val
lfr,cnnpff,device:RealWorld_thigh+MotionSense:5+5,in-domain,5,2,MotionSense,0.7021484375,0.6857117599919222,val
lfr,cnnpff,device:RealWorld_thigh+MotionSense:5+5,in-domain,5,3,RealWorld_thigh,0.5965277777777778,0.6011629525288529,val
lfr,cnnpff,device:RealWorld_thigh+MotionSense:5+5,in-domain,5,3,MotionSense,0.69140625,0.6871382941317395,val
lfr,cnnpff,device:RealWorld_thigh+MotionSense:5+5,in-domain,full,0,RealWorld_thigh,0.6600694444444445,0.6646104883603418,val
lfr,cnnpff,device:RealWorld_thigh+MotionSense:5+5,in-domain,full,0,MotionSense,0.8212890625,0.8192836011552919,val
lfr,cnnpff,device:RealWorld_thigh+MotionSense:5+5,in-domain,full,1,RealWorld_thigh,0.6503472222222222,0.6501513343569467,val
lfr,cnnpff,device:RealWorld_thigh+MotionSense:5+5,in-domain,full,1,MotionSense,0.75390625,0.7549524395748689,val
lfr,cnnpff,device:RealWorld_thigh+MotionSense:5+5,in-domain,full,2,RealWorld_thigh,0.64375,0.6469047828837081,val
lfr,cnnpff,device:RealWorld_thigh+MotionSense:5+5,in-domain,full,2,MotionSense,0.7607421875,0.7578831485376814,val
lfr,cnnpff,device:RealWorld_thigh+MotionSense:5+5,in-domain,full,3,RealWorld_thigh,0.6458333333333334,0.6505489341771533,val
lfr,cnnpff,device:RealWorld_thigh+MotionSense:5+5,in-domain,full,3,MotionSense,0.763671875,0.7576678287163435,val
lfr,cnnpff,device:RealWorld_thigh:10,in-domain,10,0,RealWorld_thigh,0.6989583333333333,0.7066144295410622,val
lfr,cnnpff,device:RealWorld_thigh:10,in-domain,10,1,RealWorld_thigh,0.6888888888888889,0.6956158252173363,val
lfr,cnnpff,device:RealWorld_thigh:10,in-domain,10,2,RealWorld_thigh,0.70625,0.7124534718062597,val
lfr,cnnpff,device:RealWorld_thigh:10,in-domain,10,3,RealWorld_thigh,0.7229166666666667,0.7266142093736273,val
lfr,cnnpff,device:RealWorld_thigh:10,in-domain,1,0,RealWorld_thigh,0.5350694444444445,0.5377862446425904,val
lfr,cnnpff,device:RealWorld_thigh:10,in-domain,1,1,RealWorld_thigh,0.5295138888888888,0.5246947625025865,val
lfr,cnnpff,device:RealWorld_thigh:10,in-domain,1,2,RealWorld_thigh,0.565625,0.5706268733864732,val
lfr,cnnpff,device:RealWorld_thigh:10,in-domain,1,3,RealWorld_thigh,0.5451388888888888,0.542380719282843,val
lfr,cnnpff,device:RealWorld_thigh:10,in-domain,2,0,RealWorld_thigh,0.5979166666666667,0.604589520344344,val
lfr,cnnpff,device:RealWorld_thigh:10,in-domain,2,1,RealWorld_thigh,0.6277777777777778,0.6332455293078127,val
lfr,cnnpff,device:RealWorld_thigh:10,in-domain,2,2,RealWorld_thigh,0.6409722222222223,0.6437414590498193,val
lfr,cnnpff,device:RealWorld_thigh:10,in-domain,2,3,RealWorld_thigh,0.6385416666666667,0.640561486845061,val
lfr,cnnpff,device:RealWorld_thigh:10,in-domain,5,0,RealWorld_thigh,0.6475694444444444,0.6558381678515457,val
lfr,cnnpff,device:RealWorld_thigh:10,in-domain,5,1,RealWorld_thigh,0.6836805555555555,0.6888405904530295,val
lfr,cnnpff,device:RealWorld_thigh:10,in-domain,5,2,RealWorld_thigh,0.6895833333333333,0.6960620582156642,val
lfr,cnnpff,device:RealWorld_thigh:10,in-domain,5,3,RealWorld_thigh,0.7072916666666667,0.7138553320267754,val
lfr,cnnpff,device:RealWorld_thigh:10,in-domain,full,0,RealWorld_thigh,0.70625,0.7131872264946338,val
lfr,cnnpff,device:RealWorld_thigh:10,in-domain,full,1,RealWorld_thigh,0.6989583333333333,0.7036515111074267,val
lfr,cnnpff,device:RealWorld_thigh:10,in-domain,full,2,RealWorld_thigh,0.7111111111111111,0.7183843710819656,val
lfr,cnnpff,device:RealWorld_thigh:10,in-domain,full,3,RealWorld_thigh,0.73125,0.7367467901687718,val
lfr,resnetse5,device:MotionSense:10,in-domain,10,0,MotionSense,0.873046875,0.8693210990508063,val
lfr,resnetse5,device:MotionSense:10,in-domain,10,1,MotionSense,0.90234375,0.8992447739411125,val
lfr,resnetse5,device:MotionSense:10,in-domain,10,2,MotionSense,0.916015625,0.9156095264794728,val
lfr,resnetse5,device:MotionSense:10,in-domain,10,3,MotionSense,0.8544921875,0.8513798137283484,val
lfr,resnetse5,device:MotionSense:10,in-domain,1,0,MotionSense,0.833984375,0.8342570351009707,val
lfr,resnetse5,device:MotionSense:10,in-domain,1,1,MotionSense,0.8232421875,0.821193786955095,val
lfr,resnetse5,device:MotionSense:10,in-domain,1,2,MotionSense,0.83984375,0.8411327136528935,val
lfr,resnetse5,device:MotionSense:10,in-domain,1,3,MotionSense,0.8564453125,0.8556014236088463,val
lfr,resnetse5,device:MotionSense:10,in-domain,2,0,MotionSense,0.810546875,0.8058231928111897,val
lfr,resnetse5,device:MotionSense:10,in-domain,2,1,MotionSense,0.87890625,0.8761109385879494,val
lfr,resnetse5,device:MotionSense:10,in-domain,2,2,MotionSense,0.8486328125,0.8502308173985408,val
lfr,resnetse5,device:MotionSense:10,in-domain,2,3,MotionSense,0.865234375,0.8667406679317918,val
lfr,resnetse5,device:MotionSense:10,in-domain,5,0,MotionSense,0.8603515625,0.8567497877230243,val
lfr,resnetse5,device:MotionSense:10,in-domain,5,1,MotionSense,0.8876953125,0.8864582747671669,val
lfr,resnetse5,device:MotionSense:10,in-domain,5,2,MotionSense,0.869140625,0.8678129106410059,val
lfr,resnetse5,device:MotionSense:10,in-domain,5,3,MotionSense,0.8828125,0.8840076276850656,val
lfr,resnetse5,device:MotionSense:10,in-domain,full,0,MotionSense,0.8583984375,0.8595179298715149,val
lfr,resnetse5,device:MotionSense:10,in-domain,full,1,MotionSense,0.916015625,0.9132249239071788,val
lfr,resnetse5,device:MotionSense:10,in-domain,full,2,MotionSense,0.9111328125,0.9103922821012964,val
lfr,resnetse5,device:MotionSense:10,in-domain,full,3,MotionSense,0.9111328125,0.9115751915739702,val
lfr,resnetse5,device:RealWorld_thigh+MotionSense:10+10,in-domain,10,0,RealWorld_thigh,0.6871527777777777,0.6827341706425617,val
lfr,resnetse5,device:RealWorld_thigh+MotionSense:10+10,in-domain,10,0,MotionSense,0.8681640625,0.8683724896418047,val
lfr,resnetse5,device:RealWorld_thigh+MotionSense:10+10,in-domain,10,1,RealWorld_thigh,0.690625,0.6877574134671679,val
lfr,resnetse5,device:RealWorld_thigh+MotionSense:10+10,in-domain,10,1,MotionSense,0.8701171875,0.8722226841913749,val
lfr,resnetse5,device:RealWorld_thigh+MotionSense:10+10,in-domain,10,2,RealWorld_thigh,0.6836805555555555,0.6822975609662992,val
lfr,resnetse5,device:RealWorld_thigh+MotionSense:10+10,in-domain,10,2,MotionSense,0.8642578125,0.8676313152126184,val
lfr,resnetse5,device:RealWorld_thigh+MotionSense:10+10,in-domain,10,3,RealWorld_thigh,0.6861111111111111,0.6862104401368567,val
lfr,resnetse5,device:RealWorld_thigh+MotionSense:10+10,in-domain,10,3,MotionSense,0.8408203125,0.8421470285104005,val
lfr,resnetse5,device:RealWorld_thigh+MotionSense:10+10,in-domain,1,0,RealWorld_thigh,0.6086805555555556,0.6166978317863476,val
lfr,resnetse5,device:RealWorld_thigh+MotionSense:10+10,in-domain,1,0,MotionSense,0.8486328125,0.8482381793638508,val
lfr,resnetse5,device:RealWorld_thigh+MotionSense:10+10,in-domain,1,1,RealWorld_thigh,0.7097222222222223,0.7072461281723368,val
lfr,resnetse5,device:RealWorld_thigh+MotionSense:10+10,in-domain,1,1,MotionSense,0.8173828125,0.8083017948903907,val
lfr,resnetse5,device:RealWorld_thigh+MotionSense:10+10,in-domain,1,2,RealWorld_thigh,0.6940972222222223,0.689120149489599,val
lfr,resnetse5,device:RealWorld_thigh+MotionSense:10+10,in-domain,1,2,MotionSense,0.78515625,0.7786878335927798,val
lfr,resnetse5,device:RealWorld_thigh+MotionSense:10+10,in-domain,1,3,RealWorld_thigh,0.6131944444444445,0.5940767908688082,val
lfr,resnetse5,device:RealWorld_thigh+MotionSense:10+10,in-domain,1,3,MotionSense,0.7978515625,0.7876406249098894,val
lfr,resnetse5,device:RealWorld_thigh+MotionSense:10+10,in-domain,2,0,RealWorld_thigh,0.6420138888888889,0.6493092555991103,val
lfr,resnetse5,device:RealWorld_thigh+MotionSense:10+10,in-domain,2,0,MotionSense,0.8603515625,0.860571378928061,val
lfr,resnetse5,device:RealWorld_thigh+MotionSense:10+10,in-domain,2,1,RealWorld_thigh,0.7354166666666667,0.7395725295533438,val
lfr,resnetse5,device:RealWorld_thigh+MotionSense:10+10,in-domain,2,1,MotionSense,0.8427734375,0.8423650916115503,val
lfr,resnetse5,device:RealWorld_thigh+MotionSense:10+10,in-domain,2,2,RealWorld_thigh,0.6892361111111112,0.6786312829909704,val
lfr,resnetse5,device:RealWorld_thigh+MotionSense:10+10,in-domain,2,2,MotionSense,0.7509765625,0.7206414178959154,val
lfr,resnetse5,device:RealWorld_thigh+MotionSense:10+10,in-domain,2,3,RealWorld_thigh,0.7350694444444444,0.7370660841972501,val
lfr,resnetse5,device:RealWorld_thigh+MotionSense:10+10,in-domain,2,3,MotionSense,0.787109375,0.7865183599840117,val
lfr,resnetse5,device:RealWorld_thigh+MotionSense:10+10,in-domain,5,0,RealWorld_thigh,0.6704861111111111,0.6695052567574648,val
lfr,resnetse5,device:RealWorld_thigh+MotionSense:10+10,in-domain,5,0,MotionSense,0.859375,0.8596029350920856,val
lfr,resnetse5,device:RealWorld_thigh+MotionSense:10+10,in-domain,5,1,RealWorld_thigh,0.7180555555555556,0.7212224368477239,val
lfr,resnetse5,device:RealWorld_thigh+MotionSense:10+10,in-domain,5,1,MotionSense,0.85546875,0.856553934973785,val
lfr,resnetse5,device:RealWorld_thigh+MotionSense:10+10,in-domain,5,2,RealWorld_thigh,0.6427083333333333,0.6166619275989859,val
lfr,resnetse5,device:RealWorld_thigh+MotionSense:10+10,in-domain,5,2,MotionSense,0.767578125,0.7553929149400765,val
lfr,resnetse5,device:RealWorld_thigh+MotionSense:10+10,in-domain,5,3,RealWorld_thigh,0.6576388888888889,0.6643111957770369,val
lfr,resnetse5,device:RealWorld_thigh+MotionSense:10+10,in-domain,5,3,MotionSense,0.830078125,0.8300201837179957,val
lfr,resnetse5,device:RealWorld_thigh+MotionSense:10+10,in-domain,full,0,RealWorld_thigh,0.6888888888888889,0.6958324652555522,val
lfr,resnetse5,device:RealWorld_thigh+MotionSense:10+10,in-domain,full,0,MotionSense,0.9248046875,0.9219914740597892,val
lfr,resnetse5,device:RealWorld_thigh+MotionSense:10+10,in-domain,full,1,RealWorld_thigh,0.690625,0.6919177801368875,val
lfr,resnetse5,device:RealWorld_thigh+MotionSense:10+10,in-domain,full,1,MotionSense,0.833984375,0.835562143956542,val
lfr,resnetse5,device:RealWorld_thigh+MotionSense:10+10,in-domain,full,2,RealWorld_thigh,0.6715277777777777,0.6668739684204853,val
lfr,resnetse5,device:RealWorld_thigh+MotionSense:10+10,in-domain,full,2,MotionSense,0.8564453125,0.8588845797112444,val
lfr,resnetse5,device:RealWorld_thigh+MotionSense:10+10,in-domain,full,3,RealWorld_thigh,0.6791666666666667,0.6812042051340477,val
lfr,resnetse5,device:RealWorld_thigh+MotionSense:10+10,in-domain,full,3,MotionSense,0.849609375,0.8506783848784917,val
lfr,resnetse5,device:RealWorld_thigh+MotionSense:5+5,in-domain,10,0,RealWorld_thigh,0.678125,0.6829049835442357,val
lfr,resnetse5,device:RealWorld_thigh+MotionSense:5+5,in-domain,10,0,MotionSense,0.7998046875,0.7769516827572208,val
lfr,resnetse5,device:RealWorld_thigh+MotionSense:5+5,in-domain,10,1,RealWorld_thigh,0.6663194444444445,0.6725690119240242,val
lfr,resnetse5,device:RealWorld_thigh+MotionSense:5+5,in-domain,10,1,MotionSense,0.8603515625,0.8583836695824508,val
lfr,resnetse5,device:RealWorld_thigh+MotionSense:5+5,in-domain,10,2,RealWorld_thigh,0.6847222222222222,0.6936827113529862,val
lfr,resnetse5,device:RealWorld_thigh+MotionSense:5+5,in-domain,10,2,MotionSense,0.8203125,0.8190897986922431,val
lfr,resnetse5,device:RealWorld_thigh+MotionSense:5+5,in-domain,10,3,RealWorld_thigh,0.6232638888888888,0.6270886586887611,val
lfr,resnetse5,device:RealWorld_thigh+MotionSense:5+5,in-domain,10,3,MotionSense,0.7705078125,0.7431737989442593,val
lfr,resnetse5,device:RealWorld_thigh+MotionSense:5+5,in-domain,1,0,RealWorld_thigh,0.6302083333333334,0.6297328314232309,val
lfr,resnetse5,device:RealWorld_thigh+MotionSense:5+5,in-domain,1,0,MotionSense,0.7353515625,0.7133879631088299,val
lfr,resnetse5,device:RealWorld_thigh+MotionSense:5+5,in-domain,1,1,RealWorld_thigh,0.653125,0.6496252475451315,val
lfr,resnetse5,device:RealWorld_thigh+MotionSense:5+5,in-domain,1,1,MotionSense,0.7939453125,0.7904668133108502,val
lfr,resnetse5,device:RealWorld_thigh+MotionSense:5+5,in-domain,1,2,RealWorld_thigh,0.6350694444444445,0.6352200843914723,val
lfr,resnetse5,device:RealWorld_thigh+MotionSense:5+5,in-domain,1,2,MotionSense,0.755859375,0.7556730665373431,val
lfr,resnetse5,device:RealWorld_thigh+MotionSense:5+5,in-domain,1,3,RealWorld_thigh,0.5538194444444444,0.5011983691455323,val
lfr,resnetse5,device:RealWorld_thigh+MotionSense:5+5,in-domain,1,3,MotionSense,0.7021484375,0.6444050760468617,val
lfr,resnetse5,device:RealWorld_thigh+MotionSense:5+5,in-domain,2,0,RealWorld_thigh,0.6638888888888889,0.6627037924636895,val
lfr,resnetse5,device:RealWorld_thigh+MotionSense:5+5,in-domain,2,0,MotionSense,0.7705078125,0.7619945095056396,val
lfr,resnetse5,device:RealWorld_thigh+MotionSense:5+5,in-domain,2,1,RealWorld_thigh,0.6791666666666667,0.6827693386172938,val
lfr,resnetse5,device:RealWorld_thigh+MotionSense:5+5,in-domain,2,1,MotionSense,0.8134765625,0.8075693004474518,val
lfr,resnetse5,device:RealWorld_thigh+MotionSense:5+5,in-domain,2,2,RealWorld_thigh,0.5597222222222222,0.5264286238663468,val
lfr,resnetse5,device:RealWorld_thigh+MotionSense:5+5,in-domain,2,2,MotionSense,0.798828125,0.7978029139194965,val
lfr,resnetse5,device:RealWorld_thigh+MotionSense:5+5,in-domain,2,3,RealWorld_thigh,0.6052083333333333,0.6110724951709829,val
lfr,resnetse5,device:RealWorld_thigh+MotionSense:5+5,in-domain,2,3,MotionSense,0.7578125,0.7461282969656199,val
lfr,resnetse5,device:RealWorld_thigh+MotionSense:5+5,in-domain,5,0,RealWorld_thigh,0.6430555555555556,0.6484416764576236,val
lfr,resnetse5,device:RealWorld_thigh+MotionSense:5+5,in-domain,5,0,MotionSense,0.8037109375,0.7999365986453668,val
lfr,resnetse5,device:RealWorld_thigh+MotionSense:5+5,in-domain,5,1,RealWorld_thigh,0.6711805555555556,0.6771092194978413,val
lfr,resnetse5,device:RealWorld_thigh+MotionSense:5+5,in-domain,5,1,MotionSense,0.84765625,0.844698205469017,val
lfr,resnetse5,device:RealWorld_thigh+MotionSense:5+5,in-domain,5,2,RealWorld_thigh,0.6829861111111111,0.6720796331159797,val
lfr,resnetse5,device:RealWorld_thigh+MotionSense:5+5,in-domain,5,2,MotionSense,0.78125,0.767044685985533,val
lfr,resnetse5,device:RealWorld_thigh+MotionSense:5+5,in-domain,5,3,RealWorld_thigh,0.6086805555555556,0.612904602926893,val
lfr,resnetse5,device:RealWorld_thigh+MotionSense:5+5,in-domain,5,3,MotionSense,0.7724609375,0.7619265880325937,val
lfr,resnetse5,device:RealWorld_thigh+MotionSense:5+5,in-domain,full,0,RealWorld_thigh,0.6072916666666667,0.6144235167520445,val
lfr,resnetse5,device:RealWorld_thigh+MotionSense:5+5,in-domain,full,0,MotionSense,0.80078125,0.7967211985887604,val
lfr,resnetse5,device:RealWorld_thigh+MotionSense:5+5,in-domain,full,1,RealWorld_thigh,0.6326388888888889,0.6371392322725461,val
lfr,resnetse5,device:RealWorld_thigh+MotionSense:5+5,in-domain,full,1,MotionSense,0.80078125,0.797040494712883,val
lfr,resnetse5,device:RealWorld_thigh+MotionSense:5+5,in-domain,full,2,RealWorld_thigh,0.609375,0.5912559973528205,val
lfr,resnetse5,device:RealWorld_thigh+MotionSense:5+5,in-domain,full,2,MotionSense,0.87109375,0.8648992999073816,val
lfr,resnetse5,device:RealWorld_thigh+MotionSense:5+5,in-domain,full,3,RealWorld_thigh,0.5895833333333333,0.573023530619479,val
lfr,resnetse5,device:RealWorld_thigh+MotionSense:5+5,in-domain,full,3,MotionSense,0.794921875,0.7713380950965852,val
lfr,resnetse5,device:RealWorld_thigh:10,in-domain,10,0,RealWorld_thigh,0.7184027777777777,0.719165128380035,val
lfr,resnetse5,device:RealWorld_thigh:10,in-domain,10,1,RealWorld_thigh,0.6149305555555555,0.5601107002018187,val
lfr,resnetse5,device:RealWorld_thigh:10,in-domain,10,2,RealWorld_thigh,0.678125,0.6797024157871817,val
lfr,resnetse5,device:RealWorld_thigh:10,in-domain,10,3,RealWorld_thigh,0.6979166666666666,0.7028592485209408,val
lfr,resnetse5,device:RealWorld_thigh:10,in-domain,1,0,RealWorld_thigh,0.6347222222222222,0.6435906265247205,val
lfr,resnetse5,device:RealWorld_thigh:10,in-domain,1,1,RealWorld_thigh,0.6503472222222222,0.6204982296710838,val
lfr,resnetse5,device:RealWorld_thigh:10,in-domain,1,2,RealWorld_thigh,0.6961805555555556,0.6953243349365317,val
lfr,resnetse5,device:RealWorld_thigh:10,in-domain,1,3,RealWorld_thigh,0.7274305555555556,0.735013953671665,val
lfr,resnetse5,device:RealWorld_thigh:10,in-domain,2,0,RealWorld_thigh,0.6694444444444444,0.6739142414658451,val
lfr,resnetse5,device:RealWorld_thigh:10,in-domain,2,1,RealWorld_thigh,0.609375,0.5586012660799434,val
lfr,resnetse5,device:RealWorld_thigh:10,in-domain,2,2,RealWorld_thigh,0.7017361111111111,0.7034821124824768,val
lfr,resnetse5,device:RealWorld_thigh:10,in-domain,2,3,RealWorld_thigh,0.7,0.7006192703763529,val
lfr,resnetse5,device:RealWorld_thigh:10,in-domain,5,0,RealWorld_thigh,0.7034722222222223,0.7031082264096701,val
lfr,resnetse5,device:RealWorld_thigh:10,in-domain,5,1,RealWorld_thigh,0.65625,0.6372020832025383,val
lfr,resnetse5,device:RealWorld_thigh:10,in-domain,5,2,RealWorld_thigh,0.7114583333333333,0.7149325961531279,val
lfr,resnetse5,device:RealWorld_thigh:10,in-domain,5,3,RealWorld_thigh,0.6309027777777778,0.6373801584159654,val
lfr,resnetse5,device:RealWorld_thigh:10,in-domain,full,0,RealWorld_thigh,0.6829861111111111,0.6872364113624355,val
lfr,resnetse5,device:RealWorld_thigh:10,in-domain,full,1,RealWorld_thigh,0.6038194444444445,0.5659677136564446,val
lfr,resnetse5,device:RealWorld_thigh:10,in-domain,full,2,RealWorld_thigh,0.653125,0.6519208877755392,val
lfr,resnetse5,device:RealWorld_thigh:10,in-domain,full,3,RealWorld_thigh,0.6197916666666666,0.6134062531949459,val
lfr,rnn,device:MotionSense:10,in-domain,10,0,MotionSense,0.62109375,0.5893585872002394,val
lfr,rnn,device:MotionSense:10,in-domain,10,1,MotionSense,0.6015625,0.5502293539209254,val
lfr,rnn,device:MotionSense:10,in-domain,10,2,MotionSense,0.5703125,0.4946605038719476,val
lfr,rnn,device:MotionSense:10,in-domain,10,3,MotionSense,0.71875,0.6769669599273646,val
lfr,rnn,device:MotionSense:10,in-domain,1,0,MotionSense,0.5439453125,0.479043527405219,val
lfr,rnn,device:MotionSense:10,in-domain,1,1,MotionSense,0.6513671875,0.6388885191445284,val
lfr,rnn,device:MotionSense:10,in-domain,1,2,MotionSense,0.5400390625,0.5148324249418091,val
lfr,rnn,device:MotionSense:10,in-domain,1,3,MotionSense,0.5390625,0.4913078627171082,val
lfr,rnn,device:MotionSense:10,in-domain,2,0,MotionSense,0.603515625,0.5796463455676472,val
lfr,rnn,device:MotionSense:10,in-domain,2,1,MotionSense,0.7138671875,0.7080256685913954,val
lfr,rnn,device:MotionSense:10,in-domain,2,2,MotionSense,0.5576171875,0.4848317264593942,val
lfr,rnn,device:MotionSense:10,in-domain,2,3,MotionSense,0.6416015625,0.6087391244811697,val
lfr,rnn,device:MotionSense:10,in-domain,5,0,MotionSense,0.611328125,0.5716786227421768,val
lfr,rnn,device:MotionSense:10,in-domain,5,1,MotionSense,0.7275390625,0.6956006865660173,val
lfr,rnn,device:MotionSense:10,in-domain,5,2,MotionSense,0.6962890625,0.6441722212869482,val
lfr,rnn,device:MotionSense:10,in-domain,5,3,MotionSense,0.7314453125,0.7073280781663773,val
lfr,rnn,device:MotionSense:10,in-domain,full,0,MotionSense,0.8017578125,0.7971863538395586,val
lfr,rnn,device:MotionSense:10,in-domain,full,1,MotionSense,0.787109375,0.7813622326867108,val
lfr,rnn,device:MotionSense:10,in-domain,full,2,MotionSense,0.7509765625,0.7257760388030557,val
lfr,rnn,device:MotionSense:10,in-domain,full,3,MotionSense,0.7763671875,0.7595428674604691,val
lfr,rnn,device:RealWorld_thigh+MotionSense:10+10,in-domain,10,0,RealWorld_thigh,0.4920138888888888,0.4879481580309073,val
lfr,rnn,device:RealWorld_thigh+MotionSense:10+10,in-domain,10,0,MotionSense,0.6279296875,0.5830068575300927,val
lfr,rnn,device:RealWorld_thigh+MotionSense:10+10,in-domain,10,1,RealWorld_thigh,0.5607638888888888,0.5622121910540853,val
lfr,rnn,device:RealWorld_thigh+MotionSense:10+10,in-domain,10,1,MotionSense,0.701171875,0.6712378670693826,val
lfr,rnn,device:RealWorld_thigh+MotionSense:10+10,in-domain,10,2,RealWorld_thigh,0.4899305555555555,0.4954679049948028,val
lfr,rnn,device:RealWorld_thigh+MotionSense:10+10,in-domain,10,2,MotionSense,0.640625,0.6099299067298664,val
lfr,rnn,device:RealWorld_thigh+MotionSense:10+10,in-domain,10,3,RealWorld_thigh,0.5114583333333333,0.5050097824317094,val
lfr,rnn,device:RealWorld_thigh+MotionSense:10+10,in-domain,10,3,MotionSense,0.65625,0.6161935575713757,val
lfr,rnn,device:RealWorld_thigh+MotionSense:10+10,in-domain,1,0,RealWorld_thigh,0.4402777777777777,0.4429132986971291,val
lfr,rnn,device:RealWorld_thigh+MotionSense:10+10,in-domain,1,0,MotionSense,0.5703125,0.5387694296722617,val
lfr,rnn,device:RealWorld_thigh+MotionSense:10+10,in-domain,1,1,RealWorld_thigh,0.5222222222222223,0.5114741328634757,val
lfr,rnn,device:RealWorld_thigh+MotionSense:10+10,in-domain,1,1,MotionSense,0.6259765625,0.5822013456387257,val
lfr,rnn,device:RealWorld_thigh+MotionSense:10+10,in-domain,1,2,RealWorld_thigh,0.5229166666666667,0.5141100706793899,val
lfr,rnn,device:RealWorld_thigh+MotionSense:10+10,in-domain,1,2,MotionSense,0.5712890625,0.5227136598314658,val
lfr,rnn,device:RealWorld_thigh+MotionSense:10+10,in-domain,1,3,RealWorld_thigh,0.4631944444444444,0.4627084972948447,val
lfr,rnn,device:RealWorld_thigh+MotionSense:10+10,in-domain,1,3,MotionSense,0.5859375,0.5629164718346054,val
lfr,rnn,device:RealWorld_thigh+MotionSense:10+10,in-domain,2,0,RealWorld_thigh,0.4913194444444444,0.4742155470630518,val
lfr,rnn,device:RealWorld_thigh+MotionSense:10+10,in-domain,2,0,MotionSense,0.5908203125,0.544125630772776,val
lfr,rnn,device:RealWorld_thigh+MotionSense:10+10,in-domain,2,1,RealWorld_thigh,0.5055555555555555,0.4975721601555919,val
lfr,rnn,device:RealWorld_thigh+MotionSense:10+10,in-domain,2,1,MotionSense,0.6650390625,0.6219381231402917,val
lfr,rnn,device:RealWorld_thigh+MotionSense:10+10,in-domain,2,2,RealWorld_thigh,0.5253472222222222,0.5048428101697888,val
lfr,rnn,device:RealWorld_thigh+MotionSense:10+10,in-domain,2,2,MotionSense,0.6025390625,0.5536698158412435,val
lfr,rnn,device:RealWorld_thigh+MotionSense:10+10,in-domain,2,3,RealWorld_thigh,0.5135416666666667,0.5041867152598037,val
lfr,rnn,device:RealWorld_thigh+MotionSense:10+10,in-domain,2,3,MotionSense,0.626953125,0.6035126556098354,val
lfr,rnn,device:RealWorld_thigh+MotionSense:10+10,in-domain,5,0,RealWorld_thigh,0.4930555555555556,0.4612109591606981,val
lfr,rnn,device:RealWorld_thigh+MotionSense:10+10,in-domain,5,0,MotionSense,0.5908203125,0.5324131082536554,val
lfr,rnn,device:RealWorld_thigh+MotionSense:10+10,in-domain,5,1,RealWorld_thigh,0.5232638888888889,0.5197237218806129,val
lfr,rnn,device:RealWorld_thigh+MotionSense:10+10,in-domain,5,1,MotionSense,0.65234375,0.6145940843724734,val
lfr,rnn,device:RealWorld_thigh+MotionSense:10+10,in-domain,5,2,RealWorld_thigh,0.4993055555555555,0.503114422334937,val
lfr,rnn,device:RealWorld_thigh+MotionSense:10+10,in-domain,5,2,MotionSense,0.611328125,0.6002549070313677,val
lfr,rnn,device:RealWorld_thigh+MotionSense:10+10,in-domain,5,3,RealWorld_thigh,0.5381944444444444,0.5088495645912952,val
lfr,rnn,device:RealWorld_thigh+MotionSense:10+10,in-domain,5,3,MotionSense,0.63671875,0.5934496716199462,val
lfr,rnn,device:RealWorld_thigh+MotionSense:10+10,in-domain,full,0,RealWorld_thigh,0.4993055555555555,0.4516580576910408,val
lfr,rnn,device:RealWorld_thigh+MotionSense:10+10,in-domain,full,0,MotionSense,0.595703125,0.5248543113907803,val
lfr,rnn,device:RealWorld_thigh+MotionSense:10+10,in-domain,full,1,RealWorld_thigh,0.5673611111111111,0.5613147607631327,val
lfr,rnn,device:RealWorld_thigh+MotionSense:10+10,in-domain,full,1,MotionSense,0.6572265625,0.634312417354877,val
lfr,rnn,device:RealWorld_thigh+MotionSense:10+10,in-domain,full,2,RealWorld_thigh,0.6184027777777777,0.6119549851767777,val
lfr,rnn,device:RealWorld_thigh+MotionSense:10+10,in-domain,full,2,MotionSense,0.7294921875,0.7212457365018135,val
lfr,rnn,device:RealWorld_thigh+MotionSense:10+10,in-domain,full,3,RealWorld_thigh,0.5576388888888889,0.5670702889194342,val
lfr,rnn,device:RealWorld_thigh+MotionSense:10+10,in-domain,full,3,MotionSense,0.7294921875,0.7205211354888233,val
lfr,rnn,device:RealWorld_thigh+MotionSense:5+5,in-domain,10,0,RealWorld_thigh,0.5010416666666667,0.4982552990994481,val
lfr,rnn,device:RealWorld_thigh+MotionSense:5+5,in-domain,10,0,MotionSense,0.580078125,0.5481848877867735,val
lfr,rnn,device:RealWorld_thigh+MotionSense:5+5,in-domain,10,1,RealWorld_thigh,0.5194444444444445,0.4743859598649567,val
lfr,rnn,device:RealWorld_thigh+MotionSense:5+5,in-domain,10,1,MotionSense,0.5498046875,0.4854214516632443,val
lfr,rnn,device:RealWorld_thigh+MotionSense:5+5,in-domain,10,2,RealWorld_thigh,0.5166666666666667,0.4736282258206861,val
lfr,rnn,device:RealWorld_thigh+MotionSense:5+5,in-domain,10,2,MotionSense,0.5615234375,0.4918807564263357,val
lfr,rnn,device:RealWorld_thigh+MotionSense:5+5,in-domain,10,3,RealWorld_thigh,0.5069444444444444,0.5061580320620142,val
lfr,rnn,device:RealWorld_thigh+MotionSense:5+5,in-domain,10,3,MotionSense,0.626953125,0.599786087717369,val
lfr,rnn,device:RealWorld_thigh+MotionSense:5+5,in-domain,1,0,RealWorld_thigh,0.4850694444444444,0.4729293002734532,val
lfr,rnn,device:RealWorld_thigh+MotionSense:5+5,in-domain,1,0,MotionSense,0.544921875,0.5109195659954344,val
lfr,rnn,device:RealWorld_thigh+MotionSense:5+5,in-domain,1,1,RealWorld_thigh,0.4100694444444444,0.3569698085692098,val
lfr,rnn,device:RealWorld_thigh+MotionSense:5+5,in-domain,1,1,MotionSense,0.4990234375,0.4269584364831144,val
lfr,rnn,device:RealWorld_thigh+MotionSense:5+5,in-domain,1,2,RealWorld_thigh,0.4663194444444444,0.4550249171914673,val
lfr,rnn,device:RealWorld_thigh+MotionSense:5+5,in-domain,1,2,MotionSense,0.55078125,0.5144056309070734,val
lfr,rnn,device:RealWorld_thigh+MotionSense:5+5,in-domain,1,3,RealWorld_thigh,0.4631944444444444,0.4361355301627828,val
lfr,rnn,device:RealWorld_thigh+MotionSense:5+5,in-domain,1,3,MotionSense,0.48828125,0.4787175186049235,val
lfr,rnn,device:RealWorld_thigh+MotionSense:5+5,in-domain,2,0,RealWorld_thigh,0.4875,0.4813880255807634,val
lfr,rnn,device:RealWorld_thigh+MotionSense:5+5,in-domain,2,0,MotionSense,0.5576171875,0.5287005975854229,val
lfr,rnn,device:RealWorld_thigh+MotionSense:5+5,in-domain,2,1,RealWorld_thigh,0.4538194444444444,0.407407004886377,val
lfr,rnn,device:RealWorld_thigh+MotionSense:5+5,in-domain,2,1,MotionSense,0.5673828125,0.501011991422608,val
lfr,rnn,device:RealWorld_thigh+MotionSense:5+5,in-domain,2,2,RealWorld_thigh,0.4944444444444444,0.4897563009673011,val
lfr,rnn,device:RealWorld_thigh+MotionSense:5+5,in-domain,2,2,MotionSense,0.5771484375,0.5484503341434704,val
lfr,rnn,device:RealWorld_thigh+MotionSense:5+5,in-domain,2,3,RealWorld_thigh,0.5274305555555555,0.5093795368934638,val
lfr,rnn,device:RealWorld_thigh+MotionSense:5+5,in-domain,2,3,MotionSense,0.5888671875,0.5675648015039673,val
lfr,rnn,device:RealWorld_thigh+MotionSense:5+5,in-domain,5,0,RealWorld_thigh,0.4760416666666666,0.4672555883655466,val
lfr,rnn,device:RealWorld_thigh+MotionSense:5+5,in-domain,5,0,MotionSense,0.58984375,0.5599243219010838,val
lfr,rnn,device:RealWorld_thigh+MotionSense:5+5,in-domain,5,1,RealWorld_thigh,0.5003472222222223,0.4544795573215714,val
lfr,rnn,device:RealWorld_thigh+MotionSense:5+5,in-domain,5,1,MotionSense,0.5263671875,0.4579297215255773,val
lfr,rnn,device:RealWorld_thigh+MotionSense:5+5,in-domain,5,2,RealWorld_thigh,0.528125,0.4843710659506217,val
lfr,rnn,device:RealWorld_thigh+MotionSense:5+5,in-domain,5,2,MotionSense,0.564453125,0.5036793611692686,val
lfr,rnn,device:RealWorld_thigh+MotionSense:5+5,in-domain,5,3,RealWorld_thigh,0.4795138888888889,0.476258249602336,val
lfr,rnn,device:RealWorld_thigh+MotionSense:5+5,in-domain,5,3,MotionSense,0.599609375,0.5770787722246932,val
lfr,rnn,device:RealWorld_thigh+MotionSense:5+5,in-domain,full,0,RealWorld_thigh,0.5958333333333333,0.6035326461439207,val
lfr,rnn,device:RealWorld_thigh+MotionSense:5+5,in-domain,full,0,MotionSense,0.734375,0.7285680678459276,val
lfr,rnn,device:RealWorld_thigh+MotionSense:5+5,in-domain,full,1,RealWorld_thigh,0.5756944444444444,0.5321004011343939,val
lfr,rnn,device:RealWorld_thigh+MotionSense:5+5,in-domain,full,1,MotionSense,0.634765625,0.5820548307954833,val
lfr,rnn,device:RealWorld_thigh+MotionSense:5+5,in-domain,full,2,RealWorld_thigh,0.5600694444444444,0.5150133227734456,val
lfr,rnn,device:RealWorld_thigh+MotionSense:5+5,in-domain,full,2,MotionSense,0.5751953125,0.507069964802462,val
lfr,rnn,device:RealWorld_thigh+MotionSense:5+5,in-domain,full,3,RealWorld_thigh,0.5170138888888889,0.4713192915173405,val
lfr,rnn,device:RealWorld_thigh+MotionSense:5+5,in-domain,full,3,MotionSense,0.57421875,0.5082060731044774,val
lfr,rnn,device:RealWorld_thigh:10,in-domain,10,0,RealWorld_thigh,0.5409722222222222,0.5338616628472185,val
lfr,rnn,device:RealWorld_thigh:10,in-domain,10,1,RealWorld_thigh,0.5743055555555555,0.5674973879827198,val
lfr,rnn,device:RealWorld_thigh:10,in-domain,10,2,RealWorld_thigh,0.5520833333333334,0.5476405730206974,val
lfr,rnn,device:RealWorld_thigh:10,in-domain,10,3,RealWorld_thigh,0.484375,0.4861867076579884,val
lfr,rnn,device:RealWorld_thigh:10,in-domain,1,0,RealWorld_thigh,0.4253472222222222,0.4275655732561936,val
lfr,rnn,device:RealWorld_thigh:10,in-domain,1,1,RealWorld_thigh,0.5482638888888889,0.5233746474727996,val
lfr,rnn,device:RealWorld_thigh:10,in-domain,1,2,RealWorld_thigh,0.428125,0.4262277467685011,val
lfr,rnn,device:RealWorld_thigh:10,in-domain,1,3,RealWorld_thigh,0.4993055555555555,0.47241306601918,val
lfr,rnn,device:RealWorld_thigh:10,in-domain,2,0,RealWorld_thigh,0.5836805555555555,0.5881801643951877,val
lfr,rnn,device:RealWorld_thigh:10,in-domain,2,1,RealWorld_thigh,0.5940972222222223,0.5718309535609575,val
lfr,rnn,device:RealWorld_thigh:10,in-domain,2,2,RealWorld_thigh,0.5434027777777778,0.5226939108791319,val
lfr,rnn,device:RealWorld_thigh:10,in-domain,2,3,RealWorld_thigh,0.5357638888888889,0.5124700399584299,val
lfr,rnn,device:RealWorld_thigh:10,in-domain,5,0,RealWorld_thigh,0.5614583333333333,0.5388580858367612,val
lfr,rnn,device:RealWorld_thigh:10,in-domain,5,1,RealWorld_thigh,0.5704861111111111,0.5669019142858435,val
lfr,rnn,device:RealWorld_thigh:10,in-domain,5,2,RealWorld_thigh,0.5333333333333333,0.4967535263667511,val
lfr,rnn,device:RealWorld_thigh:10,in-domain,5,3,RealWorld_thigh,0.4732638888888889,0.4747701296842269,val
lfr,rnn,device:RealWorld_thigh:10,in-domain,full,0,RealWorld_thigh,0.54375,0.5371645564268975,val
lfr,rnn,device:RealWorld_thigh:10,in-domain,full,1,RealWorld_thigh,0.6795138888888889,0.6675529638020908,val
lfr,rnn,device:RealWorld_thigh:10,in-domain,full,2,RealWorld_thigh,0.5399305555555556,0.4955920086655116,val
lfr,rnn,device:RealWorld_thigh:10,in-domain,full,3,RealWorld_thigh,0.5684027777777778,0.5251217498479963,val
lfr,tstcc,device:MotionSense:10,in-domain,10,0,MotionSense,0.8369140625,0.8370247848228702,val
lfr,tstcc,device:MotionSense:10,in-domain,10,1,MotionSense,0.8662109375,0.8650502296656642,val
lfr,tstcc,device:MotionSense:10,in-domain,10,2,MotionSense,0.85546875,0.8567659906998125,val
lfr,tstcc,device:MotionSense:10,in-domain,10,3,MotionSense,0.853515625,0.8557714883685104,val
lfr,tstcc,device:MotionSense:10,in-domain,1,0,MotionSense,0.634765625,0.5936070228852942,val
lfr,tstcc,device:MotionSense:10,in-domain,1,1,MotionSense,0.7314453125,0.7111798237399444,val
lfr,tstcc,device:MotionSense:10,in-domain,1,2,MotionSense,0.7685546875,0.7667880289195961,val
lfr,tstcc,device:MotionSense:10,in-domain,1,3,MotionSense,0.71875,0.7193003252094692,val
lfr,tstcc,device:MotionSense:10,in-domain,2,0,MotionSense,0.77734375,0.772470145775804,val
lfr,tstcc,device:MotionSense:10,in-domain,2,1,MotionSense,0.775390625,0.7616081839505219,val
lfr,tstcc,device:MotionSense:10,in-domain,2,2,MotionSense,0.8349609375,0.8329906489317196,val
lfr,tstcc,device:MotionSense:10,in-domain,2,3,MotionSense,0.7841796875,0.7828871924850832,val
lfr,tstcc,device:MotionSense:10,in-domain,5,0,MotionSense,0.8310546875,0.8270231926597779,val
lfr,tstcc,device:MotionSense:10,in-domain,5,1,MotionSense,0.8271484375,0.8218200840296129,val
lfr,tstcc,device:MotionSense:10,in-domain,5,2,MotionSense,0.841796875,0.843368958134895,val
lfr,tstcc,device:MotionSense:10,in-domain,5,3,MotionSense,0.8115234375,0.8115175103019183,val
lfr,tstcc,device:MotionSense:10,in-domain,full,0,MotionSense,0.87109375,0.8729899168270966,val
lfr,tstcc,device:MotionSense:10,in-domain,full,1,MotionSense,0.859375,0.8564694757052554,val
lfr,tstcc,device:MotionSense:10,in-domain,full,2,MotionSense,0.8798828125,0.8798277273841054,val
lfr,tstcc,device:MotionSense:10,in-domain,full,3,MotionSense,0.892578125,0.89375536564163,val
lfr,tstcc,device:RealWorld_thigh+MotionSense:10+10,in-domain,10,0,RealWorld_thigh,0.6722222222222223,0.6787260426498571,val
lfr,tstcc,device:RealWorld_thigh+MotionSense:10+10,in-domain,10,0,MotionSense,0.8388671875,0.8356779626650607,val
lfr,tstcc,device:RealWorld_thigh+MotionSense:10+10,in-domain,10,1,RealWorld_thigh,0.6822916666666666,0.690679799919231,val
lfr,tstcc,device:RealWorld_thigh+MotionSense:10+10,in-domain,10,1,MotionSense,0.8466796875,0.8406619067633657,val
lfr,tstcc,device:RealWorld_thigh+MotionSense:10+10,in-domain,10,2,RealWorld_thigh,0.69375,0.7024014690861788,val
lfr,tstcc,device:RealWorld_thigh+MotionSense:10+10,in-domain,10,2,MotionSense,0.845703125,0.843658544661772,val
lfr,tstcc,device:RealWorld_thigh+MotionSense:10+10,in-domain,10,3,RealWorld_thigh,0.6638888888888889,0.6722285748571749,val
lfr,tstcc,device:RealWorld_thigh+MotionSense:10+10,in-domain,10,3,MotionSense,0.8359375,0.8301259822370309,val
lfr,tstcc,device:RealWorld_thigh+MotionSense:10+10,in-domain,1,0,RealWorld_thigh,0.5434027777777778,0.549667535192187,val
lfr,tstcc,device:RealWorld_thigh+MotionSense:10+10,in-domain,1,0,MotionSense,0.7607421875,0.7473412569441206,val
lfr,tstcc,device:RealWorld_thigh+MotionSense:10+10,in-domain,1,1,RealWorld_thigh,0.5944444444444444,0.5818591463768086,val
lfr,tstcc,device:RealWorld_thigh+MotionSense:10+10,in-domain,1,1,MotionSense,0.666015625,0.6438909582361534,val
lfr,tstcc,device:RealWorld_thigh+MotionSense:10+10,in-domain,1,2,RealWorld_thigh,0.5944444444444444,0.5959408634277988,val
lfr,tstcc,device:RealWorld_thigh+MotionSense:10+10,in-domain,1,2,MotionSense,0.7041015625,0.6901901643446552,val
lfr,tstcc,device:RealWorld_thigh+MotionSense:10+10,in-domain,1,3,RealWorld_thigh,0.525,0.532619935439968,val
lfr,tstcc,device:RealWorld_thigh+MotionSense:10+10,in-domain,1,3,MotionSense,0.693359375,0.67528702672039,val
lfr,tstcc,device:RealWorld_thigh+MotionSense:10+10,in-domain,2,0,RealWorld_thigh,0.6083333333333333,0.6140629462242936,val
lfr,tstcc,device:RealWorld_thigh+MotionSense:10+10,in-domain,2,0,MotionSense,0.8173828125,0.8102242576267532,val
lfr,tstcc,device:RealWorld_thigh+MotionSense:10+10,in-domain,2,1,RealWorld_thigh,0.6083333333333333,0.6151376225922885,val
lfr,tstcc,device:RealWorld_thigh+MotionSense:10+10,in-domain,2,1,MotionSense,0.7646484375,0.7521573450080332,val
lfr,tstcc,device:RealWorld_thigh+MotionSense:10+10,in-domain,2,2,RealWorld_thigh,0.6145833333333334,0.623291864089147,val
lfr,tstcc,device:RealWorld_thigh+MotionSense:10+10,in-domain,2,2,MotionSense,0.8232421875,0.8225538406510045,val
lfr,tstcc,device:RealWorld_thigh+MotionSense:10+10,in-domain,2,3,RealWorld_thigh,0.6277777777777778,0.6354468816815751,val
lfr,tstcc,device:RealWorld_thigh+MotionSense:10+10,in-domain,2,3,MotionSense,0.791015625,0.785394906747773,val
lfr,tstcc,device:RealWorld_thigh+MotionSense:10+10,in-domain,5,0,RealWorld_thigh,0.6548611111111111,0.6610749706544401,val
lfr,tstcc,device:RealWorld_thigh+MotionSense:10+10,in-domain,5,0,MotionSense,0.826171875,0.8228008790932959,val
lfr,tstcc,device:RealWorld_thigh+MotionSense:10+10,in-domain,5,1,RealWorld_thigh,0.6777777777777778,0.6850090329624065,val
lfr,tstcc,device:RealWorld_thigh+MotionSense:10+10,in-domain,5,1,MotionSense,0.8251953125,0.8200358960039723,val
lfr,tstcc,device:RealWorld_thigh+MotionSense:10+10,in-domain,5,2,RealWorld_thigh,0.6666666666666666,0.67527283495305,val
lfr,tstcc,device:RealWorld_thigh+MotionSense:10+10,in-domain,5,2,MotionSense,0.8466796875,0.8468803468934408,val
lfr,tstcc,device:RealWorld_thigh+MotionSense:10+10,in-domain,5,3,RealWorld_thigh,0.65625,0.6645103914663463,val
lfr,tstcc,device:RealWorld_thigh+MotionSense:10+10,in-domain,5,3,MotionSense,0.8095703125,0.8007529169217765,val
lfr,tstcc,device:RealWorld_thigh+MotionSense:10+10,in-domain,full,0,RealWorld_thigh,0.6902777777777778,0.6975682888486462,val
lfr,tstcc,device:RealWorld_thigh+MotionSense:10+10,in-domain,full,0,MotionSense,0.8642578125,0.8635906920662931,val
lfr,tstcc,device:RealWorld_thigh+MotionSense:10+10,in-domain,full,1,RealWorld_thigh,0.7003472222222222,0.7088970403227354,val
lfr,tstcc,device:RealWorld_thigh+MotionSense:10+10,in-domain,full,1,MotionSense,0.90234375,0.9026115862383758,val
lfr,tstcc,device:RealWorld_thigh+MotionSense:10+10,in-domain,full,2,RealWorld_thigh,0.7472222222222222,0.7496013841121635,val
lfr,tstcc,device:RealWorld_thigh+MotionSense:10+10,in-domain,full,2,MotionSense,0.8994140625,0.901232570412562,val
lfr,tstcc,device:RealWorld_thigh+MotionSense:10+10,in-domain,full,3,RealWorld_thigh,0.7065972222222222,0.7151710403101986,val
lfr,tstcc,device:RealWorld_thigh+MotionSense:10+10,in-domain,full,3,MotionSense,0.8974609375,0.8987437842160695,val
lfr,tstcc,device:RealWorld_thigh+MotionSense:5+5,in-domain,10,0,RealWorld_thigh,0.653125,0.6616415832754313,val
lfr,tstcc,device:RealWorld_thigh+MotionSense:5+5,in-domain,10,0,MotionSense,0.814453125,0.8131908745476633,val
lfr,tstcc,device:RealWorld_thigh+MotionSense:5+5,in-domain,10,1,RealWorld_thigh,0.6663194444444445,0.6731574076716874,val
lfr,tstcc,device:RealWorld_thigh+MotionSense:5+5,in-domain,10,1,MotionSense,0.8291015625,0.8259238478409684,val
lfr,tstcc,device:RealWorld_thigh+MotionSense:5+5,in-domain,10,2,RealWorld_thigh,0.6638888888888889,0.6702139340234066,val
lfr,tstcc,device:RealWorld_thigh+MotionSense:5+5,in-domain,10,2,MotionSense,0.7900390625,0.7772569018547549,val
lfr,tstcc,device:RealWorld_thigh+MotionSense:5+5,in-domain,10,3,RealWorld_thigh,0.6454861111111111,0.6499541975218893,val
lfr,tstcc,device:RealWorld_thigh+MotionSense:5+5,in-domain,10,3,MotionSense,0.7919921875,0.7799757856896216,val
lfr,tstcc,device:RealWorld_thigh+MotionSense:5+5,in-domain,1,0,RealWorld_thigh,0.5131944444444444,0.5163332945639176,val
lfr,tstcc,device:RealWorld_thigh+MotionSense:5+5,in-domain,1,0,MotionSense,0.6484375,0.6213794169213994,val
lfr,tstcc,device:RealWorld_thigh+MotionSense:5+5,in-domain,1,1,RealWorld_thigh,0.4940972222222222,0.5039827569504768,val
lfr,tstcc,device:RealWorld_thigh+MotionSense:5+5,in-domain,1,1,MotionSense,0.619140625,0.5777426087422471,val
lfr,tstcc,device:RealWorld_thigh+MotionSense:5+5,in-domain,1,2,RealWorld_thigh,0.5072916666666667,0.5147122288581466,val
lfr,tstcc,device:RealWorld_thigh+MotionSense:5+5,in-domain,1,2,MotionSense,0.640625,0.6271388977099278,val
lfr,tstcc,device:RealWorld_thigh+MotionSense:5+5,in-domain,1,3,RealWorld_thigh,0.5291666666666667,0.4825187206739274,val
lfr,tstcc,device:RealWorld_thigh+MotionSense:5+5,in-domain,1,3,MotionSense,0.6064453125,0.5377704907595983,val
lfr,tstcc,device:RealWorld_thigh+MotionSense:5+5,in-domain,2,0,RealWorld_thigh,0.5798611111111112,0.5855786362330239,val
lfr,tstcc,device:RealWorld_thigh+MotionSense:5+5,in-domain,2,0,MotionSense,0.7470703125,0.7351945113315256,val
lfr,tstcc,device:RealWorld_thigh+MotionSense:5+5,in-domain,2,1,RealWorld_thigh,0.528125,0.5255368140898717,val
lfr,tstcc,device:RealWorld_thigh+MotionSense:5+5,in-domain,2,1,MotionSense,0.6953125,0.6640227224865056,val
lfr,tstcc,device:RealWorld_thigh+MotionSense:5+5,in-domain,2,2,RealWorld_thigh,0.5711805555555556,0.5751384135560426,val
lfr,tstcc,device:RealWorld_thigh+MotionSense:5+5,in-domain,2,2,MotionSense,0.7314453125,0.7149764375746027,val
lfr,tstcc,device:RealWorld_thigh+MotionSense:5+5,in-domain,2,3,RealWorld_thigh,0.5909722222222222,0.5951375916021756,val
lfr,tstcc,device:RealWorld_thigh+MotionSense:5+5,in-domain,2,3,MotionSense,0.72265625,0.6950416526959772,val
lfr,tstcc,device:RealWorld_thigh+MotionSense:5+5,in-domain,5,0,RealWorld_thigh,0.6395833333333333,0.6465032018313626,val
lfr,tstcc,device:RealWorld_thigh+MotionSense:5+5,in-domain,5,0,MotionSense,0.8076171875,0.8064400374386497,val
lfr,tstcc,device:RealWorld_thigh+MotionSense:5+5,in-domain,5,1,RealWorld_thigh,0.6354166666666666,0.6412066976542845,val
lfr,tstcc,device:RealWorld_thigh+MotionSense:5+5,in-domain,5,1,MotionSense,0.7841796875,0.7724376583237779,val
lfr,tstcc,device:RealWorld_thigh+MotionSense:5+5,in-domain,5,2,RealWorld_thigh,0.6569444444444444,0.6628220599082272,val
lfr,tstcc,device:RealWorld_thigh+MotionSense:5+5,in-domain,5,2,MotionSense,0.740234375,0.7120154871450847,val
lfr,tstcc,device:RealWorld_thigh+MotionSense:5+5,in-domain,5,3,RealWorld_thigh,0.6326388888888889,0.6352439606934679,val
lfr,tstcc,device:RealWorld_thigh+MotionSense:5+5,in-domain,5,3,MotionSense,0.775390625,0.7637738346206707,val
lfr,tstcc,device:RealWorld_thigh+MotionSense:5+5,in-domain,full,0,RealWorld_thigh,0.6701388888888888,0.6778437060643282,val
lfr,tstcc,device:RealWorld_thigh+MotionSense:5+5,in-domain,full,0,MotionSense,0.8115234375,0.8047677907856632,val
lfr,tstcc,device:RealWorld_thigh+MotionSense:5+5,in-domain,full,1,RealWorld_thigh,0.6701388888888888,0.6767774469865012,val
lfr,tstcc,device:RealWorld_thigh+MotionSense:5+5,in-domain,full,1,MotionSense,0.8466796875,0.8455207916077417,val
lfr,tstcc,device:RealWorld_thigh+MotionSense:5+5,in-domain,full,2,RealWorld_thigh,0.7010416666666667,0.6984389173999724,val
lfr,tstcc,device:RealWorld_thigh+MotionSense:5+5,in-domain,full,2,MotionSense,0.8662109375,0.8670509849106599,val
lfr,tstcc,device:RealWorld_thigh+MotionSense:5+5,in-domain,full,3,RealWorld_thigh,0.7111111111111111,0.7096642644596708,val
lfr,tstcc,device:RealWorld_thigh+MotionSense:5+5,in-domain,full,3,MotionSense,0.8369140625,0.8350899844823001,val
lfr,tstcc,device:RealWorld_thigh:10,in-domain,10,0,RealWorld_thigh,0.7138888888888889,0.6881645333801897,val
lfr,tstcc,device:RealWorld_thigh:10,in-domain,10,1,RealWorld_thigh,0.65,0.6615854350223827,val
lfr,tstcc,device:RealWorld_thigh:10,in-domain,10,2,RealWorld_thigh,0.6958333333333333,0.7030038948881031,val
lfr,tstcc,device:RealWorld_thigh:10,in-domain,10,3,RealWorld_thigh,0.65625,0.6631908918831125,val
lfr,tstcc,device:RealWorld_thigh:10,in-domain,1,0,RealWorld_thigh,0.6107638888888889,0.6084126577320955,val
lfr,tstcc,device:RealWorld_thigh:10,in-domain,1,1,RealWorld_thigh,0.5989583333333334,0.5886574192155135,val
lfr,tstcc,device:RealWorld_thigh:10,in-domain,1,2,RealWorld_thigh,0.5614583333333333,0.5685942444575157,val
lfr,tstcc,device:RealWorld_thigh:10,in-domain,1,3,RealWorld_thigh,0.5263888888888889,0.5315401137345982,val
lfr,tstcc,device:RealWorld_thigh:10,in-domain,2,0,RealWorld_thigh,0.6729166666666667,0.6689453511190133,val
lfr,tstcc,device:RealWorld_thigh:10,in-domain,2,1,RealWorld_thigh,0.5809027777777778,0.5896741635511564,val
lfr,tstcc,device:RealWorld_thigh:10,in-domain,2,2,RealWorld_thigh,0.6201388888888889,0.6297590624727593,val
lfr,tstcc,device:RealWorld_thigh:10,in-domain,2,3,RealWorld_thigh,0.596875,0.6093605481426752,val
lfr,tstcc,device:RealWorld_thigh:10,in-domain,5,0,RealWorld_thigh,0.690625,0.6616088348293352,val
lfr,tstcc,device:RealWorld_thigh:10,in-domain,5,1,RealWorld_thigh,0.6666666666666666,0.6720858399034175,val
lfr,tstcc,device:RealWorld_thigh:10,in-domain,5,2,RealWorld_thigh,0.6590277777777778,0.6669914056001859,val
lfr,tstcc,device:RealWorld_thigh:10,in-domain,5,3,RealWorld_thigh,0.6333333333333333,0.6403029780053113,val
lfr,tstcc,device:RealWorld_thigh:10,in-domain,full,0,RealWorld_thigh,0.6788194444444444,0.6879513268110496,val
lfr,tstcc,device:RealWorld_thigh:10,in-domain,full,1,RealWorld_thigh,0.6649305555555556,0.6769763539563494,val
lfr,tstcc,device:RealWorld_thigh:10,in-domain,full,2,RealWorld_thigh,0.7263888888888889,0.7169990543588051,val
lfr,tstcc,device:RealWorld_thigh:10,in-domain,full,3,RealWorld_thigh,0.6454861111111111,0.6577629939595154,val
none,cnnpff,device:MotionSense:10,-,10,0,MotionSense,0.83203125,0.83338217874461,val
none,cnnpff,device:MotionSense:10,-,10,1,MotionSense,0.80078125,0.8014279325023709,val
none,cnnpff,device:MotionSense:10,-,10,2,MotionSense,0.7978515625,0.8012921410796915,val
none,cnnpff,device:MotionSense:10,-,10,3,MotionSense,0.8193359375,0.822535521293073,val
none,cnnpff,device:MotionSense:10,-,1,0,MotionSense,0.6806640625,0.6765501622305957,val
none,cnnpff,device:MotionSense:10,-,1,1,MotionSense,0.69921875,0.6928750022656596,val
none,cnnpff,device:MotionSense:10,-,1,2,MotionSense,0.6337890625,0.632047829290858,val
none,cnnpff,device:MotionSense:10,-,1,3,MotionSense,0.654296875,0.6553447140032943,val
none,cnnpff,device:MotionSense:10,-,2,0,MotionSense,0.7666015625,0.7651315489729926,val
none,cnnpff,device:MotionSense:10,-,2,1,MotionSense,0.759765625,0.7594328245928182,val
none,cnnpff,device:MotionSense:10,-,2,2,MotionSense,0.7236328125,0.7249773693263775,val
none,cnnpff,device:MotionSense:10,-,2,3,MotionSense,0.7783203125,0.781540466643463,val
none,cnnpff,device:MotionSense:10,-,5,0,MotionSense,0.818359375,0.8182713380649576,val
none,cnnpff,device:MotionSense:10,-,5,1,MotionSense,0.798828125,0.7987383829879692,val
none,cnnpff,device:MotionSense:10,-,5,2,MotionSense,0.7783203125,0.7815360860367945,val
none,cnnpff,device:MotionSense:10,-,5,3,MotionSense,0.8154296875,0.8177262557806433,val
none,cnnpff,device:RealWorld_thigh+MotionSense:10+10,-,10,0,RealWorld_thigh,0.6871527777777777,0.6937086209967637,val
none,cnnpff,device:RealWorld_thigh+MotionSense:10+10,-,10,0,MotionSense,0.8271484375,0.8271705435301219,val
none,cnnpff,device:RealWorld_thigh+MotionSense:10+10,-,10,1,RealWorld_thigh,0.6600694444444445,0.6614932556889556,val
none,cnnpff,device:RealWorld_thigh+MotionSense:10+10,-,10,1,MotionSense,0.814453125,0.8138709881271399,val
none,cnnpff,device:RealWorld_thigh+MotionSense:10+10,-,10,2,RealWorld_thigh,0.7052083333333333,0.7059913806681588,val
none,cnnpff,device:RealWorld_thigh+MotionSense:10+10,-,10,2,MotionSense,0.818359375,0.8180157007252946,val
none,cnnpff,device:RealWorld_thigh+MotionSense:10+10,-,10,3,RealWorld_thigh,0.671875,0.6777579540247719,val
none,cnnpff,device:RealWorld_thigh+MotionSense:10+10,-,10,3,MotionSense,0.810546875,0.8102019541968298,val
none,cnnpff,device:RealWorld_thigh+MotionSense:10+10,-,1,0,RealWorld_thigh,0.5871527777777777,0.5931398125106235,val
none,cnnpff,device:RealWorld_thigh+MotionSense:10+10,-,1,0,MotionSense,0.7216796875,0.7197654343939276,val
none,cnnpff,device:RealWorld_thigh+MotionSense:10+10,-,1,1,RealWorld_thigh,0.5798611111111112,0.5788147667239029,val
none,cnnpff,device:RealWorld_thigh+MotionSense:10+10,-,1,1,MotionSense,0.6298828125,0.6259450970810411,val
none,cnnpff,device:RealWorld_thigh+MotionSense:10+10,-,1,2,RealWorld_thigh,0.5895833333333333,0.5947535688425337,val
none,cnnpff,device:RealWorld_thigh+MotionSense:10+10,-,1,2,MotionSense,0.65625,0.649017154152359,val
none,cnnpff,device:RealWorld_thigh+MotionSense:10+10,-,1,3,RealWorld_thigh,0.5784722222222223,0.5843367181751077,val
none,cnnpff,device:RealWorld_thigh+MotionSense:10+10,-,1,3,MotionSense,0.6552734375,0.6531648530002623,val
none,cnnpff,device:RealWorld_thigh+MotionSense:10+10,-,2,0,RealWorld_thigh,0.6472222222222223,0.6516459371784898,val
none,cnnpff,device:RealWorld_thigh+MotionSense:10+10,-,2,0,MotionSense,0.79296875,0.7918903233287117,val
none,cnnpff,device:RealWorld_thigh+MotionSense:10+10,-,2,1,RealWorld_thigh,0.6340277777777777,0.6382321505696584,val
none,cnnpff,device:RealWorld_thigh+MotionSense:10+10,-,2,1,MotionSense,0.7490234375,0.7457281530544368,val
none,cnnpff,device:RealWorld_thigh+MotionSense:10+10,-,2,2,RealWorld_thigh,0.6388888888888888,0.6406268622961732,val
none,cnnpff,device:RealWorld_thigh+MotionSense:10+10,-,2,2,MotionSense,0.75390625,0.7511342376857648,val
none,cnnpff,device:RealWorld_thigh+MotionSense:10+10,-,2,3,RealWorld_thigh,0.6177083333333333,0.6210004805105022,val
none,cnnpff,device:RealWorld_thigh+MotionSense:10+10,-,2,3,MotionSense,0.751953125,0.7529568966020204,val
none,cnnpff,device:RealWorld_thigh+MotionSense:10+10,-,5,0,RealWorld_thigh,0.6694444444444444,0.6723072064191884,val
none,cnnpff,device:RealWorld_thigh+MotionSense:10+10,-,5,0,MotionSense,0.806640625,0.8055353503949632,val
none,cnnpff,device:RealWorld_thigh+MotionSense:10+10,-,5,1,RealWorld_thigh,0.64375,0.6448284809790158,val
none,cnnpff,device:RealWorld_thigh+MotionSense:10+10,-,5,1,MotionSense,0.7998046875,0.7993547180150511,val
none,cnnpff,device:RealWorld_thigh+MotionSense:10+10,-,5,2,RealWorld_thigh,0.696875,0.6983511957526726,val
none,cnnpff,device:RealWorld_thigh+MotionSense:10+10,-,5,2,MotionSense,0.775390625,0.7734513286751624,val
none,cnnpff,device:RealWorld_thigh+MotionSense:10+10,-,5,3,RealWorld_thigh,0.6666666666666666,0.67123119447903,val
none,cnnpff,device:RealWorld_thigh+MotionSense:10+10,-,5,3,MotionSense,0.7958984375,0.7957651446403752,val
none,cnnpff,device:RealWorld_thigh+MotionSense:5+5,-,10,0,RealWorld_thigh,0.6697916666666667,0.6738175610139483,val
none,cnnpff,device:RealWorld_thigh+MotionSense:5+5,-,10,0,MotionSense,0.8037109375,0.801430514616808,val
none,cnnpff,device:RealWorld_thigh+MotionSense:5+5,-,10,1,RealWorld_thigh,0.6440972222222222,0.6411729214265804,val
none,cnnpff,device:RealWorld_thigh+MotionSense:5+5,-,10,1,MotionSense,0.7685546875,0.7682012690078203,val
none,cnnpff,device:RealWorld_thigh+MotionSense:5+5,-,10,2,RealWorld_thigh,0.6291666666666667,0.631482967862886,val
none,cnnpff,device:RealWorld_thigh+MotionSense:5+5,-,10,2,MotionSense,0.7880859375,0.7852971752265634,val
none,cnnpff,device:RealWorld_thigh+MotionSense:5+5,-,10,3,RealWorld_thigh,0.6489583333333333,0.6551480239280535,val
none,cnnpff,device:RealWorld_thigh+MotionSense:5+5,-,10,3,MotionSense,0.7783203125,0.7752665725799597,val
none,cnnpff,device:RealWorld_thigh+MotionSense:5+5,-,1,0,RealWorld_thigh,0.5513888888888889,0.5583877233659985,val
none,cnnpff,device:RealWorld_thigh+MotionSense:5+5,-,1,0,MotionSense,0.673828125,0.6578793617704958,val
none,cnnpff,device:RealWorld_thigh+MotionSense:5+5,-,1,1,RealWorld_thigh,0.5510416666666667,0.5459185116194852,val
none,cnnpff,device:RealWorld_thigh+MotionSense:5+5,-,1,1,MotionSense,0.65625,0.6480914583466028,val
none,cnnpff,device:RealWorld_thigh+MotionSense:5+5,-,1,2,RealWorld_thigh,0.5225694444444444,0.5265319472821064,val
none,cnnpff,device:RealWorld_thigh+MotionSense:5+5,-,1,2,MotionSense,0.5927734375,0.5857304439439681,val
none,cnnpff,device:RealWorld_thigh+MotionSense:5+5,-,1,3,RealWorld_thigh,0.4545138888888889,0.4563181671019746,val
none,cnnpff,device:RealWorld_thigh+MotionSense:5+5,-,1,3,MotionSense,0.591796875,0.5880298242924433,val
none,cnnpff,device:RealWorld_thigh+MotionSense:5+5,-,2,0,RealWorld_thigh,0.5847222222222223,0.5857898324205443,val
none,cnnpff,device:RealWorld_thigh+MotionSense:5+5,-,2,0,MotionSense,0.73828125,0.7347938552521073,val
none,cnnpff,device:RealWorld_thigh+MotionSense:5+5,-,2,1,RealWorld_thigh,0.5625,0.5594398680254674,val
none,cnnpff,device:RealWorld_thigh+MotionSense:5+5,-,2,1,MotionSense,0.66015625,0.657738185040765,val
none,cnnpff,device:RealWorld_thigh+MotionSense:5+5,-,2,2,RealWorld_thigh,0.5711805555555556,0.5735800403787155,val
none,cnnpff,device:RealWorld_thigh+MotionSense:5+5,-,2,2,MotionSense,0.642578125,0.6371734367607803,val
none,cnnpff,device:RealWorld_thigh+MotionSense:5+5,-,2,3,RealWorld_thigh,0.5881944444444445,0.589975404086406,val
none,cnnpff,device:RealWorld_thigh+MotionSense:5+5,-,2,3,MotionSense,0.6728515625,0.6651240116590725,val
none,cnnpff,device:RealWorld_thigh+MotionSense:5+5,-,5,0,RealWorld_thigh,0.6215277777777778,0.6232635565271732,val
none,cnnpff,device:RealWorld_thigh+MotionSense:5+5,-,5,0,MotionSense,0.783203125,0.7817134988337612,val
none,cnnpff,device:RealWorld_thigh+MotionSense:5+5,-,5,1,RealWorld_thigh,0.6423611111111112,0.6393714240481589,val
none,cnnpff,device:RealWorld_thigh+MotionSense:5+5,-,5,1,MotionSense,0.74609375,0.7441389057801947,val
none,cnnpff,device:RealWorld_thigh+MotionSense:5+5,-,5,2,RealWorld_thigh,0.6513888888888889,0.6552705421271426,val
none,cnnpff,device:RealWorld_thigh+MotionSense:5+5,-,5,2,MotionSense,0.7236328125,0.7164247903376455,val
none,cnnpff,device:RealWorld_thigh+MotionSense:5+5,-,5,3,RealWorld_thigh,0.6315972222222223,0.6374921669325121,val
none,cnnpff,device:RealWorld_thigh+MotionSense:5+5,-,5,3,MotionSense,0.7109375,0.7095198928481175,val
none,cnnpff,device:RealWorld_thigh:10,-,10,0,RealWorld_thigh,0.690625,0.6912919484807288,val
none,cnnpff,device:RealWorld_thigh:10,-,10,1,RealWorld_thigh,0.69375,0.6975911495972492,val
none,cnnpff,device:RealWorld_thigh:10,-,10,2,RealWorld_thigh,0.7121527777777777,0.7119703002584945,val
none,cnnpff,device:RealWorld_thigh:10,-,10,3,RealWorld_thigh,0.7222222222222222,0.7235309259739129,val
none,cnnpff,device:RealWorld_thigh:10,-,1,0,RealWorld_thigh,0.5572916666666666,0.5609521942868619,val
none,cnnpff,device:RealWorld_thigh:10,-,1,1,RealWorld_thigh,0.5590277777777778,0.5492091719485478,val
none,cnnpff,device:RealWorld_thigh:10,-,1,2,RealWorld_thigh,0.5809027777777778,0.5803397537651661,val
none,cnnpff,device:RealWorld_thigh:10,-,1,3,RealWorld_thigh,0.5347222222222222,0.5359576955124078,val
none,cnnpff,device:RealWorld_thigh:10,-,2,0,RealWorld_thigh,0.5777777777777777,0.584688870939087,val
none,cnnpff,device:RealWorld_thigh:10,-,2,1,RealWorld_thigh,0.6013888888888889,0.5987395869652045,val
none,cnnpff,device:RealWorld_thigh:10,-,2,2,RealWorld_thigh,0.6388888888888888,0.6402812878003084,val
none,cnnpff,device:RealWorld_thigh:10,-,2,3,RealWorld_thigh,0.6225694444444444,0.6210843682720554,val
none,cnnpff,device:RealWorld_thigh:10,-,5,0,RealWorld_thigh,0.65,0.6537970797997045,val
none,cnnpff,device:RealWorld_thigh:10,-,5,1,RealWorld_thigh,0.6711805555555556,0.669054315368128,val
none,cnnpff,device:RealWorld_thigh:10,-,5,2,RealWorld_thigh,0.7010416666666667,0.7043313021329632,val
none,cnnpff,device:RealWorld_thigh:10,-,5,3,RealWorld_thigh,0.6934027777777778,0.6942948774761457,val
none,resnetse5,device:MotionSense:10,-,10,0,MotionSense,0.85546875,0.8539596021714142,val
none,resnetse5,device:MotionSense:10,-,10,1,MotionSense,0.83984375,0.8401832447913223,val
none,resnetse5,device:MotionSense:10,-,10,2,MotionSense,0.9306640625,0.9309569622718986,val
none,resnetse5,device:MotionSense:10,-,10,3,MotionSense,0.84765625,0.8462933897543499,val
none,resnetse5,device:MotionSense:10,-,1,0,MotionSense,0.8232421875,0.8205971048712165,val
none,resnetse5,device:MotionSense:10,-,1,1,MotionSense,0.806640625,0.7987436047434863,val
none,resnetse5,device:MotionSense:10,-,1,2,MotionSense,0.8212890625,0.8208139046782001,val
none,resnetse5,device:MotionSense:10,-,1,3,MotionSense,0.8203125,0.8203884130727062,val
none,resnetse5,device:MotionSense:10,-,2,0,MotionSense,0.8359375,0.8332594902666498,val
none,resnetse5,device:MotionSense:10,-,2,1,MotionSense,0.83984375,0.8372890194930402,val
none,resnetse5,device:MotionSense:10,-,2,2,MotionSense,0.892578125,0.891650081845084,val
none,resnetse5,device:MotionSense:10,-,2,3,MotionSense,0.8388671875,0.8373585621567994,val
none,resnetse5,device:MotionSense:10,-,5,0,MotionSense,0.8740234375,0.8714163210625884,val
none,resnetse5,device:MotionSense:10,-,5,1,MotionSense,0.8642578125,0.8634298011754638,val
none,resnetse5,device:MotionSense:10,-,5,2,MotionSense,0.869140625,0.8713498718427686,val
none,resnetse5,device:MotionSense:10,-,5,3,MotionSense,0.8779296875,0.8774584849191371,val
none,resnetse5,device:RealWorld_thigh+MotionSense:10+10,-,10,0,RealWorld_thigh,0.6315972222222223,0.6378136292440916,val
none,resnetse5,device:RealWorld_thigh+MotionSense:10+10,-,10,0,MotionSense,0.82421875,0.8248303024755619,val
none,resnetse5,device:RealWorld_thigh+MotionSense:10+10,-,10,1,RealWorld_thigh,0.7458333333333333,0.7481076603386687,val
none,resnetse5,device:RealWorld_thigh+MotionSense:10+10,-,10,1,MotionSense,0.8330078125,0.8344288794174793,val
none,resnetse5,device:RealWorld_thigh+MotionSense:10+10,-,10,2,RealWorld_thigh,0.7131944444444445,0.7168863926241174,val
none,resnetse5,device:RealWorld_thigh+MotionSense:10+10,-,10,2,MotionSense,0.8330078125,0.8351829968877805,val
none,resnetse5,device:RealWorld_thigh+MotionSense:10+10,-,10,3,RealWorld_thigh,0.7232638888888889,0.7264847389543899,val
none,resnetse5,device:RealWorld_thigh+MotionSense:10+10,-,10,3,MotionSense,0.8134765625,0.8068033022962605,val
none,resnetse5,device:RealWorld_thigh+MotionSense:10+10,-,1,0,RealWorld_thigh,0.575,0.5821499508858522,val
none,resnetse5,device:RealWorld_thigh+MotionSense:10+10,-,1,0,MotionSense,0.8154296875,0.8134795717996458,val
none,resnetse5,device:RealWorld_thigh+MotionSense:10+10,-,1,1,RealWorld_thigh,0.6663194444444445,0.6641622118233862,val
none,resnetse5,device:RealWorld_thigh+MotionSense:10+10,-,1,1,MotionSense,0.818359375,0.8146236368131192,val
none,resnetse5,device:RealWorld_thigh+MotionSense:10+10,-,1,2,RealWorld_thigh,0.6260416666666667,0.6312061814167907,val
none,resnetse5,device:RealWorld_thigh+MotionSense:10+10,-,1,2,MotionSense,0.7724609375,0.757944388971907,val
none,resnetse5,device:RealWorld_thigh+MotionSense:10+10,-,1,3,RealWorld_thigh,0.6270833333333333,0.6293599606769416,val
none,resnetse5,device:RealWorld_thigh+MotionSense:10+10,-,1,3,MotionSense,0.7646484375,0.7448615523731562,val
none,resnetse5,device:RealWorld_thigh+MotionSense:10+10,-,2,0,RealWorld_thigh,0.5673611111111111,0.5743516246876309,val
none,resnetse5,device:RealWorld_thigh+MotionSense:10+10,-,2,0,MotionSense,0.7939453125,0.7937307981492419,val
none,resnetse5,device:RealWorld_thigh+MotionSense:10+10,-,2,1,RealWorld_thigh,0.7083333333333334,0.7131145170468263,val
none,resnetse5,device:RealWorld_thigh+MotionSense:10+10,-,2,1,MotionSense,0.8203125,0.8207535242812684,val
none,resnetse5,device:RealWorld_thigh+MotionSense:10+10,-,2,2,RealWorld_thigh,0.6993055555555555,0.7029733071792356,val
none,resnetse5,device:RealWorld_thigh+MotionSense:10+10,-,2,2,MotionSense,0.82421875,0.8199053880580612,val
none,resnetse5,device:RealWorld_thigh+MotionSense:10+10,-,2,3,RealWorld_thigh,0.6881944444444444,0.6928583249533172,val
none,resnetse5,device:RealWorld_thigh+MotionSense:10+10,-,2,3,MotionSense,0.802734375,0.8030779636879091,val
none,resnetse5,device:RealWorld_thigh+MotionSense:10+10,-,5,0,RealWorld_thigh,0.5600694444444444,0.5634393059955564,val
none,resnetse5,device:RealWorld_thigh+MotionSense:10+10,-,5,0,MotionSense,0.7939453125,0.7938594856139242,val
none,resnetse5,device:RealWorld_thigh+MotionSense:10+10,-,5,1,RealWorld_thigh,0.7232638888888889,0.7274928416869434,val
none,resnetse5,device:RealWorld_thigh+MotionSense:10+10,-,5,1,MotionSense,0.833984375,0.8344075998842424,val
none,resnetse5,device:RealWorld_thigh+MotionSense:10+10,-,5,2,RealWorld_thigh,0.7013888888888888,0.7073513000650626,val
none,resnetse5,device:RealWorld_thigh+MotionSense:10+10,-,5,2,MotionSense,0.8271484375,0.8275966353208087,val
none,resnetse5,device:RealWorld_thigh+MotionSense:10+10,-,5,3,RealWorld_thigh,0.7104166666666667,0.7112185246961632,val
none,resnetse5,device:RealWorld_thigh+MotionSense:10+10,-,5,3,MotionSense,0.8037109375,0.8026692377817567,val
none,resnetse5,device:RealWorld_thigh+MotionSense:5+5,-,10,0,RealWorld_thigh,0.6357638888888889,0.6433645738852695,val
none,resnetse5,device:RealWorld_thigh+MotionSense:5+5,-,10,0,MotionSense,0.8017578125,0.7890550491742144,val
none,resnetse5,device:RealWorld_thigh+MotionSense:5+5,-,10,1,RealWorld_thigh,0.6736111111111112,0.6805727135857916,val
none,resnetse5,device:RealWorld_thigh+MotionSense:5+5,-,10,1,MotionSense,0.8232421875,0.821534903655289,val
none,resnetse5,device:RealWorld_thigh+MotionSense:5+5,-,10,2,RealWorld_thigh,0.6152777777777778,0.6208261663407421,val
none,resnetse5,device:RealWorld_thigh+MotionSense:5+5,-,10,2,MotionSense,0.78125,0.7806065125250662,val
none,resnetse5,device:RealWorld_thigh+MotionSense:5+5,-,10,3,RealWorld_thigh,0.6284722222222222,0.6351390158301095,val
none,resnetse5,device:RealWorld_thigh+MotionSense:5+5,-,10,3,MotionSense,0.7685546875,0.765931175030059,val
none,resnetse5,device:RealWorld_thigh+MotionSense:5+5,-,1,0,RealWorld_thigh,0.6024305555555556,0.5941891181161278,val
none,resnetse5,device:RealWorld_thigh+MotionSense:5+5,-,1,0,MotionSense,0.6513671875,0.612788761352176,val
none,resnetse5,device:RealWorld_thigh+MotionSense:5+5,-,1,1,RealWorld_thigh,0.6663194444444445,0.6598560205299645,val
none,resnetse5,device:RealWorld_thigh+MotionSense:5+5,-,1,1,MotionSense,0.798828125,0.7917069776928919,val
none,resnetse5,device:RealWorld_thigh+MotionSense:5+5,-,1,2,RealWorld_thigh,0.6197916666666666,0.6074468138604384,val
none,resnetse5,device:RealWorld_thigh+MotionSense:5+5,-,1,2,MotionSense,0.71875,0.7164437122442132,val
none,resnetse5,device:RealWorld_thigh+MotionSense:5+5,-,1,3,RealWorld_thigh,0.53125,0.5333772034752896,val
none,resnetse5,device:RealWorld_thigh+MotionSense:5+5,-,1,3,MotionSense,0.697265625,0.6834184987075371,val
none,resnetse5,device:RealWorld_thigh+MotionSense:5+5,-,2,0,RealWorld_thigh,0.6145833333333334,0.6198540974267762,val
none,resnetse5,device:RealWorld_thigh+MotionSense:5+5,-,2,0,MotionSense,0.69921875,0.6793117268709224,val
none,resnetse5,device:RealWorld_thigh+MotionSense:5+5,-,2,1,RealWorld_thigh,0.6947916666666667,0.6944625623610619,val
none,resnetse5,device:RealWorld_thigh+MotionSense:5+5,-,2,1,MotionSense,0.779296875,0.7771856639569649,val
none,resnetse5,device:RealWorld_thigh+MotionSense:5+5,-,2,2,RealWorld_thigh,0.5704861111111111,0.5753788556867839,val
none,resnetse5,device:RealWorld_thigh+MotionSense:5+5,-,2,2,MotionSense,0.7529296875,0.7503945830672459,val
none,resnetse5,device:RealWorld_thigh+MotionSense:5+5,-,2,3,RealWorld_thigh,0.6475694444444444,0.6442073399849676,val
none,resnetse5,device:RealWorld_thigh+MotionSense:5+5,-,2,3,MotionSense,0.755859375,0.7485170004133302,val
none,resnetse5,device:RealWorld_thigh+MotionSense:5+5,-,5,0,RealWorld_thigh,0.6475694444444444,0.6539074606884135,val
none,resnetse5,device:RealWorld_thigh+MotionSense:5+5,-,5,0,MotionSense,0.7392578125,0.7214407436545193,val
none,resnetse5,device:RealWorld_thigh+MotionSense:5+5,-,5,1,RealWorld_thigh,0.6833333333333333,0.6780229769619445,val
none,resnetse5,device:RealWorld_thigh+MotionSense:5+5,-,5,1,MotionSense,0.791015625,0.7856167400318764,val
none,resnetse5,device:RealWorld_thigh+MotionSense:5+5,-,5,2,RealWorld_thigh,0.5927083333333333,0.5983182605462237,val
none,resnetse5,device:RealWorld_thigh+MotionSense:5+5,-,5,2,MotionSense,0.7724609375,0.7683894945932349,val
none,resnetse5,device:RealWorld_thigh+MotionSense:5+5,-,5,3,RealWorld_thigh,0.6013888888888889,0.6054187619647597,val
none,resnetse5,device:RealWorld_thigh+MotionSense:5+5,-,5,3,MotionSense,0.7431640625,0.7387337349727731,val
none,resnetse5,device:RealWorld_thigh:10,-,10,0,RealWorld_thigh,0.6548611111111111,0.6348760498197931,val
none,resnetse5,device:RealWorld_thigh:10,-,10,1,RealWorld_thigh,0.7597222222222222,0.761449225621449,val
none,resnetse5,device:RealWorld_thigh:10,-,10,2,RealWorld_thigh,0.621875,0.5860379341096256,val
none,resnetse5,device:RealWorld_thigh:10,-,10,3,RealWorld_thigh,0.6677083333333333,0.6598307918462342,val
none,resnetse5,device:RealWorld_thigh:10,-,1,0,RealWorld_thigh,0.6319444444444444,0.6327418710612972,val
none,resnetse5,device:RealWorld_thigh:10,-,1,1,RealWorld_thigh,0.6253472222222223,0.5723007997360571,val
none,resnetse5,device:RealWorld_thigh:10,-,1,2,RealWorld_thigh,0.5857638888888889,0.5363877548012651,val
none,resnetse5,device:RealWorld_thigh:10,-,1,3,RealWorld_thigh,0.6861111111111111,0.6870504945503374,val
none,resnetse5,device:RealWorld_thigh:10,-,2,0,RealWorld_thigh,0.5854166666666667,0.5938267924113443,val
none,resnetse5,device:RealWorld_thigh:10,-,2,1,RealWorld_thigh,0.7826388888888889,0.7826988441870874,val
none,resnetse5,device:RealWorld_thigh:10,-,2,2,RealWorld_thigh,0.6166666666666667,0.5683967965327587,val
none,resnetse5,device:RealWorld_thigh:10,-,2,3,RealWorld_thigh,0.6895833333333333,0.6806251445708993,val
none,resnetse5,device:RealWorld_thigh:10,-,5,0,RealWorld_thigh,0.6413194444444444,0.6258259820456479,val
none,resnetse5,device:RealWorld_thigh:10,-,5,1,RealWorld_thigh,0.7434027777777777,0.7382596294453646,val
none,resnetse5,device:RealWorld_thigh:10,-,5,2,RealWorld_thigh,0.6229166666666667,0.5745780626789361,val
none,resnetse5,device:RealWorld_thigh:10,-,5,3,RealWorld_thigh,0.6225694444444444,0.5762294999018175,val
none,rnn,device:MotionSense:10,-,10,0,MotionSense,0.640625,0.6209533624821676,val
none,rnn,device:MotionSense:10,-,10,1,MotionSense,0.6484375,0.6369837617551718,val
none,rnn,device:MotionSense:10,-,10,2,MotionSense,0.6416015625,0.6234398044921486,val
none,rnn,device:MotionSense:10,-,10,3,MotionSense,0.6298828125,0.6216269102015108,val
none,rnn,device:MotionSense:10,-,1,0,MotionSense,0.48046875,0.4247622249861697,val
none,rnn,device:MotionSense:10,-,1,1,MotionSense,0.5283203125,0.5119569527233981,val
none,rnn,device:MotionSense:10,-,1,2,MotionSense,0.4423828125,0.4180329355722368,val
none,rnn,device:MotionSense:10,-,1,3,MotionSense,0.4716796875,0.4404679944954424,val
none,rnn,device:MotionSense:10,-,2,0,MotionSense,0.578125,0.5371807151899716,val
none,rnn,device:MotionSense:10,-,2,1,MotionSense,0.6064453125,0.594154227538612,val
none,rnn,device:MotionSense:10,-,2,2,MotionSense,0.58984375,0.5846333692026057,val
none,rnn,device:MotionSense:10,-,2,3,MotionSense,0.4775390625,0.4313208613315127,val
none,rnn,device:MotionSense:10,-,5,0,MotionSense,0.6591796875,0.6489779610264658,val
none,rnn,device:MotionSense:10,-,5,1,MotionSense,0.6474609375,0.6365360976371625,val
none,rnn,device:MotionSense:10,-,5,2,MotionSense,0.638671875,0.6354976857371184,val
none,rnn,device:MotionSense:10,-,5,3,MotionSense,0.591796875,0.583682613455325,val
none,rnn,device:RealWorld_thigh+MotionSense:10+10,-,10,0,RealWorld_thigh,0.4614583333333333,0.4524475255663389,val
none,rnn,device:RealWorld_thigh+MotionSense:10+10,-,10,0,MotionSense,0.57421875,0.5334869198015405,val
none,rnn,device:RealWorld_thigh+MotionSense:10+10,-,10,1,RealWorld_thigh,0.5048611111111111,0.4980702403376691,val
none,rnn,device:RealWorld_thigh+MotionSense:10+10,-,10,1,MotionSense,0.6025390625,0.5795398672438683,val
none,rnn,device:RealWorld_thigh+MotionSense:10+10,-,10,2,RealWorld_thigh,0.5270833333333333,0.5121595940130941,val
none,rnn,device:RealWorld_thigh+MotionSense:10+10,-,10,2,MotionSense,0.60546875,0.5824182581341636,val
none,rnn,device:RealWorld_thigh+MotionSense:10+10,-,10,3,RealWorld_thigh,0.5020833333333333,0.5052950254516977,val
none,rnn,device:RealWorld_thigh+MotionSense:10+10,-,10,3,MotionSense,0.634765625,0.6055247323204606,val
none,rnn,device:RealWorld_thigh+MotionSense:10+10,-,1,0,RealWorld_thigh,0.4444444444444444,0.4150187951977704,val
none,rnn,device:RealWorld_thigh+MotionSense:10+10,-,1,0,MotionSense,0.5302734375,0.4966600844513534,val
none,rnn,device:RealWorld_thigh+MotionSense:10+10,-,1,1,RealWorld_thigh,0.4583333333333333,0.4454185207848634,val
none,rnn,device:RealWorld_thigh+MotionSense:10+10,-,1,1,MotionSense,0.546875,0.5154105717058465,val
none,rnn,device:RealWorld_thigh+MotionSense:10+10,-,1,2,RealWorld_thigh,0.425,0.4047565655316683,val
none,rnn,device:RealWorld_thigh+MotionSense:10+10,-,1,2,MotionSense,0.4384765625,0.4067535399771272,val
none,rnn,device:RealWorld_thigh+MotionSense:10+10,-,1,3,RealWorld_thigh,0.4184027777777778,0.408361638040511,val
none,rnn,device:RealWorld_thigh+MotionSense:10+10,-,1,3,MotionSense,0.517578125,0.4970324517334543,val
none,rnn,device:RealWorld_thigh+MotionSense:10+10,-,2,0,RealWorld_thigh,0.4590277777777777,0.4567146311070829,val
none,rnn,device:RealWorld_thigh+MotionSense:10+10,-,2,0,MotionSense,0.599609375,0.5723668608563314,val
none,rnn,device:RealWorld_thigh+MotionSense:10+10,-,2,1,RealWorld_thigh,0.4944444444444444,0.4823970326131354,val
none,rnn,device:RealWorld_thigh+MotionSense:10+10,-,2,1,MotionSense,0.5908203125,0.5568718363924238,val
none,rnn,device:RealWorld_thigh+MotionSense:10+10,-,2,2,RealWorld_thigh,0.5038194444444445,0.4926294802111464,val
none,rnn,device:RealWorld_thigh+MotionSense:10+10,-,2,2,MotionSense,0.5478515625,0.5100653704289299,val
none,rnn,device:RealWorld_thigh+MotionSense:10+10,-,2,3,RealWorld_thigh,0.4538194444444444,0.4322810291745027,val
none,rnn,device:RealWorld_thigh+MotionSense:10+10,-,2,3,MotionSense,0.5205078125,0.4846247340121362,val
none,rnn,device:RealWorld_thigh+MotionSense:10+10,-,5,0,RealWorld_thigh,0.4836805555555555,0.4824109868327215,val
none,rnn,device:RealWorld_thigh+MotionSense:10+10,-,5,0,MotionSense,0.5908203125,0.5520237365780711,val
none,rnn,device:RealWorld_thigh+MotionSense:10+10,-,5,1,RealWorld_thigh,0.4965277777777778,0.4803891461933676,val
none,rnn,device:RealWorld_thigh+MotionSense:10+10,-,5,1,MotionSense,0.59765625,0.564670140885575,val
none,rnn,device:RealWorld_thigh+MotionSense:10+10,-,5,2,RealWorld_thigh,0.4666666666666667,0.4186557226572924,val
none,rnn,device:RealWorld_thigh+MotionSense:10+10,-,5,2,MotionSense,0.5087890625,0.4491655576243993,val
none,rnn,device:RealWorld_thigh+MotionSense:10+10,-,5,3,RealWorld_thigh,0.4923611111111111,0.4947905330010281,val
none,rnn,device:RealWorld_thigh+MotionSense:10+10,-,5,3,MotionSense,0.6318359375,0.6059201844944768,val
none,rnn,device:RealWorld_thigh+MotionSense:5+5,-,10,0,RealWorld_thigh,0.5020833333333333,0.5007400221030993,val
none,rnn,device:RealWorld_thigh+MotionSense:5+5,-,10,0,MotionSense,0.5830078125,0.5510353424726776,val
none,rnn,device:RealWorld_thigh+MotionSense:5+5,-,10,1,RealWorld_thigh,0.5201388888888889,0.5241031219037534,val
none,rnn,device:RealWorld_thigh+MotionSense:5+5,-,10,1,MotionSense,0.6181640625,0.5957695199343394,val
none,rnn,device:RealWorld_thigh+MotionSense:5+5,-,10,2,RealWorld_thigh,0.5180555555555556,0.4992118522069617,val
none,rnn,device:RealWorld_thigh+MotionSense:5+5,-,10,2,MotionSense,0.556640625,0.5229099598020559,val
none,rnn,device:RealWorld_thigh+MotionSense:5+5,-,10,3,RealWorld_thigh,0.5340277777777778,0.5104599716715481,val
none,rnn,device:RealWorld_thigh+MotionSense:5+5,-,10,3,MotionSense,0.5791015625,0.5413106992433829,val
none,rnn,device:RealWorld_thigh+MotionSense:5+5,-,1,0,RealWorld_thigh,0.3961805555555555,0.3636400843881482,val
none,rnn,device:RealWorld_thigh+MotionSense:5+5,-,1,0,MotionSense,0.4873046875,0.4538488513811962,val
none,rnn,device:RealWorld_thigh+MotionSense:5+5,-,1,1,RealWorld_thigh,0.4010416666666667,0.366411098473453,val
none,rnn,device:RealWorld_thigh+MotionSense:5+5,-,1,1,MotionSense,0.4560546875,0.4242992569601882,val
none,rnn,device:RealWorld_thigh+MotionSense:5+5,-,1,2,RealWorld_thigh,0.4142361111111111,0.4114348400896361,val
none,rnn,device:RealWorld_thigh+MotionSense:5+5,-,1,2,MotionSense,0.4931640625,0.4716318712893325,val
none,rnn,device:RealWorld_thigh+MotionSense:5+5,-,1,3,RealWorld_thigh,0.3767361111111111,0.3564077810166788,val
none,rnn,device:RealWorld_thigh+MotionSense:5+5,-,1,3,MotionSense,0.3935546875,0.3851528397541015,val
none,rnn,device:RealWorld_thigh+MotionSense:5+5,-,2,0,RealWorld_thigh,0.4875,0.4649011659373092,val
none,rnn,device:RealWorld_thigh+MotionSense:5+5,-,2,0,MotionSense,0.5712890625,0.5517751597840541,val
none,rnn,device:RealWorld_thigh+MotionSense:5+5,-,2,1,RealWorld_thigh,0.4520833333333333,0.4292666713412978,val
none,rnn,device:RealWorld_thigh+MotionSense:5+5,-,2,1,MotionSense,0.5458984375,0.51142119674429,val
none,rnn,device:RealWorld_thigh+MotionSense:5+5,-,2,2,RealWorld_thigh,0.4618055555555556,0.4422824366847246,val
none,rnn,device:RealWorld_thigh+MotionSense:5+5,-,2,2,MotionSense,0.5341796875,0.5059755855762353,val
none,rnn,device:RealWorld_thigh+MotionSense:5+5,-,2,3,RealWorld_thigh,0.4944444444444444,0.474005634827376,val
none,rnn,device:RealWorld_thigh+MotionSense:5+5,-,2,3,MotionSense,0.5205078125,0.5125414432411453,val
none,rnn,device:RealWorld_thigh+MotionSense:5+5,-,5,0,RealWorld_thigh,0.4784722222222222,0.4729592179244646,val
none,rnn,device:RealWorld_thigh+MotionSense:5+5,-,5,0,MotionSense,0.578125,0.5526458185328244,val
none,rnn,device:RealWorld_thigh+MotionSense:5+5,-,5,1,RealWorld_thigh,0.5048611111111111,0.5050368056818336,val
none,rnn,device:RealWorld_thigh+MotionSense:5+5,-,5,1,MotionSense,0.5869140625,0.5532247613912381,val
none,rnn,device:RealWorld_thigh+MotionSense:5+5,-,5,2,RealWorld_thigh,0.4913194444444444,0.4769959528196881,val
none,rnn,device:RealWorld_thigh+MotionSense:5+5,-,5,2,MotionSense,0.548828125,0.5191819079496345,val
none,rnn,device:RealWorld_thigh+MotionSense:5+5,-,5,3,RealWorld_thigh,0.5256944444444445,0.5028578716324044,val
none,rnn,device:RealWorld_thigh+MotionSense:5+5,-,5,3,MotionSense,0.5751953125,0.5455974727092092,val
none,rnn,device:RealWorld_thigh:10,-,10,0,RealWorld_thigh,0.5145833333333333,0.5006366374482062,val
none,rnn,device:RealWorld_thigh:10,-,10,1,RealWorld_thigh,0.5559027777777777,0.5442713906870033,val
none,rnn,device:RealWorld_thigh:10,-,10,2,RealWorld_thigh,0.5604166666666667,0.5461122439086159,val
none,rnn,device:RealWorld_thigh:10,-,10,3,RealWorld_thigh,0.5395833333333333,0.5245575374420207,val
none,rnn,device:RealWorld_thigh:10,-,1,0,RealWorld_thigh,0.4006944444444444,0.3818677495177838,val
none,rnn,device:RealWorld_thigh:10,-,1,1,RealWorld_thigh,0.4211805555555555,0.3901665360275373,val
none,rnn,device:RealWorld_thigh:10,-,1,2,RealWorld_thigh,0.4256944444444444,0.3982095541828549,val
none,rnn,device:RealWorld_thigh:10,-,1,3,RealWorld_thigh,0.3902777777777778,0.3668089880864846,val
none,rnn,device:RealWorld_thigh:10,-,2,0,RealWorld_thigh,0.4402777777777777,0.424987298030735,val
none,rnn,device:RealWorld_thigh:10,-,2,1,RealWorld_thigh,0.4472222222222222,0.4251933005884825,val
none,rnn,device:RealWorld_thigh:10,-,2,2,RealWorld_thigh,0.4579861111111111,0.4337577462398505,val
none,rnn,device:RealWorld_thigh:10,-,2,3,RealWorld_thigh,0.4552083333333333,0.4445211967542031,val
none,rnn,device:RealWorld_thigh:10,-,5,0,RealWorld_thigh,0.5163194444444444,0.509643765651114,val
none,rnn,device:RealWorld_thigh:10,-,5,1,RealWorld_thigh,0.5291666666666667,0.5086931402113889,val
none,rnn,device:RealWorld_thigh:10,-,5,2,RealWorld_thigh,0.4829861111111111,0.4577776317322015,val
none,rnn,device:RealWorld_thigh:10,-,5,3,RealWorld_thigh,0.5260416666666666,0.5177289811968244,val
none,tstcc,device:MotionSense:10,-,10,0,MotionSense,0.69140625,0.6549624088950513,val
none,tstcc,device:MotionSense:10,-,10,1,MotionSense,0.83984375,0.8341105443954442,val
none,tstcc,device:MotionSense:10,-,10,2,MotionSense,0.833984375,0.8294645687595713,val
none,tstcc,device:MotionSense:10,-,10,3,MotionSense,0.80078125,0.7873312428423019,val
none,tstcc,device:MotionSense:10,-,1,0,MotionSense,0.66796875,0.6276738268859231,val
none,tstcc,device:MotionSense:10,-,1,1,MotionSense,0.6669921875,0.6159572583160825,val
none,tstcc,device:MotionSense:10,-,1,2,MotionSense,0.607421875,0.5659775929345842,val
none,tstcc,device:MotionSense:10,-,1,3,MotionSense,0.7158203125,0.7076878507253127,val
none,tstcc,device:MotionSense:10,-,2,0,MotionSense,0.666015625,0.6336071352389329,val
none,tstcc,device:MotionSense:10,-,2,1,MotionSense,0.7763671875,0.7531466550377056,val
none,tstcc,device:MotionSense:10,-,2,2,MotionSense,0.77734375,0.7493036850745862,val
none,tstcc,device:MotionSense:10,-,2,3,MotionSense,0.8017578125,0.8031236227799052,val
none,tstcc,device:MotionSense:10,-,5,0,MotionSense,0.7099609375,0.679915305572841,val
none,tstcc,device:MotionSense:10,-,5,1,MotionSense,0.81640625,0.8061314860293254,val
none,tstcc,device:MotionSense:10,-,5,2,MotionSense,0.8330078125,0.8264950240808626,val
none,tstcc,device:MotionSense:10,-,5,3,MotionSense,0.759765625,0.7275457560360366,val
none,tstcc,device:RealWorld_thigh+MotionSense:10+10,-,10,0,RealWorld_thigh,0.621875,0.6071169153950836,val
none,tstcc,device:RealWorld_thigh+MotionSense:10+10,-,10,0,MotionSense,0.7802734375,0.7586453126157653,val
none,tstcc,device:RealWorld_thigh+MotionSense:10+10,-,10,1,RealWorld_thigh,0.6694444444444444,0.6602122794418969,val
none,tstcc,device:RealWorld_thigh+MotionSense:10+10,-,10,1,MotionSense,0.806640625,0.7884237461046535,val
none,tstcc,device:RealWorld_thigh+MotionSense:10+10,-,10,2,RealWorld_thigh,0.68125,0.6731127689437343,val
none,tstcc,device:RealWorld_thigh+MotionSense:10+10,-,10,2,MotionSense,0.8154296875,0.8016948816579758,val
none,tstcc,device:RealWorld_thigh+MotionSense:10+10,-,10,3,RealWorld_thigh,0.6253472222222223,0.6124031628251504,val
none,tstcc,device:RealWorld_thigh+MotionSense:10+10,-,10,3,MotionSense,0.8095703125,0.7936413635777338,val
none,tstcc,device:RealWorld_thigh+MotionSense:10+10,-,1,0,RealWorld_thigh,0.51875,0.4993537880268987,val
none,tstcc,device:RealWorld_thigh+MotionSense:10+10,-,1,0,MotionSense,0.66015625,0.6186241173651373,val
none,tstcc,device:RealWorld_thigh+MotionSense:10+10,-,1,1,RealWorld_thigh,0.5284722222222222,0.5059003154122483,val
none,tstcc,device:RealWorld_thigh+MotionSense:10+10,-,1,1,MotionSense,0.6435546875,0.5914928929845326,val
none,tstcc,device:RealWorld_thigh+MotionSense:10+10,-,1,2,RealWorld_thigh,0.5628472222222223,0.5639948431354095,val
none,tstcc,device:RealWorld_thigh+MotionSense:10+10,-,1,2,MotionSense,0.72265625,0.711246624078956,val
none,tstcc,device:RealWorld_thigh+MotionSense:10+10,-,1,3,RealWorld_thigh,0.5152777777777777,0.5008909700845007,val
none,tstcc,device:RealWorld_thigh+MotionSense:10+10,-,1,3,MotionSense,0.6748046875,0.6417376395871363,val
none,tstcc,device:RealWorld_thigh+MotionSense:10+10,-,2,0,RealWorld_thigh,0.5552083333333333,0.5355930252552398,val
none,tstcc,device:RealWorld_thigh+MotionSense:10+10,-,2,0,MotionSense,0.724609375,0.691400274377023,val
none,tstcc,device:RealWorld_thigh+MotionSense:10+10,-,2,1,RealWorld_thigh,0.5878472222222222,0.5756275235481659,val
none,tstcc,device:RealWorld_thigh+MotionSense:10+10,-,2,1,MotionSense,0.7470703125,0.7215691797366653,val
none,tstcc,device:RealWorld_thigh+MotionSense:10+10,-,2,2,RealWorld_thigh,0.6097222222222223,0.5949603276425819,val
none,tstcc,device:RealWorld_thigh+MotionSense:10+10,-,2,2,MotionSense,0.767578125,0.7488514855631762,val
none,tstcc,device:RealWorld_thigh+MotionSense:10+10,-,2,3,RealWorld_thigh,0.5583333333333333,0.5427550201154355,val
none,tstcc,device:RealWorld_thigh+MotionSense:10+10,-,2,3,MotionSense,0.748046875,0.7262893212571696,val
none,tstcc,device:RealWorld_thigh+MotionSense:10+10,-,5,0,RealWorld_thigh,0.5986111111111111,0.5773022243418172,val
none,tstcc,device:RealWorld_thigh+MotionSense:10+10,-,5,0,MotionSense,0.7978515625,0.7762002518171154,val
none,tstcc,device:RealWorld_thigh+MotionSense:10+10,-,5,1,RealWorld_thigh,0.6361111111111111,0.6267997614866477,val
none,tstcc,device:RealWorld_thigh+MotionSense:10+10,-,5,1,MotionSense,0.814453125,0.8022312047869482,val
none,tstcc,device:RealWorld_thigh+MotionSense:10+10,-,5,2,RealWorld_thigh,0.6503472222222222,0.6412080562363373,val
none,tstcc,device:RealWorld_thigh+MotionSense:10+10,-,5,2,MotionSense,0.8125,0.7984726355816997,val
none,tstcc,device:RealWorld_thigh+MotionSense:10+10,-,5,3,RealWorld_thigh,0.6107638888888889,0.6012304491392721,val
none,tstcc,device:RealWorld_thigh+MotionSense:10+10,-,5,3,MotionSense,0.79296875,0.7786348936781603,val
none,tstcc,device:RealWorld_thigh+MotionSense:5+5,-,10,0,RealWorld_thigh,0.6003472222222223,0.5873083997708426,val
none,tstcc,device:RealWorld_thigh+MotionSense:5+5,-,10,0,MotionSense,0.7578125,0.740372415229657,val
none,tstcc,device:RealWorld_thigh+MotionSense:5+5,-,10,1,RealWorld_thigh,0.6253472222222223,0.6123361066966845,val
none,tstcc,device:RealWorld_thigh+MotionSense:5+5,-,10,1,MotionSense,0.76171875,0.7386542314003121,val
none,tstcc,device:RealWorld_thigh+MotionSense:5+5,-,10,2,RealWorld_thigh,0.6902777777777778,0.6815454047882249,val
none,tstcc,device:RealWorld_thigh+MotionSense:5+5,-,10,2,MotionSense,0.783203125,0.7673996320313675,val
none,tstcc,device:RealWorld_thigh+MotionSense:5+5,-,10,3,RealWorld_thigh,0.6197916666666666,0.6248712047553032,val
none,tstcc,device:RealWorld_thigh+MotionSense:5+5,-,10,3,MotionSense,0.796875,0.7878896831268877,val
none,tstcc,device:RealWorld_thigh+MotionSense:5+5,-,1,0,RealWorld_thigh,0.5246527777777777,0.5117644877058627,val
none,tstcc,device:RealWorld_thigh+MotionSense:5+5,-,1,0,MotionSense,0.63671875,0.5867865838696236,val
none,tstcc,device:RealWorld_thigh+MotionSense:5+5,-,1,1,RealWorld_thigh,0.5440972222222222,0.535217816045929,val
none,tstcc,device:RealWorld_thigh+MotionSense:5+5,-,1,1,MotionSense,0.662109375,0.6296036724679112,val
none,tstcc,device:RealWorld_thigh+MotionSense:5+5,-,1,2,RealWorld_thigh,0.5395833333333333,0.5339480459602485,val
none,tstcc,device:RealWorld_thigh+MotionSense:5+5,-,1,2,MotionSense,0.6259765625,0.6092931835254073,val
none,tstcc,device:RealWorld_thigh+MotionSense:5+5,-,1,3,RealWorld_thigh,0.4666666666666667,0.4649717352478869,val
none,tstcc,device:RealWorld_thigh+MotionSense:5+5,-,1,3,MotionSense,0.681640625,0.6537120811582965,val
none,tstcc,device:RealWorld_thigh+MotionSense:5+5,-,2,0,RealWorld_thigh,0.5291666666666667,0.5183677716196923,val
none,tstcc,device:RealWorld_thigh+MotionSense:5+5,-,2,0,MotionSense,0.66796875,0.6230751467799577,val
none,tstcc,device:RealWorld_thigh+MotionSense:5+5,-,2,1,RealWorld_thigh,0.5145833333333333,0.4952389262374883,val
none,tstcc,device:RealWorld_thigh+MotionSense:5+5,-,2,1,MotionSense,0.689453125,0.6618005897895309,val
none,tstcc,device:RealWorld_thigh+MotionSense:5+5,-,2,2,RealWorld_thigh,0.5753472222222222,0.5649017733641473,val
none,tstcc,device:RealWorld_thigh+MotionSense:5+5,-,2,2,MotionSense,0.666015625,0.6387824182402885,val
none,tstcc,device:RealWorld_thigh+MotionSense:5+5,-,2,3,RealWorld_thigh,0.5086805555555556,0.5122205864517583,val
none,tstcc,device:RealWorld_thigh+MotionSense:5+5,-,2,3,MotionSense,0.7265625,0.7039739742770564,val
none,tstcc,device:RealWorld_thigh+MotionSense:5+5,-,5,0,RealWorld_thigh,0.5875,0.5718078191376089,val
none,tstcc,device:RealWorld_thigh+MotionSense:5+5,-,5,0,MotionSense,0.74609375,0.7202205162899258,val
none,tstcc,device:RealWorld_thigh+MotionSense:5+5,-,5,1,RealWorld_thigh,0.5861111111111111,0.5740905022454373,val
none,tstcc,device:RealWorld_thigh+MotionSense:5+5,-,5,1,MotionSense,0.7607421875,0.7431568171324413,val
none,tstcc,device:RealWorld_thigh+MotionSense:5+5,-,5,2,RealWorld_thigh,0.6583333333333333,0.6615665370957243,val
none,tstcc,device:RealWorld_thigh+MotionSense:5+5,-,5,2,MotionSense,0.7880859375,0.7794510722525828,val
none,tstcc,device:RealWorld_thigh+MotionSense:5+5,-,5,3,RealWorld_thigh,0.5725694444444445,0.5749975002289349,val
none,tstcc,device:RealWorld_thigh+MotionSense:5+5,-,5,3,MotionSense,0.7431640625,0.7219839114082457,val
none,tstcc,device:RealWorld_thigh:10,-,10,0,RealWorld_thigh,0.6881944444444444,0.6840032063697473,val
none,tstcc,device:RealWorld_thigh:10,-,10,1,RealWorld_thigh,0.6475694444444444,0.6511906085095035,val
none,tstcc,device:RealWorld_thigh:10,-,10,2,RealWorld_thigh,0.6909722222222222,0.6868153627532543,val
none,tstcc,device:RealWorld_thigh:10,-,10,3,RealWorld_thigh,0.6552083333333333,0.646657988031944,val
none,tstcc,device:RealWorld_thigh:10,-,1,0,RealWorld_thigh,0.5166666666666667,0.5029987159330586,val
none,tstcc,device:RealWorld_thigh:10,-,1,1,RealWorld_thigh,0.4447916666666666,0.3755918313426012,val
none,tstcc,device:RealWorld_thigh:10,-,1,2,RealWorld_thigh,0.55625,0.5440376372224461,val
none,tstcc,device:RealWorld_thigh:10,-,1,3,RealWorld_thigh,0.4916666666666666,0.4310194669176355,val
none,tstcc,device:RealWorld_thigh:10,-,2,0,RealWorld_thigh,0.5722222222222222,0.56391812518169,val
none,tstcc,device:RealWorld_thigh:10,-,2,1,RealWorld_thigh,0.534375,0.532903656703572,val
none,tstcc,device:RealWorld_thigh:10,-,2,2,RealWorld_thigh,0.5138888888888888,0.4950476926621423,val
none,tstcc,device:RealWorld_thigh:10,-,2,3,RealWorld_thigh,0.5996527777777778,0.587544918842592,val
none,tstcc,device:RealWorld_thigh:10,-,5,0,RealWorld_thigh,0.6482638888888889,0.6435285565929229,val
none,tstcc,device:RealWorld_thigh:10,-,5,1,RealWorld_thigh,0.6399305555555556,0.6359716440545352,val
none,tstcc,device:RealWorld_thigh:10,-,5,2,RealWorld_thigh,0.5715277777777777,0.5540033774978338,val
none,tstcc,device:RealWorld_thigh:10,-,5,3,RealWorld_thigh,0.4854166666666666,0.4184060562605233,val
tfc,cnnpff,device:MotionSense:10,in-domain,10,0,MotionSense,0.833984375,0.833617805545343,val
tfc,cnnpff,device:MotionSense:10,in-domain,10,1,MotionSense,0.8955078125,0.896989300494443,val
tfc,cnnpff,device:MotionSense:10,in-domain,10,2,MotionSense,0.87890625,0.8807071900544071,val
tfc,cnnpff,device:MotionSense:10,in-domain,10,3,MotionSense,0.8701171875,0.8687546543314664,val
tfc,cnnpff,device:MotionSense:10,in-domain,1,0,MotionSense,0.767578125,0.7559887590387097,val
tfc,cnnpff,device:MotionSense:10,in-domain,1,1,MotionSense,0.744140625,0.7422948437829423,val
tfc,cnnpff,device:MotionSense:10,in-domain,1,2,MotionSense,0.765625,0.7678494056454023,val
tfc,cnnpff,device:MotionSense:10,in-domain,1,3,MotionSense,0.7822265625,0.7852570443504235,val
tfc,cnnpff,device:MotionSense:10,in-domain,2,0,MotionSense,0.78125,0.7751981256927638,val
tfc,cnnpff,device:MotionSense:10,in-domain,2,1,MotionSense,0.87109375,0.8715602246234707,val
tfc,cnnpff,device:MotionSense:10,in-domain,2,2,MotionSense,0.80859375,0.8094665374869491,val
tfc,cnnpff,device:MotionSense:10,in-domain,2,3,MotionSense,0.8271484375,0.8284744650595042,val
tfc,cnnpff,device:MotionSense:10,in-domain,5,0,MotionSense,0.8408203125,0.8404762194503235,val
tfc,cnnpff,device:MotionSense:10,in-domain,5,1,MotionSense,0.890625,0.8915740163714624,val
tfc,cnnpff,device:MotionSense:10,in-domain,5,2,MotionSense,0.87109375,0.8704555601583599,val
tfc,cnnpff,device:MotionSense:10,in-domain,5,3,MotionSense,0.8349609375,0.8345572347907666,val
tfc,cnnpff,device:MotionSense:10,in-domain,full,0,MotionSense,0.8662109375,0.8668185273348209,val
tfc,cnnpff,device:MotionSense:10,in-domain,full,1,MotionSense,0.90625,0.9073087647919924,val
tfc,cnnpff,device:MotionSense:10,in-domain,full,2,MotionSense,0.9052734375,0.906002221469096,val
tfc,cnnpff,device:MotionSense:10,in-domain,full,3,MotionSense,0.8896484375,0.8888931402355391,val
tfc,cnnpff,device:RealWorld_thigh+MotionSense:10+10,in-domain,10,0,RealWorld_thigh,0.7600694444444445,0.7641463468367066,val
tfc,cnnpff,device:RealWorld_thigh+MotionSense:10+10,in-domain,10,0,MotionSense,0.8837890625,0.8825477551453044,val
tfc,cnnpff,device:RealWorld_thigh+MotionSense:10+10,in-domain,10,1,RealWorld_thigh,0.7055555555555556,0.704630609415946,val
tfc,cnnpff,device:RealWorld_thigh+MotionSense:10+10,in-domain,10,1,MotionSense,0.8232421875,0.8200030038743584,val
tfc,cnnpff,device:RealWorld_thigh+MotionSense:10+10,in-domain,10,2,RealWorld_thigh,0.775,0.7766344678791213,val
tfc,cnnpff,device:RealWorld_thigh+MotionSense:10+10,in-domain,10,2,MotionSense,0.8857421875,0.8853443406826637,val
tfc,cnnpff,device:RealWorld_thigh+MotionSense:10+10,in-domain,10,3,RealWorld_thigh,0.7225694444444445,0.7270256379800509,val
tfc,cnnpff,device:RealWorld_thigh+MotionSense:10+10,in-domain,10,3,MotionSense,0.8349609375,0.8358515083551001,val
tfc,cnnpff,device:RealWorld_thigh+MotionSense:10+10,in-domain,1,0,RealWorld_thigh,0.675,0.6731324341311721,val
tfc,cnnpff,device:RealWorld_thigh+MotionSense:10+10,in-domain,1,0,MotionSense,0.7919921875,0.7902574241768009,val
tfc,cnnpff,device:RealWorld_thigh+MotionSense:10+10,in-domain,1,1,RealWorld_thigh,0.6333333333333333,0.6310176593961757,val
tfc,cnnpff,device:RealWorld_thigh+MotionSense:10+10,in-domain,1,1,MotionSense,0.78515625,0.7824603937032246,val
tfc,cnnpff,device:RealWorld_thigh+MotionSense:10+10,in-domain,1,2,RealWorld_thigh,0.6579861111111112,0.6567609029462713,val
tfc,cnnpff,device:RealWorld_thigh+MotionSense:10+10,in-domain,1,2,MotionSense,0.7412109375,0.7331199323897489,val
tfc,cnnpff,device:RealWorld_thigh+MotionSense:10+10,in-domain,1,3,RealWorld_thigh,0.6701388888888888,0.6715348291905396,val
tfc,cnnpff,device:RealWorld_thigh+MotionSense:10+10,in-domain,1,3,MotionSense,0.798828125,0.7996846025869164,val
tfc,cnnpff,device:RealWorld_thigh+MotionSense:10+10,in-domain,2,0,RealWorld_thigh,0.6697916666666667,0.6663218679967998,val
tfc,cnnpff,device:RealWorld_thigh+MotionSense:10+10,in-domain,2,0,MotionSense,0.822265625,0.8201136617617766,val
tfc,cnnpff,device:RealWorld_thigh+MotionSense:10+10,in-domain,2,1,RealWorld_thigh,0.7059027777777778,0.7074589142877526,val
tfc,cnnpff,device:RealWorld_thigh+MotionSense:10+10,in-domain,2,1,MotionSense,0.81640625,0.8149465880552874,val
tfc,cnnpff,device:RealWorld_thigh+MotionSense:10+10,in-domain,2,2,RealWorld_thigh,0.7326388888888888,0.7347887057797079,val
tfc,cnnpff,device:RealWorld_thigh+MotionSense:10+10,in-domain,2,2,MotionSense,0.841796875,0.8403265248275792,val
tfc,cnnpff,device:RealWorld_thigh+MotionSense:10+10,in-domain,2,3,RealWorld_thigh,0.68125,0.683099756156024,val
tfc,cnnpff,device:RealWorld_thigh+MotionSense:10+10,in-domain,2,3,MotionSense,0.8037109375,0.8027001698623913,val
tfc,cnnpff,device:RealWorld_thigh+MotionSense:10+10,in-domain,5,0,RealWorld_thigh,0.7298611111111111,0.731526971782506,val
tfc,cnnpff,device:RealWorld_thigh+MotionSense:10+10,in-domain,5,0,MotionSense,0.87109375,0.869465185695268,val
tfc,cnnpff,device:RealWorld_thigh+MotionSense:10+10,in-domain,5,1,RealWorld_thigh,0.7045138888888889,0.7099563484611636,val
tfc,cnnpff,device:RealWorld_thigh+MotionSense:10+10,in-domain,5,1,MotionSense,0.8291015625,0.8243054702705681,val
tfc,cnnpff,device:RealWorld_thigh+MotionSense:10+10,in-domain,5,2,RealWorld_thigh,0.7697916666666667,0.7717963664234274,val
tfc,cnnpff,device:RealWorld_thigh+MotionSense:10+10,in-domain,5,2,MotionSense,0.8720703125,0.8702317501770885,val
tfc,cnnpff,device:RealWorld_thigh+MotionSense:10+10,in-domain,5,3,RealWorld_thigh,0.7038194444444444,0.7063195762088129,val
tfc,cnnpff,device:RealWorld_thigh+MotionSense:10+10,in-domain,5,3,MotionSense,0.822265625,0.8218012058844549,val
tfc,cnnpff,device:RealWorld_thigh+MotionSense:10+10,in-domain,full,0,RealWorld_thigh,0.7927083333333333,0.7960465604710918,val
tfc,cnnpff,device:RealWorld_thigh+MotionSense:10+10,in-domain,full,0,MotionSense,0.900390625,0.8983746705066439,val
tfc,cnnpff,device:RealWorld_thigh+MotionSense:10+10,in-domain,full,1,RealWorld_thigh,0.7184027777777777,0.7239229286491158,val
tfc,cnnpff,device:RealWorld_thigh+MotionSense:10+10,in-domain,full,1,MotionSense,0.875,0.8752967171291558,val
tfc,cnnpff,device:RealWorld_thigh+MotionSense:10+10,in-domain,full,2,RealWorld_thigh,0.7951388888888888,0.797494920967713,val
tfc,cnnpff,device:RealWorld_thigh+MotionSense:10+10,in-domain,full,2,MotionSense,0.9287109375,0.9279129026144968,val
tfc,cnnpff,device:RealWorld_thigh+MotionSense:10+10,in-domain,full,3,RealWorld_thigh,0.7121527777777777,0.7176518232973755,val
tfc,cnnpff,device:RealWorld_thigh+MotionSense:10+10,in-domain,full,3,MotionSense,0.8544921875,0.8563512981756,val
tfc,cnnpff,device:RealWorld_thigh+MotionSense:5+5,in-domain,10,0,RealWorld_thigh,0.721875,0.7200577827022601,val
tfc,cnnpff,device:RealWorld_thigh+MotionSense:5+5,in-domain,10,0,MotionSense,0.8310546875,0.825158365911358,val
tfc,cnnpff,device:RealWorld_thigh+MotionSense:5+5,in-domain,10,1,RealWorld_thigh,0.6548611111111111,0.6608216357495791,val
tfc,cnnpff,device:RealWorld_thigh+MotionSense:5+5,in-domain,10,1,MotionSense,0.8115234375,0.8061303587924799,val
tfc,cnnpff,device:RealWorld_thigh+MotionSense:5+5,in-domain,10,2,RealWorld_thigh,0.6840277777777778,0.6802768485840646,val
tfc,cnnpff,device:RealWorld_thigh+MotionSense:5+5,in-domain,10,2,MotionSense,0.759765625,0.7553966466564254,val
tfc,cnnpff,device:RealWorld_thigh+MotionSense:5+5,in-domain,10,3,RealWorld_thigh,0.6572916666666667,0.6634546254968932,val
tfc,cnnpff,device:RealWorld_thigh+MotionSense:5+5,in-domain,10,3,MotionSense,0.787109375,0.7836497448161474,val
tfc,cnnpff,device:RealWorld_thigh+MotionSense:5+5,in-domain,1,0,RealWorld_thigh,0.590625,0.5814102147824259,val
tfc,cnnpff,device:RealWorld_thigh+MotionSense:5+5,in-domain,1,0,MotionSense,0.7197265625,0.7130894906642814,val
tfc,cnnpff,device:RealWorld_thigh+MotionSense:5+5,in-domain,1,1,RealWorld_thigh,0.6131944444444445,0.6118613937792329,val
tfc,cnnpff,device:RealWorld_thigh+MotionSense:5+5,in-domain,1,1,MotionSense,0.7509765625,0.7511870054082849,val
tfc,cnnpff,device:RealWorld_thigh+MotionSense:5+5,in-domain,1,2,RealWorld_thigh,0.5798611111111112,0.5648847558086554,val
tfc,cnnpff,device:RealWorld_thigh+MotionSense:5+5,in-domain,1,2,MotionSense,0.630859375,0.6249075125702609,val
tfc,cnnpff,device:RealWorld_thigh+MotionSense:5+5,in-domain,1,3,RealWorld_thigh,0.6743055555555556,0.6706312185113953,val
tfc,cnnpff,device:RealWorld_thigh+MotionSense:5+5,in-domain,1,3,MotionSense,0.703125,0.6834185769011274,val
tfc,cnnpff,device:RealWorld_thigh+MotionSense:5+5,in-domain,2,0,RealWorld_thigh,0.6503472222222222,0.6513615930984685,val
tfc,cnnpff,device:RealWorld_thigh+MotionSense:5+5,in-domain,2,0,MotionSense,0.80078125,0.7955896893433242,val
tfc,cnnpff,device:RealWorld_thigh+MotionSense:5+5,in-domain,2,1,RealWorld_thigh,0.61875,0.6168007482935874,val
tfc,cnnpff,device:RealWorld_thigh+MotionSense:5+5,in-domain,2,1,MotionSense,0.7666015625,0.7630803914772396,val
tfc,cnnpff,device:RealWorld_thigh+MotionSense:5+5,in-domain,2,2,RealWorld_thigh,0.6020833333333333,0.5965086865855144,val
tfc,cnnpff,device:RealWorld_thigh+MotionSense:5+5,in-domain,2,2,MotionSense,0.658203125,0.6525918078610989,val
tfc,cnnpff,device:RealWorld_thigh+MotionSense:5+5,in-domain,2,3,RealWorld_thigh,0.6038194444444445,0.61294447326877,val
tfc,cnnpff,device:RealWorld_thigh+MotionSense:5+5,in-domain,2,3,MotionSense,0.6748046875,0.67373051282796,val
tfc,cnnpff,device:RealWorld_thigh+MotionSense:5+5,in-domain,5,0,RealWorld_thigh,0.6871527777777777,0.687631530704436,val
tfc,cnnpff,device:RealWorld_thigh+MotionSense:5+5,in-domain,5,0,MotionSense,0.8447265625,0.8426935998144072,val
tfc,cnnpff,device:RealWorld_thigh+MotionSense:5+5,in-domain,5,1,RealWorld_thigh,0.6861111111111111,0.6847853577580736,val
tfc,cnnpff,device:RealWorld_thigh+MotionSense:5+5,in-domain,5,1,MotionSense,0.8203125,0.8164438257716151,val
tfc,cnnpff,device:RealWorld_thigh+MotionSense:5+5,in-domain,5,2,RealWorld_thigh,0.6694444444444444,0.6638045134181065,val
tfc,cnnpff,device:RealWorld_thigh+MotionSense:5+5,in-domain,5,2,MotionSense,0.720703125,0.7197006098119413,val
tfc,cnnpff,device:RealWorld_thigh+MotionSense:5+5,in-domain,5,3,RealWorld_thigh,0.6177083333333333,0.6204956460259486,val
tfc,cnnpff,device:RealWorld_thigh+MotionSense:5+5,in-domain,5,3,MotionSense,0.6953125,0.6873398664997091,val
tfc,cnnpff,device:RealWorld_thigh+MotionSense:5+5,in-domain,full,0,RealWorld_thigh,0.6958333333333333,0.7017415229806518,val
tfc,cnnpff,device:RealWorld_thigh+MotionSense:5+5,in-domain,full,0,MotionSense,0.8828125,0.8778317842749043,val
tfc,cnnpff,device:RealWorld_thigh+MotionSense:5+5,in-domain,full,1,RealWorld_thigh,0.6753472222222222,0.6815636352542763,val
tfc,cnnpff,device:RealWorld_thigh+MotionSense:5+5,in-domain,full,1,MotionSense,0.8623046875,0.8628093910991805,val
tfc,cnnpff,device:RealWorld_thigh+MotionSense:5+5,in-domain,full,2,RealWorld_thigh,0.6784722222222223,0.6804342835557335,val
tfc,cnnpff,device:RealWorld_thigh+MotionSense:5+5,in-domain,full,2,MotionSense,0.7568359375,0.7458903422953772,val
tfc,cnnpff,device:RealWorld_thigh+MotionSense:5+5,in-domain,full,3,RealWorld_thigh,0.7086805555555555,0.7115424991129907,val
tfc,cnnpff,device:RealWorld_thigh+MotionSense:5+5,in-domain,full,3,MotionSense,0.763671875,0.7537665168802171,val
tfc,cnnpff,device:RealWorld_thigh:10,in-domain,10,0,RealWorld_thigh,0.7177083333333333,0.7205428959163305,val
tfc,cnnpff,device:RealWorld_thigh:10,in-domain,10,1,RealWorld_thigh,0.6868055555555556,0.6901569845216385,val
tfc,cnnpff,device:RealWorld_thigh:10,in-domain,10,2,RealWorld_thigh,0.7690972222222222,0.7673922133226734,val
tfc,cnnpff,device:RealWorld_thigh:10,in-domain,10,3,RealWorld_thigh,0.6777777777777778,0.6815782644494214,val
tfc,cnnpff,device:RealWorld_thigh:10,in-domain,1,0,RealWorld_thigh,0.6652777777777777,0.6611803915808964,val
tfc,cnnpff,device:RealWorld_thigh:10,in-domain,1,1,RealWorld_thigh,0.6704861111111111,0.6654574823888347,val
tfc,cnnpff,device:RealWorld_thigh:10,in-domain,1,2,RealWorld_thigh,0.6475694444444444,0.6292414410140621,val
tfc,cnnpff,device:RealWorld_thigh:10,in-domain,1,3,RealWorld_thigh,0.6454861111111111,0.6350349252639885,val
tfc,cnnpff,device:RealWorld_thigh:10,in-domain,2,0,RealWorld_thigh,0.6902777777777778,0.6840151215680906,val
tfc,cnnpff,device:RealWorld_thigh:10,in-domain,2,1,RealWorld_thigh,0.6875,0.6852213891134912,val
tfc,cnnpff,device:RealWorld_thigh:10,in-domain,2,2,RealWorld_thigh,0.7392361111111111,0.7400680404997066,val
tfc,cnnpff,device:RealWorld_thigh:10,in-domain,2,3,RealWorld_thigh,0.6694444444444444,0.6744043328993121,val
tfc,cnnpff,device:RealWorld_thigh:10,in-domain,5,0,RealWorld_thigh,0.7104166666666667,0.7130820888988096,val
tfc,cnnpff,device:RealWorld_thigh:10,in-domain,5,1,RealWorld_thigh,0.6986111111111111,0.6957928644443396,val
tfc,cnnpff,device:RealWorld_thigh:10,in-domain,5,2,RealWorld_thigh,0.7805555555555556,0.7794550514881756,val
tfc,cnnpff,device:RealWorld_thigh:10,in-domain,5,3,RealWorld_thigh,0.7163194444444444,0.7147403794279454,val
tfc,cnnpff,device:RealWorld_thigh:10,in-domain,full,0,RealWorld_thigh,0.7482638888888888,0.7474375425440892,val
tfc,cnnpff,device:RealWorld_thigh:10,in-domain,full,1,RealWorld_thigh,0.6944444444444444,0.6956650376211259,val
tfc,cnnpff,device:RealWorld_thigh:10,in-domain,full,2,RealWorld_thigh,0.7798611111111111,0.778568337156945,val
tfc,cnnpff,device:RealWorld_thigh:10,in-domain,full,3,RealWorld_thigh,0.7559027777777778,0.7562996407410904,val
tfc,resnetse5,device:MotionSense:10,in-domain,10,0,MotionSense,0.8740234375,0.8725250530751122,val
tfc,resnetse5,device:MotionSense:10,in-domain,10,1,MotionSense,0.8544921875,0.8512768253397723,val
tfc,resnetse5,device:MotionSense:10,in-domain,10,2,MotionSense,0.89453125,0.8927479853160043,val
tfc,resnetse5,device:MotionSense:10,in-domain,10,3,MotionSense,0.890625,0.8891959736314791,val
tfc,resnetse5,device:MotionSense:10,in-domain,1,0,MotionSense,0.7392578125,0.7370296270863431,val
tfc,resnetse5,device:MotionSense:10,in-domain,1,1,MotionSense,0.720703125,0.7176570817574378,val
tfc,resnetse5,device:MotionSense:10,in-domain,1,2,MotionSense,0.748046875,0.7446440925225808,val
tfc,resnetse5,device:MotionSense:10,in-domain,1,3,MotionSense,0.7529296875,0.7490060505690006,val
tfc,resnetse5,device:MotionSense:10,in-domain,2,0,MotionSense,0.8388671875,0.8383247869630129,val
tfc,resnetse5,device:MotionSense:10,in-domain,2,1,MotionSense,0.7587890625,0.7559570496613582,val
tfc,resnetse5,device:MotionSense:10,in-domain,2,2,MotionSense,0.849609375,0.8484809261614413,val
tfc,resnetse5,device:MotionSense:10,in-domain,2,3,MotionSense,0.876953125,0.8752147776184022,val
tfc,resnetse5,device:MotionSense:10,in-domain,5,0,MotionSense,0.8642578125,0.8624534189583231,val
tfc,resnetse5,device:MotionSense:10,in-domain,5,1,MotionSense,0.865234375,0.8616087579491714,val
tfc,resnetse5,device:MotionSense:10,in-domain,5,2,MotionSense,0.8564453125,0.8545522921030595,val
tfc,resnetse5,device:MotionSense:10,in-domain,5,3,MotionSense,0.8916015625,0.8881295532478221,val
tfc,resnetse5,device:MotionSense:10,in-domain,full,0,MotionSense,0.888671875,0.8864516663184657,val
tfc,resnetse5,device:MotionSense:10,in-domain,full,1,MotionSense,0.90234375,0.899573987044683,val
tfc,resnetse5,device:MotionSense:10,in-domain,full,2,MotionSense,0.912109375,0.9112495975107594,val
tfc,resnetse5,device:MotionSense:10,in-domain,full,3,MotionSense,0.9111328125,0.9090509417467464,val
tfc,resnetse5,device:RealWorld_thigh+MotionSense:10+10,in-domain,10,0,RealWorld_thigh,0.728125,0.726867086447195,val
tfc,resnetse5,device:RealWorld_thigh+MotionSense:10+10,in-domain,10,0,MotionSense,0.8876953125,0.8861651518084598,val
tfc,resnetse5,device:RealWorld_thigh+MotionSense:10+10,in-domain,10,1,RealWorld_thigh,0.7333333333333333,0.7365694447594399,val
tfc,resnetse5,device:RealWorld_thigh+MotionSense:10+10,in-domain,10,1,MotionSense,0.8388671875,0.8382578311823462,val
tfc,resnetse5,device:RealWorld_thigh+MotionSense:10+10,in-domain,10,2,RealWorld_thigh,0.7920138888888889,0.7944684703879704,val
tfc,resnetse5,device:RealWorld_thigh+MotionSense:10+10,in-domain,10,2,MotionSense,0.8662109375,0.8640725243498504,val
tfc,resnetse5,device:RealWorld_thigh+MotionSense:10+10,in-domain,10,3,RealWorld_thigh,0.6690972222222222,0.675091111620524,val
tfc,resnetse5,device:RealWorld_thigh+MotionSense:10+10,in-domain,10,3,MotionSense,0.8486328125,0.8456779457132514,val
tfc,resnetse5,device:RealWorld_thigh+MotionSense:10+10,in-domain,1,0,RealWorld_thigh,0.6454861111111111,0.6434933253409163,val
tfc,resnetse5,device:RealWorld_thigh+MotionSense:10+10,in-domain,1,0,MotionSense,0.8046875,0.8053151763734684,val
tfc,resnetse5,device:RealWorld_thigh+MotionSense:10+10,in-domain,1,1,RealWorld_thigh,0.6635416666666667,0.6617638593711145,val
tfc,resnetse5,device:RealWorld_thigh+MotionSense:10+10,in-domain,1,1,MotionSense,0.79296875,0.7899105914090275,val
tfc,resnetse5,device:RealWorld_thigh+MotionSense:10+10,in-domain,1,2,RealWorld_thigh,0.6496527777777777,0.6369050798593909,val
tfc,resnetse5,device:RealWorld_thigh+MotionSense:10+10,in-domain,1,2,MotionSense,0.734375,0.7244021984711342,val
tfc,resnetse5,device:RealWorld_thigh+MotionSense:10+10,in-domain,1,3,RealWorld_thigh,0.6263888888888889,0.6308826620667881,val
tfc,resnetse5,device:RealWorld_thigh+MotionSense:10+10,in-domain,1,3,MotionSense,0.796875,0.7964193796528704,val
tfc,resnetse5,device:RealWorld_thigh+MotionSense:10+10,in-domain,2,0,RealWorld_thigh,0.6756944444444445,0.6773010890119419,val
tfc,resnetse5,device:RealWorld_thigh+MotionSense:10+10,in-domain,2,0,MotionSense,0.81640625,0.8161765915742093,val
tfc,resnetse5,device:RealWorld_thigh+MotionSense:10+10,in-domain,2,1,RealWorld_thigh,0.7142361111111111,0.7101013103819142,val
tfc,resnetse5,device:RealWorld_thigh+MotionSense:10+10,in-domain,2,1,MotionSense,0.779296875,0.7771769039823629,val
tfc,resnetse5,device:RealWorld_thigh+MotionSense:10+10,in-domain,2,2,RealWorld_thigh,0.6972222222222222,0.6873356130083793,val
tfc,resnetse5,device:RealWorld_thigh+MotionSense:10+10,in-domain,2,2,MotionSense,0.8271484375,0.8247217791439222,val
tfc,resnetse5,device:RealWorld_thigh+MotionSense:10+10,in-domain,2,3,RealWorld_thigh,0.6541666666666667,0.6571772992967407,val
tfc,resnetse5,device:RealWorld_thigh+MotionSense:10+10,in-domain,2,3,MotionSense,0.8095703125,0.8066594704224542,val
tfc,resnetse5,device:RealWorld_thigh+MotionSense:10+10,in-domain,5,0,RealWorld_thigh,0.74375,0.7436401434469456,val
tfc,resnetse5,device:RealWorld_thigh+MotionSense:10+10,in-domain,5,0,MotionSense,0.8896484375,0.8887617411428637,val
tfc,resnetse5,device:RealWorld_thigh+MotionSense:10+10,in-domain,5,1,RealWorld_thigh,0.7170138888888888,0.7200065571006521,val
tfc,resnetse5,device:RealWorld_thigh+MotionSense:10+10,in-domain,5,1,MotionSense,0.8232421875,0.8220006291014315,val
tfc,resnetse5,device:RealWorld_thigh+MotionSense:10+10,in-domain,5,2,RealWorld_thigh,0.7642361111111111,0.7653063945966162,val
tfc,resnetse5,device:RealWorld_thigh+MotionSense:10+10,in-domain,5,2,MotionSense,0.8525390625,0.8508247695722141,val
tfc,resnetse5,device:RealWorld_thigh+MotionSense:10+10,in-domain,5,3,RealWorld_thigh,0.6100694444444444,0.5747519779802347,val
tfc,resnetse5,device:RealWorld_thigh+MotionSense:10+10,in-domain,5,3,MotionSense,0.822265625,0.8167764687464514,val
tfc,resnetse5,device:RealWorld_thigh+MotionSense:10+10,in-domain,full,0,RealWorld_thigh,0.7538194444444445,0.7556374893907645,val
tfc,resnetse5,device:RealWorld_thigh+MotionSense:10+10,in-domain,full,0,MotionSense,0.916015625,0.9165192774029672,val
tfc,resnetse5,device:RealWorld_thigh+MotionSense:10+10,in-domain,full,1,RealWorld_thigh,0.7770833333333333,0.7808246121324429,val
tfc,resnetse5,device:RealWorld_thigh+MotionSense:10+10,in-domain,full,1,MotionSense,0.85546875,0.8547229009643483,val
tfc,resnetse5,device:RealWorld_thigh+MotionSense:10+10,in-domain,full,2,RealWorld_thigh,0.7673611111111112,0.7713283737012041,val
tfc,resnetse5,device:RealWorld_thigh+MotionSense:10+10,in-domain,full,2,MotionSense,0.8701171875,0.8688421485765958,val
tfc,resnetse5,device:RealWorld_thigh+MotionSense:10+10,in-domain,full,3,RealWorld_thigh,0.65625,0.6528163672724517,val
tfc,resnetse5,device:RealWorld_thigh+MotionSense:10+10,in-domain,full,3,MotionSense,0.9169921875,0.91645934519068,val
tfc,resnetse5,device:RealWorld_thigh+MotionSense:5+5,in-domain,10,0,RealWorld_thigh,0.7,0.7021043742506753,val
tfc,resnetse5,device:RealWorld_thigh+MotionSense:5+5,in-domain,10,0,MotionSense,0.853515625,0.8506988699326579,val
tfc,resnetse5,device:RealWorld_thigh+MotionSense:5+5,in-domain,10,1,RealWorld_thigh,0.6694444444444444,0.644698092465174,val
tfc,resnetse5,device:RealWorld_thigh+MotionSense:5+5,in-domain,10,1,MotionSense,0.8388671875,0.8332037345032394,val
tfc,resnetse5,device:RealWorld_thigh+MotionSense:5+5,in-domain,10,2,RealWorld_thigh,0.7125,0.7142928609017911,val
tfc,resnetse5,device:RealWorld_thigh+MotionSense:5+5,in-domain,10,2,MotionSense,0.806640625,0.7918663472622142,val
tfc,resnetse5,device:RealWorld_thigh+MotionSense:5+5,in-domain,10,3,RealWorld_thigh,0.6548611111111111,0.6586968468590463,val
tfc,resnetse5,device:RealWorld_thigh+MotionSense:5+5,in-domain,10,3,MotionSense,0.7783203125,0.7753653163023144,val
tfc,resnetse5,device:RealWorld_thigh+MotionSense:5+5,in-domain,1,0,RealWorld_thigh,0.6038194444444445,0.6007922760824952,val
tfc,resnetse5,device:RealWorld_thigh+MotionSense:5+5,in-domain,1,0,MotionSense,0.765625,0.761372693511313,val
tfc,resnetse5,device:RealWorld_thigh+MotionSense:5+5,in-domain,1,1,RealWorld_thigh,0.5854166666666667,0.5778341410274141,val
tfc,resnetse5,device:RealWorld_thigh+MotionSense:5+5,in-domain,1,1,MotionSense,0.650390625,0.6490056397204512,val
tfc,resnetse5,device:RealWorld_thigh+MotionSense:5+5,in-domain,1,2,RealWorld_thigh,0.5809027777777778,0.5798362346290719,val
tfc,resnetse5,device:RealWorld_thigh+MotionSense:5+5,in-domain,1,2,MotionSense,0.7451171875,0.7445422770082128,val
tfc,resnetse5,device:RealWorld_thigh+MotionSense:5+5,in-domain,1,3,RealWorld_thigh,0.6277777777777778,0.6297033545355211,val
tfc,resnetse5,device:RealWorld_thigh+MotionSense:5+5,in-domain,1,3,MotionSense,0.681640625,0.6772472050331557,val
tfc,resnetse5,device:RealWorld_thigh+MotionSense:5+5,in-domain,2,0,RealWorld_thigh,0.6302083333333334,0.6296177433848055,val
tfc,resnetse5,device:RealWorld_thigh+MotionSense:5+5,in-domain,2,0,MotionSense,0.7626953125,0.760282897740936,val
tfc,resnetse5,device:RealWorld_thigh+MotionSense:5+5,in-domain,2,1,RealWorld_thigh,0.6399305555555556,0.6309426927471009,val
tfc,resnetse5,device:RealWorld_thigh+MotionSense:5+5,in-domain,2,1,MotionSense,0.6396484375,0.6305921665146594,val
tfc,resnetse5,device:RealWorld_thigh+MotionSense:5+5,in-domain,2,2,RealWorld_thigh,0.6975694444444445,0.698769250469434,val
tfc,resnetse5,device:RealWorld_thigh+MotionSense:5+5,in-domain,2,2,MotionSense,0.740234375,0.7359953352099624,val
tfc,resnetse5,device:RealWorld_thigh+MotionSense:5+5,in-domain,2,3,RealWorld_thigh,0.6416666666666667,0.641320275573433,val
tfc,resnetse5,device:RealWorld_thigh+MotionSense:5+5,in-domain,2,3,MotionSense,0.669921875,0.6681495119275359,val
tfc,resnetse5,device:RealWorld_thigh+MotionSense:5+5,in-domain,5,0,RealWorld_thigh,0.6607638888888889,0.6625360961441925,val
tfc,resnetse5,device:RealWorld_thigh+MotionSense:5+5,in-domain,5,0,MotionSense,0.8212890625,0.8195097699583811,val
tfc,resnetse5,device:RealWorld_thigh+MotionSense:5+5,in-domain,5,1,RealWorld_thigh,0.6527777777777778,0.6555707505233135,val
tfc,resnetse5,device:RealWorld_thigh+MotionSense:5+5,in-domain,5,1,MotionSense,0.7509765625,0.7484898909380262,val
tfc,resnetse5,device:RealWorld_thigh+MotionSense:5+5,in-domain,5,2,RealWorld_thigh,0.6954861111111111,0.694840327872416,val
tfc,resnetse5,device:RealWorld_thigh+MotionSense:5+5,in-domain,5,2,MotionSense,0.8125,0.8072746131392075,val
tfc,resnetse5,device:RealWorld_thigh+MotionSense:5+5,in-domain,5,3,RealWorld_thigh,0.6986111111111111,0.6965711892428814,val
tfc,resnetse5,device:RealWorld_thigh+MotionSense:5+5,in-domain,5,3,MotionSense,0.771484375,0.7686287864672949,val
tfc,resnetse5,device:RealWorld_thigh+MotionSense:5+5,in-domain,full,0,RealWorld_thigh,0.6763888888888889,0.6815794084400671,val
tfc,resnetse5,device:RealWorld_thigh+MotionSense:5+5,in-domain,full,0,MotionSense,0.8134765625,0.8028466564748453,val
tfc,resnetse5,device:RealWorld_thigh+MotionSense:5+5,in-domain,full,1,RealWorld_thigh,0.6684027777777778,0.6526875057665552,val
tfc,resnetse5,device:RealWorld_thigh+MotionSense:5+5,in-domain,full,1,MotionSense,0.8271484375,0.8246825455985526,val
tfc,resnetse5,device:RealWorld_thigh+MotionSense:5+5,in-domain,full,2,RealWorld_thigh,0.7114583333333333,0.7131959512910101,val
tfc,resnetse5,device:RealWorld_thigh+MotionSense:5+5,in-domain,full,2,MotionSense,0.84375,0.8362597905561514,val
tfc,resnetse5,device:RealWorld_thigh+MotionSense:5+5,in-domain,full,3,RealWorld_thigh,0.7069444444444445,0.7046551402612634,val
tfc,resnetse5,device:RealWorld_thigh+MotionSense:5+5,in-domain,full,3,MotionSense,0.8408203125,0.8382481884266495,val
tfc,resnetse5,device:RealWorld_thigh:10,in-domain,10,0,RealWorld_thigh,0.7427083333333333,0.7401993725783407,val
tfc,resnetse5,device:RealWorld_thigh:10,in-domain,10,1,RealWorld_thigh,0.6236111111111111,0.6123574581444845,val
tfc,resnetse5,device:RealWorld_thigh:10,in-domain,10,2,RealWorld_thigh,0.7076388888888889,0.7011031915904978,val
tfc,resnetse5,device:RealWorld_thigh:10,in-domain,10,3,RealWorld_thigh,0.7722222222222223,0.7744128780201164,val
tfc,resnetse5,device:RealWorld_thigh:10,in-domain,1,0,RealWorld_thigh,0.6690972222222222,0.6684183563667841,val
tfc,resnetse5,device:RealWorld_thigh:10,in-domain,1,1,RealWorld_thigh,0.6576388888888889,0.6577046978222545,val
tfc,resnetse5,device:RealWorld_thigh:10,in-domain,1,2,RealWorld_thigh,0.5951388888888889,0.6012721633684119,val
tfc,resnetse5,device:RealWorld_thigh:10,in-domain,1,3,RealWorld_thigh,0.5857638888888889,0.5681347443214281,val
tfc,resnetse5,device:RealWorld_thigh:10,in-domain,2,0,RealWorld_thigh,0.6628472222222223,0.6660234100095815,val
tfc,resnetse5,device:RealWorld_thigh:10,in-domain,2,1,RealWorld_thigh,0.5631944444444444,0.5340701663959803,val
tfc,resnetse5,device:RealWorld_thigh:10,in-domain,2,2,RealWorld_thigh,0.6329861111111111,0.6348369352181081,val
tfc,resnetse5,device:RealWorld_thigh:10,in-domain,2,3,RealWorld_thigh,0.6423611111111112,0.6448465950413304,val
tfc,resnetse5,device:RealWorld_thigh:10,in-domain,5,0,RealWorld_thigh,0.5496527777777778,0.5252446194332879,val
tfc,resnetse5,device:RealWorld_thigh:10,in-domain,5,1,RealWorld_thigh,0.6142361111111111,0.5981654858629106,val
tfc,resnetse5,device:RealWorld_thigh:10,in-domain,5,2,RealWorld_thigh,0.7503472222222223,0.750443750172265,val
tfc,resnetse5,device:RealWorld_thigh:10,in-domain,5,3,RealWorld_thigh,0.6892361111111112,0.6857402937893639,val
tfc,resnetse5,device:RealWorld_thigh:10,in-domain,full,0,RealWorld_thigh,0.7645833333333333,0.7669323887160865,val
tfc,resnetse5,device:RealWorld_thigh:10,in-domain,full,1,RealWorld_thigh,0.6180555555555556,0.608411615597166,val
tfc,resnetse5,device:RealWorld_thigh:10,in-domain,full,2,RealWorld_thigh,0.7090277777777778,0.7027091138367645,val
tfc,resnetse5,device:RealWorld_thigh:10,in-domain,full,3,RealWorld_thigh,0.6989583333333333,0.6549662380272291,val
tfc,rnn,device:MotionSense:10,in-domain,10,0,MotionSense,0.9169921875,0.9164618724955816,val
tfc,rnn,device:MotionSense:10,in-domain,10,1,MotionSense,0.8984375,0.8975512467287508,val
tfc,rnn,device:MotionSense:10,in-domain,10,2,MotionSense,0.9013671875,0.8996614473202706,val
tfc,rnn,device:MotionSense:10,in-domain,10,3,MotionSense,0.8916015625,0.8920961615776889,val
tfc,rnn,device:MotionSense:10,in-domain,1,0,MotionSense,0.8017578125,0.7987171277056621,val
tfc,rnn,device:MotionSense:10,in-domain,1,1,MotionSense,0.857421875,0.8571862967098851,val
tfc,rnn,device:MotionSense:10,in-domain,1,2,MotionSense,0.8466796875,0.8450663370678014,val
tfc,rnn,device:MotionSense:10,in-domain,1,3,MotionSense,0.7724609375,0.7707195024806582,val
tfc,rnn,device:MotionSense:10,in-domain,2,0,MotionSense,0.85546875,0.8557085187256445,val
tfc,rnn,device:MotionSense:10,in-domain,2,1,MotionSense,0.875,0.8750528888671051,val
tfc,rnn,device:MotionSense:10,in-domain,2,2,MotionSense,0.861328125,0.8597299696425594,val
tfc,rnn,device:MotionSense:10,in-domain,2,3,MotionSense,0.8359375,0.832727365692714,val
tfc,rnn,device:MotionSense:10,in-domain,5,0,MotionSense,0.88671875,0.8864521724197919,val
tfc,rnn,device:MotionSense:10,in-domain,5,1,MotionSense,0.8740234375,0.8730542448178805,val
tfc,rnn,device:MotionSense:10,in-domain,5,2,MotionSense,0.8837890625,0.8829832231967693,val
tfc,rnn,device:MotionSense:10,in-domain,5,3,MotionSense,0.8828125,0.881928927805102,val
tfc,rnn,device:MotionSense:10,in-domain,full,0,MotionSense,0.9091796875,0.90795386386174,val
tfc,rnn,device:MotionSense:10,in-domain,full,1,MotionSense,0.9111328125,0.9103705902864694,val
tfc,rnn,device:MotionSense:10,in-domain,full,2,MotionSense,0.89453125,0.8939922056785726,val
tfc,rnn,device:MotionSense:10,in-domain,full,3,MotionSense,0.9052734375,0.905297788926832,val
tfc,rnn,device:RealWorld_thigh+MotionSense:10+10,in-domain,10,0,RealWorld_thigh,0.740625,0.7396790499467406,val
tfc,rnn,device:RealWorld_thigh+MotionSense:10+10,in-domain,10,0,MotionSense,0.8974609375,0.8951714997132969,val
tfc,rnn,device:RealWorld_thigh+MotionSense:10+10,in-domain,10,1,RealWorld_thigh,0.7322916666666667,0.7323086516902109,val
tfc,rnn,device:RealWorld_thigh+MotionSense:10+10,in-domain,10,1,MotionSense,0.869140625,0.8653824619103555,val
tfc,rnn,device:RealWorld_thigh+MotionSense:10+10,in-domain,10,2,RealWorld_thigh,0.7302083333333333,0.7276745687962762,val
tfc,rnn,device:RealWorld_thigh+MotionSense:10+10,in-domain,10,2,MotionSense,0.8857421875,0.8834794907348198,val
tfc,rnn,device:RealWorld_thigh+MotionSense:10+10,in-domain,10,3,RealWorld_thigh,0.7670138888888889,0.7677074532300717,val
tfc,rnn,device:RealWorld_thigh+MotionSense:10+10,in-domain,10,3,MotionSense,0.8798828125,0.8789614769307338,val
tfc,rnn,device:RealWorld_thigh+MotionSense:10+10,in-domain,1,0,RealWorld_thigh,0.6520833333333333,0.656262479195422,val
tfc,rnn,device:RealWorld_thigh+MotionSense:10+10,in-domain,1,0,MotionSense,0.8037109375,0.8034198161502015,val
tfc,rnn,device:RealWorld_thigh+MotionSense:10+10,in-domain,1,1,RealWorld_thigh,0.6194444444444445,0.6125639506384293,val
tfc,rnn,device:RealWorld_thigh+MotionSense:10+10,in-domain,1,1,MotionSense,0.7802734375,0.7774787311048952,val
tfc,rnn,device:RealWorld_thigh+MotionSense:10+10,in-domain,1,2,RealWorld_thigh,0.6326388888888889,0.6275726033972537,val
tfc,rnn,device:RealWorld_thigh+MotionSense:10+10,in-domain,1,2,MotionSense,0.8056640625,0.804262641350749,val
tfc,rnn,device:RealWorld_thigh+MotionSense:10+10,in-domain,1,3,RealWorld_thigh,0.6447916666666667,0.642899681797649,val
tfc,rnn,device:RealWorld_thigh+MotionSense:10+10,in-domain,1,3,MotionSense,0.7900390625,0.786029767067141,val
tfc,rnn,device:RealWorld_thigh+MotionSense:10+10,in-domain,2,0,RealWorld_thigh,0.66875,0.6689173919320431,val
tfc,rnn,device:RealWorld_thigh+MotionSense:10+10,in-domain,2,0,MotionSense,0.8720703125,0.8696355027077939,val
tfc,rnn,device:RealWorld_thigh+MotionSense:10+10,in-domain,2,1,RealWorld_thigh,0.6881944444444444,0.6865573402451787,val
tfc,rnn,device:RealWorld_thigh+MotionSense:10+10,in-domain,2,1,MotionSense,0.8154296875,0.8117185631807514,val
tfc,rnn,device:RealWorld_thigh+MotionSense:10+10,in-domain,2,2,RealWorld_thigh,0.6881944444444444,0.6832398962412508,val
tfc,rnn,device:RealWorld_thigh+MotionSense:10+10,in-domain,2,2,MotionSense,0.86328125,0.8622613395463236,val
tfc,rnn,device:RealWorld_thigh+MotionSense:10+10,in-domain,2,3,RealWorld_thigh,0.6972222222222222,0.6975515797749753,val
tfc,rnn,device:RealWorld_thigh+MotionSense:10+10,in-domain,2,3,MotionSense,0.8310546875,0.8267635272813164,val
tfc,rnn,device:RealWorld_thigh+MotionSense:10+10,in-domain,5,0,RealWorld_thigh,0.7118055555555556,0.7119870304737419,val
tfc,rnn,device:RealWorld_thigh+MotionSense:10+10,in-domain,5,0,MotionSense,0.8759765625,0.8718088760864274,val
tfc,rnn,device:RealWorld_thigh+MotionSense:10+10,in-domain,5,1,RealWorld_thigh,0.7340277777777777,0.7320678810266396,val
tfc,rnn,device:RealWorld_thigh+MotionSense:10+10,in-domain,5,1,MotionSense,0.8486328125,0.844463292096648,val
tfc,rnn,device:RealWorld_thigh+MotionSense:10+10,in-domain,5,2,RealWorld_thigh,0.7052083333333333,0.7025857716832666,val
tfc,rnn,device:RealWorld_thigh+MotionSense:10+10,in-domain,5,2,MotionSense,0.8759765625,0.8745058134865872,val
tfc,rnn,device:RealWorld_thigh+MotionSense:10+10,in-domain,5,3,RealWorld_thigh,0.7420138888888889,0.7413964499430566,val
tfc,rnn,device:RealWorld_thigh+MotionSense:10+10,in-domain,5,3,MotionSense,0.8544921875,0.8521765448934152,val
tfc,rnn,device:RealWorld_thigh+MotionSense:10+10,in-domain,full,0,RealWorld_thigh,0.7680555555555556,0.7692061435574139,val
tfc,rnn,device:RealWorld_thigh+MotionSense:10+10,in-domain,full,0,MotionSense,0.9111328125,0.9094839229906282,val
tfc,rnn,device:RealWorld_thigh+MotionSense:10+10,in-domain,full,1,RealWorld_thigh,0.7489583333333333,0.749300857837586,val
tfc,rnn,device:RealWorld_thigh+MotionSense:10+10,in-domain,full,1,MotionSense,0.8759765625,0.8722673704803956,val
tfc,rnn,device:RealWorld_thigh+MotionSense:10+10,in-domain,full,2,RealWorld_thigh,0.7881944444444444,0.7889567954466093,val
tfc,rnn,device:RealWorld_thigh+MotionSense:10+10,in-domain,full,2,MotionSense,0.90625,0.90452354804993,val
tfc,rnn,device:RealWorld_thigh+MotionSense:10+10,in-domain,full,3,RealWorld_thigh,0.8010416666666667,0.8021267921476317,val
tfc,rnn,device:RealWorld_thigh+MotionSense:10+10,in-domain,full,3,MotionSense,0.900390625,0.8997245565238546,val
tfc,rnn,device:RealWorld_thigh+MotionSense:5+5,in-domain,10,0,RealWorld_thigh,0.6920138888888889,0.6800879871308827,val
tfc,rnn,device:RealWorld_thigh+MotionSense:5+5,in-domain,10,0,MotionSense,0.779296875,0.7634023918741351,val
tfc,rnn,device:RealWorld_thigh+MotionSense:5+5,in-domain,10,1,RealWorld_thigh,0.6947916666666667,0.6910504130644655,val
tfc,rnn,device:RealWorld_thigh+MotionSense:5+5,in-domain,10,1,MotionSense,0.8330078125,0.8289347049485914,val
tfc,rnn,device:RealWorld_thigh+MotionSense:5+5,in-domain,10,2,RealWorld_thigh,0.7097222222222223,0.7081418928945987,val
tfc,rnn,device:RealWorld_thigh+MotionSense:5+5,in-domain,10,2,MotionSense,0.8642578125,0.8629008431431942,val
tfc,rnn,device:RealWorld_thigh+MotionSense:5+5,in-domain,10,3,RealWorld_thigh,0.7166666666666667,0.7158945473021473,val
tfc,rnn,device:RealWorld_thigh+MotionSense:5+5,in-domain,10,3,MotionSense,0.8447265625,0.8376014251506861,val
tfc,rnn,device:RealWorld_thigh+MotionSense:5+5,in-domain,1,0,RealWorld_thigh,0.6090277777777777,0.5965745651624375,val
tfc,rnn,device:RealWorld_thigh+MotionSense:5+5,in-domain,1,0,MotionSense,0.7548828125,0.7516620415866591,val
tfc,rnn,device:RealWorld_thigh+MotionSense:5+5,in-domain,1,1,RealWorld_thigh,0.5927083333333333,0.5951903614292453,val
tfc,rnn,device:RealWorld_thigh+MotionSense:5+5,in-domain,1,1,MotionSense,0.7294921875,0.725422089713608,val
tfc,rnn,device:RealWorld_thigh+MotionSense:5+5,in-domain,1,2,RealWorld_thigh,0.5899305555555555,0.5939042726857264,val
tfc,rnn,device:RealWorld_thigh+MotionSense:5+5,in-domain,1,2,MotionSense,0.7080078125,0.7096338410166313,val
tfc,rnn,device:RealWorld_thigh+MotionSense:5+5,in-domain,1,3,RealWorld_thigh,0.6368055555555555,0.63185906722405,val
tfc,rnn,device:RealWorld_thigh+MotionSense:5+5,in-domain,1,3,MotionSense,0.80078125,0.7965688033988454,val
tfc,rnn,device:RealWorld_thigh+MotionSense:5+5,in-domain,2,0,RealWorld_thigh,0.6045138888888889,0.5894748629802725,val
tfc,rnn,device:RealWorld_thigh+MotionSense:5+5,in-domain,2,0,MotionSense,0.7744140625,0.7666199032277371,val
tfc,rnn,device:RealWorld_thigh+MotionSense:5+5,in-domain,2,1,RealWorld_thigh,0.6,0.5970501607558335,val
tfc,rnn,device:RealWorld_thigh+MotionSense:5+5,in-domain,2,1,MotionSense,0.76953125,0.7529395702094265,val
tfc,rnn,device:RealWorld_thigh+MotionSense:5+5,in-domain,2,2,RealWorld_thigh,0.6152777777777778,0.616538074511969,val
tfc,rnn,device:RealWorld_thigh+MotionSense:5+5,in-domain,2,2,MotionSense,0.7392578125,0.7377068141292247,val
tfc,rnn,device:RealWorld_thigh+MotionSense:5+5,in-domain,2,3,RealWorld_thigh,0.6586805555555556,0.652912916954172,val
tfc,rnn,device:RealWorld_thigh+MotionSense:5+5,in-domain,2,3,MotionSense,0.8095703125,0.8046489076204663,val
tfc,rnn,device:RealWorld_thigh+MotionSense:5+5,in-domain,5,0,RealWorld_thigh,0.6767361111111111,0.6618582664598157,val
tfc,rnn,device:RealWorld_thigh+MotionSense:5+5,in-domain,5,0,MotionSense,0.8134765625,0.801575052251778,val
tfc,rnn,device:RealWorld_thigh+MotionSense:5+5,in-domain,5,1,RealWorld_thigh,0.6725694444444444,0.6714097870201425,val
tfc,rnn,device:RealWorld_thigh+MotionSense:5+5,in-domain,5,1,MotionSense,0.8232421875,0.8215662104506043,val
tfc,rnn,device:RealWorld_thigh+MotionSense:5+5,in-domain,5,2,RealWorld_thigh,0.6805555555555556,0.6770573137412926,val
tfc,rnn,device:RealWorld_thigh+MotionSense:5+5,in-domain,5,2,MotionSense,0.8330078125,0.8288094423680686,val
tfc,rnn,device:RealWorld_thigh+MotionSense:5+5,in-domain,5,3,RealWorld_thigh,0.6586805555555556,0.6641760419072955,val
tfc,rnn,device:RealWorld_thigh+MotionSense:5+5,in-domain,5,3,MotionSense,0.8203125,0.8183390512100809,val
tfc,rnn,device:RealWorld_thigh+MotionSense:5+5,in-domain,full,0,RealWorld_thigh,0.6541666666666667,0.6341508954721656,val
tfc,rnn,device:RealWorld_thigh+MotionSense:5+5,in-domain,full,0,MotionSense,0.7880859375,0.7763467710925007,val
tfc,rnn,device:RealWorld_thigh+MotionSense:5+5,in-domain,full,1,RealWorld_thigh,0.7003472222222222,0.6952124548454716,val
tfc,rnn,device:RealWorld_thigh+MotionSense:5+5,in-domain,full,1,MotionSense,0.8583984375,0.8559159636157729,val
tfc,rnn,device:RealWorld_thigh+MotionSense:5+5,in-domain,full,2,RealWorld_thigh,0.7510416666666667,0.7501314012694454,val
tfc,rnn,device:RealWorld_thigh+MotionSense:5+5,in-domain,full,2,MotionSense,0.880859375,0.8793304103238776,val
tfc,rnn,device:RealWorld_thigh+MotionSense:5+5,in-domain,full,3,RealWorld_thigh,0.7041666666666667,0.699031311502012,val
tfc,rnn,device:RealWorld_thigh+MotionSense:5+5,in-domain,full,3,MotionSense,0.8623046875,0.8569449754905442,val
tfc,rnn,device:RealWorld_thigh:10,in-domain,10,0,RealWorld_thigh,0.75,0.7539600055419116,val
tfc,rnn,device:RealWorld_thigh:10,in-domain,10,1,RealWorld_thigh,0.765625,0.767645429187625,val
tfc,rnn,device:RealWorld_thigh:10,in-domain,10,2,RealWorld_thigh,0.7173611111111111,0.7211843971582227,val
tfc,rnn,device:RealWorld_thigh:10,in-domain,10,3,RealWorld_thigh,0.7489583333333333,0.7525330405591043,val
tfc,rnn,device:RealWorld_thigh:10,in-domain,1,0,RealWorld_thigh,0.5586805555555555,0.5276719795310713,val
tfc,rnn,device:RealWorld_thigh:10,in-domain,1,1,RealWorld_thigh,0.621875,0.6122193533139261,val
tfc,rnn,device:RealWorld_thigh:10,in-domain,1,2,RealWorld_thigh,0.6145833333333334,0.6109021063463929,val
tfc,rnn,device:RealWorld_thigh:10,in-domain,1,3,RealWorld_thigh,0.5822916666666667,0.5810622492479782,val
tfc,rnn,device:RealWorld_thigh:10,in-domain,2,0,RealWorld_thigh,0.7083333333333334,0.7111379711006841,val
tfc,rnn,device:RealWorld_thigh:10,in-domain,2,1,RealWorld_thigh,0.6489583333333333,0.6487259934438371,val
tfc,rnn,device:RealWorld_thigh:10,in-domain,2,2,RealWorld_thigh,0.5993055555555555,0.591658449600439,val
tfc,rnn,device:RealWorld_thigh:10,in-domain,2,3,RealWorld_thigh,0.6517361111111111,0.6518331190774218,val
tfc,rnn,device:RealWorld_thigh:10,in-domain,5,0,RealWorld_thigh,0.7444444444444445,0.7493645960091447,val
tfc,rnn,device:RealWorld_thigh:10,in-domain,5,1,RealWorld_thigh,0.7059027777777778,0.7102210755059781,val
tfc,rnn,device:RealWorld_thigh:10,in-domain,5,2,RealWorld_thigh,0.6131944444444445,0.6026570428286436,val
tfc,rnn,device:RealWorld_thigh:10,in-domain,5,3,RealWorld_thigh,0.7173611111111111,0.7201135098595528,val
tfc,rnn,device:RealWorld_thigh:10,in-domain,full,0,RealWorld_thigh,0.7510416666666667,0.7541974012970861,val
tfc,rnn,device:RealWorld_thigh:10,in-domain,full,1,RealWorld_thigh,0.7753472222222222,0.7796882161240303,val
tfc,rnn,device:RealWorld_thigh:10,in-domain,full,2,RealWorld_thigh,0.7892361111111111,0.7912341042298836,val
tfc,rnn,device:RealWorld_thigh:10,in-domain,full,3,RealWorld_thigh,0.7552083333333334,0.7594315594661197,val
tfc,tstcc,device:MotionSense:10,in-domain,10,0,MotionSense,0.8486328125,0.8486689358109966,val
tfc,tstcc,device:MotionSense:10,in-domain,10,1,MotionSense,0.84375,0.8488538265097999,val
tfc,tstcc,device:MotionSense:10,in-domain,10,2,MotionSense,0.8466796875,0.8479288898653646,val
tfc,tstcc,device:MotionSense:10,in-domain,10,3,MotionSense,0.828125,0.830861926930492,val
tfc,tstcc,device:MotionSense:10,in-domain,1,0,MotionSense,0.8173828125,0.8195322544688762,val
tfc,tstcc,device:MotionSense:10,in-domain,1,1,MotionSense,0.7861328125,0.7848501356461651,val
tfc,tstcc,device:MotionSense:10,in-domain,1,2,MotionSense,0.798828125,0.7964805460014587,val
tfc,tstcc,device:MotionSense:10,in-domain,1,3,MotionSense,0.6943359375,0.6472385528869539,val
tfc,tstcc,device:MotionSense:10,in-domain,2,0,MotionSense,0.84375,0.8471346689792069,val
tfc,tstcc,device:MotionSense:10,in-domain,2,1,MotionSense,0.7998046875,0.8006599096514903,val
tfc,tstcc,device:MotionSense:10,in-domain,2,2,MotionSense,0.826171875,0.8238903855620668,val
tfc,tstcc,device:MotionSense:10,in-domain,2,3,MotionSense,0.837890625,0.8393708672191423,val
tfc,tstcc,device:MotionSense:10,in-domain,5,0,MotionSense,0.86328125,0.8650526367696836,val
tfc,tstcc,device:MotionSense:10,in-domain,5,1,MotionSense,0.7900390625,0.7947679815084999,val
tfc,tstcc,device:MotionSense:10,in-domain,5,2,MotionSense,0.8291015625,0.8271794202242413,val
tfc,tstcc,device:MotionSense:10,in-domain,5,3,MotionSense,0.822265625,0.8238741844962418,val
tfc,tstcc,device:MotionSense:10,in-domain,full,0,MotionSense,0.916015625,0.9166023845091616,val
tfc,tstcc,device:MotionSense:10,in-domain,full,1,MotionSense,0.8818359375,0.8837004783021728,val
tfc,tstcc,device:MotionSense:10,in-domain,full,2,MotionSense,0.873046875,0.8743143795540016,val
tfc,tstcc,device:MotionSense:10,in-domain,full,3,MotionSense,0.88671875,0.8906305483317394,val
tfc,tstcc,device:RealWorld_thigh+MotionSense:10+10,in-domain,10,0,RealWorld_thigh,0.6291666666666667,0.6283881858626393,val
tfc,tstcc,device:RealWorld_thigh+MotionSense:10+10,in-domain,10,0,MotionSense,0.8203125,0.8242566727990873,val
tfc,tstcc,device:RealWorld_thigh+MotionSense:10+10,in-domain,10,1,RealWorld_thigh,0.6118055555555556,0.5871321835371474,val
tfc,tstcc,device:RealWorld_thigh+MotionSense:10+10,in-domain,10,1,MotionSense,0.837890625,0.8350905865130406,val
tfc,tstcc,device:RealWorld_thigh+MotionSense:10+10,in-domain,10,2,RealWorld_thigh,0.6069444444444444,0.6005701751088962,val
tfc,tstcc,device:RealWorld_thigh+MotionSense:10+10,in-domain,10,2,MotionSense,0.8271484375,0.8261255502618613,val
tfc,tstcc,device:RealWorld_thigh+MotionSense:10+10,in-domain,10,3,RealWorld_thigh,0.5565972222222222,0.531511675245297,val
tfc,tstcc,device:RealWorld_thigh+MotionSense:10+10,in-domain,10,3,MotionSense,0.73828125,0.7072121856051442,val
tfc,tstcc,device:RealWorld_thigh+MotionSense:10+10,in-domain,1,0,RealWorld_thigh,0.578125,0.5673094906057151,val
tfc,tstcc,device:RealWorld_thigh+MotionSense:10+10,in-domain,1,0,MotionSense,0.75390625,0.7458846755420243,val
tfc,tstcc,device:RealWorld_thigh+MotionSense:10+10,in-domain,1,1,RealWorld_thigh,0.4847222222222222,0.4288288244348527,val
tfc,tstcc,device:RealWorld_thigh+MotionSense:10+10,in-domain,1,1,MotionSense,0.708984375,0.6536290573814929,val
tfc,tstcc,device:RealWorld_thigh+MotionSense:10+10,in-domain,1,2,RealWorld_thigh,0.5364583333333334,0.5356736318379879,val
tfc,tstcc,device:RealWorld_thigh+MotionSense:10+10,in-domain,1,2,MotionSense,0.716796875,0.6986391733266739,val
tfc,tstcc,device:RealWorld_thigh+MotionSense:10+10,in-domain,1,3,RealWorld_thigh,0.5447916666666667,0.4992169839757054,val
tfc,tstcc,device:RealWorld_thigh+MotionSense:10+10,in-domain,1,3,MotionSense,0.6806640625,0.6277285138441236,val
tfc,tstcc,device:RealWorld_thigh+MotionSense:10+10,in-domain,2,0,RealWorld_thigh,0.5822916666666667,0.5536716456370914,val
tfc,tstcc,device:RealWorld_thigh+MotionSense:10+10,in-domain,2,0,MotionSense,0.7822265625,0.7730883223175505,val
tfc,tstcc,device:RealWorld_thigh+MotionSense:10+10,in-domain,2,1,RealWorld_thigh,0.5503472222222222,0.4963103036940714,val
tfc,tstcc,device:RealWorld_thigh+MotionSense:10+10,in-domain,2,1,MotionSense,0.7431640625,0.6921891143631506,val
tfc,tstcc,device:RealWorld_thigh+MotionSense:10+10,in-domain,2,2,RealWorld_thigh,0.5663194444444445,0.551469538960742,val
tfc,tstcc,device:RealWorld_thigh+MotionSense:10+10,in-domain,2,2,MotionSense,0.787109375,0.780553186330196,val
tfc,tstcc,device:RealWorld_thigh+MotionSense:10+10,in-domain,2,3,RealWorld_thigh,0.5583333333333333,0.5140498039811435,val
tfc,tstcc,device:RealWorld_thigh+MotionSense:10+10,in-domain,2,3,MotionSense,0.6806640625,0.6275895184879473,val
tfc,tstcc,device:RealWorld_thigh+MotionSense:10+10,in-domain,5,0,RealWorld_thigh,0.603125,0.5885660043093723,val
tfc,tstcc,device:RealWorld_thigh+MotionSense:10+10,in-domain,5,0,MotionSense,0.8037109375,0.8008146450379617,val
tfc,tstcc,device:RealWorld_thigh+MotionSense:10+10,in-domain,5,1,RealWorld_thigh,0.6180555555555556,0.6016243342629051,val
tfc,tstcc,device:RealWorld_thigh+MotionSense:10+10,in-domain,5,1,MotionSense,0.83984375,0.8374451368921304,val
tfc,tstcc,device:RealWorld_thigh+MotionSense:10+10,in-domain,5,2,RealWorld_thigh,0.6357638888888889,0.6345817252154444,val
tfc,tstcc,device:RealWorld_thigh+MotionSense:10+10,in-domain,5,2,MotionSense,0.7861328125,0.7805157100870371,val
tfc,tstcc,device:RealWorld_thigh+MotionSense:10+10,in-domain,5,3,RealWorld_thigh,0.5600694444444444,0.5160892041069504,val
tfc,tstcc,device:RealWorld_thigh+MotionSense:10+10,in-domain,5,3,MotionSense,0.6904296875,0.637375955895262,val
tfc,tstcc,device:RealWorld_thigh+MotionSense:10+10,in-domain,full,0,RealWorld_thigh,0.6270833333333333,0.5893138731078561,val
tfc,tstcc,device:RealWorld_thigh+MotionSense:10+10,in-domain,full,0,MotionSense,0.8564453125,0.8577955657457149,val
tfc,tstcc,device:RealWorld_thigh+MotionSense:10+10,in-domain,full,1,RealWorld_thigh,0.6107638888888889,0.5683721973755761,val
tfc,tstcc,device:RealWorld_thigh+MotionSense:10+10,in-domain,full,1,MotionSense,0.869140625,0.8701577597277187,val
tfc,tstcc,device:RealWorld_thigh+MotionSense:10+10,in-domain,full,2,RealWorld_thigh,0.6607638888888889,0.6613583074410024,val
tfc,tstcc,device:RealWorld_thigh+MotionSense:10+10,in-domain,full,2,MotionSense,0.7998046875,0.7973282468930633,val
tfc,tstcc,device:RealWorld_thigh+MotionSense:10+10,in-domain,full,3,RealWorld_thigh,0.6232638888888888,0.5771404382657422,val
tfc,tstcc,device:RealWorld_thigh+MotionSense:10+10,in-domain,full,3,MotionSense,0.732421875,0.688549627582987,val
tfc,tstcc,device:RealWorld_thigh+MotionSense:5+5,in-domain,10,0,RealWorld_thigh,0.6017361111111111,0.5989453614652649,val
tfc,tstcc,device:RealWorld_thigh+MotionSense:5+5,in-domain,10,0,MotionSense,0.8310546875,0.8325027755905131,val
tfc,tstcc,device:RealWorld_thigh+MotionSense:5+5,in-domain,10,1,RealWorld_thigh,0.6041666666666666,0.5561349854681951,val
tfc,tstcc,device:RealWorld_thigh+MotionSense:5+5,in-domain,10,1,MotionSense,0.71875,0.6628407929093553,val
tfc,tstcc,device:RealWorld_thigh+MotionSense:5+5,in-domain,10,2,RealWorld_thigh,0.6211805555555555,0.6228862477733901,val
tfc,tstcc,device:RealWorld_thigh+MotionSense:5+5,in-domain,10,2,MotionSense,0.8056640625,0.8042181605975164,val
tfc,tstcc,device:RealWorld_thigh+MotionSense:5+5,in-domain,10,3,RealWorld_thigh,0.5270833333333333,0.5019579359782348,val
tfc,tstcc,device:RealWorld_thigh+MotionSense:5+5,in-domain,10,3,MotionSense,0.7392578125,0.701604591018353,val
tfc,tstcc,device:RealWorld_thigh+MotionSense:5+5,in-domain,1,0,RealWorld_thigh,0.5788194444444444,0.5838134313320457,val
tfc,tstcc,device:RealWorld_thigh+MotionSense:5+5,in-domain,1,0,MotionSense,0.802734375,0.7993874251065467,val
tfc,tstcc,device:RealWorld_thigh+MotionSense:5+5,in-domain,1,1,RealWorld_thigh,0.5270833333333333,0.5084400424476043,val
tfc,tstcc,device:RealWorld_thigh+MotionSense:5+5,in-domain,1,1,MotionSense,0.7431640625,0.7302736388602322,val
tfc,tstcc,device:RealWorld_thigh+MotionSense:5+5,in-domain,1,2,RealWorld_thigh,0.5256944444444445,0.5193067578273168,val
tfc,tstcc,device:RealWorld_thigh+MotionSense:5+5,in-domain,1,2,MotionSense,0.7373046875,0.7173334852494406,val
tfc,tstcc,device:RealWorld_thigh+MotionSense:5+5,in-domain,1,3,RealWorld_thigh,0.5381944444444444,0.5347157987097634,val
tfc,tstcc,device:RealWorld_thigh+MotionSense:5+5,in-domain,1,3,MotionSense,0.73828125,0.7240437600164916,val
tfc,tstcc,device:RealWorld_thigh+MotionSense:5+5,in-domain,2,0,RealWorld_thigh,0.5753472222222222,0.5519472420309748,val
tfc,tstcc,device:RealWorld_thigh+MotionSense:5+5,in-domain,2,0,MotionSense,0.787109375,0.7763509668696883,val
tfc,tstcc,device:RealWorld_thigh+MotionSense:5+5,in-domain,2,1,RealWorld_thigh,0.4736111111111111,0.4242347301167986,val
tfc,tstcc,device:RealWorld_thigh+MotionSense:5+5,in-domain,2,1,MotionSense,0.6533203125,0.5916818305152381,val
tfc,tstcc,device:RealWorld_thigh+MotionSense:5+5,in-domain,2,2,RealWorld_thigh,0.5635416666666667,0.5568864290375951,val
tfc,tstcc,device:RealWorld_thigh+MotionSense:5+5,in-domain,2,2,MotionSense,0.7900390625,0.7917987786442406,val
tfc,tstcc,device:RealWorld_thigh+MotionSense:5+5,in-domain,2,3,RealWorld_thigh,0.5333333333333333,0.5223184503073367,val
tfc,tstcc,device:RealWorld_thigh+MotionSense:5+5,in-domain,2,3,MotionSense,0.7470703125,0.732454631666184,val
tfc,tstcc,device:RealWorld_thigh+MotionSense:5+5,in-domain,5,0,RealWorld_thigh,0.5993055555555555,0.597603350286268,val
tfc,tstcc,device:RealWorld_thigh+MotionSense:5+5,in-domain,5,0,MotionSense,0.8193359375,0.8199597556769963,val
tfc,tstcc,device:RealWorld_thigh+MotionSense:5+5,in-domain,5,1,RealWorld_thigh,0.5961805555555556,0.5873444739795809,val
tfc,tstcc,device:RealWorld_thigh+MotionSense:5+5,in-domain,5,1,MotionSense,0.7783203125,0.7701188233634609,val
tfc,tstcc,device:RealWorld_thigh+MotionSense:5+5,in-domain,5,2,RealWorld_thigh,0.5666666666666667,0.5551509472349597,val
tfc,tstcc,device:RealWorld_thigh+MotionSense:5+5,in-domain,5,2,MotionSense,0.71484375,0.7178263111549646,val
tfc,tstcc,device:RealWorld_thigh+MotionSense:5+5,in-domain,5,3,RealWorld_thigh,0.4756944444444444,0.4364978697864832,val
tfc,tstcc,device:RealWorld_thigh+MotionSense:5+5,in-domain,5,3,MotionSense,0.763671875,0.7411590069030457,val
tfc,tstcc,device:RealWorld_thigh+MotionSense:5+5,in-domain,full,0,RealWorld_thigh,0.6329861111111111,0.6248396836426232,val
tfc,tstcc,device:RealWorld_thigh+MotionSense:5+5,in-domain,full,0,MotionSense,0.80859375,0.8067837849951603,val
tfc,tstcc,device:RealWorld_thigh+MotionSense:5+5,in-domain,full,1,RealWorld_thigh,0.6253472222222223,0.6270738204995264,val
tfc,tstcc,device:RealWorld_thigh+MotionSense:5+5,in-domain,full,1,MotionSense,0.8701171875,0.8645238049025435,val
tfc,tstcc,device:RealWorld_thigh+MotionSense:5+5,in-domain,full,2,RealWorld_thigh,0.6586805555555556,0.6439474222896018,val
tfc,tstcc,device:RealWorld_thigh+MotionSense:5+5,in-domain,full,2,MotionSense,0.8291015625,0.8302599980643027,val
tfc,tstcc,device:RealWorld_thigh+MotionSense:5+5,in-domain,full,3,RealWorld_thigh,0.5298611111111111,0.4958051553494095,val
tfc,tstcc,device:RealWorld_thigh+MotionSense:5+5,in-domain,full,3,MotionSense,0.73046875,0.6709583759820701,val
tfc,tstcc,device:RealWorld_thigh:10,in-domain,10,0,RealWorld_thigh,0.6885416666666667,0.6750904595476898,val
tfc,tstcc,device:RealWorld_thigh:10,in-domain,10,1,RealWorld_thigh,0.6604166666666667,0.6160977060310561,val
tfc,tstcc,device:RealWorld_thigh:10,in-domain,10,2,RealWorld_thigh,0.6142361111111111,0.6117853845108097,val
tfc,tstcc,device:RealWorld_thigh:10,in-domain,10,3,RealWorld_thigh,0.6614583333333334,0.6504477519564259,val
tfc,tstcc,device:RealWorld_thigh:10,in-domain,1,0,RealWorld_thigh,0.6190972222222222,0.5733724870402364,val
tfc,tstcc,device:RealWorld_thigh:10,in-domain,1,1,RealWorld_thigh,0.5663194444444445,0.5039208443713177,val
tfc,tstcc,device:RealWorld_thigh:10,in-domain,1,2,RealWorld_thigh,0.6125,0.6117435415418523,val
tfc,tstcc,device:RealWorld_thigh:10,in-domain,1,3,RealWorld_thigh,0.6059027777777778,0.60311749210352,val
tfc,tstcc,device:RealWorld_thigh:10,in-domain,2,0,RealWorld_thigh,0.6135416666666667,0.5508026807771941,val
tfc,tstcc,device:RealWorld_thigh:10,in-domain,2,1,RealWorld_thigh,0.5368055555555555,0.4623785707414585,val
tfc,tstcc,device:RealWorld_thigh:10,in-domain,2,2,RealWorld_thigh,0.5472222222222223,0.5218965176785823,val
tfc,tstcc,device:RealWorld_thigh:10,in-domain,2,3,RealWorld_thigh,0.6152777777777778,0.6119241121809932,val
tfc,tstcc,device:RealWorld_thigh:10,in-domain,5,0,RealWorld_thigh,0.6027777777777777,0.5532651643177181,val
tfc,tstcc,device:RealWorld_thigh:10,in-domain,5,1,RealWorld_thigh,0.6333333333333333,0.6271061072060888,val
tfc,tstcc,device:RealWorld_thigh:10,in-domain,5,2,RealWorld_thigh,0.5934027777777777,0.5893075935339466,val
tfc,tstcc,device:RealWorld_thigh:10,in-domain,5,3,RealWorld_thigh,0.5788194444444444,0.5364869883988249,val
tfc,tstcc,device:RealWorld_thigh:10,in-domain,full,0,RealWorld_thigh,0.6440972222222222,0.6180666817468963,val
tfc,tstcc,device:RealWorld_thigh:10,in-domain,full,1,RealWorld_thigh,0.6659722222222222,0.6225820875109416,val
tfc,tstcc,device:RealWorld_thigh:10,in-domain,full,2,RealWorld_thigh,0.6885416666666667,0.6422122046238504,val
tfc,tstcc,device:RealWorld_thigh:10,in-domain,full,3,RealWorld_thigh,0.7125,0.668143989694403,val
lfr,cnnpff,device:RealWorld_thigh:10,device:MotionSense:10,10,0,RealWorld_thigh,0.721875,0.7238800654749967,val
lfr,cnnpff,device:RealWorld_thigh:10,device:MotionSense:10,10,1,RealWorld_thigh,0.6982638888888889,0.700455395155612,val
lfr,cnnpff,device:RealWorld_thigh:10,device:MotionSense:10,10,2,RealWorld_thigh,0.6947916666666667,0.6997312278211941,val
lfr,cnnpff,device:RealWorld_thigh:10,device:MotionSense:10,10,3,RealWorld_thigh,0.7048611111111112,0.7080633841947549,val
lfr,cnnpff,device:RealWorld_thigh:10,device:MotionSense:10,1,0,RealWorld_thigh,0.5489583333333333,0.5520395687737555,val
lfr,cnnpff,device:RealWorld_thigh:10,device:MotionSense:10,1,1,RealWorld_thigh,0.553125,0.5542133818861475,val
lfr,cnnpff,device:RealWorld_thigh:10,device:MotionSense:10,1,2,RealWorld_thigh,0.5795138888888889,0.5817750537138658,val
lfr,cnnpff,device:RealWorld_thigh:10,device:MotionSense:10,1,3,RealWorld_thigh,0.5145833333333333,0.5182513345879859,val
lfr,cnnpff,device:RealWorld_thigh:10,device:MotionSense:10,2,0,RealWorld_thigh,0.584375,0.5939095456714939,val
lfr,cnnpff,device:RealWorld_thigh:10,device:MotionSense:10,2,1,RealWorld_thigh,0.6180555555555556,0.6186593811052122,val
lfr,cnnpff,device:RealWorld_thigh:10,device:MotionSense:10,2,2,RealWorld_thigh,0.6402777777777777,0.6441213274774458,val
lfr,cnnpff,device:RealWorld_thigh:10,device:MotionSense:10,2,3,RealWorld_thigh,0.6256944444444444,0.626347975312569,val
lfr,cnnpff,device:RealWorld_thigh:10,device:MotionSense:10,5,0,RealWorld_thigh,0.6475694444444444,0.6533642681283335,val
lfr,cnnpff,device:RealWorld_thigh:10,device:MotionSense:10,5,1,RealWorld_thigh,0.6996527777777778,0.7033624364027956,val
lfr,cnnpff,device:RealWorld_thigh:10,device:MotionSense:10,5,2,RealWorld_thigh,0.6986111111111111,0.7024674486892598,val
lfr,cnnpff,device:RealWorld_thigh:10,device:MotionSense:10,5,3,RealWorld_thigh,0.6704861111111111,0.6733798624589976,val
lfr,cnnpff,device:RealWorld_thigh:10,device:MotionSense:10,full,0,RealWorld_thigh,0.6920138888888889,0.6996599796741231,val
lfr,cnnpff,device:RealWorld_thigh:10,device:MotionSense:10,full,1,RealWorld_thigh,0.7152777777777778,0.7188635382831953,val
lfr,cnnpff,device:RealWorld_thigh:10,device:MotionSense:10,full,2,RealWorld_thigh,0.71875,0.7259974964062886,val
lfr,cnnpff,device:RealWorld_thigh:10,device:MotionSense:10,full,3,RealWorld_thigh,0.7201388888888889,0.7206435463855737,val
lfr,cnnpff,device:MotionSense:10,device:RealWorld_thigh:10,10,0,MotionSense,0.8212890625,0.8245246464032204,val
lfr,cnnpff,device:MotionSense:10,device:RealWorld_thigh:10,10,1,MotionSense,0.8125,0.8150254726493561,val
lfr,cnnpff,device:MotionSense:10,device:RealWorld_thigh:10,10,2,MotionSense,0.8017578125,0.8055539068490111,val
lfr,cnnpff,device:MotionSense:10,device:RealWorld_thigh:10,10,3,MotionSense,0.794921875,0.7987699700259409,val
lfr,cnnpff,device:MotionSense:10,device:RealWorld_thigh:10,1,0,MotionSense,0.673828125,0.6626007001592608,val
lfr,cnnpff,device:MotionSense:10,device:RealWorld_thigh:10,1,1,MotionSense,0.705078125,0.6950291568107385,val
lfr,cnnpff,device:MotionSense:10,device:RealWorld_thigh:10,1,2,MotionSense,0.6376953125,0.6364257030984927,val
lfr,cnnpff,device:MotionSense:10,device:RealWorld_thigh:10,1,3,MotionSense,0.666015625,0.666734599297135,val
lfr,cnnpff,device:MotionSense:10,device:RealWorld_thigh:10,2,0,MotionSense,0.7294921875,0.7270504362337772,val
lfr,cnnpff,device:MotionSense:10,device:RealWorld_thigh:10,2,1,MotionSense,0.75,0.7489022123401088,val
lfr,cnnpff,device:MotionSense:10,device:RealWorld_thigh:10,2,2,MotionSense,0.763671875,0.7663658094286885,val
lfr,cnnpff,device:MotionSense:10,device:RealWorld_thigh:10,2,3,MotionSense,0.767578125,0.770266798788728,val
lfr,cnnpff,device:MotionSense:10,device:RealWorld_thigh:10,5,0,MotionSense,0.8115234375,0.8115219065056465,val
lfr,cnnpff,device:MotionSense:10,device:RealWorld_thigh:10,5,1,MotionSense,0.794921875,0.7960145848654605,val
lfr,cnnpff,device:MotionSense:10,device:RealWorld_thigh:10,5,2,MotionSense,0.7822265625,0.7860839798191529,val
lfr,cnnpff,device:MotionSense:10,device:RealWorld_thigh:10,5,3,MotionSense,0.8203125,0.8232698140968336,val
lfr,cnnpff,device:MotionSense:10,device:RealWorld_thigh:10,full,0,MotionSense,0.857421875,0.8589356668415092,val
lfr,cnnpff,device:MotionSense:10,device:RealWorld_thigh:10,full,1,MotionSense,0.8203125,0.8226372287652303,val
lfr,cnnpff,device:MotionSense:10,device:RealWorld_thigh:10,full,2,MotionSense,0.8408203125,0.8448239839883981,val
lfr,cnnpff,device:MotionSense:10,device:RealWorld_thigh:10,full,3,MotionSense,0.85546875,0.8572061899600926,val
lfr,resnetse5,device:RealWorld_thigh:10,device:MotionSense:10,10,0,RealWorld_thigh,0.7006944444444444,0.7076215887088275,val
lfr,resnetse5,device:RealWorld_thigh:10,device:MotionSense:10,10,1,RealWorld_thigh,0.7628472222222222,0.7632592761364877,val
lfr,resnetse5,device:RealWorld_thigh:10,device:MotionSense:10,10,2,RealWorld_thigh,0.6315972222222223,0.6149098530929019,val
lfr,resnetse5,device:RealWorld_thigh:10,device:MotionSense:10,10,3,RealWorld_thigh,0.6579861111111112,0.6507636792425295,val
lfr,resnetse5,device:RealWorld_thigh:10,device:MotionSense:10,1,0,RealWorld_thigh,0.696875,0.7013770899112842,val
lfr,resnetse5,device:RealWorld_thigh:10,device:MotionSense:10,1,1,RealWorld_thigh,0.7798611111111111,0.7828215599663207,val
lfr,resnetse5,device:RealWorld_thigh:10,device:MotionSense:10,1,2,RealWorld_thigh,0.6534722222222222,0.6417998110102477,val
lfr,resnetse5,device:RealWorld_thigh:10,device:MotionSense:10,1,3,RealWorld_thigh,0.6510416666666666,0.6457325905940648,val
lfr,resnetse5,device:RealWorld_thigh:10,device:MotionSense:10,2,0,RealWorld_thigh,0.6555555555555556,0.6621503496171535,val
lfr,resnetse5,device:RealWorld_thigh:10,device:MotionSense:10,2,1,RealWorld_thigh,0.7211805555555556,0.7190887053102841,val
lfr,resnetse5,device:RealWorld_thigh:10,device:MotionSense:10,2,2,RealWorld_thigh,0.7197916666666667,0.7241413577265757,val
lfr,resnetse5,device:RealWorld_thigh:10,device:MotionSense:10,2,3,RealWorld_thigh,0.6913194444444445,0.689745333808176,val
lfr,resnetse5,device:RealWorld_thigh:10,device:MotionSense:10,5,0,RealWorld_thigh,0.6791666666666667,0.6878476958904957,val
lfr,resnetse5,device:RealWorld_thigh:10,device:MotionSense:10,5,1,RealWorld_thigh,0.7350694444444444,0.7336156394552105,val
lfr,resnetse5,device:RealWorld_thigh:10,device:MotionSense:10,5,2,RealWorld_thigh,0.6368055555555555,0.6230082000885037,val
lfr,resnetse5,device:RealWorld_thigh:10,device:MotionSense:10,5,3,RealWorld_thigh,0.6489583333333333,0.6408273920927129,val
lfr,resnetse5,device:RealWorld_thigh:10,device:MotionSense:10,full,0,RealWorld_thigh,0.6958333333333333,0.6905286636369402,val
lfr,resnetse5,device:RealWorld_thigh:10,device:MotionSense:10,full,1,RealWorld_thigh,0.7493055555555556,0.7525305348895818,val
lfr,resnetse5,device:RealWorld_thigh:10,device:MotionSense:10,full,2,RealWorld_thigh,0.6881944444444444,0.644678929494358,val
lfr,resnetse5,device:RealWorld_thigh:10,device:MotionSense:10,full,3,RealWorld_thigh,0.6347222222222222,0.6438486318944466,val
lfr,resnetse5,device:MotionSense:10,device:RealWorld_thigh:10,10,0,MotionSense,0.8623046875,0.8648254893524072,val
lfr,resnetse5,device:MotionSense:10,device:RealWorld_thigh:10,10,1,MotionSense,0.90234375,0.9015534601126864,val
lfr,resnetse5,device:MotionSense:10,device:RealWorld_thigh:10,10,2,MotionSense,0.8447265625,0.8472070976530116,val
lfr,resnetse5,device:MotionSense:10,device:RealWorld_thigh:10,10,3,MotionSense,0.9228515625,0.923113488702767,val
lfr,resnetse5,device:MotionSense:10,device:RealWorld_thigh:10,1,0,MotionSense,0.853515625,0.8549138452275561,val
lfr,resnetse5,device:MotionSense:10,device:RealWorld_thigh:10,1,1,MotionSense,0.83984375,0.840601332322514,val
lfr,resnetse5,device:MotionSense:10,device:RealWorld_thigh:10,1,2,MotionSense,0.826171875,0.827603111851133,val
lfr,resnetse5,device:MotionSense:10,device:RealWorld_thigh:10,1,3,MotionSense,0.8427734375,0.8426543178255179,val
lfr,resnetse5,device:MotionSense:10,device:RealWorld_thigh:10,2,0,MotionSense,0.8505859375,0.8522513659824463,val
lfr,resnetse5,device:MotionSense:10,device:RealWorld_thigh:10,2,1,MotionSense,0.8515625,0.8528680203052065,val
lfr,resnetse5,device:MotionSense:10,device:RealWorld_thigh:10,2,2,MotionSense,0.8603515625,0.8608018909524876,val
lfr,resnetse5,device:MotionSense:10,device:RealWorld_thigh:10,2,3,MotionSense,0.880859375,0.8813671784149913,val
lfr,resnetse5,device:MotionSense:10,device:RealWorld_thigh:10,5,0,MotionSense,0.8701171875,0.8718521854292627,val
lfr,resnetse5,device:MotionSense:10,device:RealWorld_thigh:10,5,1,MotionSense,0.9150390625,0.9144625354402024,val
lfr,resnetse5,device:MotionSense:10,device:RealWorld_thigh:10,5,2,MotionSense,0.8955078125,0.8949122722287212,val
lfr,resnetse5,device:MotionSense:10,device:RealWorld_thigh:10,5,3,MotionSense,0.9072265625,0.9084477602541554,val
lfr,resnetse5,device:MotionSense:10,device:RealWorld_thigh:10,full,0,MotionSense,0.9208984375,0.92008769836961,val
lfr,resnetse5,device:MotionSense:10,device:RealWorld_thigh:10,full,1,MotionSense,0.9365234375,0.936263495033374,val
lfr,resnetse5,device:MotionSense:10,device:RealWorld_thigh:10,full,2,MotionSense,0.9267578125,0.927044295444612,val
lfr,resnetse5,device:MotionSense:10,device:RealWorld_thigh:10,full,3,MotionSense,0.880859375,0.8831022005422194,val
lfr,rnn,device:RealWorld_thigh:10,device:MotionSense:10,10,0,RealWorld_thigh,0.5826388888888889,0.558527797233883,val
lfr,rnn,device:RealWorld_thigh:10,device:MotionSense:10,10,1,RealWorld_thigh,0.5194444444444445,0.5251741676289197,val
lfr,rnn,device:RealWorld_thigh:10,device:MotionSense:10,10,2,RealWorld_thigh,0.5534722222222223,0.5225795479751938,val
lfr,rnn,device:RealWorld_thigh:10,device:MotionSense:10,10,3,RealWorld_thigh,0.5381944444444444,0.4967748857233627,val
lfr,rnn,device:RealWorld_thigh:10,device:MotionSense:10,1,0,RealWorld_thigh,0.4364583333333333,0.4385515953453432,val
lfr,rnn,device:RealWorld_thigh:10,device:MotionSense:10,1,1,RealWorld_thigh,0.5006944444444444,0.4732273469176835,val
lfr,rnn,device:RealWorld_thigh:10,device:MotionSense:10,1,2,RealWorld_thigh,0.4885416666666666,0.4711227751286062,val
lfr,rnn,device:RealWorld_thigh:10,device:MotionSense:10,1,3,RealWorld_thigh,0.4711805555555555,0.4399606284570048,val
lfr,rnn,device:RealWorld_thigh:10,device:MotionSense:10,2,0,RealWorld_thigh,0.515625,0.4874067052291122,val
lfr,rnn,device:RealWorld_thigh:10,device:MotionSense:10,2,1,RealWorld_thigh,0.4954861111111111,0.4885459194467267,val
lfr,rnn,device:RealWorld_thigh:10,device:MotionSense:10,2,2,RealWorld_thigh,0.4861111111111111,0.4483271360784167,val
lfr,rnn,device:RealWorld_thigh:10,device:MotionSense:10,2,3,RealWorld_thigh,0.4958333333333333,0.4572584212455617,val
lfr,rnn,device:RealWorld_thigh:10,device:MotionSense:10,5,0,RealWorld_thigh,0.5854166666666667,0.5829551352112946,val
lfr,rnn,device:RealWorld_thigh:10,device:MotionSense:10,5,1,RealWorld_thigh,0.5899305555555555,0.5693418016336825,val
lfr,rnn,device:RealWorld_thigh:10,device:MotionSense:10,5,2,RealWorld_thigh,0.4996527777777778,0.4544816510866754,val
lfr,rnn,device:RealWorld_thigh:10,device:MotionSense:10,5,3,RealWorld_thigh,0.528125,0.5080832851149699,val
lfr,rnn,device:RealWorld_thigh:10,device:MotionSense:10,full,0,RealWorld_thigh,0.5538194444444444,0.5283112383383685,val
lfr,rnn,device:RealWorld_thigh:10,device:MotionSense:10,full,1,RealWorld_thigh,0.5697916666666667,0.5213790772316336,val
lfr,rnn,device:RealWorld_thigh:10,device:MotionSense:10,full,2,RealWorld_thigh,0.5083333333333333,0.5088926071223971,val
lfr,rnn,device:RealWorld_thigh:10,device:MotionSense:10,full,3,RealWorld_thigh,0.5961805555555556,0.5536167554587733,val
lfr,rnn,device:MotionSense:10,device:RealWorld_thigh:10,10,0,MotionSense,0.5830078125,0.5276163414121048,val
lfr,rnn,device:MotionSense:10,device:RealWorld_thigh:10,10,1,MotionSense,0.6064453125,0.577807535396056,val
lfr,rnn,device:MotionSense:10,device:RealWorld_thigh:10,10,2,MotionSense,0.671875,0.6210079498619631,val
lfr,rnn,device:MotionSense:10,device:RealWorld_thigh:10,10,3,MotionSense,0.669921875,0.6174039774988352,val
lfr,rnn,device:MotionSense:10,device:RealWorld_thigh:10,1,0,MotionSense,0.578125,0.5389271558822888,val
lfr,rnn,device:MotionSense:10,device:RealWorld_thigh:10,1,1,MotionSense,0.5625,0.5352869232123206,val
lfr,rnn,device:MotionSense:10,device:RealWorld_thigh:10,1,2,MotionSense,0.4541015625,0.3574291248305707,val
lfr,rnn,device:MotionSense:10,device:RealWorld_thigh:10,1,3,MotionSense,0.5009765625,0.3828472205660278,val
lfr,rnn,device:MotionSense:10,device:RealWorld_thigh:10,2,0,MotionSense,0.673828125,0.6398133296046954,val
lfr,rnn,device:MotionSense:10,device:RealWorld_thigh:10,2,1,MotionSense,0.6474609375,0.6402213274523819,val
lfr,rnn,device:MotionSense:10,device:RealWorld_thigh:10,2,2,MotionSense,0.5390625,0.4396847843661859,val
lfr,rnn,device:MotionSense:10,device:RealWorld_thigh:10,2,3,MotionSense,0.5009765625,0.4097483714448082,val
lfr,rnn,device:MotionSense:10,device:RealWorld_thigh:10,5,0,MotionSense,0.669921875,0.6191513133724179,val
lfr,rnn,device:MotionSense:10,device:RealWorld_thigh:10,5,1,MotionSense,0.6904296875,0.6736020568861467,val
lfr,rnn,device:MotionSense:10,device:RealWorld_thigh:10,5,2,MotionSense,0.54296875,0.4767724973599665,val
lfr,rnn,device:MotionSense:10,device:RealWorld_thigh:10,5,3,MotionSense,0.638671875,0.6189677065728625,val
lfr,rnn,device:MotionSense:10,device:RealWorld_thigh:10,full,0,MotionSense,0.7763671875,0.7678573229314364,val
lfr,rnn,device:MotionSense:10,device:RealWorld_thigh:10,full,1,MotionSense,0.79296875,0.7923120251484476,val
lfr,rnn,device:MotionSense:10,device:RealWorld_thigh:10,full,2,MotionSense,0.767578125,0.7629874498555599,val
lfr,rnn,device:MotionSense:10,device:RealWorld_thigh:10,full,3,MotionSense,0.7783203125,0.7625385302737772,val
lfr,tstcc,device:RealWorld_thigh:10,device:MotionSense:10,10,0,RealWorld_thigh,0.7013888888888888,0.6816536822184713,val
lfr,tstcc,device:RealWorld_thigh:10,device:MotionSense:10,10,1,RealWorld_thigh,0.6715277777777777,0.6780007288585858,val
lfr,tstcc,device:RealWorld_thigh:10,device:MotionSense:10,10,2,RealWorld_thigh,0.7440972222222222,0.7387615161306127,val
lfr,tstcc,device:RealWorld_thigh:10,device:MotionSense:10,10,3,RealWorld_thigh,0.6770833333333334,0.6803225419131863,val
lfr,tstcc,device:RealWorld_thigh:10,device:MotionSense:10,1,0,RealWorld_thigh,0.5149305555555556,0.5156165527794451,val
lfr,tstcc,device:RealWorld_thigh:10,device:MotionSense:10,1,1,RealWorld_thigh,0.5295138888888888,0.5275776750283652,val
lfr,tstcc,device:RealWorld_thigh:10,device:MotionSense:10,1,2,RealWorld_thigh,0.5621527777777777,0.5699493255362919,val
lfr,tstcc,device:RealWorld_thigh:10,device:MotionSense:10,1,3,RealWorld_thigh,0.5138888888888888,0.5106521191004655,val
lfr,tstcc,device:RealWorld_thigh:10,device:MotionSense:10,2,0,RealWorld_thigh,0.5895833333333333,0.5937448921765132,val
lfr,tstcc,device:RealWorld_thigh:10,device:MotionSense:10,2,1,RealWorld_thigh,0.5611111111111111,0.5626843476651567,val
lfr,tstcc,device:RealWorld_thigh:10,device:MotionSense:10,2,2,RealWorld_thigh,0.6010416666666667,0.6018415290938783,val
lfr,tstcc,device:RealWorld_thigh:10,device:MotionSense:10,2,3,RealWorld_thigh,0.6072916666666667,0.6108980633011232,val
lfr,tstcc,device:RealWorld_thigh:10,device:MotionSense:10,5,0,RealWorld_thigh,0.6760416666666667,0.6517802363100677,val
lfr,tstcc,device:RealWorld_thigh:10,device:MotionSense:10,5,1,RealWorld_thigh,0.6583333333333333,0.6630232888068611,val
lfr,tstcc,device:RealWorld_thigh:10,device:MotionSense:10,5,2,RealWorld_thigh,0.6774305555555555,0.6820865307279087,val
lfr,tstcc,device:RealWorld_thigh:10,device:MotionSense:10,5,3,RealWorld_thigh,0.6559027777777777,0.6582872052415977,val
lfr,tstcc,device:RealWorld_thigh:10,device:MotionSense:10,full,0,RealWorld_thigh,0.6920138888888889,0.6965360818260694,val
lfr,tstcc,device:RealWorld_thigh:10,device:MotionSense:10,full,1,RealWorld_thigh,0.6923611111111111,0.69791174604538,val
lfr,tstcc,device:RealWorld_thigh:10,device:MotionSense:10,full,2,RealWorld_thigh,0.6996527777777778,0.7046379497619756,val
lfr,tstcc,device:RealWorld_thigh:10,device:MotionSense:10,full,3,RealWorld_thigh,0.6982638888888889,0.703021083361039,val
lfr,tstcc,device:MotionSense:10,device:RealWorld_thigh:10,10,0,MotionSense,0.822265625,0.8218176483739259,val
lfr,tstcc,device:MotionSense:10,device:RealWorld_thigh:10,10,1,MotionSense,0.859375,0.8583938979234569,val
lfr,tstcc,device:MotionSense:10,device:RealWorld_thigh:10,10,2,MotionSense,0.8525390625,0.8547356725185362,val
lfr,tstcc,device:MotionSense:10,device:RealWorld_thigh:10,10,3,MotionSense,0.8330078125,0.8330296649544926,val
lfr,tstcc,device:MotionSense:10,device:RealWorld_thigh:10,1,0,MotionSense,0.6787109375,0.6553492555069382,val
lfr,tstcc,device:MotionSense:10,device:RealWorld_thigh:10,1,1,MotionSense,0.669921875,0.6368932239796247,val
lfr,tstcc,device:MotionSense:10,device:RealWorld_thigh:10,1,2,MotionSense,0.6806640625,0.6725881430894313,val
lfr,tstcc,device:MotionSense:10,device:RealWorld_thigh:10,1,3,MotionSense,0.6416015625,0.6349630530180762,val
lfr,tstcc,device:MotionSense:10,device:RealWorld_thigh:10,2,0,MotionSense,0.7578125,0.7537002641838342,val
lfr,tstcc,device:MotionSense:10,device:RealWorld_thigh:10,2,1,MotionSense,0.7626953125,0.7557696431116216,val
lfr,tstcc,device:MotionSense:10,device:RealWorld_thigh:10,2,2,MotionSense,0.8017578125,0.7969542913604094,val
lfr,tstcc,device:MotionSense:10,device:RealWorld_thigh:10,2,3,MotionSense,0.712890625,0.6965572064516992,val
lfr,tstcc,device:MotionSense:10,device:RealWorld_thigh:10,5,0,MotionSense,0.802734375,0.7986701119192086,val
lfr,tstcc,device:MotionSense:10,device:RealWorld_thigh:10,5,1,MotionSense,0.8056640625,0.8022480562908942,val
lfr,tstcc,device:MotionSense:10,device:RealWorld_thigh:10,5,2,MotionSense,0.822265625,0.8243840743763154,val
lfr,tstcc,device:MotionSense:10,device:RealWorld_thigh:10,5,3,MotionSense,0.822265625,0.8187617520432663,val
lfr,tstcc,device:MotionSense:10,device:RealWorld_thigh:10,full,0,MotionSense,0.8310546875,0.8264951509166097,val
lfr,tstcc,device:MotionSense:10,device:RealWorld_thigh:10,full,1,MotionSense,0.8857421875,0.8868114160770623,val
lfr,tstcc,device:MotionSense:10,device:RealWorld_thigh:10,full,2,MotionSense,0.888671875,0.8900424326370966,val
lfr,tstcc,device:MotionSense:10,device:RealWorld_thigh:10,full,3,MotionSense,0.869140625,0.8693808774810842,val
tfc,cnnpff,device:RealWorld_thigh:10,device:MotionSense:10,10,0,RealWorld_thigh,0.734375,0.7391128171356258,val
tfc,cnnpff,device:RealWorld_thigh:10,device:MotionSense:10,10,1,RealWorld_thigh,0.6993055555555555,0.6924421947856647,val
tfc,cnnpff,device:RealWorld_thigh:10,device:MotionSense:10,10,2,RealWorld_thigh,0.7545138888888889,0.7542373821646366,val
tfc,cnnpff,device:RealWorld_thigh:10,device:MotionSense:10,10,3,RealWorld_thigh,0.7076388888888889,0.7060952104180629,val
tfc,cnnpff,device:RealWorld_thigh:10,device:MotionSense:10,1,0,RealWorld_thigh,0.6798611111111111,0.6709166258668536,val
tfc,cnnpff,device:RealWorld_thigh:10,device:MotionSense:10,1,1,RealWorld_thigh,0.6086805555555556,0.5910811237885933,val
tfc,cnnpff,device:RealWorld_thigh:10,device:MotionSense:10,1,2,RealWorld_thigh,0.6541666666666667,0.6549718249353836,val
tfc,cnnpff,device:RealWorld_thigh:10,device:MotionSense:10,1,3,RealWorld_thigh,0.5934027777777777,0.5644138156385509,val
tfc,cnnpff,device:RealWorld_thigh:10,device:MotionSense:10,2,0,RealWorld_thigh,0.7069444444444445,0.701821768497806,val
tfc,cnnpff,device:RealWorld_thigh:10,device:MotionSense:10,2,1,RealWorld_thigh,0.6399305555555556,0.626556134596451,val
tfc,cnnpff,device:RealWorld_thigh:10,device:MotionSense:10,2,2,RealWorld_thigh,0.703125,0.7021502655484256,val
tfc,cnnpff,device:RealWorld_thigh:10,device:MotionSense:10,2,3,RealWorld_thigh,0.5850694444444444,0.5815626239806405,val
tfc,cnnpff,device:RealWorld_thigh:10,device:MotionSense:10,5,0,RealWorld_thigh,0.7232638888888889,0.7241415225934066,val
tfc,cnnpff,device:RealWorld_thigh:10,device:MotionSense:10,5,1,RealWorld_thigh,0.6395833333333333,0.6408006035209478,val
tfc,cnnpff,device:RealWorld_thigh:10,device:MotionSense:10,5,2,RealWorld_thigh,0.7395833333333334,0.7392770622207082,val
tfc,cnnpff,device:RealWorld_thigh:10,device:MotionSense:10,5,3,RealWorld_thigh,0.653125,0.6566224089895558,val
tfc,cnnpff,device:RealWorld_thigh:10,device:MotionSense:10,full,0,RealWorld_thigh,0.734375,0.7377125538079548,val
tfc,cnnpff,device:RealWorld_thigh:10,device:MotionSense:10,full,1,RealWorld_thigh,0.7111111111111111,0.7001006288751169,val
tfc,cnnpff,device:RealWorld_thigh:10,device:MotionSense:10,full,2,RealWorld_thigh,0.7461805555555555,0.7468839919388244,val
tfc,cnnpff,device:RealWorld_thigh:10,device:MotionSense:10,full,3,RealWorld_thigh,0.6982638888888889,0.6856971073481472,val
tfc,cnnpff,device:MotionSense:10,device:RealWorld_thigh:10,10,0,MotionSense,0.857421875,0.8573936346478749,val
tfc,cnnpff,device:MotionSense:10,device:RealWorld_thigh:10,10,1,MotionSense,0.8037109375,0.7990407920965503,val
tfc,cnnpff,device:MotionSense:10,device:RealWorld_thigh:10,10,2,MotionSense,0.8505859375,0.8477418849456094,val
tfc,cnnpff,device:MotionSense:10,device:RealWorld_thigh:10,10,3,MotionSense,0.82421875,0.8223916133170492,val
tfc,cnnpff,device:MotionSense:10,device:RealWorld_thigh:10,1,0,MotionSense,0.771484375,0.77153474275738,val
tfc,cnnpff,device:MotionSense:10,device:RealWorld_thigh:10,1,1,MotionSense,0.7099609375,0.7009390695983303,val
tfc,cnnpff,device:MotionSense:10,device:RealWorld_thigh:10,1,2,MotionSense,0.7216796875,0.716809863527637,val
tfc,cnnpff,device:MotionSense:10,device:RealWorld_thigh:10,1,3,MotionSense,0.791015625,0.7945648946267462,val
tfc,cnnpff,device:MotionSense:10,device:RealWorld_thigh:10,2,0,MotionSense,0.80078125,0.8033981077884963,val
tfc,cnnpff,device:MotionSense:10,device:RealWorld_thigh:10,2,1,MotionSense,0.765625,0.7473878274744341,val
tfc,cnnpff,device:MotionSense:10,device:RealWorld_thigh:10,2,2,MotionSense,0.8046875,0.8041114077304431,val
tfc,cnnpff,device:MotionSense:10,device:RealWorld_thigh:10,2,3,MotionSense,0.7998046875,0.8006204304437635,val
tfc,cnnpff,device:MotionSense:10,device:RealWorld_thigh:10,5,0,MotionSense,0.8369140625,0.8367308239705555,val
tfc,cnnpff,device:MotionSense:10,device:RealWorld_thigh:10,5,1,MotionSense,0.77734375,0.7637348751420502,val
tfc,cnnpff,device:MotionSense:10,device:RealWorld_thigh:10,5,2,MotionSense,0.7958984375,0.7946397692169276,val
tfc,cnnpff,device:MotionSense:10,device:RealWorld_thigh:10,5,3,MotionSense,0.80859375,0.8055160252080663,val
tfc,cnnpff,device:MotionSense:10,device:RealWorld_thigh:10,full,0,MotionSense,0.8662109375,0.8674870517127927,val
tfc,cnnpff,device:MotionSense:10,device:RealWorld_thigh:10,full,1,MotionSense,0.8916015625,0.891230710347875,val
tfc,cnnpff,device:MotionSense:10,device:RealWorld_thigh:10,full,2,MotionSense,0.90625,0.9077336401925984,val
tfc,cnnpff,device:MotionSense:10,device:RealWorld_thigh:10,full,3,MotionSense,0.8740234375,0.8744432132246284,val
tfc,resnetse5,device:RealWorld_thigh:10,device:MotionSense:10,10,0,RealWorld_thigh,0.7211805555555556,0.7201630964185565,val
tfc,resnetse5,device:RealWorld_thigh:10,device:MotionSense:10,10,1,RealWorld_thigh,0.6222222222222222,0.6181325991216768,val
tfc,resnetse5,device:RealWorld_thigh:10,device:MotionSense:10,10,2,RealWorld_thigh,0.7229166666666667,0.7233983613929488,val
tfc,resnetse5,device:RealWorld_thigh:10,device:MotionSense:10,10,3,RealWorld_thigh,0.6666666666666666,0.6688262472861409,val
tfc,resnetse5,device:RealWorld_thigh:10,device:MotionSense:10,1,0,RealWorld_thigh,0.6354166666666666,0.6283243243008191,val
tfc,resnetse5,device:RealWorld_thigh:10,device:MotionSense:10,1,1,RealWorld_thigh,0.4815972222222222,0.4555563912786186,val
tfc,resnetse5,device:RealWorld_thigh:10,device:MotionSense:10,1,2,RealWorld_thigh,0.6836805555555555,0.668738013484908,val
tfc,resnetse5,device:RealWorld_thigh:10,device:MotionSense:10,1,3,RealWorld_thigh,0.4715277777777777,0.478959161677732,val
tfc,resnetse5,device:RealWorld_thigh:10,device:MotionSense:10,2,0,RealWorld_thigh,0.6114583333333333,0.5988997218625558,val
tfc,resnetse5,device:RealWorld_thigh:10,device:MotionSense:10,2,1,RealWorld_thigh,0.5003472222222223,0.4635209206394282,val
tfc,resnetse5,device:RealWorld_thigh:10,device:MotionSense:10,2,2,RealWorld_thigh,0.7201388888888889,0.7203917281181895,val
tfc,resnetse5,device:RealWorld_thigh:10,device:MotionSense:10,2,3,RealWorld_thigh,0.5243055555555556,0.5304375682571576,val
tfc,resnetse5,device:RealWorld_thigh:10,device:MotionSense:10,5,0,RealWorld_thigh,0.6621527777777778,0.6572349651427088,val
tfc,resnetse5,device:RealWorld_thigh:10,device:MotionSense:10,5,1,RealWorld_thigh,0.5277777777777778,0.4999279829210147,val
tfc,resnetse5,device:RealWorld_thigh:10,device:MotionSense:10,5,2,RealWorld_thigh,0.7194444444444444,0.7166893537782832,val
tfc,resnetse5,device:RealWorld_thigh:10,device:MotionSense:10,5,3,RealWorld_thigh,0.5972222222222222,0.5921879371253962,val
tfc,resnetse5,device:RealWorld_thigh:10,device:MotionSense:10,full,0,RealWorld_thigh,0.725,0.7225843402876517,val
tfc,resnetse5,device:RealWorld_thigh:10,device:MotionSense:10,full,1,RealWorld_thigh,0.5954861111111112,0.5902410972419024,val
tfc,resnetse5,device:RealWorld_thigh:10,device:MotionSense:10,full,2,RealWorld_thigh,0.7208333333333333,0.7185960220753206,val
tfc,resnetse5,device:RealWorld_thigh:10,device:MotionSense:10,full,3,RealWorld_thigh,0.7059027777777778,0.7072445388280375,val
tfc,resnetse5,device:MotionSense:10,device:RealWorld_thigh:10,10,0,MotionSense,0.869140625,0.8682344242361416,val
tfc,resnetse5,device:MotionSense:10,device:RealWorld_thigh:10,10,1,MotionSense,0.8837890625,0.8842036225019592,val
tfc,resnetse5,device:MotionSense:10,device:RealWorld_thigh:10,10,2,MotionSense,0.8779296875,0.8766021672903411,val
tfc,resnetse5,device:MotionSense:10,device:RealWorld_thigh:10,10,3,MotionSense,0.8515625,0.8487149159015864,val
tfc,resnetse5,device:MotionSense:10,device:RealWorld_thigh:10,1,0,MotionSense,0.7802734375,0.776340101827142,val
tfc,resnetse5,device:MotionSense:10,device:RealWorld_thigh:10,1,1,MotionSense,0.7958984375,0.7985454230015426,val
tfc,resnetse5,device:MotionSense:10,device:RealWorld_thigh:10,1,2,MotionSense,0.7490234375,0.7469616243336751,val
tfc,resnetse5,device:MotionSense:10,device:RealWorld_thigh:10,1,3,MotionSense,0.76171875,0.762376545689249,val
tfc,resnetse5,device:MotionSense:10,device:RealWorld_thigh:10,2,0,MotionSense,0.826171875,0.8270180087581199,val
tfc,resnetse5,device:MotionSense:10,device:RealWorld_thigh:10,2,1,MotionSense,0.8330078125,0.8343798581693989,val
tfc,resnetse5,device:MotionSense:10,device:RealWorld_thigh:10,2,2,MotionSense,0.740234375,0.736616174760726,val
tfc,resnetse5,device:MotionSense:10,device:RealWorld_thigh:10,2,3,MotionSense,0.7724609375,0.768554401111655,val
tfc,resnetse5,device:MotionSense:10,device:RealWorld_thigh:10,5,0,MotionSense,0.8583984375,0.8585382537676436,val
tfc,resnetse5,device:MotionSense:10,device:RealWorld_thigh:10,5,1,MotionSense,0.869140625,0.8679932276287817,val
tfc,resnetse5,device:MotionSense:10,device:RealWorld_thigh:10,5,2,MotionSense,0.853515625,0.8509621774415989,val
tfc,resnetse5,device:MotionSense:10,device:RealWorld_thigh:10,5,3,MotionSense,0.8388671875,0.8385552050829391,val
tfc,resnetse5,device:MotionSense:10,device:RealWorld_thigh:10,full,0,MotionSense,0.8916015625,0.8879821181732114,val
tfc,resnetse5,device:MotionSense:10,device:RealWorld_thigh:10,full,1,MotionSense,0.90625,0.9025597532075416,val
tfc,resnetse5,device:MotionSense:10,device:RealWorld_thigh:10,full,2,MotionSense,0.8955078125,0.8920570610859223,val
tfc,resnetse5,device:MotionSense:10,device:RealWorld_thigh:10,full,3,MotionSense,0.89453125,0.8916274762990278,val
tfc,rnn,device:RealWorld_thigh:10,device:MotionSense:10,10,0,RealWorld_thigh,0.73125,0.7351661625237559,val
tfc,rnn,device:RealWorld_thigh:10,device:MotionSense:10,10,1,RealWorld_thigh,0.7104166666666667,0.7094511870259305,val
tfc,rnn,device:RealWorld_thigh:10,device:MotionSense:10,10,2,RealWorld_thigh,0.6888888888888889,0.6913361988356909,val
tfc,rnn,device:RealWorld_thigh:10,device:MotionSense:10,10,3,RealWorld_thigh,0.7201388888888889,0.7242025572422426,val
tfc,rnn,device:RealWorld_thigh:10,device:MotionSense:10,1,0,RealWorld_thigh,0.6284722222222222,0.6284165905170289,val
tfc,rnn,device:RealWorld_thigh:10,device:MotionSense:10,1,1,RealWorld_thigh,0.6347222222222222,0.6338052499895509,val
tfc,rnn,device:RealWorld_thigh:10,device:MotionSense:10,1,2,RealWorld_thigh,0.5767361111111111,0.5445156411368377,val
tfc,rnn,device:RealWorld_thigh:10,device:MotionSense:10,1,3,RealWorld_thigh,0.6274305555555556,0.6275098539515256,val
tfc,rnn,device:RealWorld_thigh:10,device:MotionSense:10,2,0,RealWorld_thigh,0.7055555555555556,0.7077790863942032,val
tfc,rnn,device:RealWorld_thigh:10,device:MotionSense:10,2,1,RealWorld_thigh,0.6597222222222222,0.6594216340985962,val
tfc,rnn,device:RealWorld_thigh:10,device:MotionSense:10,2,2,RealWorld_thigh,0.6659722222222222,0.6672907671644146,val
tfc,rnn,device:RealWorld_thigh:10,device:MotionSense:10,2,3,RealWorld_thigh,0.6670138888888889,0.6651134167567746,val
tfc,rnn,device:RealWorld_thigh:10,device:MotionSense:10,5,0,RealWorld_thigh,0.7361111111111112,0.7386842674502277,val
tfc,rnn,device:RealWorld_thigh:10,device:MotionSense:10,5,1,RealWorld_thigh,0.6913194444444445,0.692566586306982,val
tfc,rnn,device:RealWorld_thigh:10,device:MotionSense:10,5,2,RealWorld_thigh,0.6809027777777777,0.6807067892482142,val
tfc,rnn,device:RealWorld_thigh:10,device:MotionSense:10,5,3,RealWorld_thigh,0.69375,0.6955847831532146,val
tfc,rnn,device:RealWorld_thigh:10,device:MotionSense:10,full,0,RealWorld_thigh,0.7072916666666667,0.7087151797986624,val
tfc,rnn,device:RealWorld_thigh:10,device:MotionSense:10,full,1,RealWorld_thigh,0.7253472222222223,0.7279472052969637,val
tfc,rnn,device:RealWorld_thigh:10,device:MotionSense:10,full,2,RealWorld_thigh,0.7184027777777777,0.7212426800433631,val
tfc,rnn,device:RealWorld_thigh:10,device:MotionSense:10,full,3,RealWorld_thigh,0.7260416666666667,0.7302108128479943,val
tfc,rnn,device:MotionSense:10,device:RealWorld_thigh:10,10,0,MotionSense,0.896484375,0.8939419565063605,val
tfc,rnn,device:MotionSense:10,device:RealWorld_thigh:10,10,1,MotionSense,0.8486328125,0.8456818984832947,val
tfc,rnn,device:MotionSense:10,device:RealWorld_thigh:10,10,2,MotionSense,0.8857421875,0.8822256524740951,val
tfc,rnn,device:MotionSense:10,device:RealWorld_thigh:10,10,3,MotionSense,0.8828125,0.8806221710334654,val
tfc,rnn,device:MotionSense:10,device:RealWorld_thigh:10,1,0,MotionSense,0.7646484375,0.7604924160259047,val
tfc,rnn,device:MotionSense:10,device:RealWorld_thigh:10,1,1,MotionSense,0.767578125,0.7505607973210581,val
tfc,rnn,device:MotionSense:10,device:RealWorld_thigh:10,1,2,MotionSense,0.7548828125,0.7540980690475961,val
tfc,rnn,device:MotionSense:10,device:RealWorld_thigh:10,1,3,MotionSense,0.724609375,0.716796793436311,val
tfc,rnn,device:MotionSense:10,device:RealWorld_thigh:10,2,0,MotionSense,0.8134765625,0.809857974033283,val
tfc,rnn,device:MotionSense:10,device:RealWorld_thigh:10,2,1,MotionSense,0.8212890625,0.8166462350046241,val
tfc,rnn,device:MotionSense:10,device:RealWorld_thigh:10,2,2,MotionSense,0.8359375,0.8340086866263351,val
tfc,rnn,device:MotionSense:10,device:RealWorld_thigh:10,2,3,MotionSense,0.8330078125,0.8276792244231433,val
tfc,rnn,device:MotionSense:10,device:RealWorld_thigh:10,5,0,MotionSense,0.8935546875,0.8918413770695998,val
tfc,rnn,device:MotionSense:10,device:RealWorld_thigh:10,5,1,MotionSense,0.8544921875,0.8517375098436354,val
tfc,rnn,device:MotionSense:10,device:RealWorld_thigh:10,5,2,MotionSense,0.876953125,0.8761088459130163,val
tfc,rnn,device:MotionSense:10,device:RealWorld_thigh:10,5,3,MotionSense,0.861328125,0.8584905076921933,val
tfc,rnn,device:MotionSense:10,device:RealWorld_thigh:10,full,0,MotionSense,0.9140625,0.9136384419706576,val
tfc,rnn,device:MotionSense:10,device:RealWorld_thigh:10,full,1,MotionSense,0.884765625,0.8848111525851533,val
tfc,rnn,device:MotionSense:10,device:RealWorld_thigh:10,full,2,MotionSense,0.90625,0.9042870224997402,val
tfc,rnn,device:MotionSense:10,device:RealWorld_thigh:10,full,3,MotionSense,0.8955078125,0.8940745310988923,val
tfc,tstcc,device:RealWorld_thigh:10,device:MotionSense:10,10,0,RealWorld_thigh,0.7125,0.7151621933332372,val
tfc,tstcc,device:RealWorld_thigh:10,device:MotionSense:10,10,1,RealWorld_thigh,0.6083333333333333,0.6039042937046036,val
tfc,tstcc,device:RealWorld_thigh:10,device:MotionSense:10,10,2,RealWorld_thigh,0.6711805555555556,0.6698607183374313,val
tfc,tstcc,device:RealWorld_thigh:10,device:MotionSense:10,10,3,RealWorld_thigh,0.6243055555555556,0.6091886389579316,val
tfc,tstcc,device:RealWorld_thigh:10,device:MotionSense:10,1,0,RealWorld_thigh,0.6479166666666667,0.649073954457835,val
tfc,tstcc,device:RealWorld_thigh:10,device:MotionSense:10,1,1,RealWorld_thigh,0.5586805555555555,0.5468375304025291,val
tfc,tstcc,device:RealWorld_thigh:10,device:MotionSense:10,1,2,RealWorld_thigh,0.5732638888888889,0.5578517051752339,val
tfc,tstcc,device:RealWorld_thigh:10,device:MotionSense:10,1,3,RealWorld_thigh,0.5486111111111112,0.4995827235295599,val
tfc,tstcc,device:RealWorld_thigh:10,device:MotionSense:10,2,0,RealWorld_thigh,0.6041666666666666,0.5845729303856528,val
tfc,tstcc,device:RealWorld_thigh:10,device:MotionSense:10,2,1,RealWorld_thigh,0.5625,0.5531851863091353,val
tfc,tstcc,device:RealWorld_thigh:10,device:MotionSense:10,2,2,RealWorld_thigh,0.6,0.5926713963293434,val
tfc,tstcc,device:RealWorld_thigh:10,device:MotionSense:10,2,3,RealWorld_thigh,0.5135416666666667,0.4683725643927559,val
tfc,tstcc,device:RealWorld_thigh:10,device:MotionSense:10,5,0,RealWorld_thigh,0.671875,0.6713992619046617,val
tfc,tstcc,device:RealWorld_thigh:10,device:MotionSense:10,5,1,RealWorld_thigh,0.5923611111111111,0.5836154664846959,val
tfc,tstcc,device:RealWorld_thigh:10,device:MotionSense:10,5,2,RealWorld_thigh,0.6138888888888889,0.5989006780262708,val
tfc,tstcc,device:RealWorld_thigh:10,device:MotionSense:10,5,3,RealWorld_thigh,0.6159722222222223,0.6055203700117436,val
tfc,tstcc,device:RealWorld_thigh:10,device:MotionSense:10,full,0,RealWorld_thigh,0.7038194444444444,0.7035311561747019,val
tfc,tstcc,device:RealWorld_thigh:10,device:MotionSense:10,full,1,RealWorld_thigh,0.64375,0.6000331964793341,val
tfc,tstcc,device:RealWorld_thigh:10,device:MotionSense:10,full,2,RealWorld_thigh,0.6447916666666667,0.599874330494898,val
tfc,tstcc,device:RealWorld_thigh:10,device:MotionSense:10,full,3,RealWorld_thigh,0.6697916666666667,0.6266841053730202,val
tfc,tstcc,device:MotionSense:10,device:RealWorld_thigh:10,10,0,MotionSense,0.841796875,0.8448383166577921,val
tfc,tstcc,device:MotionSense:10,device:RealWorld_thigh:10,10,1,MotionSense,0.876953125,0.8781035229526201,val
tfc,tstcc,device:MotionSense:10,device:RealWorld_thigh:10,10,2,MotionSense,0.845703125,0.8481177141852568,val
tfc,tstcc,device:MotionSense:10,device:RealWorld_thigh:10,10,3,MotionSense,0.8291015625,0.8291155564995539,val
tfc,tstcc,device:MotionSense:10,device:RealWorld_thigh:10,1,0,MotionSense,0.82421875,0.8248735107879988,val
tfc,tstcc,device:MotionSense:10,device:RealWorld_thigh:10,1,1,MotionSense,0.7548828125,0.7035677686184852,val
tfc,tstcc,device:MotionSense:10,device:RealWorld_thigh:10,1,2,MotionSense,0.71875,0.6649160614604711,val
tfc,tstcc,device:MotionSense:10,device:RealWorld_thigh:10,1,3,MotionSense,0.7138671875,0.6644998708271105,val
tfc,tstcc,device:MotionSense:10,device:RealWorld_thigh:10,2,0,MotionSense,0.8388671875,0.8397872751263912,val
tfc,tstcc,device:MotionSense:10,device:RealWorld_thigh:10,2,1,MotionSense,0.8466796875,0.8497545295240713,val
tfc,tstcc,device:MotionSense:10,device:RealWorld_thigh:10,2,2,MotionSense,0.8154296875,0.8163903856771887,val
tfc,tstcc,device:MotionSense:10,device:RealWorld_thigh:10,2,3,MotionSense,0.728515625,0.6781457289830496,val
tfc,tstcc,device:MotionSense:10,device:RealWorld_thigh:10,5,0,MotionSense,0.84765625,0.8481506700024153,val
tfc,tstcc,device:MotionSense:10,device:RealWorld_thigh:10,5,1,MotionSense,0.8466796875,0.8484090828552127,val
tfc,tstcc,device:MotionSense:10,device:RealWorld_thigh:10,5,2,MotionSense,0.837890625,0.8402139282236187,val
tfc,tstcc,device:MotionSense:10,device:RealWorld_thigh:10,5,3,MotionSense,0.7998046875,0.7934125299131919,val
tfc,tstcc,device:MotionSense:10,device:RealWorld_thigh:10,full,0,MotionSense,0.888671875,0.8910603773573452,val
tfc,tstcc,device:MotionSense:10,device:RealWorld_thigh:10,full,1,MotionSense,0.9072265625,0.908190750155673,val
tfc,tstcc,device:MotionSense:10,device:RealWorld_thigh:10,full,2,MotionSense,0.88671875,0.8864321140274553,val
tfc,tstcc,device:MotionSense:10,device:RealWorld_thigh:10,full,3,MotionSense,0.857421875,0.8599860286048044,val
none,cnnpff,device:MotionSense:10,-,full,0,MotionSense,0.8642578125,0.8661005313669919,val
none,cnnpff,device:MotionSense:10,-,full,1,MotionSense,0.8193359375,0.8226334225943605,val
none,cnnpff,device:MotionSense:10,-,full,2,MotionSense,0.830078125,0.8346286583981888,val
none,cnnpff,device:MotionSense:10,-,full,3,MotionSense,0.8359375,0.8381487455923143,val
none,cnnpff,device:RealWorld_thigh+MotionSense:10+10,-,full,0,RealWorld_thigh,0.684375,0.6925860419532684,val
none,cnnpff,device:RealWorld_thigh+MotionSense:10+10,-,full,0,MotionSense,0.8291015625,0.8291907071708846,val
none,cnnpff,device:RealWorld_thigh+MotionSense:10+10,-,full,1,RealWorld_thigh,0.7197916666666667,0.7254245739856652,val
none,cnnpff,device:RealWorld_thigh+MotionSense:10+10,-,full,1,MotionSense,0.8115234375,0.8114112643968675,val
none,cnnpff,device:RealWorld_thigh+MotionSense:10+10,-,full,2,RealWorld_thigh,0.7381944444444445,0.7401367318315156,val
none,cnnpff,device:RealWorld_thigh+MotionSense:10+10,-,full,2,MotionSense,0.833984375,0.8334622681338382,val
none,cnnpff,device:RealWorld_thigh+MotionSense:10+10,-,full,3,RealWorld_thigh,0.671875,0.6800922370934712,val
none,cnnpff,device:RealWorld_thigh+MotionSense:10+10,-,full,3,MotionSense,0.837890625,0.8393575652573372,val
none,cnnpff,device:RealWorld_thigh+MotionSense:5+5,-,full,0,RealWorld_thigh,0.6329861111111111,0.6419075856878355,val
none,cnnpff,device:RealWorld_thigh+MotionSense:5+5,-,full,0,MotionSense,0.814453125,0.8139502500977804,val
none,cnnpff,device:RealWorld_thigh+MotionSense:5+5,-,full,1,RealWorld_thigh,0.6621527777777778,0.6648665949327015,val
none,cnnpff,device:RealWorld_thigh+MotionSense:5+5,-,full,1,MotionSense,0.7783203125,0.7812095715770434,val
none,cnnpff,device:RealWorld_thigh+MotionSense:5+5,-,full,2,RealWorld_thigh,0.6861111111111111,0.6846472741922561,val
none,cnnpff,device:RealWorld_thigh+MotionSense:5+5,-,full,2,MotionSense,0.7548828125,0.7459777564136862,val
none,cnnpff,device:RealWorld_thigh+MotionSense:5+5,-,full,3,RealWorld_thigh,0.6208333333333333,0.628074614934046,val
none,cnnpff,device:RealWorld_thigh+MotionSense:5+5,-,full,3,MotionSense,0.7568359375,0.7532219337261394,val
none,cnnpff,device:RealWorld_thigh:10,-,full,0,RealWorld_thigh,0.678125,0.685057595957505,val
none,cnnpff,device:RealWorld_thigh:10,-,full,1,RealWorld_thigh,0.6993055555555555,0.7036302276848904,val
none,cnnpff,device:RealWorld_thigh:10,-,full,2,RealWorld_thigh,0.721875,0.726228780552279,val
none,cnnpff,device:RealWorld_thigh:10,-,full,3,RealWorld_thigh,0.7055555555555556,0.7130094413497448,val
none,resnetse5,device:MotionSense:10,-,full,0,MotionSense,0.8349609375,0.8348764799399278,val
none,resnetse5,device:MotionSense:10,-,full,1,MotionSense,0.9130859375,0.911486265056528,val
none,resnetse5,device:MotionSense:10,-,full,2,MotionSense,0.9365234375,0.9370015525765626,val
none,resnetse5,device:MotionSense:10,-,full,3,MotionSense,0.880859375,0.8811920342396556,val
none,resnetse5,device:RealWorld_thigh+MotionSense:10+10,-,full,0,RealWorld_thigh,0.6034722222222222,0.614406341623123,val
none,resnetse5,device:RealWorld_thigh+MotionSense:10+10,-,full,0,MotionSense,0.822265625,0.8211380907807172,val
none,resnetse5,device:RealWorld_thigh+MotionSense:10+10,-,full,1,RealWorld_thigh,0.66875,0.645561433166853,val
none,resnetse5,device:RealWorld_thigh+MotionSense:10+10,-,full,1,MotionSense,0.8818359375,0.8789574622523237,val
none,resnetse5,device:RealWorld_thigh+MotionSense:10+10,-,full,2,RealWorld_thigh,0.621875,0.5816025874780789,val
none,resnetse5,device:RealWorld_thigh+MotionSense:10+10,-,full,2,MotionSense,0.9189453125,0.919434934161289,val
none,resnetse5,device:RealWorld_thigh+MotionSense:10+10,-,full,3,RealWorld_thigh,0.6920138888888889,0.6882291689808812,val
none,resnetse5,device:RealWorld_thigh+MotionSense:10+10,-,full,3,MotionSense,0.8857421875,0.886391153015917,val
none,resnetse5,device:RealWorld_thigh+MotionSense:5+5,-,full,0,RealWorld_thigh,0.6302083333333334,0.619851944237369,val
none,resnetse5,device:RealWorld_thigh+MotionSense:5+5,-,full,0,MotionSense,0.7783203125,0.7532649475202388,val
none,resnetse5,device:RealWorld_thigh+MotionSense:5+5,-,full,1,RealWorld_thigh,0.6760416666666667,0.6832664818923568,val
none,resnetse5,device:RealWorld_thigh+MotionSense:5+5,-,full,1,MotionSense,0.79296875,0.7897187580520627,val
none,resnetse5,device:RealWorld_thigh+MotionSense:5+5,-,full,2,RealWorld_thigh,0.603125,0.5969463876376842,val
none,resnetse5,device:RealWorld_thigh+MotionSense:5+5,-,full,2,MotionSense,0.86328125,0.856955272433626,val
none,resnetse5,device:RealWorld_thigh+MotionSense:5+5,-,full,3,RealWorld_thigh,0.6798611111111111,0.6790760022651531,val
none,resnetse5,device:RealWorld_thigh+MotionSense:5+5,-,full,3,MotionSense,0.767578125,0.7662831063367327,val
none,resnetse5,device:RealWorld_thigh:10,-,full,0,RealWorld_thigh,0.6069444444444444,0.6176890946499979,val
none,resnetse5,device:RealWorld_thigh:10,-,full,1,RealWorld_thigh,0.7496527777777777,0.7495593717672503,val
none,resnetse5,device:RealWorld_thigh:10,-,full,2,RealWorld_thigh,0.6868055555555556,0.674933811468613,val
none,resnetse5,device:RealWorld_thigh:10,-,full,3,RealWorld_thigh,0.6756944444444445,0.633034752951989,val
none,rnn,device:MotionSense:10,-,full,0,MotionSense,0.669921875,0.665586681509487,val
none,rnn,device:MotionSense:10,-,full,1,MotionSense,0.751953125,0.7291787463740412,val
none,rnn,device:MotionSense:10,-,full,2,MotionSense,0.71484375,0.6889228781599681,val
none,rnn,device:MotionSense:10,-,full,3,MotionSense,0.748046875,0.7276846732533389,val
none,rnn,device:RealWorld_thigh+MotionSense:10+10,-,full,0,RealWorld_thigh,0.6006944444444444,0.5847731470937205,val
none,rnn,device:RealWorld_thigh+MotionSense:10+10,-,full,0,MotionSense,0.6201171875,0.5819973915215275,val
none,rnn,device:RealWorld_thigh+MotionSense:10+10,-,full,1,RealWorld_thigh,0.6329861111111111,0.6166169500584254,val
none,rnn,device:RealWorld_thigh+MotionSense:10+10,-,full,1,MotionSense,0.681640625,0.6576213458950934,val
none,rnn,device:RealWorld_thigh+MotionSense:10+10,-,full,2,RealWorld_thigh,0.6190972222222222,0.6060692824210767,val
none,rnn,device:RealWorld_thigh+MotionSense:10+10,-,full,2,MotionSense,0.712890625,0.6922968272858738,val
none,rnn,device:RealWorld_thigh+MotionSense:10+10,-,full,3,RealWorld_thigh,0.6079861111111111,0.5982314215343173,val
none,rnn,device:RealWorld_thigh+MotionSense:10+10,-,full,3,MotionSense,0.654296875,0.627898780391584,val
none,rnn,device:RealWorld_thigh+MotionSense:5+5,-,full,0,RealWorld_thigh,0.5864583333333333,0.5801767157572862,val
none,rnn,device:RealWorld_thigh+MotionSense:5+5,-,full,0,MotionSense,0.5673828125,0.53868617692864,val
none,rnn,device:RealWorld_thigh+MotionSense:5+5,-,full,1,RealWorld_thigh,0.6072916666666667,0.593246398535439,val
none,rnn,device:RealWorld_thigh+MotionSense:5+5,-,full,1,MotionSense,0.6357421875,0.6154480412074551,val
none,rnn,device:RealWorld_thigh+MotionSense:5+5,-,full,2,RealWorld_thigh,0.6065972222222222,0.5888833675569121,val
none,rnn,device:RealWorld_thigh+MotionSense:5+5,-,full,2,MotionSense,0.623046875,0.6027865775646981,val
none,rnn,device:RealWorld_thigh+MotionSense:5+5,-,full,3,RealWorld_thigh,0.5680555555555555,0.570214207004175,val
none,rnn,device:RealWorld_thigh+MotionSense:5+5,-,full,3,MotionSense,0.58203125,0.5616759864851774,val
none,rnn,device:RealWorld_thigh:10,-,full,0,RealWorld_thigh,0.5277777777777778,0.5217223499602048,val
none,rnn,device:RealWorld_thigh:10,-,full,1,RealWorld_thigh,0.6149305555555555,0.6051753316002375,val
none,rnn,device:RealWorld_thigh:10,-,full,2,RealWorld_thigh,0.6440972222222222,0.646740887672787,val
none,rnn,device:RealWorld_thigh:10,-,full,3,RealWorld_thigh,0.5697916666666667,0.5688328281780592,val
none,tstcc,device:MotionSense:10,-,full,0,MotionSense,0.845703125,0.8423946400100654,val
none,tstcc,device:MotionSense:10,-,full,1,MotionSense,0.86328125,0.8608033881991237,val
none,tstcc,device:MotionSense:10,-,full,2,MotionSense,0.8701171875,0.8696691292514411,val
none,tstcc,device:MotionSense:10,-,full,3,MotionSense,0.833984375,0.8251037623013739,val
none,tstcc,device:RealWorld_thigh+MotionSense:10+10,-,full,0,RealWorld_thigh,0.6493055555555556,0.6557813950184552,val
none,tstcc,device:RealWorld_thigh+MotionSense:10+10,-,full,0,MotionSense,0.7978515625,0.7751347170881043,val
none,tstcc,device:RealWorld_thigh+MotionSense:10+10,-,full,1,RealWorld_thigh,0.7409722222222223,0.7409923400788624,val
none,tstcc,device:RealWorld_thigh+MotionSense:10+10,-,full,1,MotionSense,0.8232421875,0.814125119353712,val
none,tstcc,device:RealWorld_thigh+MotionSense:10+10,-,full,2,RealWorld_thigh,0.7097222222222223,0.7009800073768356,val
none,tstcc,device:RealWorld_thigh+MotionSense:10+10,-,full,2,MotionSense,0.81640625,0.7922099423613935,val
none,tstcc,device:RealWorld_thigh+MotionSense:10+10,-,full,3,RealWorld_thigh,0.6732638888888889,0.6794006772600937,val
none,tstcc,device:RealWorld_thigh+MotionSense:10+10,-,full,3,MotionSense,0.8037109375,0.7850411101532931,val
none,tstcc,device:RealWorld_thigh+MotionSense:5+5,-,full,0,RealWorld_thigh,0.6354166666666666,0.640366395195869,val
none,tstcc,device:RealWorld_thigh+MotionSense:5+5,-,full,0,MotionSense,0.8173828125,0.8104963777257655,val
none,tstcc,device:RealWorld_thigh+MotionSense:5+5,-,full,1,RealWorld_thigh,0.6385416666666667,0.6417429412519137,val
none,tstcc,device:RealWorld_thigh+MotionSense:5+5,-,full,1,MotionSense,0.7998046875,0.7913945043822652,val
none,tstcc,device:RealWorld_thigh+MotionSense:5+5,-,full,2,RealWorld_thigh,0.7166666666666667,0.7097334507021582,val
none,tstcc,device:RealWorld_thigh+MotionSense:5+5,-,full,2,MotionSense,0.8193359375,0.8009742939493855,val
none,tstcc,device:RealWorld_thigh+MotionSense:5+5,-,full,3,RealWorld_thigh,0.6524305555555555,0.6571356413604664,val
none,tstcc,device:RealWorld_thigh+MotionSense:5+5,-,full,3,MotionSense,0.8125,0.7987858137335492,val
none,tstcc,device:RealWorld_thigh:10,-,full,0,RealWorld_thigh,0.7072916666666667,0.6983089464589584,val
none,tstcc,device:RealWorld_thigh:10,-,full,1,RealWorld_thigh,0.703125,0.7097871226145411,val
none,tstcc,device:RealWorld_thigh:10,-,full,2,RealWorld_thigh,0.7486111111111111,0.7437377251418128,val
none,tstcc,device:RealWorld_thigh:10,-,full,3,RealWorld_thigh,0.6836805555555555,0.6887919307161372,val
lfr,cnnpff,device:MotionSense:10,in-domain,10,0,MotionSense,0.818359375,0.8210184941387063,last
lfr,cnnpff,device:MotionSense:10,in-domain,10,1,MotionSense,0.8125,0.8150291623095915,last
lfr,cnnpff,device:MotionSense:10,in-domain,10,2,MotionSense,0.802734375,0.8065059728635141,last
lfr,cnnpff,device:MotionSense:10,in-domain,10,3,MotionSense,0.810546875,0.8142276972121042,last
lfr,cnnpff,device:MotionSense:10,in-domain,1,0,MotionSense,0.677734375,0.6669878283423957,last
lfr,cnnpff,device:MotionSense:10,in-domain,1,1,MotionSense,0.7216796875,0.714745808110583,last
lfr,cnnpff,device:MotionSense:10,in-domain,1,2,MotionSense,0.6611328125,0.6595010202556338,last
lfr,cnnpff,device:MotionSense:10,in-domain,1,3,MotionSense,0.654296875,0.6562084366483537,last
lfr,cnnpff,device:MotionSense:10,in-domain,2,0,MotionSense,0.7490234375,0.7469716779958775,last
lfr,cnnpff,device:MotionSense:10,in-domain,2,1,MotionSense,0.732421875,0.7316130614537898,last
lfr,cnnpff,device:MotionSense:10,in-domain,2,2,MotionSense,0.7724609375,0.7742580457548461,last
lfr,cnnpff,device:MotionSense:10,in-domain,2,3,MotionSense,0.7646484375,0.7675530251593634,last
lfr,cnnpff,device:MotionSense:10,in-domain,5,0,MotionSense,0.8193359375,0.8204416888877364,last
lfr,cnnpff,device:MotionSense:10,in-domain,5,1,MotionSense,0.8017578125,0.8028084893271444,last
lfr,cnnpff,device:MotionSense:10,in-domain,5,2,MotionSense,0.7841796875,0.7879831352902391,last
lfr,cnnpff,device:MotionSense:10,in-domain,5,3,MotionSense,0.8291015625,0.8323277821484694,last
lfr,cnnpff,device:MotionSense:10,in-domain,full,0,MotionSense,0.8466796875,0.848671569585369,last
lfr,cnnpff,device:MotionSense:10,in-domain,full,1,MotionSense,0.830078125,0.832810737004245,last
lfr,cnnpff,device:MotionSense:10,in-domain,full,2,MotionSense,0.8310546875,0.8350821123247325,last
lfr,cnnpff,device:MotionSense:10,in-domain,full,3,MotionSense,0.859375,0.8604976821549578,last
lfr,cnnpff,device:RealWorld_thigh+MotionSense:10+10,in-domain,10,0,RealWorld_thigh,0.7152777777777778,0.7180698886249065,last
lfr,cnnpff,device:RealWorld_thigh+MotionSense:10+10,in-domain,10,0,MotionSense,0.8125,0.8135766033157465,last
lfr,cnnpff,device:RealWorld_thigh+MotionSense:10+10,in-domain,10,1,RealWorld_thigh,0.7048611111111112,0.7075628273956537,last
lfr,cnnpff,device:RealWorld_thigh+MotionSense:10+10,in-domain,10,1,MotionSense,0.8056640625,0.8062112350595451,last
lfr,cnnpff,device:RealWorld_thigh+MotionSense:10+10,in-domain,10,2,RealWorld_thigh,0.7072916666666667,0.7088300947652254,last
lfr,cnnpff,device:RealWorld_thigh+MotionSense:10+10,in-domain,10,2,MotionSense,0.8310546875,0.8326954902100692,last
lfr,cnnpff,device:RealWorld_thigh+MotionSense:10+10,in-domain,10,3,RealWorld_thigh,0.6881944444444444,0.6927808645317194,last
lfr,cnnpff,device:RealWorld_thigh+MotionSense:10+10,in-domain,10,3,MotionSense,0.82421875,0.8268045478886288,last
lfr,cnnpff,device:RealWorld_thigh+MotionSense:10+10,in-domain,1,0,RealWorld_thigh,0.5541666666666667,0.5566985018328607,last
lfr,cnnpff,device:RealWorld_thigh+MotionSense:10+10,in-domain,1,0,MotionSense,0.6806640625,0.677543645397423,last
lfr,cnnpff,device:RealWorld_thigh+MotionSense:10+10,in-domain,1,1,RealWorld_thigh,0.5739583333333333,0.5734632571782713,last
lfr,cnnpff,device:RealWorld_thigh+MotionSense:10+10,in-domain,1,1,MotionSense,0.6259765625,0.6261057314732406,last
lfr,cnnpff,device:RealWorld_thigh+MotionSense:10+10,in-domain,1,2,RealWorld_thigh,0.575,0.5792909325024399,last
lfr,cnnpff,device:RealWorld_thigh+MotionSense:10+10,in-domain,1,2,MotionSense,0.6845703125,0.6799488646097647,last
lfr,cnnpff,device:RealWorld_thigh+MotionSense:10+10,in-domain,1,3,RealWorld_thigh,0.5465277777777777,0.554842553387037,last
lfr,cnnpff,device:RealWorld_thigh+MotionSense:10+10,in-domain,1,3,MotionSense,0.6396484375,0.6410719670821916,last
lfr,cnnpff,device:RealWorld_thigh+MotionSense:10+10,in-domain,2,0,RealWorld_thigh,0.6524305555555555,0.6541391844417311,last
lfr,cnnpff,device:RealWorld_thigh+MotionSense:10+10,in-domain,2,0,MotionSense,0.7705078125,0.7668565758360718,last
lfr,cnnpff,device:RealWorld_thigh+MotionSense:10+10,in-domain,2,1,RealWorld_thigh,0.6392361111111111,0.6437244116262162,last
lfr,cnnpff,device:RealWorld_thigh+MotionSense:10+10,in-domain,2,1,MotionSense,0.7451171875,0.7432539553550105,last
lfr,cnnpff,device:RealWorld_thigh+MotionSense:10+10,in-domain,2,2,RealWorld_thigh,0.6548611111111111,0.6575370188971367,last
lfr,cnnpff,device:RealWorld_thigh+MotionSense:10+10,in-domain,2,2,MotionSense,0.7626953125,0.7602862492145867,last
lfr,cnnpff,device:RealWorld_thigh+MotionSense:10+10,in-domain,2,3,RealWorld_thigh,0.6159722222222223,0.6210830825484615,last
lfr,cnnpff,device:RealWorld_thigh+MotionSense:10+10,in-domain,2,3,MotionSense,0.7373046875,0.7385277073586408,last
lfr,cnnpff,device:RealWorld_thigh+MotionSense:10+10,in-domain,5,0,RealWorld_thigh,0.6875,0.6909334895122256,last
lfr,cnnpff,device:RealWorld_thigh+MotionSense:10+10,in-domain,5,0,MotionSense,0.802734375,0.8018053449857434,last
lfr,cnnpff,device:RealWorld_thigh+MotionSense:10+10,in-domain,5,1,RealWorld_thigh,0.6805555555555556,0.6828649987557873,last
lfr,cnnpff,device:RealWorld_thigh+MotionSense:10+10,in-domain,5,1,MotionSense,0.7958984375,0.795407500109257,last
lfr,cnnpff,device:RealWorld_thigh+MotionSense:10+10,in-domain,5,2,RealWorld_thigh,0.6847222222222222,0.6866568549156455,last
lfr,cnnpff,device:RealWorld_thigh+MotionSense:10+10,in-domain,5,2,MotionSense,0.78515625,0.7846825155141234,last
lfr,cnnpff,device:RealWorld_thigh+MotionSense:10+10,in-domain,5,3,RealWorld_thigh,0.6864583333333333,0.6906389503631103,last
lfr,cnnpff,device:RealWorld_thigh+MotionSense:10+10,in-domain,5,3,MotionSense,0.8056640625,0.8075293744939366,last
lfr,cnnpff,device:RealWorld_thigh+MotionSense:10+10,in-domain,full,0,RealWorld_thigh,0.684375,0.6929924677358414,last
lfr,cnnpff,device:RealWorld_thigh+MotionSense:10+10,in-domain,full,0,MotionSense,0.814453125,0.8159183744104593,last
lfr,cnnpff,device:RealWorld_thigh+MotionSense:10+10,in-domain,full,1,RealWorld_thigh,0.7190972222222223,0.7251980010944431,last
lfr,cnnpff,device:RealWorld_thigh+MotionSense:10+10,in-domain,full,1,MotionSense,0.8330078125,0.83506094012185,last
lfr,cnnpff,device:RealWorld_thigh+MotionSense:10+10,in-domain,full,2,RealWorld_thigh,0.6916666666666667,0.6987561166327804,last
lfr,cnnpff,device:RealWorld_thigh+MotionSense:10+10,in-domain,full,2,MotionSense,0.833984375,0.8348103665059443,last
lfr,cnnpff,device:RealWorld_thigh+MotionSense:10+10,in-domain,full,3,RealWorld_thigh,0.6854166666666667,0.6934918334155001,last
lfr,cnnpff,device:RealWorld_thigh+MotionSense:10+10,in-domain,full,3,MotionSense,0.841796875,0.8415362630369385,last
lfr,cnnpff,device:RealWorld_thigh+MotionSense:5+5,in-domain,10,0,RealWorld_thigh,0.6822916666666666,0.6830845024447182,last
lfr,cnnpff,device:RealWorld_thigh+MotionSense:5+5,in-domain,10,0,MotionSense,0.7802734375,0.7734681062617885,last
lfr,cnnpff,device:RealWorld_thigh+MotionSense:5+5,in-domain,10,1,RealWorld_thigh,0.6690972222222222,0.6698958273581604,last
lfr,cnnpff,device:RealWorld_thigh+MotionSense:5+5,in-domain,10,1,MotionSense,0.7548828125,0.7544546146323109,last
lfr,cnnpff,device:RealWorld_thigh+MotionSense:5+5,in-domain,10,2,RealWorld_thigh,0.6440972222222222,0.6433808400698061,last
lfr,cnnpff,device:RealWorld_thigh+MotionSense:5+5,in-domain,10,2,MotionSense,0.7451171875,0.7386179217167054,last
lfr,cnnpff,device:RealWorld_thigh+MotionSense:5+5,in-domain,10,3,RealWorld_thigh,0.6753472222222222,0.674774044189474,last
lfr,cnnpff,device:RealWorld_thigh+MotionSense:5+5,in-domain,10,3,MotionSense,0.7275390625,0.7197192812138749,last
lfr,cnnpff,device:RealWorld_thigh+MotionSense:5+5,in-domain,1,0,RealWorld_thigh,0.5614583333333333,0.5593265331655608,last
lfr,cnnpff,device:RealWorld_thigh+MotionSense:5+5,in-domain,1,0,MotionSense,0.66796875,0.6549454741302357,last
lfr,cnnpff,device:RealWorld_thigh+MotionSense:5+5,in-domain,1,1,RealWorld_thigh,0.5513888888888889,0.5476294469177297,last
lfr,cnnpff,device:RealWorld_thigh+MotionSense:5+5,in-domain,1,1,MotionSense,0.642578125,0.6354925999183995,last
lfr,cnnpff,device:RealWorld_thigh+MotionSense:5+5,in-domain,1,2,RealWorld_thigh,0.5350694444444445,0.5353466840635037,last
lfr,cnnpff,device:RealWorld_thigh+MotionSense:5+5,in-domain,1,2,MotionSense,0.5888671875,0.5806272641108247,last
lfr,cnnpff,device:RealWorld_thigh+MotionSense:5+5,in-domain,1,3,RealWorld_thigh,0.4194444444444444,0.4155857457520736,last
lfr,cnnpff,device:RealWorld_thigh+MotionSense:5+5,in-domain,1,3,MotionSense,0.5517578125,0.5359895619427891,last
lfr,cnnpff,device:RealWorld_thigh+MotionSense:5+5,in-domain,2,0,RealWorld_thigh,0.5836805555555555,0.5840845195400499,last
lfr,cnnpff,device:RealWorld_thigh+MotionSense:5+5,in-domain,2,0,MotionSense,0.7216796875,0.7065694077343337,last
lfr,cnnpff,device:RealWorld_thigh+MotionSense:5+5,in-domain,2,1,RealWorld_thigh,0.5493055555555556,0.54845443958573,last
lfr,cnnpff,device:RealWorld_thigh+MotionSense:5+5,in-domain,2,1,MotionSense,0.6650390625,0.6582037345709587,last
lfr,cnnpff,device:RealWorld_thigh+MotionSense:5+5,in-domain,2,2,RealWorld_thigh,0.5586805555555555,0.5601270116246455,last
lfr,cnnpff,device:RealWorld_thigh+MotionSense:5+5,in-domain,2,2,MotionSense,0.6220703125,0.6194997147440362,last
lfr,cnnpff,device:RealWorld_thigh+MotionSense:5+5,in-domain,2,3,RealWorld_thigh,0.5753472222222222,0.576884599454193,last
lfr,cnnpff,device:RealWorld_thigh+MotionSense:5+5,in-domain,2,3,MotionSense,0.67578125,0.6633439301591078,last
lfr,cnnpff,device:RealWorld_thigh+MotionSense:5+5,in-domain,5,0,RealWorld_thigh,0.6527777777777778,0.6520405125969927,last
lfr,cnnpff,device:RealWorld_thigh+MotionSense:5+5,in-domain,5,0,MotionSense,0.763671875,0.7574975089447361,last
lfr,cnnpff,device:RealWorld_thigh+MotionSense:5+5,in-domain,5,1,RealWorld_thigh,0.6545138888888888,0.6537598347438349,last
lfr,cnnpff,device:RealWorld_thigh+MotionSense:5+5,in-domain,5,1,MotionSense,0.7265625,0.7231808412458248,last
lfr,cnnpff,device:RealWorld_thigh+MotionSense:5+5,in-domain,5,2,RealWorld_thigh,0.6402777777777777,0.6415161268418345,last
lfr,cnnpff,device:RealWorld_thigh+MotionSense:5+5,in-domain,5,2,MotionSense,0.701171875,0.6848597593861889,last
lfr,cnnpff,device:RealWorld_thigh+MotionSense:5+5,in-domain,5,3,RealWorld_thigh,0.6291666666666667,0.6291250614581677,last
lfr,cnnpff,device:RealWorld_thigh+MotionSense:5+5,in-domain,5,3,MotionSense,0.6953125,0.6911891271883378,last
lfr,cnnpff,device:RealWorld_thigh+MotionSense:5+5,in-domain,full,0,RealWorld_thigh,0.6361111111111111,0.6417240322714421,last
lfr,cnnpff,device:RealWorld_thigh+MotionSense:5+5,in-domain,full,0,MotionSense,0.787109375,0.7822627073624698,last
lfr,cnnpff,device:RealWorld_thigh+MotionSense:5+5,in-domain,full,1,RealWorld_thigh,0.6381944444444444,0.6414879542758932,last
lfr,cnnpff,device:RealWorld_thigh+MotionSense:5+5,in-domain,full,1,MotionSense,0.74609375,0.746379138405059,last
lfr,cnnpff,device:RealWorld_thigh+MotionSense:5+5,in-domain,full,2,RealWorld_thigh,0.6486111111111111,0.6520042971925449,last
lfr,cnnpff,device:RealWorld_thigh+MotionSense:5+5,in-domain,full,2,MotionSense,0.7607421875,0.7587209410371841,last
lfr,cnnpff,device:RealWorld_thigh+MotionSense:5+5,in-domain,full,3,RealWorld_thigh,0.6458333333333334,0.6505489341771533,last
lfr,cnnpff,device:RealWorld_thigh+MotionSense:5+5,in-domain,full,3,MotionSense,0.763671875,0.7576678287163435,last
lfr,cnnpff,device:RealWorld_thigh:10,in-domain,10,0,RealWorld_thigh,0.7274305555555556,0.7299898809204454,last
lfr,cnnpff,device:RealWorld_thigh:10,in-domain,10,1,RealWorld_thigh,0.6930555555555555,0.6969772696009597,last
lfr,cnnpff,device:RealWorld_thigh:10,in-domain,10,2,RealWorld_thigh,0.7274305555555556,0.7263719573609381,last
lfr,cnnpff,device:RealWorld_thigh:10,in-domain,10,3,RealWorld_thigh,0.7395833333333334,0.7420328070368312,last
lfr,cnnpff,device:RealWorld_thigh:10,in-domain,1,0,RealWorld_thigh,0.5333333333333333,0.5362824006005209,last
lfr,cnnpff,device:RealWorld_thigh:10,in-domain,1,1,RealWorld_thigh,0.5305555555555556,0.5244260543693603,last
lfr,cnnpff,device:RealWorld_thigh:10,in-domain,1,2,RealWorld_thigh,0.5618055555555556,0.5646348034480331,last
lfr,cnnpff,device:RealWorld_thigh:10,in-domain,1,3,RealWorld_thigh,0.5454861111111111,0.5406073070892378,last
lfr,cnnpff,device:RealWorld_thigh:10,in-domain,2,0,RealWorld_thigh,0.5388888888888889,0.5470149476175334,last
lfr,cnnpff,device:RealWorld_thigh:10,in-domain,2,1,RealWorld_thigh,0.6097222222222223,0.6107143369848931,last
lfr,cnnpff,device:RealWorld_thigh:10,in-domain,2,2,RealWorld_thigh,0.6434027777777778,0.6460680733433121,last
lfr,cnnpff,device:RealWorld_thigh:10,in-domain,2,3,RealWorld_thigh,0.6368055555555555,0.6374537291992148,last
lfr,cnnpff,device:RealWorld_thigh:10,in-domain,5,0,RealWorld_thigh,0.6791666666666667,0.6824058195630295,last
lfr,cnnpff,device:RealWorld_thigh:10,in-domain,5,1,RealWorld_thigh,0.6739583333333333,0.6737100059929871,last
lfr,cnnpff,device:RealWorld_thigh:10,in-domain,5,2,RealWorld_thigh,0.7083333333333334,0.7077627663986324,last
lfr,cnnpff,device:RealWorld_thigh:10,in-domain,5,3,RealWorld_thigh,0.7180555555555556,0.7182079098345936,last
lfr,cnnpff,device:RealWorld_thigh:10,in-domain,full,0,RealWorld_thigh,0.6993055555555555,0.7062488483881483,last
lfr,cnnpff,device:RealWorld_thigh:10,in-domain,full,1,RealWorld_thigh,0.6763888888888889,0.6850477555191343,last
lfr,cnnpff,device:RealWorld_thigh:10,in-domain,full,2,RealWorld_thigh,0.6961805555555556,0.7021962643240774,last
lfr,cnnpff,device:RealWorld_thigh:10,in-domain,full,3,RealWorld_thigh,0.7027777777777777,0.7095087428077429,last
lfr,resnetse5,device:MotionSense:10,in-domain,10,0,MotionSense,0.81640625,0.8069316585328706,last
lfr,resnetse5,device:MotionSense:10,in-domain,10,1,MotionSense,0.8916015625,0.88856398115633,last
lfr,resnetse5,device:MotionSense:10,in-domain,10,2,MotionSense,0.91015625,0.9100888749011176,last
lfr,resnetse5,device:MotionSense:10,in-domain,10,3,MotionSense,0.7763671875,0.7371246141405376,last
lfr,resnetse5,device:MotionSense:10,in-domain,1,0,MotionSense,0.83203125,0.8318760525697527,last
lfr,resnetse5,device:MotionSense:10,in-domain,1,1,MotionSense,0.830078125,0.8246201210887819,last
lfr,resnetse5,device:MotionSense:10,in-domain,1,2,MotionSense,0.822265625,0.8223285258422971,last
lfr,resnetse5,device:MotionSense:10,in-domain,1,3,MotionSense,0.806640625,0.7997548931821569,last
lfr,resnetse5,device:MotionSense:10,in-domain,2,0,MotionSense,0.8349609375,0.8293378494191366,last
lfr,resnetse5,device:MotionSense:10,in-domain,2,1,MotionSense,0.8818359375,0.8792083080318375,last
lfr,resnetse5,device:MotionSense:10,in-domain,2,2,MotionSense,0.8671875,0.8679622628117887,last
lfr,resnetse5,device:MotionSense:10,in-domain,2,3,MotionSense,0.8603515625,0.8588673738335911,last
lfr,resnetse5,device:MotionSense:10,in-domain,5,0,MotionSense,0.8603515625,0.8569249724924427,last
lfr,resnetse5,device:MotionSense:10,in-domain,5,1,MotionSense,0.87890625,0.877660530844015,last
lfr,resnetse5,device:MotionSense:10,in-domain,5,2,MotionSense,0.7783203125,0.7330249517669364,last
lfr,resnetse5,device:MotionSense:10,in-domain,5,3,MotionSense,0.8984375,0.8984635150594804,last
lfr,resnetse5,device:MotionSense:10,in-domain,full,0,MotionSense,0.76171875,0.7162702133874831,last
lfr,resnetse5,device:MotionSense:10,in-domain,full,1,MotionSense,0.908203125,0.9067237299276462,last
lfr,resnetse5,device:MotionSense:10,in-domain,full,2,MotionSense,0.7783203125,0.7509609388838735,last
lfr,resnetse5,device:MotionSense:10,in-domain,full,3,MotionSense,0.8955078125,0.8960957373596662,last
lfr,resnetse5,device:RealWorld_thigh+MotionSense:10+10,in-domain,10,0,RealWorld_thigh,0.6920138888888889,0.65031828292377,last
lfr,resnetse5,device:RealWorld_thigh+MotionSense:10+10,in-domain,10,0,MotionSense,0.767578125,0.7257617090734833,last
lfr,resnetse5,device:RealWorld_thigh+MotionSense:10+10,in-domain,10,1,RealWorld_thigh,0.6711805555555556,0.6303914481685672,last
lfr,resnetse5,device:RealWorld_thigh+MotionSense:10+10,in-domain,10,1,MotionSense,0.7685546875,0.7242240682015418,last
lfr,resnetse5,device:RealWorld_thigh+MotionSense:10+10,in-domain,10,2,RealWorld_thigh,0.640625,0.6214713982658623,last
lfr,resnetse5,device:RealWorld_thigh+MotionSense:10+10,in-domain,10,2,MotionSense,0.8994140625,0.9001130676258966,last
lfr,resnetse5,device:RealWorld_thigh+MotionSense:10+10,in-domain,10,3,RealWorld_thigh,0.6635416666666667,0.6210036299765491,last
lfr,resnetse5,device:RealWorld_thigh+MotionSense:10+10,in-domain,10,3,MotionSense,0.7333984375,0.6863669363651334,last
lfr,resnetse5,device:RealWorld_thigh+MotionSense:10+10,in-domain,1,0,RealWorld_thigh,0.6100694444444444,0.6183898623090774,last
lfr,resnetse5,device:RealWorld_thigh+MotionSense:10+10,in-domain,1,0,MotionSense,0.845703125,0.845785855619494,last
lfr,resnetse5,device:RealWorld_thigh+MotionSense:10+10,in-domain,1,1,RealWorld_thigh,0.7048611111111112,0.7068247356921117,last
lfr,resnetse5,device:RealWorld_thigh+MotionSense:10+10,in-domain,1,1,MotionSense,0.8125,0.8069212811237745,last
lfr,resnetse5,device:RealWorld_thigh+MotionSense:10+10,in-domain,1,2,RealWorld_thigh,0.6871527777777777,0.6901680229195465,last
lfr,resnetse5,device:RealWorld_thigh+MotionSense:10+10,in-domain,1,2,MotionSense,0.8134765625,0.8144740936363082,last
lfr,resnetse5,device:RealWorld_thigh+MotionSense:10+10,in-domain,1,3,RealWorld_thigh,0.6802083333333333,0.687549345714268,last
lfr,resnetse5,device:RealWorld_thigh+MotionSense:10+10,in-domain,1,3,MotionSense,0.7890625,0.7883686749186954,last
lfr,resnetse5,device:RealWorld_thigh+MotionSense:10+10,in-domain,2,0,RealWorld_thigh,0.6434027777777778,0.6523347519823769,last
lfr,resnetse5,device:RealWorld_thigh+MotionSense:10+10,in-domain,2,0,MotionSense,0.875,0.8750287955249471,last
lfr,resnetse5,device:RealWorld_thigh+MotionSense:10+10,in-domain,2,1,RealWorld_thigh,0.64375,0.6223862597531409,last
lfr,resnetse5,device:RealWorld_thigh+MotionSense:10+10,in-domain,2,1,MotionSense,0.7744140625,0.7234997284655966,last
lfr,resnetse5,device:RealWorld_thigh+MotionSense:10+10,in-domain,2,2,RealWorld_thigh,0.6576388888888889,0.6249647897696885,last
lfr,resnetse5,device:RealWorld_thigh+MotionSense:10+10,in-domain,2,2,MotionSense,0.8349609375,0.8334176111021036,last
lfr,resnetse5,device:RealWorld_thigh+MotionSense:10+10,in-domain,2,3,RealWorld_thigh,0.7315972222222222,0.7342387418334265,last
lfr,resnetse5,device:RealWorld_thigh+MotionSense:10+10,in-domain,2,3,MotionSense,0.7841796875,0.7833671769047141,last
lfr,resnetse5,device:RealWorld_thigh+MotionSense:10+10,in-domain,5,0,RealWorld_thigh,0.66875,0.6249011002451054,last
lfr,resnetse5,device:RealWorld_thigh+MotionSense:10+10,in-domain,5,0,MotionSense,0.7578125,0.7150732813612155,last
lfr,resnetse5,device:RealWorld_thigh+MotionSense:10+10,in-domain,5,1,RealWorld_thigh,0.6739583333333333,0.6335644203774283,last
lfr,resnetse5,device:RealWorld_thigh+MotionSense:10+10,in-domain,5,1,MotionSense,0.7724609375,0.7272876619543878,last
lfr,resnetse5,device:RealWorld_thigh+MotionSense:10+10,in-domain,5,2,RealWorld_thigh,0.6541666666666667,0.6293910583647114,last
lfr,resnetse5,device:RealWorld_thigh+MotionSense:10+10,in-domain,5,2,MotionSense,0.748046875,0.7012942498471392,last
lfr,resnetse5,device:RealWorld_thigh+MotionSense:10+10,in-domain,5,3,RealWorld_thigh,0.671875,0.6265421075554566,last
lfr,resnetse5,device:RealWorld_thigh+MotionSense:10+10,in-domain,5,3,MotionSense,0.8310546875,0.8287228447309185,last
lfr,resnetse5,device:RealWorld_thigh+MotionSense:10+10,in-domain,full,0,RealWorld_thigh,0.6524305555555555,0.6264014027933128,last
lfr,resnetse5,device:RealWorld_thigh+MotionSense:10+10,in-domain,full,0,MotionSense,0.806640625,0.7825162786942816,last
lfr,resnetse5,device:RealWorld_thigh+MotionSense:10+10,in-domain,full,1,RealWorld_thigh,0.6767361111111111,0.6329850866405652,last
lfr,resnetse5,device:RealWorld_thigh+MotionSense:10+10,in-domain,full,1,MotionSense,0.7705078125,0.7233033946412859,last
lfr,resnetse5,device:RealWorld_thigh+MotionSense:10+10,in-domain,full,2,RealWorld_thigh,0.6649305555555556,0.6219110901268083,last
lfr,resnetse5,device:RealWorld_thigh+MotionSense:10+10,in-domain,full,2,MotionSense,0.9326171875,0.9332260734473182,last
lfr,resnetse5,device:RealWorld_thigh+MotionSense:10+10,in-domain,full,3,RealWorld_thigh,0.6805555555555556,0.6374326599145986,last
lfr,resnetse5,device:RealWorld_thigh+MotionSense:10+10,in-domain,full,3,MotionSense,0.7744140625,0.729233412635227,last
lfr,resnetse5,device:RealWorld_thigh+MotionSense:5+5,in-domain,10,0,RealWorld_thigh,0.6854166666666667,0.689629444913705,last
lfr,resnetse5,device:RealWorld_thigh+MotionSense:5+5,in-domain,10,0,MotionSense,0.7919921875,0.7687986466282353,last
lfr,resnetse5,device:RealWorld_thigh+MotionSense:5+5,in-domain,10,1,RealWorld_thigh,0.6815972222222222,0.686528525192859,last
lfr,resnetse5,device:RealWorld_thigh+MotionSense:5+5,in-domain,10,1,MotionSense,0.763671875,0.7203557432694395,last
lfr,resnetse5,device:RealWorld_thigh+MotionSense:5+5,in-domain,10,2,RealWorld_thigh,0.7229166666666667,0.7269582628488709,last
lfr,resnetse5,device:RealWorld_thigh+MotionSense:5+5,in-domain,10,2,MotionSense,0.7138671875,0.661770863093443,last
lfr,resnetse5,device:RealWorld_thigh+MotionSense:5+5,in-domain,10,3,RealWorld_thigh,0.6215277777777778,0.6174261115111014,last
lfr,resnetse5,device:RealWorld_thigh+MotionSense:5+5,in-domain,10,3,MotionSense,0.6875,0.6365355233625586,last
lfr,resnetse5,device:RealWorld_thigh+MotionSense:5+5,in-domain,1,0,RealWorld_thigh,0.6302083333333334,0.6248912696383688,last
lfr,resnetse5,device:RealWorld_thigh+MotionSense:5+5,in-domain,1,0,MotionSense,0.70703125,0.6748049798403738,last
lfr,resnetse5,device:RealWorld_thigh+MotionSense:5+5,in-domain,1,1,RealWorld_thigh,0.6427083333333333,0.6331394951465473,last
lfr,resnetse5,device:RealWorld_thigh+MotionSense:5+5,in-domain,1,1,MotionSense,0.7763671875,0.7699874759562727,last
lfr,resnetse5,device:RealWorld_thigh+MotionSense:5+5,in-domain,1,2,RealWorld_thigh,0.6402777777777777,0.6430485013901621,last
lfr,resnetse5,device:RealWorld_thigh+MotionSense:5+5,in-domain,1,2,MotionSense,0.7607421875,0.7603762392363183,last
lfr,resnetse5,device:RealWorld_thigh+MotionSense:5+5,in-domain,1,3,RealWorld_thigh,0.5336805555555556,0.5320515969468248,last
lfr,resnetse5,device:RealWorld_thigh+MotionSense:5+5,in-domain,1,3,MotionSense,0.6474609375,0.6117419583272513,last
lfr,resnetse5,device:RealWorld_thigh+MotionSense:5+5,in-domain,2,0,RealWorld_thigh,0.6427083333333333,0.6468145246367164,last
lfr,resnetse5,device:RealWorld_thigh+MotionSense:5+5,in-domain,2,0,MotionSense,0.767578125,0.7581902258919843,last
lfr,resnetse5,device:RealWorld_thigh+MotionSense:5+5,in-domain,2,1,RealWorld_thigh,0.6378472222222222,0.6388515362321053,last
lfr,resnetse5,device:RealWorld_thigh+MotionSense:5+5,in-domain,2,1,MotionSense,0.8330078125,0.8266716815053824,last
lfr,resnetse5,device:RealWorld_thigh+MotionSense:5+5,in-domain,2,2,RealWorld_thigh,0.5534722222222223,0.5202384029960666,last
lfr,resnetse5,device:RealWorld_thigh+MotionSense:5+5,in-domain,2,2,MotionSense,0.8134765625,0.812032342816166,last
lfr,resnetse5,device:RealWorld_thigh+MotionSense:5+5,in-domain,2,3,RealWorld_thigh,0.5666666666666667,0.567123321099764,last
lfr,resnetse5,device:RealWorld_thigh+MotionSense:5+5,in-domain,2,3,MotionSense,0.6591796875,0.6354513311325825,last
lfr,resnetse5,device:RealWorld_thigh+MotionSense:5+5,in-domain,5,0,RealWorld_thigh,0.6371527777777778,0.634333344156682,last
lfr,resnetse5,device:RealWorld_thigh+MotionSense:5+5,in-domain,5,0,MotionSense,0.703125,0.6536249304616467,last
lfr,resnetse5,device:RealWorld_thigh+MotionSense:5+5,in-domain,5,1,RealWorld_thigh,0.6989583333333333,0.6981446319583156,last
lfr,resnetse5,device:RealWorld_thigh+MotionSense:5+5,in-domain,5,1,MotionSense,0.7734375,0.7320059840148795,last
lfr,resnetse5,device:RealWorld_thigh+MotionSense:5+5,in-domain,5,2,RealWorld_thigh,0.653125,0.6552114168346469,last
lfr,resnetse5,device:RealWorld_thigh+MotionSense:5+5,in-domain,5,2,MotionSense,0.74609375,0.7238021789035368,last
lfr,resnetse5,device:RealWorld_thigh+MotionSense:5+5,in-domain,5,3,RealWorld_thigh,0.5413194444444445,0.5373384622879255,last
lfr,resnetse5,device:RealWorld_thigh+MotionSense:5+5,in-domain,5,3,MotionSense,0.6484375,0.5807699983364332,last
lfr,resnetse5,device:RealWorld_thigh+MotionSense:5+5,in-domain,full,0,RealWorld_thigh,0.4760416666666666,0.4457720948564034,last
lfr,resnetse5,device:RealWorld_thigh+MotionSense:5+5,in-domain,full,0,MotionSense,0.8173828125,0.8001045912528594,last
lfr,resnetse5,device:RealWorld_thigh+MotionSense:5+5,in-domain,full,1,RealWorld_thigh,0.6923611111111111,0.6855076520852288,last
lfr,resnetse5,device:RealWorld_thigh+MotionSense:5+5,in-domain,full,1,MotionSense,0.7431640625,0.7102176614424806,last
lfr,resnetse5,device:RealWorld_thigh+MotionSense:5+5,in-domain,full,2,RealWorld_thigh,0.6055555555555555,0.5896762685795216,last
lfr,resnetse5,device:RealWorld_thigh+MotionSense:5+5,in-domain,full,2,MotionSense,0.7705078125,0.7540623777309693,last
lfr,resnetse5,device:RealWorld_thigh+MotionSense:5+5,in-domain,full,3,RealWorld_thigh,0.5809027777777778,0.5655475485307637,last
lfr,resnetse5,device:RealWorld_thigh+MotionSense:5+5,in-domain,full,3,MotionSense,0.8076171875,0.7821820172238376,last
lfr,resnetse5,device:RealWorld_thigh:10,in-domain,10,0,RealWorld_thigh,0.5701388888888889,0.5421224805013463,last
lfr,resnetse5,device:RealWorld_thigh:10,in-domain,10,1,RealWorld_thigh,0.634375,0.6070238042632364,last
lfr,resnetse5,device:RealWorld_thigh:10,in-domain,10,2,RealWorld_thigh,0.6486111111111111,0.6352150926373303,last
lfr,resnetse5,device:RealWorld_thigh:10,in-domain,10,3,RealWorld_thigh,0.6576388888888889,0.6316034877730171,last
lfr,resnetse5,device:RealWorld_thigh:10,in-domain,1,0,RealWorld_thigh,0.6524305555555555,0.6565368681152939,last
lfr,resnetse5,device:RealWorld_thigh:10,in-domain,1,1,RealWorld_thigh,0.690625,0.6952403856857724,last
lfr,resnetse5,device:RealWorld_thigh:10,in-domain,1,2,RealWorld_thigh,0.7215277777777778,0.7216710807697094,last
lfr,resnetse5,device:RealWorld_thigh:10,in-domain,1,3,RealWorld_thigh,0.7322916666666667,0.7395453273583968,last
lfr,resnetse5,device:RealWorld_thigh:10,in-domain,2,0,RealWorld_thigh,0.6194444444444445,0.6211709911811762,last
lfr,resnetse5,device:RealWorld_thigh:10,in-domain,2,1,RealWorld_thigh,0.621875,0.6090431230485372,last
lfr,resnetse5,device:RealWorld_thigh:10,in-domain,2,2,RealWorld_thigh,0.671875,0.6620853973736683,last
lfr,resnetse5,device:RealWorld_thigh:10,in-domain,2,3,RealWorld_thigh,0.7086805555555555,0.7120292391049073,last
lfr,resnetse5,device:RealWorld_thigh:10,in-domain,5,0,RealWorld_thigh,0.6010416666666667,0.5832762274415667,last
lfr,resnetse5,device:RealWorld_thigh:10,in-domain,5,1,RealWorld_thigh,0.6934027777777778,0.6974432251786138,last
lfr,resnetse5,device:RealWorld_thigh:10,in-domain,5,2,RealWorld_thigh,0.6416666666666667,0.6340576305048842,last
lfr,resnetse5,device:RealWorld_thigh:10,in-domain,5,3,RealWorld_thigh,0.6100694444444444,0.5848252573769519,last
lfr,resnetse5,device:RealWorld_thigh:10,in-domain,full,0,RealWorld_thigh,0.5493055555555556,0.5036395544023152,last
lfr,resnetse5,device:RealWorld_thigh:10,in-domain,full,1,RealWorld_thigh,0.6055555555555555,0.5689650021103484,last
lfr,resnetse5,device:RealWorld_thigh:10,in-domain,full,2,RealWorld_thigh,0.596875,0.5563507235993198,last
lfr,resnetse5,device:RealWorld_thigh:10,in-domain,full,3,RealWorld_thigh,0.6729166666666667,0.631628416659989,last
lfr,rnn,device:MotionSense:10,in-domain,10,0,MotionSense,0.7080078125,0.6683220540165494,last
lfr,rnn,device:MotionSense:10,in-domain,10,1,MotionSense,0.7060546875,0.6886993207290221,last
lfr,rnn,device:MotionSense:10,in-domain,10,2,MotionSense,0.697265625,0.647317500415153,last
lfr,rnn,device:MotionSense:10,in-domain,10,3,MotionSense,0.71875,0.6769669599273646,last
lfr,rnn,device:MotionSense:10,in-domain,1,0,MotionSense,0.59375,0.5614555391548938,last
lfr,rnn,device:MotionSense:10,in-domain,1,1,MotionSense,0.5791015625,0.5719761063351111,last
lfr,rnn,device:MotionSense:10,in-domain,1,2,MotionSense,0.525390625,0.4843716349602489,last
lfr,rnn,device:MotionSense:10,in-domain,1,3,MotionSense,0.52734375,0.4770995917569322,last
lfr,rnn,device:MotionSense:10,in-domain,2,0,MotionSense,0.6806640625,0.6470500576007386,last
lfr,rnn,device:MotionSense:10,in-domain,2,1,MotionSense,0.7060546875,0.7020075086480112,last
lfr,rnn,device:MotionSense:10,in-domain,2,2,MotionSense,0.6279296875,0.584991404376611,last
lfr,rnn,device:MotionSense:10,in-domain,2,3,MotionSense,0.640625,0.6077970224674035,last
lfr,rnn,device:MotionSense:10,in-domain,5,0,MotionSense,0.703125,0.6525238272438504,last
lfr,rnn,device:MotionSense:10,in-domain,5,1,MotionSense,0.7509765625,0.733786910642296,last
lfr,rnn,device:MotionSense:10,in-domain,5,2,MotionSense,0.6962890625,0.6441722212869482,last
lfr,rnn,device:MotionSense:10,in-domain,5,3,MotionSense,0.734375,0.7107422388976392,last
lfr,rnn,device:MotionSense:10,in-domain,full,0,MotionSense,0.791015625,0.7627733588558168,last
lfr,rnn,device:MotionSense:10,in-domain,full,1,MotionSense,0.783203125,0.7663786019014401,last
lfr,rnn,device:MotionSense:10,in-domain,full,2,MotionSense,0.7392578125,0.7035446133833344,last
lfr,rnn,device:MotionSense:10,in-domain,full,3,MotionSense,0.7568359375,0.7154038617507382,last
lfr,rnn,device:RealWorld_thigh+MotionSense:10+10,in-domain,10,0,RealWorld_thigh,0.4822916666666667,0.4695383698366215,last
lfr,rnn,device:RealWorld_thigh+MotionSense:10+10,in-domain,10,0,MotionSense,0.6572265625,0.6356349958699943,last
lfr,rnn,device:RealWorld_thigh+MotionSense:10+10,in-domain,10,1,RealWorld_thigh,0.575,0.5747059794466921,last
lfr,rnn,device:RealWorld_thigh+MotionSense:10+10,in-domain,10,1,MotionSense,0.720703125,0.6927090373455718,last
lfr,rnn,device:RealWorld_thigh+MotionSense:10+10,in-domain,10,2,RealWorld_thigh,0.4975694444444444,0.5050873741925107,last
lfr,rnn,device:RealWorld_thigh+MotionSense:10+10,in-domain,10,2,MotionSense,0.6435546875,0.6194630479016227,last
lfr,rnn,device:RealWorld_thigh+MotionSense:10+10,in-domain,10,3,RealWorld_thigh,0.5204861111111111,0.5168190445752423,last
lfr,rnn,device:RealWorld_thigh+MotionSense:10+10,in-domain,10,3,MotionSense,0.662109375,0.6257569755741843,last
lfr,rnn,device:RealWorld_thigh+MotionSense:10+10,in-domain,1,0,RealWorld_thigh,0.44375,0.4529967522081383,last
lfr,rnn,device:RealWorld_thigh+MotionSense:10+10,in-domain,1,0,MotionSense,0.5927734375,0.5739762089762089,last
lfr,rnn,device:RealWorld_thigh+MotionSense:10+10,in-domain,1,1,RealWorld_thigh,0.5204861111111111,0.5171177145188484,last
lfr,rnn,device:RealWorld_thigh+MotionSense:10+10,in-domain,1,1,MotionSense,0.6337890625,0.5931760411894526,last
lfr,rnn,device:RealWorld_thigh+MotionSense:10+10,in-domain,1,2,RealWorld_thigh,0.5326388888888889,0.5200925876883775,last
lfr,rnn,device:RealWorld_thigh+MotionSense:10+10,in-domain,1,2,MotionSense,0.5712890625,0.5219354051450856,last
lfr,rnn,device:RealWorld_thigh+MotionSense:10+10,in-domain,1,3,RealWorld_thigh,0.4631944444444444,0.4627084972948447,last
lfr,rnn,device:RealWorld_thigh+MotionSense:10+10,in-domain,1,3,MotionSense,0.5859375,0.5629164718346054,last
lfr,rnn,device:RealWorld_thigh+MotionSense:10+10,in-domain,2,0,RealWorld_thigh,0.490625,0.4961908371147364,last
lfr,rnn,device:RealWorld_thigh+MotionSense:10+10,in-domain,2,0,MotionSense,0.6328125,0.6049215591880953,last
lfr,rnn,device:RealWorld_thigh+MotionSense:10+10,in-domain,2,1,RealWorld_thigh,0.5375,0.5139781974245821,last
lfr,rnn,device:RealWorld_thigh+MotionSense:10+10,in-domain,2,1,MotionSense,0.6630859375,0.6152158746705799,last
lfr,rnn,device:RealWorld_thigh+MotionSense:10+10,in-domain,2,2,RealWorld_thigh,0.528125,0.5052507558929179,last
lfr,rnn,device:RealWorld_thigh+MotionSense:10+10,in-domain,2,2,MotionSense,0.6015625,0.556252738330761,last
lfr,rnn,device:RealWorld_thigh+MotionSense:10+10,in-domain,2,3,RealWorld_thigh,0.5135416666666667,0.5041867152598037,last
lfr,rnn,device:RealWorld_thigh+MotionSense:10+10,in-domain,2,3,MotionSense,0.626953125,0.6035126556098354,last
lfr,rnn,device:RealWorld_thigh+MotionSense:10+10,in-domain,5,0,RealWorld_thigh,0.484375,0.4732756001206652,last
lfr,rnn,device:RealWorld_thigh+MotionSense:10+10,in-domain,5,0,MotionSense,0.646484375,0.6110492755024137,last
lfr,rnn,device:RealWorld_thigh+MotionSense:10+10,in-domain,5,1,RealWorld_thigh,0.5434027777777778,0.542557725946747,last
lfr,rnn,device:RealWorld_thigh+MotionSense:10+10,in-domain,5,1,MotionSense,0.66796875,0.6347462678133147,last
lfr,rnn,device:RealWorld_thigh+MotionSense:10+10,in-domain,5,2,RealWorld_thigh,0.4993055555555555,0.503114422334937,last
lfr,rnn,device:RealWorld_thigh+MotionSense:10+10,in-domain,5,2,MotionSense,0.611328125,0.6002549070313677,last
lfr,rnn,device:RealWorld_thigh+MotionSense:10+10,in-domain,5,3,RealWorld_thigh,0.5381944444444444,0.5088495645912952,last
lfr,rnn,device:RealWorld_thigh+MotionSense:10+10,in-domain,5,3,MotionSense,0.63671875,0.5934496716199462,last
lfr,rnn,device:RealWorld_thigh+MotionSense:10+10,in-domain,full,0,RealWorld_thigh,0.634375,0.6421456837071945,last
lfr,rnn,device:RealWorld_thigh+MotionSense:10+10,in-domain,full,0,MotionSense,0.7490234375,0.7326705320728587,last
lfr,rnn,device:RealWorld_thigh+MotionSense:10+10,in-domain,full,1,RealWorld_thigh,0.6302083333333334,0.6265266694072232,last
lfr,rnn,device:RealWorld_thigh+MotionSense:10+10,in-domain,full,1,MotionSense,0.7001953125,0.6971354607082073,last
lfr,rnn,device:RealWorld_thigh+MotionSense:10+10,in-domain,full,2,RealWorld_thigh,0.6361111111111111,0.6253351669194394,last
lfr,rnn,device:RealWorld_thigh+MotionSense:10+10,in-domain,full,2,MotionSense,0.6962890625,0.6930027720483483,last
lfr,rnn,device:RealWorld_thigh+MotionSense:10+10,in-domain,full,3,RealWorld_thigh,0.5722222222222222,0.581189748250184,last
lfr,rnn,device:RealWorld_thigh+MotionSense:10+10,in-domain,full,3,MotionSense,0.7275390625,0.7204263295051945,last
lfr,rnn,device:RealWorld_thigh+MotionSense:5+5,in-domain,10,0,RealWorld_thigh,0.5461805555555556,0.5268724671949713,last
lfr,rnn,device:RealWorld_thigh+MotionSense:5+5,in-domain,10,0,MotionSense,0.5810546875,0.5408202654641765,last
lfr,rnn,device:RealWorld_thigh+MotionSense:5+5,in-domain,10,1,RealWorld_thigh,0.5194444444444445,0.4751619191110097,last
lfr,rnn,device:RealWorld_thigh+MotionSense:5+5,in-domain,10,1,MotionSense,0.546875,0.4831009859809796,last
lfr,rnn,device:RealWorld_thigh+MotionSense:5+5,in-domain,10,2,RealWorld_thigh,0.5079861111111111,0.5158288324008111,last
lfr,rnn,device:RealWorld_thigh+MotionSense:5+5,in-domain,10,2,MotionSense,0.5224609375,0.4721436582439492,last
lfr,rnn,device:RealWorld_thigh+MotionSense:5+5,in-domain,10,3,RealWorld_thigh,0.5142361111111111,0.5152663958219103,last
lfr,rnn,device:RealWorld_thigh+MotionSense:5+5,in-domain,10,3,MotionSense,0.6181640625,0.5948782147027986,last
lfr,rnn,device:RealWorld_thigh+MotionSense:5+5,in-domain,1,0,RealWorld_thigh,0.5048611111111111,0.5046648364500032,last
lfr,rnn,device:RealWorld_thigh+MotionSense:5+5,in-domain,1,0,MotionSense,0.484375,0.4336794047585441,last
lfr,rnn,device:RealWorld_thigh+MotionSense:5+5,in-domain,1,1,RealWorld_thigh,0.3649305555555555,0.3435667849371437,last
lfr,rnn,device:RealWorld_thigh+MotionSense:5+5,in-domain,1,1,MotionSense,0.513671875,0.452324145846235,last
lfr,rnn,device:RealWorld_thigh+MotionSense:5+5,in-domain,1,2,RealWorld_thigh,0.4746527777777777,0.4733682698352865,last
lfr,rnn,device:RealWorld_thigh+MotionSense:5+5,in-domain,1,2,MotionSense,0.5537109375,0.5237234319355658,last
lfr,rnn,device:RealWorld_thigh+MotionSense:5+5,in-domain,1,3,RealWorld_thigh,0.4621527777777778,0.4629990378720002,last
lfr,rnn,device:RealWorld_thigh+MotionSense:5+5,in-domain,1,3,MotionSense,0.4794921875,0.4309586763244695,last
lfr,rnn,device:RealWorld_thigh+MotionSense:5+5,in-domain,2,0,RealWorld_thigh,0.4875,0.4813880255807634,last
lfr,rnn,device:RealWorld_thigh+MotionSense:5+5,in-domain,2,0,MotionSense,0.5576171875,0.5287005975854229,last
lfr,rnn,device:RealWorld_thigh+MotionSense:5+5,in-domain,2,1,RealWorld_thigh,0.4541666666666666,0.4084067505161561,last
lfr,rnn,device:RealWorld_thigh+MotionSense:5+5,in-domain,2,1,MotionSense,0.5673828125,0.5023252928746783,last
lfr,rnn,device:RealWorld_thigh+MotionSense:5+5,in-domain,2,2,RealWorld_thigh,0.4951388888888889,0.4922568183565805,last
lfr,rnn,device:RealWorld_thigh+MotionSense:5+5,in-domain,2,2,MotionSense,0.5869140625,0.5577187645693048,last
lfr,rnn,device:RealWorld_thigh+MotionSense:5+5,in-domain,2,3,RealWorld_thigh,0.5368055555555555,0.5427300203456901,last
lfr,rnn,device:RealWorld_thigh+MotionSense:5+5,in-domain,2,3,MotionSense,0.525390625,0.4811459206691237,last
lfr,rnn,device:RealWorld_thigh+MotionSense:5+5,in-domain,5,0,RealWorld_thigh,0.4888888888888889,0.4888728048443669,last
lfr,rnn,device:RealWorld_thigh+MotionSense:5+5,in-domain,5,0,MotionSense,0.5791015625,0.5380330016885256,last
lfr,rnn,device:RealWorld_thigh+MotionSense:5+5,in-domain,5,1,RealWorld_thigh,0.5013888888888889,0.5050417548960292,last
lfr,rnn,device:RealWorld_thigh+MotionSense:5+5,in-domain,5,1,MotionSense,0.5341796875,0.4799439690514683,last
lfr,rnn,device:RealWorld_thigh+MotionSense:5+5,in-domain,5,2,RealWorld_thigh,0.5284722222222222,0.4865727738223237,last
lfr,rnn,device:RealWorld_thigh+MotionSense:5+5,in-domain,5,2,MotionSense,0.55859375,0.4975726329231129,last
lfr,rnn,device:RealWorld_thigh+MotionSense:5+5,in-domain,5,3,RealWorld_thigh,0.4989583333333333,0.5071253009219434,last
lfr,rnn,device:RealWorld_thigh+MotionSense:5+5,in-domain,5,3,MotionSense,0.5078125,0.4730621775214148,last
lfr,rnn,device:RealWorld_thigh+MotionSense:5+5,in-domain,full,0,RealWorld_thigh,0.5833333333333334,0.5935621521645896,last
lfr,rnn,device:RealWorld_thigh+MotionSense:5+5,in-domain,full,0,MotionSense,0.7001953125,0.6968541862067861,last
lfr,rnn,device:RealWorld_thigh+MotionSense:5+5,in-domain,full,1,RealWorld_thigh,0.5767361111111111,0.5335549270052241,last
lfr,rnn,device:RealWorld_thigh+MotionSense:5+5,in-domain,full,1,MotionSense,0.640625,0.5872803012979976,last
lfr,rnn,device:RealWorld_thigh+MotionSense:5+5,in-domain,full,2,RealWorld_thigh,0.578125,0.5532284884636494,last
lfr,rnn,device:RealWorld_thigh+MotionSense:5+5,in-domain,full,2,MotionSense,0.62890625,0.5774853565085764,last
lfr,rnn,device:RealWorld_thigh+MotionSense:5+5,in-domain,full,3,RealWorld_thigh,0.5506944444444445,0.5558095399234039,last
lfr,rnn,device:RealWorld_thigh+MotionSense:5+5,in-domain,full,3,MotionSense,0.599609375,0.5753540294501255,last
lfr,rnn,device:RealWorld_thigh:10,in-domain,10,0,RealWorld_thigh,0.5909722222222222,0.5935109195952856,last
lfr,rnn,device:RealWorld_thigh:10,in-domain,10,1,RealWorld_thigh,0.646875,0.6564760033345359,last
lfr,rnn,device:RealWorld_thigh:10,in-domain,10,2,RealWorld_thigh,0.5548611111111111,0.5509014263048368,last
lfr,rnn,device:RealWorld_thigh:10,in-domain,10,3,RealWorld_thigh,0.5402777777777777,0.5136591874630182,last
lfr,rnn,device:RealWorld_thigh:10,in-domain,1,0,RealWorld_thigh,0.4222222222222222,0.4248172124103933,last
lfr,rnn,device:RealWorld_thigh:10,in-domain,1,1,RealWorld_thigh,0.5461805555555556,0.5227361644141527,last
lfr,rnn,device:RealWorld_thigh:10,in-domain,1,2,RealWorld_thigh,0.4159722222222222,0.4226737237091976,last
lfr,rnn,device:RealWorld_thigh:10,in-domain,1,3,RealWorld_thigh,0.4975694444444444,0.4682266048468813,last
lfr,rnn,device:RealWorld_thigh:10,in-domain,2,0,RealWorld_thigh,0.5854166666666667,0.5899762717269651,last
lfr,rnn,device:RealWorld_thigh:10,in-domain,2,1,RealWorld_thigh,0.5940972222222223,0.5718309535609575,last
lfr,rnn,device:RealWorld_thigh:10,in-domain,2,2,RealWorld_thigh,0.5434027777777778,0.5226939108791319,last
lfr,rnn,device:RealWorld_thigh:10,in-domain,2,3,RealWorld_thigh,0.5131944444444444,0.5134809638537793,last
lfr,rnn,device:RealWorld_thigh:10,in-domain,5,0,RealWorld_thigh,0.6027777777777777,0.6059957204239673,last
lfr,rnn,device:RealWorld_thigh:10,in-domain,5,1,RealWorld_thigh,0.5861111111111111,0.570966577524285,last
lfr,rnn,device:RealWorld_thigh:10,in-domain,5,2,RealWorld_thigh,0.540625,0.5157049936230622,last
lfr,rnn,device:RealWorld_thigh:10,in-domain,5,3,RealWorld_thigh,0.5083333333333333,0.4955141737323851,last
lfr,rnn,device:RealWorld_thigh:10,in-domain,full,0,RealWorld_thigh,0.6791666666666667,0.6837890462851579,last
lfr,rnn,device:RealWorld_thigh:10,in-domain,full,1,RealWorld_thigh,0.6895833333333333,0.6956017992241738,last
lfr,rnn,device:RealWorld_thigh:10,in-domain,full,2,RealWorld_thigh,0.6368055555555555,0.6475108771972925,last
lfr,rnn,device:RealWorld_thigh:10,in-domain,full,3,RealWorld_thigh,0.6381944444444444,0.6429776026243964,last
lfr,tstcc,device:MotionSense:10,in-domain,10,0,MotionSense,0.837890625,0.8387323370596484,last
lfr,tstcc,device:MotionSense:10,in-domain,10,1,MotionSense,0.8681640625,0.8674667166128612,last
lfr,tstcc,device:MotionSense:10,in-domain,10,2,MotionSense,0.8505859375,0.8522928935274082,last
lfr,tstcc,device:MotionSense:10,in-domain,10,3,MotionSense,0.8505859375,0.8525905491073917,last
lfr,tstcc,device:MotionSense:10,in-domain,1,0,MotionSense,0.6884765625,0.6650717333412773,last
lfr,tstcc,device:MotionSense:10,in-domain,1,1,MotionSense,0.7314453125,0.7135447031659221,last
lfr,tstcc,device:MotionSense:10,in-domain,1,2,MotionSense,0.76171875,0.7562234502179463,last
lfr,tstcc,device:MotionSense:10,in-domain,1,3,MotionSense,0.666015625,0.6596428560317172,last
lfr,tstcc,device:MotionSense:10,in-domain,2,0,MotionSense,0.77734375,0.772470145775804,last
lfr,tstcc,device:MotionSense:10,in-domain,2,1,MotionSense,0.7841796875,0.7768172433943188,last
lfr,tstcc,device:MotionSense:10,in-domain,2,2,MotionSense,0.8349609375,0.8329906489317196,last
lfr,tstcc,device:MotionSense:10,in-domain,2,3,MotionSense,0.775390625,0.773609045785745,last
lfr,tstcc,device:MotionSense:10,in-domain,5,0,MotionSense,0.8369140625,0.8340620361729675,last
lfr,tstcc,device:MotionSense:10,in-domain,5,1,MotionSense,0.8447265625,0.8434685806046683,last
lfr,tstcc,device:MotionSense:10,in-domain,5,2,MotionSense,0.837890625,0.8393633371150897,last
lfr,tstcc,device:MotionSense:10,in-domain,5,3,MotionSense,0.8095703125,0.8078992221893898,last
lfr,tstcc,device:MotionSense:10,in-domain,full,0,MotionSense,0.865234375,0.8667549621888354,last
lfr,tstcc,device:MotionSense:10,in-domain,full,1,MotionSense,0.87890625,0.880097113124236,last
lfr,tstcc,device:MotionSense:10,in-domain,full,2,MotionSense,0.88671875,0.8879664664071112,last
lfr,tstcc,device:MotionSense:10,in-domain,full,3,MotionSense,0.888671875,0.8895175054280595,last
lfr,tstcc,device:RealWorld_thigh+MotionSense:10+10,in-domain,10,0,RealWorld_thigh,0.6729166666666667,0.6791354337813393,last
lfr,tstcc,device:RealWorld_thigh+MotionSense:10+10,in-domain,10,0,MotionSense,0.8359375,0.8329003026761979,last
lfr,tstcc,device:RealWorld_thigh+MotionSense:10+10,in-domain,10,1,RealWorld_thigh,0.6833333333333333,0.6914901266657673,last
lfr,tstcc,device:RealWorld_thigh+MotionSense:10+10,in-domain,10,1,MotionSense,0.8427734375,0.8361898045348372,last
lfr,tstcc,device:RealWorld_thigh+MotionSense:10+10,in-domain,10,2,RealWorld_thigh,0.6871527777777777,0.6964046351052545,last
lfr,tstcc,device:RealWorld_thigh+MotionSense:10+10,in-domain,10,2,MotionSense,0.8466796875,0.8471163475529138,last
lfr,tstcc,device:RealWorld_thigh+MotionSense:10+10,in-domain,10,3,RealWorld_thigh,0.6680555555555555,0.6760793650022706,last
lfr,tstcc,device:RealWorld_thigh+MotionSense:10+10,in-domain,10,3,MotionSense,0.837890625,0.8349626192367282,last
lfr,tstcc,device:RealWorld_thigh+MotionSense:10+10,in-domain,1,0,RealWorld_thigh,0.5868055555555556,0.5881175460477585,last
lfr,tstcc,device:RealWorld_thigh+MotionSense:10+10,in-domain,1,0,MotionSense,0.76953125,0.7552320935788739,last
lfr,tstcc,device:RealWorld_thigh+MotionSense:10+10,in-domain,1,1,RealWorld_thigh,0.590625,0.5761261008380552,last
lfr,tstcc,device:RealWorld_thigh+MotionSense:10+10,in-domain,1,1,MotionSense,0.6630859375,0.6377551929039766,last
lfr,tstcc,device:RealWorld_thigh+MotionSense:10+10,in-domain,1,2,RealWorld_thigh,0.5996527777777778,0.596752738429828,last
lfr,tstcc,device:RealWorld_thigh+MotionSense:10+10,in-domain,1,2,MotionSense,0.693359375,0.6786005559578686,last
lfr,tstcc,device:RealWorld_thigh+MotionSense:10+10,in-domain,1,3,RealWorld_thigh,0.5465277777777777,0.5535745253159762,last
lfr,tstcc,device:RealWorld_thigh+MotionSense:10+10,in-domain,1,3,MotionSense,0.6962890625,0.6826075596237141,last
lfr,tstcc,device:RealWorld_thigh+MotionSense:10+10,in-domain,2,0,RealWorld_thigh,0.6059027777777778,0.6125012975049015,last
lfr,tstcc,device:RealWorld_thigh+MotionSense:10+10,in-domain,2,0,MotionSense,0.802734375,0.7937968031786137,last
lfr,tstcc,device:RealWorld_thigh+MotionSense:10+10,in-domain,2,1,RealWorld_thigh,0.5888888888888889,0.5959637241038117,last
lfr,tstcc,device:RealWorld_thigh+MotionSense:10+10,in-domain,2,1,MotionSense,0.7568359375,0.747453575292092,last
lfr,tstcc,device:RealWorld_thigh+MotionSense:10+10,in-domain,2,2,RealWorld_thigh,0.6125,0.6206479064141884,last
lfr,tstcc,device:RealWorld_thigh+MotionSense:10+10,in-domain,2,2,MotionSense,0.818359375,0.8189044365509041,last
lfr,tstcc,device:RealWorld_thigh+MotionSense:10+10,in-domain,2,3,RealWorld_thigh,0.6107638888888889,0.6185937459595411,last
lfr,tstcc,device:RealWorld_thigh+MotionSense:10+10,in-domain,2,3,MotionSense,0.77734375,0.7696357146526922,last
lfr,tstcc,device:RealWorld_thigh+MotionSense:10+10,in-domain,5,0,RealWorld_thigh,0.6510416666666666,0.6576193576130559,last
lfr,tstcc,device:RealWorld_thigh+MotionSense:10+10,in-domain,5,0,MotionSense,0.828125,0.8250168960604167,last
lfr,tstcc,device:RealWorld_thigh+MotionSense:10+10,in-domain,5,1,RealWorld_thigh,0.6746527777777778,0.6825304874669742,last
lfr,tstcc,device:RealWorld_thigh+MotionSense:10+10,in-domain,5,1,MotionSense,0.8193359375,0.8141579444498662,last
lfr,tstcc,device:RealWorld_thigh+MotionSense:10+10,in-domain,5,2,RealWorld_thigh,0.6708333333333333,0.6793473833778266,last
lfr,tstcc,device:RealWorld_thigh+MotionSense:10+10,in-domain,5,2,MotionSense,0.845703125,0.845817811760353,last
lfr,tstcc,device:RealWorld_thigh+MotionSense:10+10,in-domain,5,3,RealWorld_thigh,0.6621527777777778,0.6687504898898816,last
lfr,tstcc,device:RealWorld_thigh+MotionSense:10+10,in-domain,5,3,MotionSense,0.806640625,0.799038951997939,last
lfr,tstcc,device:RealWorld_thigh+MotionSense:10+10,in-domain,full,0,RealWorld_thigh,0.6888888888888889,0.6964093570293851,last
lfr,tstcc,device:RealWorld_thigh+MotionSense:10+10,in-domain,full,0,MotionSense,0.87109375,0.871219568696935,last
lfr,tstcc,device:RealWorld_thigh+MotionSense:10+10,in-domain,full,1,RealWorld_thigh,0.7052083333333333,0.7136638960547202,last
lfr,tstcc,device:RealWorld_thigh+MotionSense:10+10,in-domain,full,1,MotionSense,0.90234375,0.9021371540636908,last
lfr,tstcc,device:RealWorld_thigh+MotionSense:10+10,in-domain,full,2,RealWorld_thigh,0.7496527777777777,0.7512784150686365,last
lfr,tstcc,device:RealWorld_thigh+MotionSense:10+10,in-domain,full,2,MotionSense,0.8935546875,0.8951005739175587,last
lfr,tstcc,device:RealWorld_thigh+MotionSense:10+10,in-domain,full,3,RealWorld_thigh,0.7065972222222222,0.7151710403101986,last
lfr,tstcc,device:RealWorld_thigh+MotionSense:10+10,in-domain,full,3,MotionSense,0.8974609375,0.8987437842160695,last
lfr,tstcc,device:RealWorld_thigh+MotionSense:5+5,in-domain,10,0,RealWorld_thigh,0.65625,0.6645729074641776,last
lfr,tstcc,device:RealWorld_thigh+MotionSense:5+5,in-domain,10,0,MotionSense,0.8212890625,0.8214282120561932,last
lfr,tstcc,device:RealWorld_thigh+MotionSense:5+5,in-domain,10,1,RealWorld_thigh,0.6642361111111111,0.6704526947345683,last
lfr,tstcc,device:RealWorld_thigh+MotionSense:5+5,in-domain,10,1,MotionSense,0.8310546875,0.8287260664755963,last
lfr,tstcc,device:RealWorld_thigh+MotionSense:5+5,in-domain,10,2,RealWorld_thigh,0.6506944444444445,0.6571211547556713,last
lfr,tstcc,device:RealWorld_thigh+MotionSense:5+5,in-domain,10,2,MotionSense,0.802734375,0.8020797950765729,last
lfr,tstcc,device:RealWorld_thigh+MotionSense:5+5,in-domain,10,3,RealWorld_thigh,0.646875,0.6513349239389415,last
lfr,tstcc,device:RealWorld_thigh+MotionSense:5+5,in-domain,10,3,MotionSense,0.7958984375,0.7927166497559092,last
lfr,tstcc,device:RealWorld_thigh+MotionSense:5+5,in-domain,1,0,RealWorld_thigh,0.5489583333333333,0.5385274747491086,last
lfr,tstcc,device:RealWorld_thigh+MotionSense:5+5,in-domain,1,0,MotionSense,0.625,0.5958091165372775,last
lfr,tstcc,device:RealWorld_thigh+MotionSense:5+5,in-domain,1,1,RealWorld_thigh,0.4940972222222222,0.4939584047957004,last
lfr,tstcc,device:RealWorld_thigh+MotionSense:5+5,in-domain,1,1,MotionSense,0.609375,0.5772057636774001,last
lfr,tstcc,device:RealWorld_thigh+MotionSense:5+5,in-domain,1,2,RealWorld_thigh,0.4951388888888889,0.5014415615837825,last
lfr,tstcc,device:RealWorld_thigh+MotionSense:5+5,in-domain,1,2,MotionSense,0.615234375,0.6116335741299495,last
lfr,tstcc,device:RealWorld_thigh+MotionSense:5+5,in-domain,1,3,RealWorld_thigh,0.4645833333333333,0.4768607359158109,last
lfr,tstcc,device:RealWorld_thigh+MotionSense:5+5,in-domain,1,3,MotionSense,0.5302734375,0.5201950444852182,last
lfr,tstcc,device:RealWorld_thigh+MotionSense:5+5,in-domain,2,0,RealWorld_thigh,0.5652777777777778,0.571661798692091,last
lfr,tstcc,device:RealWorld_thigh+MotionSense:5+5,in-domain,2,0,MotionSense,0.740234375,0.7257049102465752,last
lfr,tstcc,device:RealWorld_thigh+MotionSense:5+5,in-domain,2,1,RealWorld_thigh,0.4989583333333333,0.4943097842944012,last
lfr,tstcc,device:RealWorld_thigh+MotionSense:5+5,in-domain,2,1,MotionSense,0.654296875,0.6257627152459073,last
lfr,tstcc,device:RealWorld_thigh+MotionSense:5+5,in-domain,2,2,RealWorld_thigh,0.5604166666666667,0.5598950465528602,last
lfr,tstcc,device:RealWorld_thigh+MotionSense:5+5,in-domain,2,2,MotionSense,0.6982421875,0.6907408699279358,last
lfr,tstcc,device:RealWorld_thigh+MotionSense:5+5,in-domain,2,3,RealWorld_thigh,0.578125,0.5815933210019709,last
lfr,tstcc,device:RealWorld_thigh+MotionSense:5+5,in-domain,2,3,MotionSense,0.71484375,0.6956963104404447,last
lfr,tstcc,device:RealWorld_thigh+MotionSense:5+5,in-domain,5,0,RealWorld_thigh,0.6708333333333333,0.6702979163569657,last
lfr,tstcc,device:RealWorld_thigh+MotionSense:5+5,in-domain,5,0,MotionSense,0.80078125,0.7978707772337242,last
lfr,tstcc,device:RealWorld_thigh+MotionSense:5+5,in-domain,5,1,RealWorld_thigh,0.61875,0.6256569632750016,last
lfr,tstcc,device:RealWorld_thigh+MotionSense:5+5,in-domain,5,1,MotionSense,0.7998046875,0.7964469592130556,last
lfr,tstcc,device:RealWorld_thigh+MotionSense:5+5,in-domain,5,2,RealWorld_thigh,0.6409722222222223,0.6468868440215583,last
lfr,tstcc,device:RealWorld_thigh+MotionSense:5+5,in-domain,5,2,MotionSense,0.7900390625,0.7864204084807821,last
lfr,tstcc,device:RealWorld_thigh+MotionSense:5+5,in-domain,5,3,RealWorld_thigh,0.6315972222222223,0.6349709956218462,last
lfr,tstcc,device:RealWorld_thigh+MotionSense:5+5,in-domain,5,3,MotionSense,0.7705078125,0.7575339750115577,last
lfr,tstcc,device:RealWorld_thigh+MotionSense:5+5,in-domain,full,0,RealWorld_thigh,0.6791666666666667,0.6834877327551453,last
lfr,tstcc,device:RealWorld_thigh+MotionSense:5+5,in-domain,full,0,MotionSense,0.8671875,0.8672287306709731,last
lfr,tstcc,device:RealWorld_thigh+MotionSense:5+5,in-domain,full,1,RealWorld_thigh,0.6684027777777778,0.6736310055653726,last
lfr,tstcc,device:RealWorld_thigh+MotionSense:5+5,in-domain,full,1,MotionSense,0.8515625,0.8505036653888509,last
lfr,tstcc,device:RealWorld_thigh+MotionSense:5+5,in-domain,full,2,RealWorld_thigh,0.7104166666666667,0.7043507362628137,last
lfr,tstcc,device:RealWorld_thigh+MotionSense:5+5,in-domain,full,2,MotionSense,0.8564453125,0.8557387945788864,last
lfr,tstcc,device:RealWorld_thigh+MotionSense:5+5,in-domain,full,3,RealWorld_thigh,0.7118055555555556,0.7061757216338865,last
lfr,tstcc,device:RealWorld_thigh+MotionSense:5+5,in-domain,full,3,MotionSense,0.8369140625,0.8343319726575231,last
lfr,tstcc,device:RealWorld_thigh:10,in-domain,10,0,RealWorld_thigh,0.6881944444444444,0.6937206070208429,last
lfr,tstcc,device:RealWorld_thigh:10,in-domain,10,1,RealWorld_thigh,0.6496527777777777,0.6612290160977359,last
lfr,tstcc,device:RealWorld_thigh:10,in-domain,10,2,RealWorld_thigh,0.6795138888888889,0.6879300385039498,last
lfr,tstcc,device:RealWorld_thigh:10,in-domain,10,3,RealWorld_thigh,0.6607638888888889,0.6675705338475192,last
lfr,tstcc,device:RealWorld_thigh:10,in-domain,1,0,RealWorld_thigh,0.5538194444444444,0.5614304772386451,last
lfr,tstcc,device:RealWorld_thigh:10,in-domain,1,1,RealWorld_thigh,0.5399305555555556,0.5315898415931855,last
lfr,tstcc,device:RealWorld_thigh:10,in-domain,1,2,RealWorld_thigh,0.5451388888888888,0.5527689823009827,last
lfr,tstcc,device:RealWorld_thigh:10,in-domain,1,3,RealWorld_thigh,0.5409722222222222,0.5418310053636858,last
lfr,tstcc,device:RealWorld_thigh:10,in-domain,2,0,RealWorld_thigh,0.6232638888888888,0.6315169092656964,last
lfr,tstcc,device:RealWorld_thigh:10,in-domain,2,1,RealWorld_thigh,0.5815972222222222,0.5833730085735275,last
lfr,tstcc,device:RealWorld_thigh:10,in-domain,2,2,RealWorld_thigh,0.5878472222222222,0.594621285044288,last
lfr,tstcc,device:RealWorld_thigh:10,in-domain,2,3,RealWorld_thigh,0.5916666666666667,0.6030291967750253,last
lfr,tstcc,device:RealWorld_thigh:10,in-domain,5,0,RealWorld_thigh,0.6694444444444444,0.6754168475038059,last
lfr,tstcc,device:RealWorld_thigh:10,in-domain,5,1,RealWorld_thigh,0.6600694444444445,0.6666684449221817,last
lfr,tstcc,device:RealWorld_thigh:10,in-domain,5,2,RealWorld_thigh,0.6378472222222222,0.6459490524430703,last
lfr,tstcc,device:RealWorld_thigh:10,in-domain,5,3,RealWorld_thigh,0.6194444444444445,0.627303407826184,last
lfr,tstcc,device:RealWorld_thigh:10,in-domain,full,0,RealWorld_thigh,0.7027777777777777,0.707352608058979,last
lfr,tstcc,device:RealWorld_thigh:10,in-domain,full,1,RealWorld_thigh,0.6770833333333334,0.6694299079259728,last
lfr,tstcc,device:RealWorld_thigh:10,in-domain,full,2,RealWorld_thigh,0.6628472222222223,0.6571056167828203,last
lfr,tstcc,device:RealWorld_thigh:10,in-domain,full,3,RealWorld_thigh,0.6138888888888889,0.5868267642036203,last
none,cnnpff,device:MotionSense:10,-,10,0,MotionSense,0.833984375,0.8352421683656163,last
none,cnnpff,device:MotionSense:10,-,10,1,MotionSense,0.8046875,0.8068781753064332,last
none,cnnpff,device:MotionSense:10,-,10,2,MotionSense,0.7958984375,0.7992478751194314,last
none,cnnpff,device:MotionSense:10,-,10,3,MotionSense,0.7978515625,0.8014630299522367,last
none,cnnpff,device:MotionSense:10,-,1,0,MotionSense,0.6796875,0.671616726698602,last
none,cnnpff,device:MotionSense:10,-,1,1,MotionSense,0.71875,0.7134729897011729,last
none,cnnpff,device:MotionSense:10,-,1,2,MotionSense,0.640625,0.6386473659449647,last
none,cnnpff,device:MotionSense:10,-,1,3,MotionSense,0.6650390625,0.6662542960500352,last
none,cnnpff,device:MotionSense:10,-,2,0,MotionSense,0.767578125,0.7660803763979335,last
none,cnnpff,device:MotionSense:10,-,2,1,MotionSense,0.759765625,0.7595400772599569,last
none,cnnpff,device:MotionSense:10,-,2,2,MotionSense,0.755859375,0.7587698344068944,last
none,cnnpff,device:MotionSense:10,-,2,3,MotionSense,0.7724609375,0.774993573053405,last
none,cnnpff,device:MotionSense:10,-,5,0,MotionSense,0.818359375,0.8182255706018825,last
none,cnnpff,device:MotionSense:10,-,5,1,MotionSense,0.798828125,0.7988210753564068,last
none,cnnpff,device:MotionSense:10,-,5,2,MotionSense,0.7783203125,0.7815388856788738,last
none,cnnpff,device:MotionSense:10,-,5,3,MotionSense,0.81640625,0.8186621288963827,last
none,cnnpff,device:RealWorld_thigh+MotionSense:10+10,-,10,0,RealWorld_thigh,0.6940972222222223,0.6961563761151245,last
none,cnnpff,device:RealWorld_thigh+MotionSense:10+10,-,10,0,MotionSense,0.82421875,0.8244359366572388,last
none,cnnpff,device:RealWorld_thigh+MotionSense:10+10,-,10,1,RealWorld_thigh,0.6618055555555555,0.6634607582415741,last
none,cnnpff,device:RealWorld_thigh+MotionSense:10+10,-,10,1,MotionSense,0.81640625,0.8159288157561285,last
none,cnnpff,device:RealWorld_thigh+MotionSense:10+10,-,10,2,RealWorld_thigh,0.7052083333333333,0.7059195305227953,last
none,cnnpff,device:RealWorld_thigh+MotionSense:10+10,-,10,2,MotionSense,0.8173828125,0.8170173698756438,last
none,cnnpff,device:RealWorld_thigh+MotionSense:10+10,-,10,3,RealWorld_thigh,0.6809027777777777,0.6841020596111349,last
none,cnnpff,device:RealWorld_thigh+MotionSense:10+10,-,10,3,MotionSense,0.8173828125,0.8176254871494341,last
none,cnnpff,device:RealWorld_thigh+MotionSense:10+10,-,1,0,RealWorld_thigh,0.5895833333333333,0.5923053192411848,last
none,cnnpff,device:RealWorld_thigh+MotionSense:10+10,-,1,0,MotionSense,0.712890625,0.7105289114754839,last
none,cnnpff,device:RealWorld_thigh+MotionSense:10+10,-,1,1,RealWorld_thigh,0.5805555555555556,0.5796056800040357,last
none,cnnpff,device:RealWorld_thigh+MotionSense:10+10,-,1,1,MotionSense,0.6298828125,0.6259450970810411,last
none,cnnpff,device:RealWorld_thigh+MotionSense:10+10,-,1,2,RealWorld_thigh,0.5833333333333334,0.5871228228063822,last
none,cnnpff,device:RealWorld_thigh+MotionSense:10+10,-,1,2,MotionSense,0.64453125,0.6393025420158146,last
none,cnnpff,device:RealWorld_thigh+MotionSense:10+10,-,1,3,RealWorld_thigh,0.5819444444444445,0.5874509706545363,last
none,cnnpff,device:RealWorld_thigh+MotionSense:10+10,-,1,3,MotionSense,0.650390625,0.6488306931914517,last
none,cnnpff,device:RealWorld_thigh+MotionSense:10+10,-,2,0,RealWorld_thigh,0.6510416666666666,0.6536727983527006,last
none,cnnpff,device:RealWorld_thigh+MotionSense:10+10,-,2,0,MotionSense,0.79296875,0.7914877286894154,last
none,cnnpff,device:RealWorld_thigh+MotionSense:10+10,-,2,1,RealWorld_thigh,0.6385416666666667,0.6429031034018581,last
none,cnnpff,device:RealWorld_thigh+MotionSense:10+10,-,2,1,MotionSense,0.7470703125,0.7430493553657929,last
none,cnnpff,device:RealWorld_thigh+MotionSense:10+10,-,2,2,RealWorld_thigh,0.6388888888888888,0.6406268622961732,last
none,cnnpff,device:RealWorld_thigh+MotionSense:10+10,-,2,2,MotionSense,0.75390625,0.7511342376857648,last
none,cnnpff,device:RealWorld_thigh+MotionSense:10+10,-,2,3,RealWorld_thigh,0.6177083333333333,0.6210004805105022,last
none,cnnpff,device:RealWorld_thigh+MotionSense:10+10,-,2,3,MotionSense,0.751953125,0.7529568966020204,last
none,cnnpff,device:RealWorld_thigh+MotionSense:10+10,-,5,0,RealWorld_thigh,0.6694444444444444,0.6723072064191884,last
none,cnnpff,device:RealWorld_thigh+MotionSense:10+10,-,5,0,MotionSense,0.806640625,0.8055353503949632,last
none,cnnpff,device:RealWorld_thigh+MotionSense:10+10,-,5,1,RealWorld_thigh,0.6458333333333334,0.6471236272283044,last
none,cnnpff,device:RealWorld_thigh+MotionSense:10+10,-,5,1,MotionSense,0.7958984375,0.7954895480759591,last
none,cnnpff,device:RealWorld_thigh+MotionSense:10+10,-,5,2,RealWorld_thigh,0.696875,0.6983511957526726,last
none,cnnpff,device:RealWorld_thigh+MotionSense:10+10,-,5,2,MotionSense,0.775390625,0.7734513286751624,last
none,cnnpff,device:RealWorld_thigh+MotionSense:10+10,-,5,3,RealWorld_thigh,0.6756944444444445,0.6793357282438185,last
none,cnnpff,device:RealWorld_thigh+MotionSense:10+10,-,5,3,MotionSense,0.8046875,0.8047408145510827,last
none,cnnpff,device:RealWorld_thigh+MotionSense:5+5,-,10,0,RealWorld_thigh,0.6680555555555555,0.6688023785304189,last
none,cnnpff,device:RealWorld_thigh+MotionSense:5+5,-,10,0,MotionSense,0.78515625,0.7799815801770787,last
none,cnnpff,device:RealWorld_thigh+MotionSense:5+5,-,10,1,RealWorld_thigh,0.6447916666666667,0.6418511362195726,last
none,cnnpff,device:RealWorld_thigh+MotionSense:5+5,-,10,1,MotionSense,0.7646484375,0.7645323475001438,last
none,cnnpff,device:RealWorld_thigh+MotionSense:5+5,-,10,2,RealWorld_thigh,0.6645833333333333,0.6620638743962168,last
none,cnnpff,device:RealWorld_thigh+MotionSense:5+5,-,10,2,MotionSense,0.7763671875,0.7748349232189494,last
none,cnnpff,device:RealWorld_thigh+MotionSense:5+5,-,10,3,RealWorld_thigh,0.65625,0.6568291291383315,last
none,cnnpff,device:RealWorld_thigh+MotionSense:5+5,-,10,3,MotionSense,0.7470703125,0.7441042822193923,last
none,cnnpff,device:RealWorld_thigh+MotionSense:5+5,-,1,0,RealWorld_thigh,0.5538194444444444,0.5532608625711474,last
none,cnnpff,device:RealWorld_thigh+MotionSense:5+5,-,1,0,MotionSense,0.6669921875,0.6461658291162765,last
none,cnnpff,device:RealWorld_thigh+MotionSense:5+5,-,1,1,RealWorld_thigh,0.5510416666666667,0.5459185116194852,last
none,cnnpff,device:RealWorld_thigh+MotionSense:5+5,-,1,1,MotionSense,0.65625,0.6480914583466028,last
none,cnnpff,device:RealWorld_thigh+MotionSense:5+5,-,1,2,RealWorld_thigh,0.5236111111111111,0.5235402415873482,last
none,cnnpff,device:RealWorld_thigh+MotionSense:5+5,-,1,2,MotionSense,0.57421875,0.5675459689687695,last
none,cnnpff,device:RealWorld_thigh+MotionSense:5+5,-,1,3,RealWorld_thigh,0.4614583333333333,0.4488375370856698,last
none,cnnpff,device:RealWorld_thigh+MotionSense:5+5,-,1,3,MotionSense,0.55078125,0.5347664453814109,last
none,cnnpff,device:RealWorld_thigh+MotionSense:5+5,-,2,0,RealWorld_thigh,0.5927083333333333,0.5892847208651472,last
none,cnnpff,device:RealWorld_thigh+MotionSense:5+5,-,2,0,MotionSense,0.73828125,0.7326976920042058,last
none,cnnpff,device:RealWorld_thigh+MotionSense:5+5,-,2,1,RealWorld_thigh,0.553125,0.5481437349310857,last
none,cnnpff,device:RealWorld_thigh+MotionSense:5+5,-,2,1,MotionSense,0.6591796875,0.6561144220231833,last
none,cnnpff,device:RealWorld_thigh+MotionSense:5+5,-,2,2,RealWorld_thigh,0.5520833333333334,0.5490547687332077,last
none,cnnpff,device:RealWorld_thigh+MotionSense:5+5,-,2,2,MotionSense,0.599609375,0.5948773371642689,last
none,cnnpff,device:RealWorld_thigh+MotionSense:5+5,-,2,3,RealWorld_thigh,0.5881944444444445,0.589975404086406,last
none,cnnpff,device:RealWorld_thigh+MotionSense:5+5,-,2,3,MotionSense,0.6728515625,0.6651240116590725,last
none,cnnpff,device:RealWorld_thigh+MotionSense:5+5,-,5,0,RealWorld_thigh,0.6253472222222223,0.6246207110284178,last
none,cnnpff,device:RealWorld_thigh+MotionSense:5+5,-,5,0,MotionSense,0.779296875,0.777796555856383,last
none,cnnpff,device:RealWorld_thigh+MotionSense:5+5,-,5,1,RealWorld_thigh,0.6423611111111112,0.6394294837391024,last
none,cnnpff,device:RealWorld_thigh+MotionSense:5+5,-,5,1,MotionSense,0.74609375,0.7441389057801947,last
none,cnnpff,device:RealWorld_thigh+MotionSense:5+5,-,5,2,RealWorld_thigh,0.6590277777777778,0.6611160149878524,last
none,cnnpff,device:RealWorld_thigh+MotionSense:5+5,-,5,2,MotionSense,0.7216796875,0.7148578822669345,last
none,cnnpff,device:RealWorld_thigh+MotionSense:5+5,-,5,3,RealWorld_thigh,0.6309027777777778,0.631319097929428,last
none,cnnpff,device:RealWorld_thigh+MotionSense:5+5,-,5,3,MotionSense,0.7001953125,0.6981989595021444,last
none,cnnpff,device:RealWorld_thigh:10,-,10,0,RealWorld_thigh,0.7159722222222222,0.716024459287888,last
none,cnnpff,device:RealWorld_thigh:10,-,10,1,RealWorld_thigh,0.7069444444444445,0.709757379810835,last
none,cnnpff,device:RealWorld_thigh:10,-,10,2,RealWorld_thigh,0.7256944444444444,0.722290106012268,last
none,cnnpff,device:RealWorld_thigh:10,-,10,3,RealWorld_thigh,0.7222222222222222,0.7235309259739129,last
none,cnnpff,device:RealWorld_thigh:10,-,1,0,RealWorld_thigh,0.5565972222222222,0.5602436718365242,last
none,cnnpff,device:RealWorld_thigh:10,-,1,1,RealWorld_thigh,0.5586805555555555,0.548810581264293,last
none,cnnpff,device:RealWorld_thigh:10,-,1,2,RealWorld_thigh,0.5743055555555555,0.5745142285066466,last
none,cnnpff,device:RealWorld_thigh:10,-,1,3,RealWorld_thigh,0.5291666666666667,0.5308903066388153,last
none,cnnpff,device:RealWorld_thigh:10,-,2,0,RealWorld_thigh,0.5614583333333333,0.5661219467506643,last
none,cnnpff,device:RealWorld_thigh:10,-,2,1,RealWorld_thigh,0.6013888888888889,0.5987621560715317,last
none,cnnpff,device:RealWorld_thigh:10,-,2,2,RealWorld_thigh,0.6350694444444445,0.6353366536357582,last
none,cnnpff,device:RealWorld_thigh:10,-,2,3,RealWorld_thigh,0.6225694444444444,0.621108713123851,last
none,cnnpff,device:RealWorld_thigh:10,-,5,0,RealWorld_thigh,0.6736111111111112,0.6732244480401989,last
none,cnnpff,device:RealWorld_thigh:10,-,5,1,RealWorld_thigh,0.6708333333333333,0.6687439301672584,last
none,cnnpff,device:RealWorld_thigh:10,-,5,2,RealWorld_thigh,0.7048611111111112,0.7041172501111782,last
none,cnnpff,device:RealWorld_thigh:10,-,5,3,RealWorld_thigh,0.6951388888888889,0.694760262950567,last
none,resnetse5,device:MotionSense:10,-,10,0,MotionSense,0.732421875,0.6862990063847693,last
none,resnetse5,device:MotionSense:10,-,10,1,MotionSense,0.7568359375,0.7179224691732592,last
none,resnetse5,device:MotionSense:10,-,10,2,MotionSense,0.7861328125,0.7428309845122177,last
none,resnetse5,device:MotionSense:10,-,10,3,MotionSense,0.716796875,0.6749012128902693,last
none,resnetse5,device:MotionSense:10,-,1,0,MotionSense,0.8330078125,0.8317538355647023,last
none,resnetse5,device:MotionSense:10,-,1,1,MotionSense,0.80078125,0.7923492244845738,last
none,resnetse5,device:MotionSense:10,-,1,2,MotionSense,0.8193359375,0.8181484847481874,last
none,resnetse5,device:MotionSense:10,-,1,3,MotionSense,0.7177734375,0.6651714524782592,last
none,resnetse5,device:MotionSense:10,-,2,0,MotionSense,0.830078125,0.8272666962340512,last
none,resnetse5,device:MotionSense:10,-,2,1,MotionSense,0.775390625,0.7380202326062966,last
none,resnetse5,device:MotionSense:10,-,2,2,MotionSense,0.89453125,0.8936710350704639,last
none,resnetse5,device:MotionSense:10,-,2,3,MotionSense,0.822265625,0.8219536196027514,last
none,resnetse5,device:MotionSense:10,-,5,0,MotionSense,0.736328125,0.6883492327875983,last
none,resnetse5,device:MotionSense:10,-,5,1,MotionSense,0.7685546875,0.7197218286448508,last
none,resnetse5,device:MotionSense:10,-,5,2,MotionSense,0.8984375,0.897645219605811,last
none,resnetse5,device:MotionSense:10,-,5,3,MotionSense,0.8779296875,0.8774584849191371,last
none,resnetse5,device:RealWorld_thigh+MotionSense:10+10,-,10,0,RealWorld_thigh,0.6059027777777778,0.6041925319932971,last
none,resnetse5,device:RealWorld_thigh+MotionSense:10+10,-,10,0,MotionSense,0.82421875,0.8173257531226984,last
none,resnetse5,device:RealWorld_thigh+MotionSense:10+10,-,10,1,RealWorld_thigh,0.6697916666666667,0.6288440912295776,last
none,resnetse5,device:RealWorld_thigh+MotionSense:10+10,-,10,1,MotionSense,0.751953125,0.7047696931537554,last
none,resnetse5,device:RealWorld_thigh+MotionSense:10+10,-,10,2,RealWorld_thigh,0.6090277777777777,0.5867969750170999,last
none,resnetse5,device:RealWorld_thigh+MotionSense:10+10,-,10,2,MotionSense,0.8154296875,0.8105633661427317,last
none,resnetse5,device:RealWorld_thigh+MotionSense:10+10,-,10,3,RealWorld_thigh,0.6583333333333333,0.6164749783799494,last
none,resnetse5,device:RealWorld_thigh+MotionSense:10+10,-,10,3,MotionSense,0.8271484375,0.8278372388538379,last
none,resnetse5,device:RealWorld_thigh+MotionSense:10+10,-,1,0,RealWorld_thigh,0.5743055555555555,0.5817587480388203,last
none,resnetse5,device:RealWorld_thigh+MotionSense:10+10,-,1,0,MotionSense,0.8154296875,0.8133275893586074,last
none,resnetse5,device:RealWorld_thigh+MotionSense:10+10,-,1,1,RealWorld_thigh,0.6260416666666667,0.6038436233232359,last
none,resnetse5,device:RealWorld_thigh+MotionSense:10+10,-,1,1,MotionSense,0.8232421875,0.8209441267940073,last
none,resnetse5,device:RealWorld_thigh+MotionSense:10+10,-,1,2,RealWorld_thigh,0.6138888888888889,0.6159576556018822,last
none,resnetse5,device:RealWorld_thigh+MotionSense:10+10,-,1,2,MotionSense,0.765625,0.7464508798737736,last
none,resnetse5,device:RealWorld_thigh+MotionSense:10+10,-,1,3,RealWorld_thigh,0.6017361111111111,0.6018930110603349,last
none,resnetse5,device:RealWorld_thigh+MotionSense:10+10,-,1,3,MotionSense,0.71484375,0.6938228200748308,last
none,resnetse5,device:RealWorld_thigh+MotionSense:10+10,-,2,0,RealWorld_thigh,0.5829861111111111,0.5358835909136721,last
none,resnetse5,device:RealWorld_thigh+MotionSense:10+10,-,2,0,MotionSense,0.728515625,0.6777599058395031,last
none,resnetse5,device:RealWorld_thigh+MotionSense:10+10,-,2,1,RealWorld_thigh,0.6329861111111111,0.614573905150186,last
none,resnetse5,device:RealWorld_thigh+MotionSense:10+10,-,2,1,MotionSense,0.822265625,0.8153244304636722,last
none,resnetse5,device:RealWorld_thigh+MotionSense:10+10,-,2,2,RealWorld_thigh,0.6076388888888888,0.5846236038379214,last
none,resnetse5,device:RealWorld_thigh+MotionSense:10+10,-,2,2,MotionSense,0.84765625,0.845475086167702,last
none,resnetse5,device:RealWorld_thigh+MotionSense:10+10,-,2,3,RealWorld_thigh,0.6729166666666667,0.6564999255501827,last
none,resnetse5,device:RealWorld_thigh+MotionSense:10+10,-,2,3,MotionSense,0.80078125,0.8003682789457899,last
none,resnetse5,device:RealWorld_thigh+MotionSense:10+10,-,5,0,RealWorld_thigh,0.5871527777777777,0.5390562613187824,last
none,resnetse5,device:RealWorld_thigh+MotionSense:10+10,-,5,0,MotionSense,0.818359375,0.8164533601217357,last
none,resnetse5,device:RealWorld_thigh+MotionSense:10+10,-,5,1,RealWorld_thigh,0.640625,0.6216098647686469,last
none,resnetse5,device:RealWorld_thigh+MotionSense:10+10,-,5,1,MotionSense,0.8447265625,0.8414807130405196,last
none,resnetse5,device:RealWorld_thigh+MotionSense:10+10,-,5,2,RealWorld_thigh,0.5888888888888889,0.5690881931938245,last
none,resnetse5,device:RealWorld_thigh+MotionSense:10+10,-,5,2,MotionSense,0.7734375,0.7377329252445572,last
none,resnetse5,device:RealWorld_thigh+MotionSense:10+10,-,5,3,RealWorld_thigh,0.603125,0.5806521825126615,last
none,resnetse5,device:RealWorld_thigh+MotionSense:10+10,-,5,3,MotionSense,0.8154296875,0.8154139608243139,last
none,resnetse5,device:RealWorld_thigh+MotionSense:5+5,-,10,0,RealWorld_thigh,0.6375,0.6431327443405056,last
none,resnetse5,device:RealWorld_thigh+MotionSense:5+5,-,10,0,MotionSense,0.822265625,0.809797553960245,last
none,resnetse5,device:RealWorld_thigh+MotionSense:5+5,-,10,1,RealWorld_thigh,0.6371527777777778,0.6173753338491529,last
none,resnetse5,device:RealWorld_thigh+MotionSense:5+5,-,10,1,MotionSense,0.7431640625,0.7108387665892656,last
none,resnetse5,device:RealWorld_thigh+MotionSense:5+5,-,10,2,RealWorld_thigh,0.5597222222222222,0.5340129752471289,last
none,resnetse5,device:RealWorld_thigh+MotionSense:5+5,-,10,2,MotionSense,0.71875,0.6770115699165782,last
none,resnetse5,device:RealWorld_thigh+MotionSense:5+5,-,10,3,RealWorld_thigh,0.6357638888888889,0.6404839717220298,last
none,resnetse5,device:RealWorld_thigh+MotionSense:5+5,-,10,3,MotionSense,0.697265625,0.6492681354107727,last
none,resnetse5,device:RealWorld_thigh+MotionSense:5+5,-,1,0,RealWorld_thigh,0.6111111111111112,0.6027414369096209,last
none,resnetse5,device:RealWorld_thigh+MotionSense:5+5,-,1,0,MotionSense,0.654296875,0.6208724296604654,last
none,resnetse5,device:RealWorld_thigh+MotionSense:5+5,-,1,1,RealWorld_thigh,0.6663194444444445,0.6598560205299645,last
none,resnetse5,device:RealWorld_thigh+MotionSense:5+5,-,1,1,MotionSense,0.798828125,0.7917069776928919,last
none,resnetse5,device:RealWorld_thigh+MotionSense:5+5,-,1,2,RealWorld_thigh,0.5958333333333333,0.5993241331908428,last
none,resnetse5,device:RealWorld_thigh+MotionSense:5+5,-,1,2,MotionSense,0.6572265625,0.611265106318095,last
none,resnetse5,device:RealWorld_thigh+MotionSense:5+5,-,1,3,RealWorld_thigh,0.5430555555555555,0.5404687764934595,last
none,resnetse5,device:RealWorld_thigh+MotionSense:5+5,-,1,3,MotionSense,0.6240234375,0.5845422726396733,last
none,resnetse5,device:RealWorld_thigh+MotionSense:5+5,-,2,0,RealWorld_thigh,0.6145833333333334,0.6198540974267762,last
none,resnetse5,device:RealWorld_thigh+MotionSense:5+5,-,2,0,MotionSense,0.69921875,0.6793117268709224,last
none,resnetse5,device:RealWorld_thigh+MotionSense:5+5,-,2,1,RealWorld_thigh,0.6458333333333334,0.59741181422426,last
none,resnetse5,device:RealWorld_thigh+MotionSense:5+5,-,2,1,MotionSense,0.6943359375,0.639155942451569,last
none,resnetse5,device:RealWorld_thigh+MotionSense:5+5,-,2,2,RealWorld_thigh,0.575,0.5791743489875619,last
none,resnetse5,device:RealWorld_thigh+MotionSense:5+5,-,2,2,MotionSense,0.69140625,0.6393834711195047,last
none,resnetse5,device:RealWorld_thigh+MotionSense:5+5,-,2,3,RealWorld_thigh,0.6024305555555556,0.6003165237979093,last
none,resnetse5,device:RealWorld_thigh+MotionSense:5+5,-,2,3,MotionSense,0.6953125,0.6738633765031962,last
none,resnetse5,device:RealWorld_thigh+MotionSense:5+5,-,5,0,RealWorld_thigh,0.6597222222222222,0.6548261136202612,last
none,resnetse5,device:RealWorld_thigh+MotionSense:5+5,-,5,0,MotionSense,0.7255859375,0.6873402667063809,last
none,resnetse5,device:RealWorld_thigh+MotionSense:5+5,-,5,1,RealWorld_thigh,0.6631944444444444,0.6191994284022981,last
none,resnetse5,device:RealWorld_thigh+MotionSense:5+5,-,5,1,MotionSense,0.7236328125,0.6697131156971406,last
none,resnetse5,device:RealWorld_thigh+MotionSense:5+5,-,5,2,RealWorld_thigh,0.5847222222222223,0.5827847655564453,last
none,resnetse5,device:RealWorld_thigh+MotionSense:5+5,-,5,2,MotionSense,0.673828125,0.5998424079355382,last
none,resnetse5,device:RealWorld_thigh+MotionSense:5+5,-,5,3,RealWorld_thigh,0.5260416666666666,0.5081689815482335,last
none,resnetse5,device:RealWorld_thigh+MotionSense:5+5,-,5,3,MotionSense,0.759765625,0.7569102721883435,last
none,resnetse5,device:RealWorld_thigh:10,-,10,0,RealWorld_thigh,0.6,0.5996555926588268,last
none,resnetse5,device:RealWorld_thigh:10,-,10,1,RealWorld_thigh,0.6649305555555556,0.638577461968007,last
none,resnetse5,device:RealWorld_thigh:10,-,10,2,RealWorld_thigh,0.6336805555555556,0.6230973049800949,last
none,resnetse5,device:RealWorld_thigh:10,-,10,3,RealWorld_thigh,0.6309027777777778,0.6072881819686542,last
none,resnetse5,device:RealWorld_thigh:10,-,1,0,RealWorld_thigh,0.5982638888888889,0.6097478602204843,last
none,resnetse5,device:RealWorld_thigh:10,-,1,1,RealWorld_thigh,0.6927083333333334,0.698640575514117,last
none,resnetse5,device:RealWorld_thigh:10,-,1,2,RealWorld_thigh,0.5895833333333333,0.5841041756238755,last
none,resnetse5,device:RealWorld_thigh:10,-,1,3,RealWorld_thigh,0.6371527777777778,0.6373248072035854,last
none,resnetse5,device:RealWorld_thigh:10,-,2,0,RealWorld_thigh,0.5701388888888889,0.5809650411639847,last
none,resnetse5,device:RealWorld_thigh:10,-,2,1,RealWorld_thigh,0.6104166666666667,0.5944150727456551,last
none,resnetse5,device:RealWorld_thigh:10,-,2,2,RealWorld_thigh,0.6204861111111111,0.6045251321999169,last
none,resnetse5,device:RealWorld_thigh:10,-,2,3,RealWorld_thigh,0.6111111111111112,0.5913532555337281,last
none,resnetse5,device:RealWorld_thigh:10,-,5,0,RealWorld_thigh,0.6267361111111112,0.6326390592037644,last
none,resnetse5,device:RealWorld_thigh:10,-,5,1,RealWorld_thigh,0.6850694444444444,0.6860228324251255,last
none,resnetse5,device:RealWorld_thigh:10,-,5,2,RealWorld_thigh,0.6420138888888889,0.619857986988361,last
none,resnetse5,device:RealWorld_thigh:10,-,5,3,RealWorld_thigh,0.5972222222222222,0.5765309781066611,last
none,rnn,device:MotionSense:10,-,10,0,MotionSense,0.638671875,0.6242898355045813,last
none,rnn,device:MotionSense:10,-,10,1,MotionSense,0.6630859375,0.6503187501450988,last
none,rnn,device:MotionSense:10,-,10,2,MotionSense,0.6513671875,0.6307962256086802,last
none,rnn,device:MotionSense:10,-,10,3,MotionSense,0.6240234375,0.6185471105976935,last
none,rnn,device:MotionSense:10,-,1,0,MotionSense,0.5234375,0.5050493540992336,last
none,rnn,device:MotionSense:10,-,1,1,MotionSense,0.53125,0.5182410251997791,last
none,rnn,device:MotionSense:10,-,1,2,MotionSense,0.455078125,0.4185766418526349,last
none,rnn,device:MotionSense:10,-,1,3,MotionSense,0.4794921875,0.4487519031881783,last
none,rnn,device:MotionSense:10,-,2,0,MotionSense,0.6005859375,0.5671481106169238,last
none,rnn,device:MotionSense:10,-,2,1,MotionSense,0.611328125,0.5987055957227506,last
none,rnn,device:MotionSense:10,-,2,2,MotionSense,0.568359375,0.5662873000086477,last
none,rnn,device:MotionSense:10,-,2,3,MotionSense,0.49609375,0.4799542332038252,last
none,rnn,device:MotionSense:10,-,5,0,MotionSense,0.658203125,0.6500515233926157,last
none,rnn,device:MotionSense:10,-,5,1,MotionSense,0.658203125,0.6475734139436199,last
none,rnn,device:MotionSense:10,-,5,2,MotionSense,0.650390625,0.6470800733883925,last
none,rnn,device:MotionSense:10,-,5,3,MotionSense,0.595703125,0.590030845545634,last
none,rnn,device:RealWorld_thigh+MotionSense:10+10,-,10,0,RealWorld_thigh,0.4854166666666666,0.4900898923115466,last
none,rnn,device:RealWorld_thigh+MotionSense:10+10,-,10,0,MotionSense,0.62109375,0.6018123010689409,last
none,rnn,device:RealWorld_thigh+MotionSense:10+10,-,10,1,RealWorld_thigh,0.4909722222222222,0.4973985089025538,last
none,rnn,device:RealWorld_thigh+MotionSense:10+10,-,10,1,MotionSense,0.615234375,0.5956767920243594,last
none,rnn,device:RealWorld_thigh+MotionSense:10+10,-,10,2,RealWorld_thigh,0.5305555555555556,0.5161900689142799,last
none,rnn,device:RealWorld_thigh+MotionSense:10+10,-,10,2,MotionSense,0.61328125,0.5899868464891446,last
none,rnn,device:RealWorld_thigh+MotionSense:10+10,-,10,3,RealWorld_thigh,0.5038194444444445,0.5073362980847048,last
none,rnn,device:RealWorld_thigh+MotionSense:10+10,-,10,3,MotionSense,0.634765625,0.605690561332841,last
none,rnn,device:RealWorld_thigh+MotionSense:10+10,-,1,0,RealWorld_thigh,0.4451388888888888,0.4152950751161122,last
none,rnn,device:RealWorld_thigh+MotionSense:10+10,-,1,0,MotionSense,0.529296875,0.4940749245364462,last
none,rnn,device:RealWorld_thigh+MotionSense:10+10,-,1,1,RealWorld_thigh,0.446875,0.4401181542691726,last
none,rnn,device:RealWorld_thigh+MotionSense:10+10,-,1,1,MotionSense,0.5517578125,0.5212351296817707,last
none,rnn,device:RealWorld_thigh+MotionSense:10+10,-,1,2,RealWorld_thigh,0.43125,0.4120691690715274,last
none,rnn,device:RealWorld_thigh+MotionSense:10+10,-,1,2,MotionSense,0.435546875,0.403453527360158,last
none,rnn,device:RealWorld_thigh+MotionSense:10+10,-,1,3,RealWorld_thigh,0.4184027777777778,0.408361638040511,last
none,rnn,device:RealWorld_thigh+MotionSense:10+10,-,1,3,MotionSense,0.517578125,0.4970324517334543,last
none,rnn,device:RealWorld_thigh+MotionSense:10+10,-,2,0,RealWorld_thigh,0.4340277777777778,0.4377341180845502,last
none,rnn,device:RealWorld_thigh+MotionSense:10+10,-,2,0,MotionSense,0.609375,0.5904225867396035,last
none,rnn,device:RealWorld_thigh+MotionSense:10+10,-,2,1,RealWorld_thigh,0.4152777777777778,0.4073300834312463,last
none,rnn,device:RealWorld_thigh+MotionSense:10+10,-,2,1,MotionSense,0.5986328125,0.5842464388280247,last
none,rnn,device:RealWorld_thigh+MotionSense:10+10,-,2,2,RealWorld_thigh,0.5038194444444445,0.4926294802111464,last
none,rnn,device:RealWorld_thigh+MotionSense:10+10,-,2,2,MotionSense,0.5478515625,0.5100653704289299,last
none,rnn,device:RealWorld_thigh+MotionSense:10+10,-,2,3,RealWorld_thigh,0.41875,0.42045021038458,last
none,rnn,device:RealWorld_thigh+MotionSense:10+10,-,2,3,MotionSense,0.546875,0.5337040126805271,last
none,rnn,device:RealWorld_thigh+MotionSense:10+10,-,5,0,RealWorld_thigh,0.4850694444444444,0.4865181972969134,last
none,rnn,device:RealWorld_thigh+MotionSense:10+10,-,5,0,MotionSense,0.5927734375,0.5580839733918531,last
none,rnn,device:RealWorld_thigh+MotionSense:10+10,-,5,1,RealWorld_thigh,0.4927083333333333,0.4951561402411945,last
none,rnn,device:RealWorld_thigh+MotionSense:10+10,-,5,1,MotionSense,0.630859375,0.609734619966945,last
none,rnn,device:RealWorld_thigh+MotionSense:10+10,-,5,2,RealWorld_thigh,0.5079861111111111,0.4832715394103188,last
none,rnn,device:RealWorld_thigh+MotionSense:10+10,-,5,2,MotionSense,0.576171875,0.5393970656356686,last
none,rnn,device:RealWorld_thigh+MotionSense:10+10,-,5,3,RealWorld_thigh,0.4923611111111111,0.4947905330010281,last
none,rnn,device:RealWorld_thigh+MotionSense:10+10,-,5,3,MotionSense,0.6318359375,0.6059201844944768,last
none,rnn,device:RealWorld_thigh+MotionSense:5+5,-,10,0,RealWorld_thigh,0.5020833333333333,0.5007400221030993,last
none,rnn,device:RealWorld_thigh+MotionSense:5+5,-,10,0,MotionSense,0.5830078125,0.5510353424726776,last
none,rnn,device:RealWorld_thigh+MotionSense:5+5,-,10,1,RealWorld_thigh,0.5177083333333333,0.521150854062928,last
none,rnn,device:RealWorld_thigh+MotionSense:5+5,-,10,1,MotionSense,0.6181640625,0.5950919455291893,last
none,rnn,device:RealWorld_thigh+MotionSense:5+5,-,10,2,RealWorld_thigh,0.5194444444444445,0.50063965231574,last
none,rnn,device:RealWorld_thigh+MotionSense:5+5,-,10,2,MotionSense,0.55859375,0.5248788219930246,last
none,rnn,device:RealWorld_thigh+MotionSense:5+5,-,10,3,RealWorld_thigh,0.5340277777777778,0.5104599716715481,last
none,rnn,device:RealWorld_thigh+MotionSense:5+5,-,10,3,MotionSense,0.5791015625,0.5413106992433829,last
none,rnn,device:RealWorld_thigh+MotionSense:5+5,-,1,0,RealWorld_thigh,0.4,0.3662370982667817,last
none,rnn,device:RealWorld_thigh+MotionSense:5+5,-,1,0,MotionSense,0.486328125,0.4508446331442142,last
none,rnn,device:RealWorld_thigh+MotionSense:5+5,-,1,1,RealWorld_thigh,0.4090277777777777,0.3761813517186297,last
none,rnn,device:RealWorld_thigh+MotionSense:5+5,-,1,1,MotionSense,0.4609375,0.4318528200455249,last
none,rnn,device:RealWorld_thigh+MotionSense:5+5,-,1,2,RealWorld_thigh,0.41875,0.4123180337120276,last
none,rnn,device:RealWorld_thigh+MotionSense:5+5,-,1,2,MotionSense,0.48828125,0.4653587138570295,last
none,rnn,device:RealWorld_thigh+MotionSense:5+5,-,1,3,RealWorld_thigh,0.3954861111111111,0.3897581599843412,last
none,rnn,device:RealWorld_thigh+MotionSense:5+5,-,1,3,MotionSense,0.3525390625,0.335205576068958,last
none,rnn,device:RealWorld_thigh+MotionSense:5+5,-,2,0,RealWorld_thigh,0.4920138888888888,0.4725937544169935,last
none,rnn,device:RealWorld_thigh+MotionSense:5+5,-,2,0,MotionSense,0.5693359375,0.5507965853980389,last
none,rnn,device:RealWorld_thigh+MotionSense:5+5,-,2,1,RealWorld_thigh,0.4545138888888889,0.4322556438962313,last
none,rnn,device:RealWorld_thigh+MotionSense:5+5,-,2,1,MotionSense,0.5458984375,0.512215910410833,last
none,rnn,device:RealWorld_thigh+MotionSense:5+5,-,2,2,RealWorld_thigh,0.4628472222222222,0.4426910052339776,last
none,rnn,device:RealWorld_thigh+MotionSense:5+5,-,2,2,MotionSense,0.52734375,0.4969368577810216,last
none,rnn,device:RealWorld_thigh+MotionSense:5+5,-,2,3,RealWorld_thigh,0.4940972222222222,0.474220061691953,last
none,rnn,device:RealWorld_thigh+MotionSense:5+5,-,2,3,MotionSense,0.5146484375,0.5073671870449953,last
none,rnn,device:RealWorld_thigh+MotionSense:5+5,-,5,0,RealWorld_thigh,0.4798611111111111,0.4746970237786793,last
none,rnn,device:RealWorld_thigh+MotionSense:5+5,-,5,0,MotionSense,0.5771484375,0.5516468821889128,last
none,rnn,device:RealWorld_thigh+MotionSense:5+5,-,5,1,RealWorld_thigh,0.5072916666666667,0.508327862777522,last
none,rnn,device:RealWorld_thigh+MotionSense:5+5,-,5,1,MotionSense,0.5849609375,0.5509222152155421,last
none,rnn,device:RealWorld_thigh+MotionSense:5+5,-,5,2,RealWorld_thigh,0.4979166666666667,0.4859298119237168,last
none,rnn,device:RealWorld_thigh+MotionSense:5+5,-,5,2,MotionSense,0.5546875,0.5250083985442373,last
none,rnn,device:RealWorld_thigh+MotionSense:5+5,-,5,3,RealWorld_thigh,0.5260416666666666,0.5019247714459208,last
none,rnn,device:RealWorld_thigh+MotionSense:5+5,-,5,3,MotionSense,0.5693359375,0.5376180213395292,last
none,rnn,device:RealWorld_thigh:10,-,10,0,RealWorld_thigh,0.5003472222222223,0.5022048850679633,last
none,rnn,device:RealWorld_thigh:10,-,10,1,RealWorld_thigh,0.5631944444444444,0.5512490890746694,last
none,rnn,device:RealWorld_thigh:10,-,10,2,RealWorld_thigh,0.5604166666666667,0.5461122439086159,last
none,rnn,device:RealWorld_thigh:10,-,10,3,RealWorld_thigh,0.5416666666666666,0.5257728936835412,last
none,rnn,device:RealWorld_thigh:10,-,1,0,RealWorld_thigh,0.4048611111111111,0.3870690094659825,last
none,rnn,device:RealWorld_thigh:10,-,1,1,RealWorld_thigh,0.4201388888888889,0.3898780420230208,last
none,rnn,device:RealWorld_thigh:10,-,1,2,RealWorld_thigh,0.4295138888888888,0.4050241079620003,last
none,rnn,device:RealWorld_thigh:10,-,1,3,RealWorld_thigh,0.3913194444444444,0.3680866997169525,last
none,rnn,device:RealWorld_thigh:10,-,2,0,RealWorld_thigh,0.4288194444444444,0.4283912488490177,last
none,rnn,device:RealWorld_thigh:10,-,2,1,RealWorld_thigh,0.4472222222222222,0.4251933005884825,last
none,rnn,device:RealWorld_thigh:10,-,2,2,RealWorld_thigh,0.4635416666666667,0.4407225992492032,last
none,rnn,device:RealWorld_thigh:10,-,2,3,RealWorld_thigh,0.4534722222222222,0.4437257391948998,last
none,rnn,device:RealWorld_thigh:10,-,5,0,RealWorld_thigh,0.4642361111111111,0.4427224357452446,last
none,rnn,device:RealWorld_thigh:10,-,5,1,RealWorld_thigh,0.5302083333333333,0.5100962023301724,last
none,rnn,device:RealWorld_thigh:10,-,5,2,RealWorld_thigh,0.5131944444444444,0.4944226158619376,last
none,rnn,device:RealWorld_thigh:10,-,5,3,RealWorld_thigh,0.5270833333333333,0.5190947723643892,last
none,tstcc,device:MotionSense:10,-,10,0,MotionSense,0.78125,0.7668919222639151,last
none,tstcc,device:MotionSense:10,-,10,1,MotionSense,0.828125,0.8190519559598809,last
none,tstcc,device:MotionSense:10,-,10,2,MotionSense,0.83203125,0.8269491813048343,last
none,tstcc,device:MotionSense:10,-,10,3,MotionSense,0.8017578125,0.7911576874234422,last
none,tstcc,device:MotionSense:10,-,1,0,MotionSense,0.6748046875,0.6384190840968383,last
none,tstcc,device:MotionSense:10,-,1,1,MotionSense,0.6865234375,0.6487535736731406,last
none,tstcc,device:MotionSense:10,-,1,2,MotionSense,0.6904296875,0.6698691459210243,last
none,tstcc,device:MotionSense:10,-,1,3,MotionSense,0.693359375,0.6865231338250264,last
none,tstcc,device:MotionSense:10,-,2,0,MotionSense,0.7314453125,0.6974921158548493,last
none,tstcc,device:MotionSense:10,-,2,1,MotionSense,0.77734375,0.7544103854767292,last
none,tstcc,device:MotionSense:10,-,2,2,MotionSense,0.7919921875,0.7745700612176853,last
none,tstcc,device:MotionSense:10,-,2,3,MotionSense,0.77734375,0.7683644669252608,last
none,tstcc,device:MotionSense:10,-,5,0,MotionSense,0.7568359375,0.732159261002087,last
none,tstcc,device:MotionSense:10,-,5,1,MotionSense,0.814453125,0.8045117146511984,last
none,tstcc,device:MotionSense:10,-,5,2,MotionSense,0.833984375,0.8273269194488924,last
none,tstcc,device:MotionSense:10,-,5,3,MotionSense,0.7626953125,0.7338769372986595,last
none,tstcc,device:RealWorld_thigh+MotionSense:10+10,-,10,0,RealWorld_thigh,0.6347222222222222,0.6218903487651627,last
none,tstcc,device:RealWorld_thigh+MotionSense:10+10,-,10,0,MotionSense,0.7822265625,0.7623873320693036,last
none,tstcc,device:RealWorld_thigh+MotionSense:10+10,-,10,1,RealWorld_thigh,0.6774305555555555,0.6686098049651612,last
none,tstcc,device:RealWorld_thigh+MotionSense:10+10,-,10,1,MotionSense,0.8037109375,0.7881308606173,last
none,tstcc,device:RealWorld_thigh+MotionSense:10+10,-,10,2,RealWorld_thigh,0.6770833333333334,0.6686941013042659,last
none,tstcc,device:RealWorld_thigh+MotionSense:10+10,-,10,2,MotionSense,0.8154296875,0.8022622854835996,last
none,tstcc,device:RealWorld_thigh+MotionSense:10+10,-,10,3,RealWorld_thigh,0.6392361111111111,0.6286405220751529,last
none,tstcc,device:RealWorld_thigh+MotionSense:10+10,-,10,3,MotionSense,0.798828125,0.7873295676273967,last
none,tstcc,device:RealWorld_thigh+MotionSense:10+10,-,1,0,RealWorld_thigh,0.5229166666666667,0.5057415317155981,last
none,tstcc,device:RealWorld_thigh+MotionSense:10+10,-,1,0,MotionSense,0.68359375,0.6460884883170211,last
none,tstcc,device:RealWorld_thigh+MotionSense:10+10,-,1,1,RealWorld_thigh,0.5194444444444445,0.5000117971329437,last
none,tstcc,device:RealWorld_thigh+MotionSense:10+10,-,1,1,MotionSense,0.6396484375,0.5934478737697915,last
none,tstcc,device:RealWorld_thigh+MotionSense:10+10,-,1,2,RealWorld_thigh,0.5829861111111111,0.5751262098087557,last
none,tstcc,device:RealWorld_thigh+MotionSense:10+10,-,1,2,MotionSense,0.70703125,0.68454818812764,last
none,tstcc,device:RealWorld_thigh+MotionSense:10+10,-,1,3,RealWorld_thigh,0.5170138888888889,0.5022697469954797,last
none,tstcc,device:RealWorld_thigh+MotionSense:10+10,-,1,3,MotionSense,0.6689453125,0.6333769082471393,last
none,tstcc,device:RealWorld_thigh+MotionSense:10+10,-,2,0,RealWorld_thigh,0.5538194444444444,0.5296231697933917,last
none,tstcc,device:RealWorld_thigh+MotionSense:10+10,-,2,0,MotionSense,0.7265625,0.6911737055804927,last
none,tstcc,device:RealWorld_thigh+MotionSense:10+10,-,2,1,RealWorld_thigh,0.5868055555555556,0.5730091618637806,last
none,tstcc,device:RealWorld_thigh+MotionSense:10+10,-,2,1,MotionSense,0.7421875,0.7115809266959897,last
none,tstcc,device:RealWorld_thigh+MotionSense:10+10,-,2,2,RealWorld_thigh,0.6097222222222223,0.5949603276425819,last
none,tstcc,device:RealWorld_thigh+MotionSense:10+10,-,2,2,MotionSense,0.767578125,0.7488514855631762,last
none,tstcc,device:RealWorld_thigh+MotionSense:10+10,-,2,3,RealWorld_thigh,0.5395833333333333,0.5182840328342716,last
none,tstcc,device:RealWorld_thigh+MotionSense:10+10,-,2,3,MotionSense,0.7373046875,0.7135404310499118,last
none,tstcc,device:RealWorld_thigh+MotionSense:10+10,-,5,0,RealWorld_thigh,0.6024305555555556,0.5827679179006379,last
none,tstcc,device:RealWorld_thigh+MotionSense:10+10,-,5,0,MotionSense,0.7958984375,0.7728186860642126,last
none,tstcc,device:RealWorld_thigh+MotionSense:10+10,-,5,1,RealWorld_thigh,0.6364583333333333,0.6259725079699933,last
none,tstcc,device:RealWorld_thigh+MotionSense:10+10,-,5,1,MotionSense,0.7978515625,0.7772140589475244,last
none,tstcc,device:RealWorld_thigh+MotionSense:10+10,-,5,2,RealWorld_thigh,0.6520833333333333,0.6408805438843449,last
none,tstcc,device:RealWorld_thigh+MotionSense:10+10,-,5,2,MotionSense,0.8017578125,0.7844721435429792,last
none,tstcc,device:RealWorld_thigh+MotionSense:10+10,-,5,3,RealWorld_thigh,0.6090277777777777,0.5980721263254435,last
none,tstcc,device:RealWorld_thigh+MotionSense:10+10,-,5,3,MotionSense,0.798828125,0.7848199546342106,last
none,tstcc,device:RealWorld_thigh+MotionSense:5+5,-,10,0,RealWorld_thigh,0.6,0.5849237055334439,last
none,tstcc,device:RealWorld_thigh+MotionSense:5+5,-,10,0,MotionSense,0.7490234375,0.7290394377260497,last
none,tstcc,device:RealWorld_thigh+MotionSense:5+5,-,10,1,RealWorld_thigh,0.628125,0.613939642652014,last
none,tstcc,device:RealWorld_thigh+MotionSense:5+5,-,10,1,MotionSense,0.7509765625,0.7267405948915174,last
none,tstcc,device:RealWorld_thigh+MotionSense:5+5,-,10,2,RealWorld_thigh,0.6868055555555556,0.6774987659086169,last
none,tstcc,device:RealWorld_thigh+MotionSense:5+5,-,10,2,MotionSense,0.7861328125,0.769165821721186,last
none,tstcc,device:RealWorld_thigh+MotionSense:5+5,-,10,3,RealWorld_thigh,0.6197916666666666,0.6248712047553032,last
none,tstcc,device:RealWorld_thigh+MotionSense:5+5,-,10,3,MotionSense,0.796875,0.7878896831268877,last
none,tstcc,device:RealWorld_thigh+MotionSense:5+5,-,1,0,RealWorld_thigh,0.525,0.5106063674564066,last
none,tstcc,device:RealWorld_thigh+MotionSense:5+5,-,1,0,MotionSense,0.62890625,0.5779178719873638,last
none,tstcc,device:RealWorld_thigh+MotionSense:5+5,-,1,1,RealWorld_thigh,0.4861111111111111,0.456159616013835,last
none,tstcc,device:RealWorld_thigh+MotionSense:5+5,-,1,1,MotionSense,0.6142578125,0.5626187194226887,last
none,tstcc,device:RealWorld_thigh+MotionSense:5+5,-,1,2,RealWorld_thigh,0.5204861111111111,0.5052657572081763,last
none,tstcc,device:RealWorld_thigh+MotionSense:5+5,-,1,2,MotionSense,0.59375,0.5691728974774951,last
none,tstcc,device:RealWorld_thigh+MotionSense:5+5,-,1,3,RealWorld_thigh,0.4743055555555555,0.4778913474319609,last
none,tstcc,device:RealWorld_thigh+MotionSense:5+5,-,1,3,MotionSense,0.5703125,0.5525295150899238,last
none,tstcc,device:RealWorld_thigh+MotionSense:5+5,-,2,0,RealWorld_thigh,0.5145833333333333,0.4993245039419523,last
none,tstcc,device:RealWorld_thigh+MotionSense:5+5,-,2,0,MotionSense,0.673828125,0.6167162783199486,last
none,tstcc,device:RealWorld_thigh+MotionSense:5+5,-,2,1,RealWorld_thigh,0.5065972222222223,0.481660163382911,last
none,tstcc,device:RealWorld_thigh+MotionSense:5+5,-,2,1,MotionSense,0.6806640625,0.6516392084064553,last
none,tstcc,device:RealWorld_thigh+MotionSense:5+5,-,2,2,RealWorld_thigh,0.5725694444444445,0.5623931349336804,last
none,tstcc,device:RealWorld_thigh+MotionSense:5+5,-,2,2,MotionSense,0.650390625,0.6255799078151246,last
none,tstcc,device:RealWorld_thigh+MotionSense:5+5,-,2,3,RealWorld_thigh,0.5086805555555556,0.5122205864517583,last
none,tstcc,device:RealWorld_thigh+MotionSense:5+5,-,2,3,MotionSense,0.7265625,0.7039739742770564,last
none,tstcc,device:RealWorld_thigh+MotionSense:5+5,-,5,0,RealWorld_thigh,0.5770833333333333,0.5596948207031817,last
none,tstcc,device:RealWorld_thigh+MotionSense:5+5,-,5,0,MotionSense,0.7236328125,0.6888717001717443,last
none,tstcc,device:RealWorld_thigh+MotionSense:5+5,-,5,1,RealWorld_thigh,0.5829861111111111,0.568764380209338,last
none,tstcc,device:RealWorld_thigh+MotionSense:5+5,-,5,1,MotionSense,0.7626953125,0.7454966355522151,last
none,tstcc,device:RealWorld_thigh+MotionSense:5+5,-,5,2,RealWorld_thigh,0.6819444444444445,0.6761491775329239,last
none,tstcc,device:RealWorld_thigh+MotionSense:5+5,-,5,2,MotionSense,0.748046875,0.7332358567548293,last
none,tstcc,device:RealWorld_thigh+MotionSense:5+5,-,5,3,RealWorld_thigh,0.5670138888888889,0.566859537501762,last
none,tstcc,device:RealWorld_thigh+MotionSense:5+5,-,5,3,MotionSense,0.7421875,0.7201125648953818,last
none,tstcc,device:RealWorld_thigh:10,-,10,0,RealWorld_thigh,0.6795138888888889,0.673878929213554,last
none,tstcc,device:RealWorld_thigh:10,-,10,1,RealWorld_thigh,0.6305555555555555,0.6339235063348247,last
none,tstcc,device:RealWorld_thigh:10,-,10,2,RealWorld_thigh,0.6909722222222222,0.6868153627532543,last
none,tstcc,device:RealWorld_thigh:10,-,10,3,RealWorld_thigh,0.6065972222222222,0.613040856133353,last
none,tstcc,device:RealWorld_thigh:10,-,1,0,RealWorld_thigh,0.5121527777777778,0.4986243094933182,last
none,tstcc,device:RealWorld_thigh:10,-,1,1,RealWorld_thigh,0.4798611111111111,0.4624089379107379,last
none,tstcc,device:RealWorld_thigh:10,-,1,2,RealWorld_thigh,0.5458333333333333,0.5325096290893169,last
none,tstcc,device:RealWorld_thigh:10,-,1,3,RealWorld_thigh,0.5555555555555556,0.5413404831779887,last
none,tstcc,device:RealWorld_thigh:10,-,2,0,RealWorld_thigh,0.5586805555555555,0.5505465215770041,last
none,tstcc,device:RealWorld_thigh:10,-,2,1,RealWorld_thigh,0.534375,0.5315883447525692,last
none,tstcc,device:RealWorld_thigh:10,-,2,2,RealWorld_thigh,0.6069444444444444,0.6006637814955842,last
none,tstcc,device:RealWorld_thigh:10,-,2,3,RealWorld_thigh,0.584375,0.5743207937715246,last
none,tstcc,device:RealWorld_thigh:10,-,5,0,RealWorld_thigh,0.6496527777777777,0.6428483337829697,last
none,tstcc,device:RealWorld_thigh:10,-,5,1,RealWorld_thigh,0.6486111111111111,0.6412497668923357,last
none,tstcc,device:RealWorld_thigh:10,-,5,2,RealWorld_thigh,0.646875,0.6484949322509043,last
none,tstcc,device:RealWorld_thigh:10,-,5,3,RealWorld_thigh,0.5246527777777777,0.5269786419414343,last
tfc,cnnpff,device:MotionSense:10,in-domain,10,0,MotionSense,0.8818359375,0.8814355971222128,last
tfc,cnnpff,device:MotionSense:10,in-domain,10,1,MotionSense,0.8779296875,0.8792936439185057,last
tfc,cnnpff,device:MotionSense:10,in-domain,10,2,MotionSense,0.857421875,0.8598661256901895,last
tfc,cnnpff,device:MotionSense:10,in-domain,10,3,MotionSense,0.8662109375,0.8650559311298324,last
tfc,cnnpff,device:MotionSense:10,in-domain,1,0,MotionSense,0.759765625,0.7638578240995096,last
tfc,cnnpff,device:MotionSense:10,in-domain,1,1,MotionSense,0.7060546875,0.7100731216797769,last
tfc,cnnpff,device:MotionSense:10,in-domain,1,2,MotionSense,0.6943359375,0.6898123067453333,last
tfc,cnnpff,device:MotionSense:10,in-domain,1,3,MotionSense,0.666015625,0.6748480838591856,last
tfc,cnnpff,device:MotionSense:10,in-domain,2,0,MotionSense,0.8203125,0.8237254685766239,last
tfc,cnnpff,device:MotionSense:10,in-domain,2,1,MotionSense,0.802734375,0.8076219906187121,last
tfc,cnnpff,device:MotionSense:10,in-domain,2,2,MotionSense,0.814453125,0.8152409271064408,last
tfc,cnnpff,device:MotionSense:10,in-domain,2,3,MotionSense,0.7734375,0.7787378614249191,last
tfc,cnnpff,device:MotionSense:10,in-domain,5,0,MotionSense,0.8369140625,0.8361153650417602,last
tfc,cnnpff,device:MotionSense:10,in-domain,5,1,MotionSense,0.8779296875,0.8795758873719329,last
tfc,cnnpff,device:MotionSense:10,in-domain,5,2,MotionSense,0.8701171875,0.8688273111424,last
tfc,cnnpff,device:MotionSense:10,in-domain,5,3,MotionSense,0.8251953125,0.8240995727450393,last
tfc,cnnpff,device:MotionSense:10,in-domain,full,0,MotionSense,0.904296875,0.9054963620063852,last
tfc,cnnpff,device:MotionSense:10,in-domain,full,1,MotionSense,0.9072265625,0.9093953369753246,last
tfc,cnnpff,device:MotionSense:10,in-domain,full,2,MotionSense,0.9033203125,0.9051740555280686,last
tfc,cnnpff,device:MotionSense:10,in-domain,full,3,MotionSense,0.8857421875,0.8856029932652847,last
tfc,cnnpff,device:RealWorld_thigh+MotionSense:10+10,in-domain,10,0,RealWorld_thigh,0.7385416666666667,0.7426163879243375,last
tfc,cnnpff,device:RealWorld_thigh+MotionSense:10+10,in-domain,10,0,MotionSense,0.8720703125,0.8711017247290549,last
tfc,cnnpff,device:RealWorld_thigh+MotionSense:10+10,in-domain,10,1,RealWorld_thigh,0.7194444444444444,0.7204353701401569,last
tfc,cnnpff,device:RealWorld_thigh+MotionSense:10+10,in-domain,10,1,MotionSense,0.880859375,0.8794805200757505,last
tfc,cnnpff,device:RealWorld_thigh+MotionSense:10+10,in-domain,10,2,RealWorld_thigh,0.7690972222222222,0.7704269029514633,last
tfc,cnnpff,device:RealWorld_thigh+MotionSense:10+10,in-domain,10,2,MotionSense,0.88671875,0.88643747250503,last
tfc,cnnpff,device:RealWorld_thigh+MotionSense:10+10,in-domain,10,3,RealWorld_thigh,0.6774305555555555,0.685578789917905,last
tfc,cnnpff,device:RealWorld_thigh+MotionSense:10+10,in-domain,10,3,MotionSense,0.8369140625,0.8384277428488742,last
tfc,cnnpff,device:RealWorld_thigh+MotionSense:10+10,in-domain,1,0,RealWorld_thigh,0.6708333333333333,0.6680855703446819,last
tfc,cnnpff,device:RealWorld_thigh+MotionSense:10+10,in-domain,1,0,MotionSense,0.7802734375,0.7786081874475732,last
tfc,cnnpff,device:RealWorld_thigh+MotionSense:10+10,in-domain,1,1,RealWorld_thigh,0.5954861111111112,0.5981907880174929,last
tfc,cnnpff,device:RealWorld_thigh+MotionSense:10+10,in-domain,1,1,MotionSense,0.7880859375,0.7832342985172032,last
tfc,cnnpff,device:RealWorld_thigh+MotionSense:10+10,in-domain,1,2,RealWorld_thigh,0.6520833333333333,0.6492693591911413,last
tfc,cnnpff,device:RealWorld_thigh+MotionSense:10+10,in-domain,1,2,MotionSense,0.72265625,0.7151751128825284,last
tfc,cnnpff,device:RealWorld_thigh+MotionSense:10+10,in-domain,1,3,RealWorld_thigh,0.6190972222222222,0.6217671745187684,last
tfc,cnnpff,device:RealWorld_thigh+MotionSense:10+10,in-domain,1,3,MotionSense,0.765625,0.7677555767111629,last
tfc,cnnpff,device:RealWorld_thigh+MotionSense:10+10,in-domain,2,0,RealWorld_thigh,0.6684027777777778,0.6654689058165973,last
tfc,cnnpff,device:RealWorld_thigh+MotionSense:10+10,in-domain,2,0,MotionSense,0.8251953125,0.8231249607928852,last
tfc,cnnpff,device:RealWorld_thigh+MotionSense:10+10,in-domain,2,1,RealWorld_thigh,0.7201388888888889,0.7259188890983154,last
tfc,cnnpff,device:RealWorld_thigh+MotionSense:10+10,in-domain,2,1,MotionSense,0.83984375,0.837449901166537,last
tfc,cnnpff,device:RealWorld_thigh+MotionSense:10+10,in-domain,2,2,RealWorld_thigh,0.7388888888888889,0.7400412411339419,last
tfc,cnnpff,device:RealWorld_thigh+MotionSense:10+10,in-domain,2,2,MotionSense,0.84765625,0.8454464446752584,last
tfc,cnnpff,device:RealWorld_thigh+MotionSense:10+10,in-domain,2,3,RealWorld_thigh,0.6638888888888889,0.6674050364504108,last
tfc,cnnpff,device:RealWorld_thigh+MotionSense:10+10,in-domain,2,3,MotionSense,0.7890625,0.7892441453441542,last
tfc,cnnpff,device:RealWorld_thigh+MotionSense:10+10,in-domain,5,0,RealWorld_thigh,0.7357638888888889,0.7376281627736644,last
tfc,cnnpff,device:RealWorld_thigh+MotionSense:10+10,in-domain,5,0,MotionSense,0.873046875,0.8712155817770849,last
tfc,cnnpff,device:RealWorld_thigh+MotionSense:10+10,in-domain,5,1,RealWorld_thigh,0.6940972222222223,0.6995413147663304,last
tfc,cnnpff,device:RealWorld_thigh+MotionSense:10+10,in-domain,5,1,MotionSense,0.84375,0.8402079878243208,last
tfc,cnnpff,device:RealWorld_thigh+MotionSense:10+10,in-domain,5,2,RealWorld_thigh,0.7701388888888889,0.7719456535094472,last
tfc,cnnpff,device:RealWorld_thigh+MotionSense:10+10,in-domain,5,2,MotionSense,0.869140625,0.8667655821391634,last
tfc,cnnpff,device:RealWorld_thigh+MotionSense:10+10,in-domain,5,3,RealWorld_thigh,0.6576388888888889,0.6660911027945612,last
tfc,cnnpff,device:RealWorld_thigh+MotionSense:10+10,in-domain,5,3,MotionSense,0.8427734375,0.8441853646071493,last
tfc,cnnpff,device:RealWorld_thigh+MotionSense:10+10,in-domain,full,0,RealWorld_thigh,0.7520833333333333,0.755526768559057,last
tfc,cnnpff,device:RealWorld_thigh+MotionSense:10+10,in-domain,full,0,MotionSense,0.912109375,0.9116012092415848,last
tfc,cnnpff,device:RealWorld_thigh+MotionSense:10+10,in-domain,full,1,RealWorld_thigh,0.740625,0.7428000128563407,last
tfc,cnnpff,device:RealWorld_thigh+MotionSense:10+10,in-domain,full,1,MotionSense,0.908203125,0.9076949072316092,last
tfc,cnnpff,device:RealWorld_thigh+MotionSense:10+10,in-domain,full,2,RealWorld_thigh,0.7635416666666667,0.765386855112907,last
tfc,cnnpff,device:RealWorld_thigh+MotionSense:10+10,in-domain,full,2,MotionSense,0.912109375,0.911406674714326,last
tfc,cnnpff,device:RealWorld_thigh+MotionSense:10+10,in-domain,full,3,RealWorld_thigh,0.7333333333333333,0.7346518807909123,last
tfc,cnnpff,device:RealWorld_thigh+MotionSense:10+10,in-domain,full,3,MotionSense,0.880859375,0.8810592583127531,last
tfc,cnnpff,device:RealWorld_thigh+MotionSense:5+5,in-domain,10,0,RealWorld_thigh,0.7239583333333334,0.7238809681673798,last
tfc,cnnpff,device:RealWorld_thigh+MotionSense:5+5,in-domain,10,0,MotionSense,0.83203125,0.8274057501323715,last
tfc,cnnpff,device:RealWorld_thigh+MotionSense:5+5,in-domain,10,1,RealWorld_thigh,0.6548611111111111,0.6608216357495791,last
tfc,cnnpff,device:RealWorld_thigh+MotionSense:5+5,in-domain,10,1,MotionSense,0.8115234375,0.8061303587924799,last
tfc,cnnpff,device:RealWorld_thigh+MotionSense:5+5,in-domain,10,2,RealWorld_thigh,0.6836805555555555,0.6793372528831433,last
tfc,cnnpff,device:RealWorld_thigh+MotionSense:5+5,in-domain,10,2,MotionSense,0.771484375,0.7676997740793822,last
tfc,cnnpff,device:RealWorld_thigh+MotionSense:5+5,in-domain,10,3,RealWorld_thigh,0.6583333333333333,0.6644121978611323,last
tfc,cnnpff,device:RealWorld_thigh+MotionSense:5+5,in-domain,10,3,MotionSense,0.8095703125,0.8084046793110907,last
tfc,cnnpff,device:RealWorld_thigh+MotionSense:5+5,in-domain,1,0,RealWorld_thigh,0.5673611111111111,0.550662623995572,last
tfc,cnnpff,device:RealWorld_thigh+MotionSense:5+5,in-domain,1,0,MotionSense,0.6953125,0.6909781618913121,last
tfc,cnnpff,device:RealWorld_thigh+MotionSense:5+5,in-domain,1,1,RealWorld_thigh,0.4864583333333333,0.4919926743382163,last
tfc,cnnpff,device:RealWorld_thigh+MotionSense:5+5,in-domain,1,1,MotionSense,0.587890625,0.5934103357964136,last
tfc,cnnpff,device:RealWorld_thigh+MotionSense:5+5,in-domain,1,2,RealWorld_thigh,0.5833333333333334,0.5693263544955292,last
tfc,cnnpff,device:RealWorld_thigh+MotionSense:5+5,in-domain,1,2,MotionSense,0.5517578125,0.5360798378842835,last
tfc,cnnpff,device:RealWorld_thigh+MotionSense:5+5,in-domain,1,3,RealWorld_thigh,0.5861111111111111,0.581956606549256,last
tfc,cnnpff,device:RealWorld_thigh+MotionSense:5+5,in-domain,1,3,MotionSense,0.6396484375,0.6257953463466405,last
tfc,cnnpff,device:RealWorld_thigh+MotionSense:5+5,in-domain,2,0,RealWorld_thigh,0.6503472222222222,0.6513615930984685,last
tfc,cnnpff,device:RealWorld_thigh+MotionSense:5+5,in-domain,2,0,MotionSense,0.80078125,0.7955896893433242,last
tfc,cnnpff,device:RealWorld_thigh+MotionSense:5+5,in-domain,2,1,RealWorld_thigh,0.5798611111111112,0.5793055427924039,last
tfc,cnnpff,device:RealWorld_thigh+MotionSense:5+5,in-domain,2,1,MotionSense,0.7509765625,0.7497258706139346,last
tfc,cnnpff,device:RealWorld_thigh+MotionSense:5+5,in-domain,2,2,RealWorld_thigh,0.6048611111111111,0.6032449066617638,last
tfc,cnnpff,device:RealWorld_thigh+MotionSense:5+5,in-domain,2,2,MotionSense,0.6728515625,0.666381373052186,last
tfc,cnnpff,device:RealWorld_thigh+MotionSense:5+5,in-domain,2,3,RealWorld_thigh,0.5909722222222222,0.5997233858650884,last
tfc,cnnpff,device:RealWorld_thigh+MotionSense:5+5,in-domain,2,3,MotionSense,0.65625,0.6561841241412084,last
tfc,cnnpff,device:RealWorld_thigh+MotionSense:5+5,in-domain,5,0,RealWorld_thigh,0.6815972222222222,0.6807915473215084,last
tfc,cnnpff,device:RealWorld_thigh+MotionSense:5+5,in-domain,5,0,MotionSense,0.8408203125,0.8380946915178344,last
tfc,cnnpff,device:RealWorld_thigh+MotionSense:5+5,in-domain,5,1,RealWorld_thigh,0.6861111111111111,0.683770224160265,last
tfc,cnnpff,device:RealWorld_thigh+MotionSense:5+5,in-domain,5,1,MotionSense,0.8232421875,0.8199625456938867,last
tfc,cnnpff,device:RealWorld_thigh+MotionSense:5+5,in-domain,5,2,RealWorld_thigh,0.659375,0.6561010432195513,last
tfc,cnnpff,device:RealWorld_thigh+MotionSense:5+5,in-domain,5,2,MotionSense,0.712890625,0.7105877266321682,last
tfc,cnnpff,device:RealWorld_thigh+MotionSense:5+5,in-domain,5,3,RealWorld_thigh,0.6034722222222222,0.6058364819137029,last
tfc,cnnpff,device:RealWorld_thigh+MotionSense:5+5,in-domain,5,3,MotionSense,0.7216796875,0.7150836035057088,last
tfc,cnnpff,device:RealWorld_thigh+MotionSense:5+5,in-domain,full,0,RealWorld_thigh,0.6989583333333333,0.7031796484723124,last
tfc,cnnpff,device:RealWorld_thigh+MotionSense:5+5,in-domain,full,0,MotionSense,0.8828125,0.8772079443291866,last
tfc,cnnpff,device:RealWorld_thigh+MotionSense:5+5,in-domain,full,1,RealWorld_thigh,0.6475694444444444,0.651461049881452,last
tfc,cnnpff,device:RealWorld_thigh+MotionSense:5+5,in-domain,full,1,MotionSense,0.8701171875,0.8685482125001146,last
tfc,cnnpff,device:RealWorld_thigh+MotionSense:5+5,in-domain,full,2,RealWorld_thigh,0.6663194444444445,0.6625980337926043,last
tfc,cnnpff,device:RealWorld_thigh+MotionSense:5+5,in-domain,full,2,MotionSense,0.83203125,0.8224047051582795,last
tfc,cnnpff,device:RealWorld_thigh+MotionSense:5+5,in-domain,full,3,RealWorld_thigh,0.6805555555555556,0.6778852059276614,last
tfc,cnnpff,device:RealWorld_thigh+MotionSense:5+5,in-domain,full,3,MotionSense,0.8115234375,0.8088189634451194,last
tfc,cnnpff,device:RealWorld_thigh:10,in-domain,10,0,RealWorld_thigh,0.7069444444444445,0.7102252746107637,last
tfc,cnnpff,device:RealWorld_thigh:10,in-domain,10,1,RealWorld_thigh,0.6836805555555555,0.6876818947708063,last
tfc,cnnpff,device:RealWorld_thigh:10,in-domain,10,2,RealWorld_thigh,0.7708333333333334,0.7701771167261556,last
tfc,cnnpff,device:RealWorld_thigh:10,in-domain,10,3,RealWorld_thigh,0.6774305555555555,0.6817209687521566,last
tfc,cnnpff,device:RealWorld_thigh:10,in-domain,1,0,RealWorld_thigh,0.6552083333333333,0.6518199180044878,last
tfc,cnnpff,device:RealWorld_thigh:10,in-domain,1,1,RealWorld_thigh,0.6677083333333333,0.6634497475170932,last
tfc,cnnpff,device:RealWorld_thigh:10,in-domain,1,2,RealWorld_thigh,0.6270833333333333,0.6137202132877277,last
tfc,cnnpff,device:RealWorld_thigh:10,in-domain,1,3,RealWorld_thigh,0.6211805555555555,0.6110855721156757,last
tfc,cnnpff,device:RealWorld_thigh:10,in-domain,2,0,RealWorld_thigh,0.7086805555555555,0.7071446306908591,last
tfc,cnnpff,device:RealWorld_thigh:10,in-domain,2,1,RealWorld_thigh,0.6857638888888888,0.6840947948737441,last
tfc,cnnpff,device:RealWorld_thigh:10,in-domain,2,2,RealWorld_thigh,0.7295138888888889,0.7296970257744211,last
tfc,cnnpff,device:RealWorld_thigh:10,in-domain,2,3,RealWorld_thigh,0.6503472222222222,0.6531815130463321,last
tfc,cnnpff,device:RealWorld_thigh:10,in-domain,5,0,RealWorld_thigh,0.6947916666666667,0.701732734859303,last
tfc,cnnpff,device:RealWorld_thigh:10,in-domain,5,1,RealWorld_thigh,0.6864583333333333,0.684854001203715,last
tfc,cnnpff,device:RealWorld_thigh:10,in-domain,5,2,RealWorld_thigh,0.7774305555555555,0.7757179237577563,last
tfc,cnnpff,device:RealWorld_thigh:10,in-domain,5,3,RealWorld_thigh,0.6329861111111111,0.6376743208199305,last
tfc,cnnpff,device:RealWorld_thigh:10,in-domain,full,0,RealWorld_thigh,0.6621527777777778,0.6607795323749561,last
tfc,cnnpff,device:RealWorld_thigh:10,in-domain,full,1,RealWorld_thigh,0.6819444444444445,0.6810546567467471,last
tfc,cnnpff,device:RealWorld_thigh:10,in-domain,full,2,RealWorld_thigh,0.7284722222222222,0.7305855470833649,last
tfc,cnnpff,device:RealWorld_thigh:10,in-domain,full,3,RealWorld_thigh,0.6642361111111111,0.6692876317312431,last
tfc,resnetse5,device:MotionSense:10,in-domain,10,0,MotionSense,0.84375,0.8414758288516674,last
tfc,resnetse5,device:MotionSense:10,in-domain,10,1,MotionSense,0.8564453125,0.8551890412140395,last
tfc,resnetse5,device:MotionSense:10,in-domain,10,2,MotionSense,0.8564453125,0.8544006829054704,last
tfc,resnetse5,device:MotionSense:10,in-domain,10,3,MotionSense,0.859375,0.8566454230587307,last
tfc,resnetse5,device:MotionSense:10,in-domain,1,0,MotionSense,0.75,0.7421116284259398,last
tfc,resnetse5,device:MotionSense:10,in-domain,1,1,MotionSense,0.7099609375,0.7081002980273268,last
tfc,resnetse5,device:MotionSense:10,in-domain,1,2,MotionSense,0.7431640625,0.7395541163228264,last
tfc,resnetse5,device:MotionSense:10,in-domain,1,3,MotionSense,0.736328125,0.7367837064261805,last
tfc,resnetse5,device:MotionSense:10,in-domain,2,0,MotionSense,0.8125,0.8112969455095231,last
tfc,resnetse5,device:MotionSense:10,in-domain,2,1,MotionSense,0.7607421875,0.7479946094530353,last
tfc,resnetse5,device:MotionSense:10,in-domain,2,2,MotionSense,0.7646484375,0.7398476250762781,last
tfc,resnetse5,device:MotionSense:10,in-domain,2,3,MotionSense,0.7470703125,0.7168823075584324,last
tfc,resnetse5,device:MotionSense:10,in-domain,5,0,MotionSense,0.8642578125,0.8657405342459993,last
tfc,resnetse5,device:MotionSense:10,in-domain,5,1,MotionSense,0.8603515625,0.8568721667322846,last
tfc,resnetse5,device:MotionSense:10,in-domain,5,2,MotionSense,0.76171875,0.7314522589392137,last
tfc,resnetse5,device:MotionSense:10,in-domain,5,3,MotionSense,0.7861328125,0.7712954679035064,last
tfc,resnetse5,device:MotionSense:10,in-domain,full,0,MotionSense,0.7470703125,0.7093595194860995,last
tfc,resnetse5,device:MotionSense:10,in-domain,full,1,MotionSense,0.78515625,0.7609943306125729,last
tfc,resnetse5,device:MotionSense:10,in-domain,full,2,MotionSense,0.7958984375,0.7787070308404423,last
tfc,resnetse5,device:MotionSense:10,in-domain,full,3,MotionSense,0.8359375,0.8329482366373696,last
tfc,resnetse5,device:RealWorld_thigh+MotionSense:10+10,in-domain,10,0,RealWorld_thigh,0.6479166666666667,0.6052779876092395,last
tfc,resnetse5,device:RealWorld_thigh+MotionSense:10+10,in-domain,10,0,MotionSense,0.765625,0.7218215938673797,last
tfc,resnetse5,device:RealWorld_thigh+MotionSense:10+10,in-domain,10,1,RealWorld_thigh,0.6802083333333333,0.6739793539850899,last
tfc,resnetse5,device:RealWorld_thigh+MotionSense:10+10,in-domain,10,1,MotionSense,0.8388671875,0.8385123010360503,last
tfc,resnetse5,device:RealWorld_thigh+MotionSense:10+10,in-domain,10,2,RealWorld_thigh,0.7614583333333333,0.763696688829305,last
tfc,resnetse5,device:RealWorld_thigh+MotionSense:10+10,in-domain,10,2,MotionSense,0.869140625,0.8666021788808651,last
tfc,resnetse5,device:RealWorld_thigh+MotionSense:10+10,in-domain,10,3,RealWorld_thigh,0.6597222222222222,0.6648889038046811,last
tfc,resnetse5,device:RealWorld_thigh+MotionSense:10+10,in-domain,10,3,MotionSense,0.734375,0.7011627573598154,last
tfc,resnetse5,device:RealWorld_thigh+MotionSense:10+10,in-domain,1,0,RealWorld_thigh,0.6222222222222222,0.6079577428415848,last
tfc,resnetse5,device:RealWorld_thigh+MotionSense:10+10,in-domain,1,0,MotionSense,0.7548828125,0.7417249249370844,last
tfc,resnetse5,device:RealWorld_thigh+MotionSense:10+10,in-domain,1,1,RealWorld_thigh,0.6628472222222223,0.6614554363035082,last
tfc,resnetse5,device:RealWorld_thigh+MotionSense:10+10,in-domain,1,1,MotionSense,0.791015625,0.7876384971877557,last
tfc,resnetse5,device:RealWorld_thigh+MotionSense:10+10,in-domain,1,2,RealWorld_thigh,0.6295138888888889,0.5879022121015115,last
tfc,resnetse5,device:RealWorld_thigh+MotionSense:10+10,in-domain,1,2,MotionSense,0.681640625,0.6295883525124759,last
tfc,resnetse5,device:RealWorld_thigh+MotionSense:10+10,in-domain,1,3,RealWorld_thigh,0.6270833333333333,0.6314416161177792,last
tfc,resnetse5,device:RealWorld_thigh+MotionSense:10+10,in-domain,1,3,MotionSense,0.7978515625,0.797458939676957,last
tfc,resnetse5,device:RealWorld_thigh+MotionSense:10+10,in-domain,2,0,RealWorld_thigh,0.6190972222222222,0.5830990194367051,last
tfc,resnetse5,device:RealWorld_thigh+MotionSense:10+10,in-domain,2,0,MotionSense,0.7421875,0.7074499022782912,last
tfc,resnetse5,device:RealWorld_thigh+MotionSense:10+10,in-domain,2,1,RealWorld_thigh,0.6920138888888889,0.6815180193493803,last
tfc,resnetse5,device:RealWorld_thigh+MotionSense:10+10,in-domain,2,1,MotionSense,0.7529296875,0.7484000933451586,last
tfc,resnetse5,device:RealWorld_thigh+MotionSense:10+10,in-domain,2,2,RealWorld_thigh,0.7159722222222222,0.6966977415440744,last
tfc,resnetse5,device:RealWorld_thigh+MotionSense:10+10,in-domain,2,2,MotionSense,0.77734375,0.7670383690556318,last
tfc,resnetse5,device:RealWorld_thigh+MotionSense:10+10,in-domain,2,3,RealWorld_thigh,0.6194444444444445,0.6085652071444725,last
tfc,resnetse5,device:RealWorld_thigh+MotionSense:10+10,in-domain,2,3,MotionSense,0.787109375,0.7807036323945935,last
tfc,resnetse5,device:RealWorld_thigh+MotionSense:10+10,in-domain,5,0,RealWorld_thigh,0.6447916666666667,0.6060540002512189,last
tfc,resnetse5,device:RealWorld_thigh+MotionSense:10+10,in-domain,5,0,MotionSense,0.775390625,0.7511040167546822,last
tfc,resnetse5,device:RealWorld_thigh+MotionSense:10+10,in-domain,5,1,RealWorld_thigh,0.6861111111111111,0.6897596900092267,last
tfc,resnetse5,device:RealWorld_thigh+MotionSense:10+10,in-domain,5,1,MotionSense,0.767578125,0.7626974000658211,last
tfc,resnetse5,device:RealWorld_thigh+MotionSense:10+10,in-domain,5,2,RealWorld_thigh,0.753125,0.7531181164388748,last
tfc,resnetse5,device:RealWorld_thigh+MotionSense:10+10,in-domain,5,2,MotionSense,0.8046875,0.7997232205587784,last
tfc,resnetse5,device:RealWorld_thigh+MotionSense:10+10,in-domain,5,3,RealWorld_thigh,0.5868055555555556,0.5526586619952744,last
tfc,resnetse5,device:RealWorld_thigh+MotionSense:10+10,in-domain,5,3,MotionSense,0.7255859375,0.6822783317464501,last
tfc,resnetse5,device:RealWorld_thigh+MotionSense:10+10,in-domain,full,0,RealWorld_thigh,0.6833333333333333,0.6412263690920561,last
tfc,resnetse5,device:RealWorld_thigh+MotionSense:10+10,in-domain,full,0,MotionSense,0.77734375,0.7337094713169409,last
tfc,resnetse5,device:RealWorld_thigh+MotionSense:10+10,in-domain,full,1,RealWorld_thigh,0.7208333333333333,0.7247043414548422,last
tfc,resnetse5,device:RealWorld_thigh+MotionSense:10+10,in-domain,full,1,MotionSense,0.87890625,0.877594497479408,last
tfc,resnetse5,device:RealWorld_thigh+MotionSense:10+10,in-domain,full,2,RealWorld_thigh,0.7579861111111111,0.7574274124215604,last
tfc,resnetse5,device:RealWorld_thigh+MotionSense:10+10,in-domain,full,2,MotionSense,0.8935546875,0.8925107281112722,last
tfc,resnetse5,device:RealWorld_thigh+MotionSense:10+10,in-domain,full,3,RealWorld_thigh,0.6614583333333334,0.6239015925172591,last
tfc,resnetse5,device:RealWorld_thigh+MotionSense:10+10,in-domain,full,3,MotionSense,0.791015625,0.7645837419522282,last
tfc,resnetse5,device:RealWorld_thigh+MotionSense:5+5,in-domain,10,0,RealWorld_thigh,0.6611111111111111,0.6668788777513276,last
tfc,resnetse5,device:RealWorld_thigh+MotionSense:5+5,in-domain,10,0,MotionSense,0.734375,0.683789921097631,last
tfc,resnetse5,device:RealWorld_thigh+MotionSense:5+5,in-domain,10,1,RealWorld_thigh,0.6600694444444445,0.6604356370305349,last
tfc,resnetse5,device:RealWorld_thigh+MotionSense:5+5,in-domain,10,1,MotionSense,0.7001953125,0.6623455629312667,last
tfc,resnetse5,device:RealWorld_thigh+MotionSense:5+5,in-domain,10,2,RealWorld_thigh,0.6784722222222223,0.6676714498221572,last
tfc,resnetse5,device:RealWorld_thigh+MotionSense:5+5,in-domain,10,2,MotionSense,0.7587890625,0.7463650930576482,last
tfc,resnetse5,device:RealWorld_thigh+MotionSense:5+5,in-domain,10,3,RealWorld_thigh,0.5954861111111112,0.5982259024876293,last
tfc,resnetse5,device:RealWorld_thigh+MotionSense:5+5,in-domain,10,3,MotionSense,0.787109375,0.7832380245044761,last
tfc,resnetse5,device:RealWorld_thigh+MotionSense:5+5,in-domain,1,0,RealWorld_thigh,0.6034722222222222,0.6004302897199213,last
tfc,resnetse5,device:RealWorld_thigh+MotionSense:5+5,in-domain,1,0,MotionSense,0.765625,0.761372693511313,last
tfc,resnetse5,device:RealWorld_thigh+MotionSense:5+5,in-domain,1,1,RealWorld_thigh,0.584375,0.5767981751979725,last
tfc,resnetse5,device:RealWorld_thigh+MotionSense:5+5,in-domain,1,1,MotionSense,0.6474609375,0.6455369689926184,last
tfc,resnetse5,device:RealWorld_thigh+MotionSense:5+5,in-domain,1,2,RealWorld_thigh,0.6006944444444444,0.5999286432320661,last
tfc,resnetse5,device:RealWorld_thigh+MotionSense:5+5,in-domain,1,2,MotionSense,0.6962890625,0.7000876035789164,last
tfc,resnetse5,device:RealWorld_thigh+MotionSense:5+5,in-domain,1,3,RealWorld_thigh,0.6274305555555556,0.6287445537007298,last
tfc,resnetse5,device:RealWorld_thigh+MotionSense:5+5,in-domain,1,3,MotionSense,0.6826171875,0.6769866492994918,last
tfc,resnetse5,device:RealWorld_thigh+MotionSense:5+5,in-domain,2,0,RealWorld_thigh,0.5725694444444445,0.5274780319011186,last
tfc,resnetse5,device:RealWorld_thigh+MotionSense:5+5,in-domain,2,0,MotionSense,0.6591796875,0.6104183099882038,last
tfc,resnetse5,device:RealWorld_thigh+MotionSense:5+5,in-domain,2,1,RealWorld_thigh,0.6388888888888888,0.6300912015083174,last
tfc,resnetse5,device:RealWorld_thigh+MotionSense:5+5,in-domain,2,1,MotionSense,0.6337890625,0.6241337072332117,last
tfc,resnetse5,device:RealWorld_thigh+MotionSense:5+5,in-domain,2,2,RealWorld_thigh,0.7052083333333333,0.7066802612401829,last
tfc,resnetse5,device:RealWorld_thigh+MotionSense:5+5,in-domain,2,2,MotionSense,0.72265625,0.7178344829711446,last
tfc,resnetse5,device:RealWorld_thigh+MotionSense:5+5,in-domain,2,3,RealWorld_thigh,0.6694444444444444,0.6650514715241832,last
tfc,resnetse5,device:RealWorld_thigh+MotionSense:5+5,in-domain,2,3,MotionSense,0.69140625,0.691226631585285,last
tfc,resnetse5,device:RealWorld_thigh+MotionSense:5+5,in-domain,5,0,RealWorld_thigh,0.6263888888888889,0.6210871126169871,last
tfc,resnetse5,device:RealWorld_thigh+MotionSense:5+5,in-domain,5,0,MotionSense,0.7294921875,0.6964404120292805,last
tfc,resnetse5,device:RealWorld_thigh+MotionSense:5+5,in-domain,5,1,RealWorld_thigh,0.6722222222222223,0.67503819000737,last
tfc,resnetse5,device:RealWorld_thigh+MotionSense:5+5,in-domain,5,1,MotionSense,0.705078125,0.6594393218433438,last
tfc,resnetse5,device:RealWorld_thigh+MotionSense:5+5,in-domain,5,2,RealWorld_thigh,0.6545138888888888,0.611502724281081,last
tfc,resnetse5,device:RealWorld_thigh+MotionSense:5+5,in-domain,5,2,MotionSense,0.68359375,0.6253013041818304,last
tfc,resnetse5,device:RealWorld_thigh+MotionSense:5+5,in-domain,5,3,RealWorld_thigh,0.6357638888888889,0.6262617306451986,last
tfc,resnetse5,device:RealWorld_thigh+MotionSense:5+5,in-domain,5,3,MotionSense,0.6806640625,0.646241235597482,last
tfc,resnetse5,device:RealWorld_thigh+MotionSense:5+5,in-domain,full,0,RealWorld_thigh,0.6427083333333333,0.6399631910040101,last
tfc,resnetse5,device:RealWorld_thigh+MotionSense:5+5,in-domain,full,0,MotionSense,0.716796875,0.6739237681274769,last
tfc,resnetse5,device:RealWorld_thigh+MotionSense:5+5,in-domain,full,1,RealWorld_thigh,0.5569444444444445,0.5278731386171726,last
tfc,resnetse5,device:RealWorld_thigh+MotionSense:5+5,in-domain,full,1,MotionSense,0.693359375,0.6408558845644698,last
tfc,resnetse5,device:RealWorld_thigh+MotionSense:5+5,in-domain,full,2,RealWorld_thigh,0.6868055555555556,0.6857517405785143,last
tfc,resnetse5,device:RealWorld_thigh+MotionSense:5+5,in-domain,full,2,MotionSense,0.8173828125,0.8085924348475779,last
tfc,resnetse5,device:RealWorld_thigh+MotionSense:5+5,in-domain,full,3,RealWorld_thigh,0.6385416666666667,0.6339761673903935,last
tfc,resnetse5,device:RealWorld_thigh+MotionSense:5+5,in-domain,full,3,MotionSense,0.7265625,0.6947402212944938,last
tfc,resnetse5,device:RealWorld_thigh:10,in-domain,10,0,RealWorld_thigh,0.6472222222222223,0.6093730323590743,last
tfc,resnetse5,device:RealWorld_thigh:10,in-domain,10,1,RealWorld_thigh,0.6881944444444444,0.690713177091275,last
tfc,resnetse5,device:RealWorld_thigh:10,in-domain,10,2,RealWorld_thigh,0.6229166666666667,0.5960906358565005,last
tfc,resnetse5,device:RealWorld_thigh:10,in-domain,10,3,RealWorld_thigh,0.6944444444444444,0.6785348341050103,last
tfc,resnetse5,device:RealWorld_thigh:10,in-domain,1,0,RealWorld_thigh,0.6552083333333333,0.6472495109303044,last
tfc,resnetse5,device:RealWorld_thigh:10,in-domain,1,1,RealWorld_thigh,0.6375,0.6321946446562441,last
tfc,resnetse5,device:RealWorld_thigh:10,in-domain,1,2,RealWorld_thigh,0.5743055555555555,0.5792001180801211,last
tfc,resnetse5,device:RealWorld_thigh:10,in-domain,1,3,RealWorld_thigh,0.6121527777777778,0.6043119173938303,last
tfc,resnetse5,device:RealWorld_thigh:10,in-domain,2,0,RealWorld_thigh,0.6104166666666667,0.5909811844221127,last
tfc,resnetse5,device:RealWorld_thigh:10,in-domain,2,1,RealWorld_thigh,0.6788194444444444,0.6806966579589746,last
tfc,resnetse5,device:RealWorld_thigh:10,in-domain,2,2,RealWorld_thigh,0.6288194444444445,0.629645371631437,last
tfc,resnetse5,device:RealWorld_thigh:10,in-domain,2,3,RealWorld_thigh,0.6315972222222223,0.630465989786376,last
tfc,resnetse5,device:RealWorld_thigh:10,in-domain,5,0,RealWorld_thigh,0.5722222222222222,0.5425809805951101,last
tfc,resnetse5,device:RealWorld_thigh:10,in-domain,5,1,RealWorld_thigh,0.6590277777777778,0.629110972504748,last
tfc,resnetse5,device:RealWorld_thigh:10,in-domain,5,2,RealWorld_thigh,0.7166666666666667,0.7095664948027177,last
tfc,resnetse5,device:RealWorld_thigh:10,in-domain,5,3,RealWorld_thigh,0.6767361111111111,0.6773352693180529,last
tfc,resnetse5,device:RealWorld_thigh:10,in-domain,full,0,RealWorld_thigh,0.6690972222222222,0.6171801592712393,last
tfc,resnetse5,device:RealWorld_thigh:10,in-domain,full,1,RealWorld_thigh,0.7003472222222222,0.6564440046000602,last
tfc,resnetse5,device:RealWorld_thigh:10,in-domain,full,2,RealWorld_thigh,0.6607638888888889,0.6187307912441823,last
tfc,resnetse5,device:RealWorld_thigh:10,in-domain,full,3,RealWorld_thigh,0.6465277777777778,0.6279371914554469,last
tfc,rnn,device:MotionSense:10,in-domain,10,0,MotionSense,0.8994140625,0.8973083125250074,last
tfc,rnn,device:MotionSense:10,in-domain,10,1,MotionSense,0.8642578125,0.8623142515074811,last
tfc,rnn,device:MotionSense:10,in-domain,10,2,MotionSense,0.8876953125,0.8853852435239951,last
tfc,rnn,device:MotionSense:10,in-domain,10,3,MotionSense,0.892578125,0.8919541382620962,last
tfc,rnn,device:MotionSense:10,in-domain,1,0,MotionSense,0.8125,0.813591145716055,last
tfc,rnn,device:MotionSense:10,in-domain,1,1,MotionSense,0.857421875,0.8568321383450521,last
tfc,rnn,device:MotionSense:10,in-domain,1,2,MotionSense,0.759765625,0.7563348061247863,last
tfc,rnn,device:MotionSense:10,in-domain,1,3,MotionSense,0.771484375,0.7697440210436457,last
tfc,rnn,device:MotionSense:10,in-domain,2,0,MotionSense,0.85546875,0.854301324270846,last
tfc,rnn,device:MotionSense:10,in-domain,2,1,MotionSense,0.884765625,0.8849638830443314,last
tfc,rnn,device:MotionSense:10,in-domain,2,2,MotionSense,0.873046875,0.8723480825877782,last
tfc,rnn,device:MotionSense:10,in-domain,2,3,MotionSense,0.8515625,0.8502567997837139,last
tfc,rnn,device:MotionSense:10,in-domain,5,0,MotionSense,0.8798828125,0.8789246150334002,last
tfc,rnn,device:MotionSense:10,in-domain,5,1,MotionSense,0.8701171875,0.868908348790423,last
tfc,rnn,device:MotionSense:10,in-domain,5,2,MotionSense,0.890625,0.8892002909155052,last
tfc,rnn,device:MotionSense:10,in-domain,5,3,MotionSense,0.876953125,0.8766009297439178,last
tfc,rnn,device:MotionSense:10,in-domain,full,0,MotionSense,0.908203125,0.9072723892970536,last
tfc,rnn,device:MotionSense:10,in-domain,full,1,MotionSense,0.8759765625,0.8749004278902336,last
tfc,rnn,device:MotionSense:10,in-domain,full,2,MotionSense,0.8955078125,0.8941882615915396,last
tfc,rnn,device:MotionSense:10,in-domain,full,3,MotionSense,0.8876953125,0.8876596623113778,last
tfc,rnn,device:RealWorld_thigh+MotionSense:10+10,in-domain,10,0,RealWorld_thigh,0.7409722222222223,0.7398194116155162,last
tfc,rnn,device:RealWorld_thigh+MotionSense:10+10,in-domain,10,0,MotionSense,0.8955078125,0.8931302858534691,last
tfc,rnn,device:RealWorld_thigh+MotionSense:10+10,in-domain,10,1,RealWorld_thigh,0.7527777777777778,0.7537487494654332,last
tfc,rnn,device:RealWorld_thigh+MotionSense:10+10,in-domain,10,1,MotionSense,0.869140625,0.8658611001079316,last
tfc,rnn,device:RealWorld_thigh+MotionSense:10+10,in-domain,10,2,RealWorld_thigh,0.7461805555555555,0.7437595382242086,last
tfc,rnn,device:RealWorld_thigh+MotionSense:10+10,in-domain,10,2,MotionSense,0.8828125,0.8807127126340296,last
tfc,rnn,device:RealWorld_thigh+MotionSense:10+10,in-domain,10,3,RealWorld_thigh,0.7663194444444444,0.7669544386314006,last
tfc,rnn,device:RealWorld_thigh+MotionSense:10+10,in-domain,10,3,MotionSense,0.8779296875,0.8768788484590747,last
tfc,rnn,device:RealWorld_thigh+MotionSense:10+10,in-domain,1,0,RealWorld_thigh,0.6527777777777778,0.6571056268833674,last
tfc,rnn,device:RealWorld_thigh+MotionSense:10+10,in-domain,1,0,MotionSense,0.798828125,0.7984056461012097,last
tfc,rnn,device:RealWorld_thigh+MotionSense:10+10,in-domain,1,1,RealWorld_thigh,0.6253472222222223,0.6181126449974746,last
tfc,rnn,device:RealWorld_thigh+MotionSense:10+10,in-domain,1,1,MotionSense,0.77734375,0.7746472286025864,last
tfc,rnn,device:RealWorld_thigh+MotionSense:10+10,in-domain,1,2,RealWorld_thigh,0.6395833333333333,0.6348548856262538,last
tfc,rnn,device:RealWorld_thigh+MotionSense:10+10,in-domain,1,2,MotionSense,0.8095703125,0.8084297301388483,last
tfc,rnn,device:RealWorld_thigh+MotionSense:10+10,in-domain,1,3,RealWorld_thigh,0.6520833333333333,0.650146145952767,last
tfc,rnn,device:RealWorld_thigh+MotionSense:10+10,in-domain,1,3,MotionSense,0.794921875,0.7912856062799989,last
tfc,rnn,device:RealWorld_thigh+MotionSense:10+10,in-domain,2,0,RealWorld_thigh,0.6770833333333334,0.6745053397704702,last
tfc,rnn,device:RealWorld_thigh+MotionSense:10+10,in-domain,2,0,MotionSense,0.87109375,0.8687951066492068,last
tfc,rnn,device:RealWorld_thigh+MotionSense:10+10,in-domain,2,1,RealWorld_thigh,0.6920138888888889,0.6908573707919818,last
tfc,rnn,device:RealWorld_thigh+MotionSense:10+10,in-domain,2,1,MotionSense,0.8193359375,0.8134678759328633,last
tfc,rnn,device:RealWorld_thigh+MotionSense:10+10,in-domain,2,2,RealWorld_thigh,0.6895833333333333,0.6846972434131721,last
tfc,rnn,device:RealWorld_thigh+MotionSense:10+10,in-domain,2,2,MotionSense,0.865234375,0.8639015188516561,last
tfc,rnn,device:RealWorld_thigh+MotionSense:10+10,in-domain,2,3,RealWorld_thigh,0.6947916666666667,0.6950142351467276,last
tfc,rnn,device:RealWorld_thigh+MotionSense:10+10,in-domain,2,3,MotionSense,0.830078125,0.8257691298502606,last
tfc,rnn,device:RealWorld_thigh+MotionSense:10+10,in-domain,5,0,RealWorld_thigh,0.7107638888888889,0.7109735578853645,last
tfc,rnn,device:RealWorld_thigh+MotionSense:10+10,in-domain,5,0,MotionSense,0.873046875,0.868777534545493,last
tfc,rnn,device:RealWorld_thigh+MotionSense:10+10,in-domain,5,1,RealWorld_thigh,0.7340277777777777,0.7320678810266396,last
tfc,rnn,device:RealWorld_thigh+MotionSense:10+10,in-domain,5,1,MotionSense,0.8486328125,0.844463292096648,last
tfc,rnn,device:RealWorld_thigh+MotionSense:10+10,in-domain,5,2,RealWorld_thigh,0.721875,0.7180155714191244,last
tfc,rnn,device:RealWorld_thigh+MotionSense:10+10,in-domain,5,2,MotionSense,0.8583984375,0.8549660357037486,last
tfc,rnn,device:RealWorld_thigh+MotionSense:10+10,in-domain,5,3,RealWorld_thigh,0.740625,0.7399362283924668,last
tfc,rnn,device:RealWorld_thigh+MotionSense:10+10,in-domain,5,3,MotionSense,0.8564453125,0.8543233737003758,last
tfc,rnn,device:RealWorld_thigh+MotionSense:10+10,in-domain,full,0,RealWorld_thigh,0.7590277777777777,0.7592581470751135,last
tfc,rnn,device:RealWorld_thigh+MotionSense:10+10,in-domain,full,0,MotionSense,0.900390625,0.8985312498339032,last
tfc,rnn,device:RealWorld_thigh+MotionSense:10+10,in-domain,full,1,RealWorld_thigh,0.7395833333333334,0.7372541520510048,last
tfc,rnn,device:RealWorld_thigh+MotionSense:10+10,in-domain,full,1,MotionSense,0.8798828125,0.878281205235029,last
tfc,rnn,device:RealWorld_thigh+MotionSense:10+10,in-domain,full,2,RealWorld_thigh,0.7972222222222223,0.7986174248575383,last
tfc,rnn,device:RealWorld_thigh+MotionSense:10+10,in-domain,full,2,MotionSense,0.8935546875,0.8919625519766047,last
tfc,rnn,device:RealWorld_thigh+MotionSense:10+10,in-domain,full,3,RealWorld_thigh,0.8045138888888889,0.8058953732531834,last
tfc,rnn,device:RealWorld_thigh+MotionSense:10+10,in-domain,full,3,MotionSense,0.88671875,0.8853843432181673,last
tfc,rnn,device:RealWorld_thigh+MotionSense:5+5,in-domain,10,0,RealWorld_thigh,0.6920138888888889,0.6800879871308827,last
tfc,rnn,device:RealWorld_thigh+MotionSense:5+5,in-domain,10,0,MotionSense,0.779296875,0.7634023918741351,last
tfc,rnn,device:RealWorld_thigh+MotionSense:5+5,in-domain,10,1,RealWorld_thigh,0.6892361111111112,0.6868172170239344,last
tfc,rnn,device:RealWorld_thigh+MotionSense:5+5,in-domain,10,1,MotionSense,0.8173828125,0.8147967076314876,last
tfc,rnn,device:RealWorld_thigh+MotionSense:5+5,in-domain,10,2,RealWorld_thigh,0.709375,0.7075534450276181,last
tfc,rnn,device:RealWorld_thigh+MotionSense:5+5,in-domain,10,2,MotionSense,0.861328125,0.8598929436770146,last
tfc,rnn,device:RealWorld_thigh+MotionSense:5+5,in-domain,10,3,RealWorld_thigh,0.7236111111111111,0.7239343661944068,last
tfc,rnn,device:RealWorld_thigh+MotionSense:5+5,in-domain,10,3,MotionSense,0.837890625,0.8318353109389754,last
tfc,rnn,device:RealWorld_thigh+MotionSense:5+5,in-domain,1,0,RealWorld_thigh,0.6083333333333333,0.5920222345496619,last
tfc,rnn,device:RealWorld_thigh+MotionSense:5+5,in-domain,1,0,MotionSense,0.736328125,0.7327990542256168,last
tfc,rnn,device:RealWorld_thigh+MotionSense:5+5,in-domain,1,1,RealWorld_thigh,0.5350694444444445,0.5389251919361703,last
tfc,rnn,device:RealWorld_thigh+MotionSense:5+5,in-domain,1,1,MotionSense,0.66796875,0.658339316522186,last
tfc,rnn,device:RealWorld_thigh+MotionSense:5+5,in-domain,1,2,RealWorld_thigh,0.5767361111111111,0.5721981432919561,last
tfc,rnn,device:RealWorld_thigh+MotionSense:5+5,in-domain,1,2,MotionSense,0.7109375,0.7097390029572296,last
tfc,rnn,device:RealWorld_thigh+MotionSense:5+5,in-domain,1,3,RealWorld_thigh,0.6295138888888889,0.6180924732211467,last
tfc,rnn,device:RealWorld_thigh+MotionSense:5+5,in-domain,1,3,MotionSense,0.7578125,0.7554263662855517,last
tfc,rnn,device:RealWorld_thigh+MotionSense:5+5,in-domain,2,0,RealWorld_thigh,0.6034722222222222,0.5881796177983877,last
tfc,rnn,device:RealWorld_thigh+MotionSense:5+5,in-domain,2,0,MotionSense,0.77734375,0.769320348368718,last
tfc,rnn,device:RealWorld_thigh+MotionSense:5+5,in-domain,2,1,RealWorld_thigh,0.6128472222222222,0.6112702987028853,last
tfc,rnn,device:RealWorld_thigh+MotionSense:5+5,in-domain,2,1,MotionSense,0.7861328125,0.7810051654027089,last
tfc,rnn,device:RealWorld_thigh+MotionSense:5+5,in-domain,2,2,RealWorld_thigh,0.6260416666666667,0.626023227510618,last
tfc,rnn,device:RealWorld_thigh+MotionSense:5+5,in-domain,2,2,MotionSense,0.7470703125,0.7441600241639197,last
tfc,rnn,device:RealWorld_thigh+MotionSense:5+5,in-domain,2,3,RealWorld_thigh,0.6743055555555556,0.6703251691920181,last
tfc,rnn,device:RealWorld_thigh+MotionSense:5+5,in-domain,2,3,MotionSense,0.7919921875,0.7907218508236985,last
tfc,rnn,device:RealWorld_thigh+MotionSense:5+5,in-domain,5,0,RealWorld_thigh,0.6767361111111111,0.6618582664598157,last
tfc,rnn,device:RealWorld_thigh+MotionSense:5+5,in-domain,5,0,MotionSense,0.8134765625,0.801575052251778,last
tfc,rnn,device:RealWorld_thigh+MotionSense:5+5,in-domain,5,1,RealWorld_thigh,0.64375,0.6378446887759353,last
tfc,rnn,device:RealWorld_thigh+MotionSense:5+5,in-domain,5,1,MotionSense,0.84375,0.842372334627937,last
tfc,rnn,device:RealWorld_thigh+MotionSense:5+5,in-domain,5,2,RealWorld_thigh,0.6753472222222222,0.6726401791381141,last
tfc,rnn,device:RealWorld_thigh+MotionSense:5+5,in-domain,5,2,MotionSense,0.8310546875,0.8261930225484712,last
tfc,rnn,device:RealWorld_thigh+MotionSense:5+5,in-domain,5,3,RealWorld_thigh,0.6763888888888889,0.675588769566426,last
tfc,rnn,device:RealWorld_thigh+MotionSense:5+5,in-domain,5,3,MotionSense,0.8076171875,0.8058462121361555,last
tfc,rnn,device:RealWorld_thigh+MotionSense:5+5,in-domain,full,0,RealWorld_thigh,0.6590277777777778,0.6422399623793708,last
tfc,rnn,device:RealWorld_thigh+MotionSense:5+5,in-domain,full,0,MotionSense,0.79296875,0.7820446198648469,last
tfc,rnn,device:RealWorld_thigh+MotionSense:5+5,in-domain,full,1,RealWorld_thigh,0.6774305555555555,0.6748669532806444,last
tfc,rnn,device:RealWorld_thigh+MotionSense:5+5,in-domain,full,1,MotionSense,0.87109375,0.8693952781429766,last
tfc,rnn,device:RealWorld_thigh+MotionSense:5+5,in-domain,full,2,RealWorld_thigh,0.6927083333333334,0.6893640488288999,last
tfc,rnn,device:RealWorld_thigh+MotionSense:5+5,in-domain,full,2,MotionSense,0.88671875,0.885092336634339,last
tfc,rnn,device:RealWorld_thigh+MotionSense:5+5,in-domain,full,3,RealWorld_thigh,0.7038194444444444,0.7043419184059178,last
tfc,rnn,device:RealWorld_thigh+MotionSense:5+5,in-domain,full,3,MotionSense,0.87109375,0.8650135123742005,last
tfc,rnn,device:RealWorld_thigh:10,in-domain,10,0,RealWorld_thigh,0.7336805555555556,0.737356833877315,last
tfc,rnn,device:RealWorld_thigh:10,in-domain,10,1,RealWorld_thigh,0.6878472222222223,0.687552232175637,last
tfc,rnn,device:RealWorld_thigh:10,in-domain,10,2,RealWorld_thigh,0.7347222222222223,0.7372385538261623,last
tfc,rnn,device:RealWorld_thigh:10,in-domain,10,3,RealWorld_thigh,0.7229166666666667,0.7253008109148631,last
tfc,rnn,device:RealWorld_thigh:10,in-domain,1,0,RealWorld_thigh,0.5916666666666667,0.5922205474411204,last
tfc,rnn,device:RealWorld_thigh:10,in-domain,1,1,RealWorld_thigh,0.53125,0.5299393338376165,last
tfc,rnn,device:RealWorld_thigh:10,in-domain,1,2,RealWorld_thigh,0.6256944444444444,0.6261851379804225,last
tfc,rnn,device:RealWorld_thigh:10,in-domain,1,3,RealWorld_thigh,0.5784722222222223,0.5771086872212292,last
tfc,rnn,device:RealWorld_thigh:10,in-domain,2,0,RealWorld_thigh,0.6694444444444444,0.6681427066024455,last
tfc,rnn,device:RealWorld_thigh:10,in-domain,2,1,RealWorld_thigh,0.5809027777777778,0.579874644003795,last
tfc,rnn,device:RealWorld_thigh:10,in-domain,2,2,RealWorld_thigh,0.6607638888888889,0.6631866814491587,last
tfc,rnn,device:RealWorld_thigh:10,in-domain,2,3,RealWorld_thigh,0.6451388888888889,0.6488791801062735,last
tfc,rnn,device:RealWorld_thigh:10,in-domain,5,0,RealWorld_thigh,0.6420138888888889,0.6426765900523387,last
tfc,rnn,device:RealWorld_thigh:10,in-domain,5,1,RealWorld_thigh,0.6697916666666667,0.6698378768305048,last
tfc,rnn,device:RealWorld_thigh:10,in-domain,5,2,RealWorld_thigh,0.6930555555555555,0.6927032516328505,last
tfc,rnn,device:RealWorld_thigh:10,in-domain,5,3,RealWorld_thigh,0.6958333333333333,0.6974576862130006,last
tfc,rnn,device:RealWorld_thigh:10,in-domain,full,0,RealWorld_thigh,0.665625,0.6457907835703173,last
tfc,rnn,device:RealWorld_thigh:10,in-domain,full,1,RealWorld_thigh,0.7440972222222222,0.7419311862078027,last
tfc,rnn,device:RealWorld_thigh:10,in-domain,full,2,RealWorld_thigh,0.7809027777777777,0.7826864704532487,last
tfc,rnn,device:RealWorld_thigh:10,in-domain,full,3,RealWorld_thigh,0.7645833333333333,0.7639794575027801,last
tfc,tstcc,device:MotionSense:10,in-domain,10,0,MotionSense,0.85546875,0.8581923299843428,last
tfc,tstcc,device:MotionSense:10,in-domain,10,1,MotionSense,0.8359375,0.841077379686296,last
tfc,tstcc,device:MotionSense:10,in-domain,10,2,MotionSense,0.845703125,0.847898319919074,last
tfc,tstcc,device:MotionSense:10,in-domain,10,3,MotionSense,0.8251953125,0.8286050514744568,last
tfc,tstcc,device:MotionSense:10,in-domain,1,0,MotionSense,0.7021484375,0.6552193343469995,last
tfc,tstcc,device:MotionSense:10,in-domain,1,1,MotionSense,0.6806640625,0.6269292734325467,last
tfc,tstcc,device:MotionSense:10,in-domain,1,2,MotionSense,0.7763671875,0.7846909387517497,last
tfc,tstcc,device:MotionSense:10,in-domain,1,3,MotionSense,0.681640625,0.6394700460074333,last
tfc,tstcc,device:MotionSense:10,in-domain,2,0,MotionSense,0.8291015625,0.8313668444786645,last
tfc,tstcc,device:MotionSense:10,in-domain,2,1,MotionSense,0.703125,0.7023083104148532,last
tfc,tstcc,device:MotionSense:10,in-domain,2,2,MotionSense,0.8349609375,0.8373250267871112,last
tfc,tstcc,device:MotionSense:10,in-domain,2,3,MotionSense,0.8125,0.8169408099320288,last
tfc,tstcc,device:MotionSense:10,in-domain,5,0,MotionSense,0.8359375,0.8362242522639342,last
tfc,tstcc,device:MotionSense:10,in-domain,5,1,MotionSense,0.7822265625,0.7854683004650935,last
tfc,tstcc,device:MotionSense:10,in-domain,5,2,MotionSense,0.8291015625,0.8313242537528435,last
tfc,tstcc,device:MotionSense:10,in-domain,5,3,MotionSense,0.8271484375,0.8294196992205771,last
tfc,tstcc,device:MotionSense:10,in-domain,full,0,MotionSense,0.9169921875,0.9177666253752216,last
tfc,tstcc,device:MotionSense:10,in-domain,full,1,MotionSense,0.8837890625,0.8850881114161355,last
tfc,tstcc,device:MotionSense:10,in-domain,full,2,MotionSense,0.869140625,0.8705744711292337,last
tfc,tstcc,device:MotionSense:10,in-domain,full,3,MotionSense,0.861328125,0.8646967254434067,last
tfc,tstcc,device:RealWorld_thigh+MotionSense:10+10,in-domain,10,0,RealWorld_thigh,0.5670138888888889,0.555282982529993,last
tfc,tstcc,device:RealWorld_thigh+MotionSense:10+10,in-domain,10,0,MotionSense,0.78515625,0.7907526515174367,last
tfc,tstcc,device:RealWorld_thigh+MotionSense:10+10,in-domain,10,1,RealWorld_thigh,0.5951388888888889,0.5504271179362686,last
tfc,tstcc,device:RealWorld_thigh+MotionSense:10+10,in-domain,10,1,MotionSense,0.8046875,0.8002660087742245,last
tfc,tstcc,device:RealWorld_thigh+MotionSense:10+10,in-domain,10,2,RealWorld_thigh,0.6381944444444444,0.623405421825321,last
tfc,tstcc,device:RealWorld_thigh+MotionSense:10+10,in-domain,10,2,MotionSense,0.83984375,0.8370619040933304,last
tfc,tstcc,device:RealWorld_thigh+MotionSense:10+10,in-domain,10,3,RealWorld_thigh,0.5534722222222223,0.5072461677994883,last
tfc,tstcc,device:RealWorld_thigh+MotionSense:10+10,in-domain,10,3,MotionSense,0.7021484375,0.6495634962422342,last
tfc,tstcc,device:RealWorld_thigh+MotionSense:10+10,in-domain,1,0,RealWorld_thigh,0.4864583333333333,0.394168995102216,last
tfc,tstcc,device:RealWorld_thigh+MotionSense:10+10,in-domain,1,0,MotionSense,0.5810546875,0.5148016101848123,last
tfc,tstcc,device:RealWorld_thigh+MotionSense:10+10,in-domain,1,1,RealWorld_thigh,0.4600694444444444,0.394373120405292,last
tfc,tstcc,device:RealWorld_thigh+MotionSense:10+10,in-domain,1,1,MotionSense,0.701171875,0.6607821845090037,last
tfc,tstcc,device:RealWorld_thigh+MotionSense:10+10,in-domain,1,2,RealWorld_thigh,0.5048611111111111,0.432409275917986,last
tfc,tstcc,device:RealWorld_thigh+MotionSense:10+10,in-domain,1,2,MotionSense,0.697265625,0.6386125872295114,last
tfc,tstcc,device:RealWorld_thigh+MotionSense:10+10,in-domain,1,3,RealWorld_thigh,0.45625,0.388965404523391,last
tfc,tstcc,device:RealWorld_thigh+MotionSense:10+10,in-domain,1,3,MotionSense,0.572265625,0.5139475268082033,last
tfc,tstcc,device:RealWorld_thigh+MotionSense:10+10,in-domain,2,0,RealWorld_thigh,0.5256944444444445,0.5035339512287456,last
tfc,tstcc,device:RealWorld_thigh+MotionSense:10+10,in-domain,2,0,MotionSense,0.748046875,0.7519270017286899,last
tfc,tstcc,device:RealWorld_thigh+MotionSense:10+10,in-domain,2,1,RealWorld_thigh,0.515625,0.4515798630562004,last
tfc,tstcc,device:RealWorld_thigh+MotionSense:10+10,in-domain,2,1,MotionSense,0.7412109375,0.6908478540533437,last
tfc,tstcc,device:RealWorld_thigh+MotionSense:10+10,in-domain,2,2,RealWorld_thigh,0.5194444444444445,0.4674264378787818,last
tfc,tstcc,device:RealWorld_thigh+MotionSense:10+10,in-domain,2,2,MotionSense,0.6904296875,0.6378068838329775,last
tfc,tstcc,device:RealWorld_thigh+MotionSense:10+10,in-domain,2,3,RealWorld_thigh,0.5138888888888888,0.4668562782079453,last
tfc,tstcc,device:RealWorld_thigh+MotionSense:10+10,in-domain,2,3,MotionSense,0.6982421875,0.6450112091462029,last
tfc,tstcc,device:RealWorld_thigh+MotionSense:10+10,in-domain,5,0,RealWorld_thigh,0.5694444444444444,0.5593776627133051,last
tfc,tstcc,device:RealWorld_thigh+MotionSense:10+10,in-domain,5,0,MotionSense,0.7939453125,0.8018388380357128,last
tfc,tstcc,device:RealWorld_thigh+MotionSense:10+10,in-domain,5,1,RealWorld_thigh,0.5274305555555555,0.4569904031001119,last
tfc,tstcc,device:RealWorld_thigh+MotionSense:10+10,in-domain,5,1,MotionSense,0.7451171875,0.7324264225888838,last
tfc,tstcc,device:RealWorld_thigh+MotionSense:10+10,in-domain,5,2,RealWorld_thigh,0.5784722222222223,0.5350840841647813,last
tfc,tstcc,device:RealWorld_thigh+MotionSense:10+10,in-domain,5,2,MotionSense,0.8017578125,0.7918951577592829,last
tfc,tstcc,device:RealWorld_thigh+MotionSense:10+10,in-domain,5,3,RealWorld_thigh,0.5579861111111111,0.5182656826119879,last
tfc,tstcc,device:RealWorld_thigh+MotionSense:10+10,in-domain,5,3,MotionSense,0.794921875,0.7867763044308146,last
tfc,tstcc,device:RealWorld_thigh+MotionSense:10+10,in-domain,full,0,RealWorld_thigh,0.6458333333333334,0.5956541755083568,last
tfc,tstcc,device:RealWorld_thigh+MotionSense:10+10,in-domain,full,0,MotionSense,0.759765625,0.7124011407208116,last
tfc,tstcc,device:RealWorld_thigh+MotionSense:10+10,in-domain,full,1,RealWorld_thigh,0.6013888888888889,0.5564685547208328,last
tfc,tstcc,device:RealWorld_thigh+MotionSense:10+10,in-domain,full,1,MotionSense,0.8623046875,0.864247922753779,last
tfc,tstcc,device:RealWorld_thigh+MotionSense:10+10,in-domain,full,2,RealWorld_thigh,0.6288194444444445,0.5757598043910612,last
tfc,tstcc,device:RealWorld_thigh+MotionSense:10+10,in-domain,full,2,MotionSense,0.7509765625,0.7013601987265196,last
tfc,tstcc,device:RealWorld_thigh+MotionSense:10+10,in-domain,full,3,RealWorld_thigh,0.5920138888888888,0.5434743370063669,last
tfc,tstcc,device:RealWorld_thigh+MotionSense:10+10,in-domain,full,3,MotionSense,0.7060546875,0.6638593449857213,last
tfc,tstcc,device:RealWorld_thigh+MotionSense:5+5,in-domain,10,0,RealWorld_thigh,0.5565972222222222,0.529938015769105,last
tfc,tstcc,device:RealWorld_thigh+MotionSense:5+5,in-domain,10,0,MotionSense,0.7236328125,0.7056802777854578,last
tfc,tstcc,device:RealWorld_thigh+MotionSense:5+5,in-domain,10,1,RealWorld_thigh,0.5586805555555555,0.5140853029869344,last
tfc,tstcc,device:RealWorld_thigh+MotionSense:5+5,in-domain,10,1,MotionSense,0.71484375,0.6617878308502457,last
tfc,tstcc,device:RealWorld_thigh+MotionSense:5+5,in-domain,10,2,RealWorld_thigh,0.6114583333333333,0.6036693173229267,last
tfc,tstcc,device:RealWorld_thigh+MotionSense:5+5,in-domain,10,2,MotionSense,0.74609375,0.7250008346461074,last
tfc,tstcc,device:RealWorld_thigh+MotionSense:5+5,in-domain,10,3,RealWorld_thigh,0.5729166666666666,0.5704284731039744,last
tfc,tstcc,device:RealWorld_thigh+MotionSense:5+5,in-domain,10,3,MotionSense,0.681640625,0.6345082039287496,last
tfc,tstcc,device:RealWorld_thigh+MotionSense:5+5,in-domain,1,0,RealWorld_thigh,0.5510416666666667,0.5473950577314286,last
tfc,tstcc,device:RealWorld_thigh+MotionSense:5+5,in-domain,1,0,MotionSense,0.763671875,0.7675663716310802,last
tfc,tstcc,device:RealWorld_thigh+MotionSense:5+5,in-domain,1,1,RealWorld_thigh,0.5149305555555556,0.4981650717682543,last
tfc,tstcc,device:RealWorld_thigh+MotionSense:5+5,in-domain,1,1,MotionSense,0.7109375,0.6891631340514662,last
tfc,tstcc,device:RealWorld_thigh+MotionSense:5+5,in-domain,1,2,RealWorld_thigh,0.4159722222222222,0.3715055715227493,last
tfc,tstcc,device:RealWorld_thigh+MotionSense:5+5,in-domain,1,2,MotionSense,0.576171875,0.5608192151947158,last
tfc,tstcc,device:RealWorld_thigh+MotionSense:5+5,in-domain,1,3,RealWorld_thigh,0.4888888888888889,0.4760568721820759,last
tfc,tstcc,device:RealWorld_thigh+MotionSense:5+5,in-domain,1,3,MotionSense,0.6552734375,0.6453797036529249,last
tfc,tstcc,device:RealWorld_thigh+MotionSense:5+5,in-domain,2,0,RealWorld_thigh,0.5625,0.5330866900330887,last
tfc,tstcc,device:RealWorld_thigh+MotionSense:5+5,in-domain,2,0,MotionSense,0.787109375,0.7806620115090412,last
tfc,tstcc,device:RealWorld_thigh+MotionSense:5+5,in-domain,2,1,RealWorld_thigh,0.48125,0.439343243222309,last
tfc,tstcc,device:RealWorld_thigh+MotionSense:5+5,in-domain,2,1,MotionSense,0.640625,0.5799114128773057,last
tfc,tstcc,device:RealWorld_thigh+MotionSense:5+5,in-domain,2,2,RealWorld_thigh,0.4958333333333333,0.4889193014683914,last
tfc,tstcc,device:RealWorld_thigh+MotionSense:5+5,in-domain,2,2,MotionSense,0.734375,0.7347789037244596,last
tfc,tstcc,device:RealWorld_thigh+MotionSense:5+5,in-domain,2,3,RealWorld_thigh,0.4826388888888889,0.4499824265421595,last
tfc,tstcc,device:RealWorld_thigh+MotionSense:5+5,in-domain,2,3,MotionSense,0.5712890625,0.517729069391074,last
tfc,tstcc,device:RealWorld_thigh+MotionSense:5+5,in-domain,5,0,RealWorld_thigh,0.5204861111111111,0.520609318804552,last
tfc,tstcc,device:RealWorld_thigh+MotionSense:5+5,in-domain,5,0,MotionSense,0.791015625,0.7906903431190203,last
tfc,tstcc,device:RealWorld_thigh+MotionSense:5+5,in-domain,5,1,RealWorld_thigh,0.5895833333333333,0.574942133908861,last
tfc,tstcc,device:RealWorld_thigh+MotionSense:5+5,in-domain,5,1,MotionSense,0.7294921875,0.6955743740982121,last
tfc,tstcc,device:RealWorld_thigh+MotionSense:5+5,in-domain,5,2,RealWorld_thigh,0.5788194444444444,0.5624948179443184,last
tfc,tstcc,device:RealWorld_thigh+MotionSense:5+5,in-domain,5,2,MotionSense,0.6875,0.6797346118797846,last
tfc,tstcc,device:RealWorld_thigh+MotionSense:5+5,in-domain,5,3,RealWorld_thigh,0.5322916666666667,0.5365189138070422,last
tfc,tstcc,device:RealWorld_thigh+MotionSense:5+5,in-domain,5,3,MotionSense,0.6884765625,0.6557905004416328,last
tfc,tstcc,device:RealWorld_thigh+MotionSense:5+5,in-domain,full,0,RealWorld_thigh,0.6274305555555556,0.5791009334029772,last
tfc,tstcc,device:RealWorld_thigh+MotionSense:5+5,in-domain,full,0,MotionSense,0.71484375,0.659806768281808,last
tfc,tstcc,device:RealWorld_thigh+MotionSense:5+5,in-domain,full,1,RealWorld_thigh,0.553125,0.5505456603638306,last
tfc,tstcc,device:RealWorld_thigh+MotionSense:5+5,in-domain,full,1,MotionSense,0.755859375,0.7290283730114555,last
tfc,tstcc,device:RealWorld_thigh+MotionSense:5+5,in-domain,full,2,RealWorld_thigh,0.6788194444444444,0.6788674380398053,last
tfc,tstcc,device:RealWorld_thigh+MotionSense:5+5,in-domain,full,2,MotionSense,0.7158203125,0.6657496795679506,last
tfc,tstcc,device:RealWorld_thigh+MotionSense:5+5,in-domain,full,3,RealWorld_thigh,0.6142361111111111,0.5602334782442931,last
tfc,tstcc,device:RealWorld_thigh+MotionSense:5+5,in-domain,full,3,MotionSense,0.6943359375,0.6467885063290261,last
tfc,tstcc,device:RealWorld_thigh:10,in-domain,10,0,RealWorld_thigh,0.5875,0.5687252056244824,last
tfc,tstcc,device:RealWorld_thigh:10,in-domain,10,1,RealWorld_thigh,0.6572916666666667,0.6184642196697304,last
tfc,tstcc,device:RealWorld_thigh:10,in-domain,10,2,RealWorld_thigh,0.5979166666666667,0.5764815984409005,last
tfc,tstcc,device:RealWorld_thigh:10,in-domain,10,3,RealWorld_thigh,0.6864583333333333,0.6396941422840615,last
tfc,tstcc,device:RealWorld_thigh:10,in-domain,1,0,RealWorld_thigh,0.5190972222222222,0.4694679254893383,last
tfc,tstcc,device:RealWorld_thigh:10,in-domain,1,1,RealWorld_thigh,0.4635416666666667,0.4645915510361327,last
tfc,tstcc,device:RealWorld_thigh:10,in-domain,1,2,RealWorld_thigh,0.5086805555555556,0.4523192287652227,last
tfc,tstcc,device:RealWorld_thigh:10,in-domain,1,3,RealWorld_thigh,0.5201388888888889,0.4720652743893725,last
tfc,tstcc,device:RealWorld_thigh:10,in-domain,2,0,RealWorld_thigh,0.6350694444444445,0.6341614501013678,last
tfc,tstcc,device:RealWorld_thigh:10,in-domain,2,1,RealWorld_thigh,0.515625,0.4737339682856106,last
tfc,tstcc,device:RealWorld_thigh:10,in-domain,2,2,RealWorld_thigh,0.5614583333333333,0.5076956190037181,last
tfc,tstcc,device:RealWorld_thigh:10,in-domain,2,3,RealWorld_thigh,0.5534722222222223,0.5376338562767925,last
tfc,tstcc,device:RealWorld_thigh:10,in-domain,5,0,RealWorld_thigh,0.6246527777777777,0.5775781446618138,last
tfc,tstcc,device:RealWorld_thigh:10,in-domain,5,1,RealWorld_thigh,0.6111111111111112,0.572286584672729,last
tfc,tstcc,device:RealWorld_thigh:10,in-domain,5,2,RealWorld_thigh,0.5572916666666666,0.529549244990448,last
tfc,tstcc,device:RealWorld_thigh:10,in-domain,5,3,RealWorld_thigh,0.5979166666666667,0.5717870763592964,last
tfc,tstcc,device:RealWorld_thigh:10,in-domain,full,0,RealWorld_thigh,0.6364583333333333,0.6373514787193116,last
tfc,tstcc,device:RealWorld_thigh:10,in-domain,full,1,RealWorld_thigh,0.6809027777777777,0.6360679502503864,last
tfc,tstcc,device:RealWorld_thigh:10,in-domain,full,2,RealWorld_thigh,0.6479166666666667,0.6020115566354404,last
tfc,tstcc,device:RealWorld_thigh:10,in-domain,full,3,RealWorld_thigh,0.7083333333333334,0.6636856119635438,last
lfr,cnnpff,device:RealWorld_thigh:10,device:MotionSense:10,10,0,RealWorld_thigh,0.7326388888888888,0.7342444595274169,last
lfr,cnnpff,device:RealWorld_thigh:10,device:MotionSense:10,10,1,RealWorld_thigh,0.7072916666666667,0.710662854035487,last
lfr,cnnpff,device:RealWorld_thigh:10,device:MotionSense:10,10,2,RealWorld_thigh,0.7354166666666667,0.7344051962726267,last
lfr,cnnpff,device:RealWorld_thigh:10,device:MotionSense:10,10,3,RealWorld_thigh,0.7347222222222223,0.7371202524399352,last
lfr,cnnpff,device:RealWorld_thigh:10,device:MotionSense:10,1,0,RealWorld_thigh,0.5347222222222222,0.5383843226642109,last
lfr,cnnpff,device:RealWorld_thigh:10,device:MotionSense:10,1,1,RealWorld_thigh,0.540625,0.5315128243553201,last
lfr,cnnpff,device:RealWorld_thigh:10,device:MotionSense:10,1,2,RealWorld_thigh,0.5642361111111112,0.565763075937424,last
lfr,cnnpff,device:RealWorld_thigh:10,device:MotionSense:10,1,3,RealWorld_thigh,0.5114583333333333,0.5134742642198211,last
lfr,cnnpff,device:RealWorld_thigh:10,device:MotionSense:10,2,0,RealWorld_thigh,0.5493055555555556,0.5570073370247022,last
lfr,cnnpff,device:RealWorld_thigh:10,device:MotionSense:10,2,1,RealWorld_thigh,0.6097222222222223,0.6078231237897388,last
lfr,cnnpff,device:RealWorld_thigh:10,device:MotionSense:10,2,2,RealWorld_thigh,0.6395833333333333,0.6425287122358624,last
lfr,cnnpff,device:RealWorld_thigh:10,device:MotionSense:10,2,3,RealWorld_thigh,0.6197916666666666,0.6174905524543126,last
lfr,cnnpff,device:RealWorld_thigh:10,device:MotionSense:10,5,0,RealWorld_thigh,0.6770833333333334,0.6789021844893344,last
lfr,cnnpff,device:RealWorld_thigh:10,device:MotionSense:10,5,1,RealWorld_thigh,0.6875,0.686533628901195,last
lfr,cnnpff,device:RealWorld_thigh:10,device:MotionSense:10,5,2,RealWorld_thigh,0.7111111111111111,0.711376329003659,last
lfr,cnnpff,device:RealWorld_thigh:10,device:MotionSense:10,5,3,RealWorld_thigh,0.7090277777777778,0.7100100529250843,last
lfr,cnnpff,device:RealWorld_thigh:10,device:MotionSense:10,full,0,RealWorld_thigh,0.6965277777777777,0.7026540972698725,last
lfr,cnnpff,device:RealWorld_thigh:10,device:MotionSense:10,full,1,RealWorld_thigh,0.6760416666666667,0.6842474834958021,last
lfr,cnnpff,device:RealWorld_thigh:10,device:MotionSense:10,full,2,RealWorld_thigh,0.6961805555555556,0.7018807991286174,last
lfr,cnnpff,device:RealWorld_thigh:10,device:MotionSense:10,full,3,RealWorld_thigh,0.7038194444444444,0.7107428789004054,last
lfr,cnnpff,device:MotionSense:10,device:RealWorld_thigh:10,10,0,MotionSense,0.822265625,0.8254918386306809,last
lfr,cnnpff,device:MotionSense:10,device:RealWorld_thigh:10,10,1,MotionSense,0.802734375,0.8053341906134753,last
lfr,cnnpff,device:MotionSense:10,device:RealWorld_thigh:10,10,2,MotionSense,0.802734375,0.8067715141685756,last
lfr,cnnpff,device:MotionSense:10,device:RealWorld_thigh:10,10,3,MotionSense,0.796875,0.8006279977579522,last
lfr,cnnpff,device:MotionSense:10,device:RealWorld_thigh:10,1,0,MotionSense,0.673828125,0.6626007001592608,last
lfr,cnnpff,device:MotionSense:10,device:RealWorld_thigh:10,1,1,MotionSense,0.73046875,0.7232842766719599,last
lfr,cnnpff,device:MotionSense:10,device:RealWorld_thigh:10,1,2,MotionSense,0.63671875,0.6356103685737182,last
lfr,cnnpff,device:MotionSense:10,device:RealWorld_thigh:10,1,3,MotionSense,0.669921875,0.6709208076672858,last
lfr,cnnpff,device:MotionSense:10,device:RealWorld_thigh:10,2,0,MotionSense,0.7294921875,0.727126584289887,last
lfr,cnnpff,device:MotionSense:10,device:RealWorld_thigh:10,2,1,MotionSense,0.75,0.7489022123401088,last
lfr,cnnpff,device:MotionSense:10,device:RealWorld_thigh:10,2,2,MotionSense,0.763671875,0.7663658094286885,last
lfr,cnnpff,device:MotionSense:10,device:RealWorld_thigh:10,2,3,MotionSense,0.7646484375,0.7674500496953506,last
lfr,cnnpff,device:MotionSense:10,device:RealWorld_thigh:10,5,0,MotionSense,0.8115234375,0.8114710748999036,last
lfr,cnnpff,device:MotionSense:10,device:RealWorld_thigh:10,5,1,MotionSense,0.794921875,0.7960145848654605,last
lfr,cnnpff,device:MotionSense:10,device:RealWorld_thigh:10,5,2,MotionSense,0.783203125,0.7870365859049357,last
lfr,cnnpff,device:MotionSense:10,device:RealWorld_thigh:10,5,3,MotionSense,0.818359375,0.8213112905028214,last
lfr,cnnpff,device:MotionSense:10,device:RealWorld_thigh:10,full,0,MotionSense,0.857421875,0.8589356668415092,last
lfr,cnnpff,device:MotionSense:10,device:RealWorld_thigh:10,full,1,MotionSense,0.81640625,0.8191582653747996,last
lfr,cnnpff,device:MotionSense:10,device:RealWorld_thigh:10,full,2,MotionSense,0.8408203125,0.8448239839883981,last
lfr,cnnpff,device:MotionSense:10,device:RealWorld_thigh:10,full,3,MotionSense,0.85546875,0.8572061899600926,last
lfr,resnetse5,device:RealWorld_thigh:10,device:MotionSense:10,10,0,RealWorld_thigh,0.6552083333333333,0.615136433536064,last
lfr,resnetse5,device:RealWorld_thigh:10,device:MotionSense:10,10,1,RealWorld_thigh,0.684375,0.6860472277468247,last
lfr,resnetse5,device:RealWorld_thigh:10,device:MotionSense:10,10,2,RealWorld_thigh,0.6256944444444444,0.5769518385437028,last
lfr,resnetse5,device:RealWorld_thigh:10,device:MotionSense:10,10,3,RealWorld_thigh,0.6600694444444445,0.6268586342546194,last
lfr,resnetse5,device:RealWorld_thigh:10,device:MotionSense:10,1,0,RealWorld_thigh,0.7100694444444444,0.7103917106738038,last
lfr,resnetse5,device:RealWorld_thigh:10,device:MotionSense:10,1,1,RealWorld_thigh,0.7670138888888889,0.770594691642517,last
lfr,resnetse5,device:RealWorld_thigh:10,device:MotionSense:10,1,2,RealWorld_thigh,0.6625,0.6260250612840144,last
lfr,resnetse5,device:RealWorld_thigh:10,device:MotionSense:10,1,3,RealWorld_thigh,0.7100694444444444,0.7139423017630878,last
lfr,resnetse5,device:RealWorld_thigh:10,device:MotionSense:10,2,0,RealWorld_thigh,0.6434027777777778,0.6523608168702566,last
lfr,resnetse5,device:RealWorld_thigh:10,device:MotionSense:10,2,1,RealWorld_thigh,0.6190972222222222,0.6071306994276111,last
lfr,resnetse5,device:RealWorld_thigh:10,device:MotionSense:10,2,2,RealWorld_thigh,0.640625,0.6120670104165343,last
lfr,resnetse5,device:RealWorld_thigh:10,device:MotionSense:10,2,3,RealWorld_thigh,0.6333333333333333,0.617244065919926,last
lfr,resnetse5,device:RealWorld_thigh:10,device:MotionSense:10,5,0,RealWorld_thigh,0.65625,0.6570033060609415,last
lfr,resnetse5,device:RealWorld_thigh:10,device:MotionSense:10,5,1,RealWorld_thigh,0.6885416666666667,0.6889068389827409,last
lfr,resnetse5,device:RealWorld_thigh:10,device:MotionSense:10,5,2,RealWorld_thigh,0.6350694444444445,0.604534775992148,last
lfr,resnetse5,device:RealWorld_thigh:10,device:MotionSense:10,5,3,RealWorld_thigh,0.6048611111111111,0.5825078731359414,last
lfr,resnetse5,device:RealWorld_thigh:10,device:MotionSense:10,full,0,RealWorld_thigh,0.6809027777777777,0.6371872807107543,last
lfr,resnetse5,device:RealWorld_thigh:10,device:MotionSense:10,full,1,RealWorld_thigh,0.6423611111111112,0.5992641056959566,last
lfr,resnetse5,device:RealWorld_thigh:10,device:MotionSense:10,full,2,RealWorld_thigh,0.6826388888888889,0.6359735748619082,last
lfr,resnetse5,device:RealWorld_thigh:10,device:MotionSense:10,full,3,RealWorld_thigh,0.5826388888888889,0.5582018063156805,last
lfr,resnetse5,device:MotionSense:10,device:RealWorld_thigh:10,10,0,MotionSense,0.794921875,0.7541732692469787,last
lfr,resnetse5,device:MotionSense:10,device:RealWorld_thigh:10,10,1,MotionSense,0.7724609375,0.749497300735248,last
lfr,resnetse5,device:MotionSense:10,device:RealWorld_thigh:10,10,2,MotionSense,0.7666015625,0.7393880349733329,last
lfr,resnetse5,device:MotionSense:10,device:RealWorld_thigh:10,10,3,MotionSense,0.8828125,0.8816897445888868,last
lfr,resnetse5,device:MotionSense:10,device:RealWorld_thigh:10,1,0,MotionSense,0.853515625,0.8545023721184796,last
lfr,resnetse5,device:MotionSense:10,device:RealWorld_thigh:10,1,1,MotionSense,0.8095703125,0.8048664430860338,last
lfr,resnetse5,device:MotionSense:10,device:RealWorld_thigh:10,1,2,MotionSense,0.8291015625,0.8300529790446841,last
lfr,resnetse5,device:MotionSense:10,device:RealWorld_thigh:10,1,3,MotionSense,0.77734375,0.766501435515276,last
lfr,resnetse5,device:MotionSense:10,device:RealWorld_thigh:10,2,0,MotionSense,0.87890625,0.8807669530568646,last
lfr,resnetse5,device:MotionSense:10,device:RealWorld_thigh:10,2,1,MotionSense,0.8828125,0.8822870754426467,last
lfr,resnetse5,device:MotionSense:10,device:RealWorld_thigh:10,2,2,MotionSense,0.8583984375,0.8589877904447274,last
lfr,resnetse5,device:MotionSense:10,device:RealWorld_thigh:10,2,3,MotionSense,0.87890625,0.8801806141407899,last
lfr,resnetse5,device:MotionSense:10,device:RealWorld_thigh:10,5,0,MotionSense,0.87109375,0.8698110081977924,last
lfr,resnetse5,device:MotionSense:10,device:RealWorld_thigh:10,5,1,MotionSense,0.9052734375,0.9041868003126936,last
lfr,resnetse5,device:MotionSense:10,device:RealWorld_thigh:10,5,2,MotionSense,0.8896484375,0.8892081522976082,last
lfr,resnetse5,device:MotionSense:10,device:RealWorld_thigh:10,5,3,MotionSense,0.8046875,0.7777741093926777,last
lfr,resnetse5,device:MotionSense:10,device:RealWorld_thigh:10,full,0,MotionSense,0.87890625,0.8782827503417449,last
lfr,resnetse5,device:MotionSense:10,device:RealWorld_thigh:10,full,1,MotionSense,0.80078125,0.7755077896395229,last
lfr,resnetse5,device:MotionSense:10,device:RealWorld_thigh:10,full,2,MotionSense,0.9013671875,0.9014822313661128,last
lfr,resnetse5,device:MotionSense:10,device:RealWorld_thigh:10,full,3,MotionSense,0.771484375,0.7302806572443176,last
lfr,rnn,device:RealWorld_thigh:10,device:MotionSense:10,10,0,RealWorld_thigh,0.5847222222222223,0.5621612798119778,last
lfr,rnn,device:RealWorld_thigh:10,device:MotionSense:10,10,1,RealWorld_thigh,0.5440972222222222,0.5539586075927813,last
lfr,rnn,device:RealWorld_thigh:10,device:MotionSense:10,10,2,RealWorld_thigh,0.5739583333333333,0.5505244895861318,last
lfr,rnn,device:RealWorld_thigh:10,device:MotionSense:10,10,3,RealWorld_thigh,0.5552083333333333,0.5189453206776823,last
lfr,rnn,device:RealWorld_thigh:10,device:MotionSense:10,1,0,RealWorld_thigh,0.4364583333333333,0.4455846396891048,last
lfr,rnn,device:RealWorld_thigh:10,device:MotionSense:10,1,1,RealWorld_thigh,0.5020833333333333,0.4739422834363182,last
lfr,rnn,device:RealWorld_thigh:10,device:MotionSense:10,1,2,RealWorld_thigh,0.4003472222222222,0.3888730687360381,last
lfr,rnn,device:RealWorld_thigh:10,device:MotionSense:10,1,3,RealWorld_thigh,0.4743055555555555,0.4424467897839341,last
lfr,rnn,device:RealWorld_thigh:10,device:MotionSense:10,2,0,RealWorld_thigh,0.5131944444444444,0.5095468738771952,last
lfr,rnn,device:RealWorld_thigh:10,device:MotionSense:10,2,1,RealWorld_thigh,0.4954861111111111,0.4885459194467267,last
lfr,rnn,device:RealWorld_thigh:10,device:MotionSense:10,2,2,RealWorld_thigh,0.4774305555555556,0.4564046384767281,last
lfr,rnn,device:RealWorld_thigh:10,device:MotionSense:10,2,3,RealWorld_thigh,0.4996527777777778,0.4684026089193536,last
lfr,rnn,device:RealWorld_thigh:10,device:MotionSense:10,5,0,RealWorld_thigh,0.540625,0.543095093376149,last
lfr,rnn,device:RealWorld_thigh:10,device:MotionSense:10,5,1,RealWorld_thigh,0.5899305555555555,0.5693418016336825,last
lfr,rnn,device:RealWorld_thigh:10,device:MotionSense:10,5,2,RealWorld_thigh,0.521875,0.488988246004912,last
lfr,rnn,device:RealWorld_thigh:10,device:MotionSense:10,5,3,RealWorld_thigh,0.5371527777777778,0.5221256976943353,last
lfr,rnn,device:RealWorld_thigh:10,device:MotionSense:10,full,0,RealWorld_thigh,0.6180555555555556,0.6282201190488083,last
lfr,rnn,device:RealWorld_thigh:10,device:MotionSense:10,full,1,RealWorld_thigh,0.6260416666666667,0.6377391966488528,last
lfr,rnn,device:RealWorld_thigh:10,device:MotionSense:10,full,2,RealWorld_thigh,0.6208333333333333,0.6174559786357291,last
lfr,rnn,device:RealWorld_thigh:10,device:MotionSense:10,full,3,RealWorld_thigh,0.6597222222222222,0.634232668148037,last
lfr,rnn,device:MotionSense:10,device:RealWorld_thigh:10,10,0,MotionSense,0.6572265625,0.6101789393712631,last
lfr,rnn,device:MotionSense:10,device:RealWorld_thigh:10,10,1,MotionSense,0.677734375,0.6548188125168375,last
lfr,rnn,device:MotionSense:10,device:RealWorld_thigh:10,10,2,MotionSense,0.6826171875,0.6320539453717523,last
lfr,rnn,device:MotionSense:10,device:RealWorld_thigh:10,10,3,MotionSense,0.6767578125,0.6262126020131872,last
lfr,rnn,device:MotionSense:10,device:RealWorld_thigh:10,1,0,MotionSense,0.609375,0.5813330856056647,last
lfr,rnn,device:MotionSense:10,device:RealWorld_thigh:10,1,1,MotionSense,0.595703125,0.5613237598893251,last
lfr,rnn,device:MotionSense:10,device:RealWorld_thigh:10,1,2,MotionSense,0.5556640625,0.5232205144318082,last
lfr,rnn,device:MotionSense:10,device:RealWorld_thigh:10,1,3,MotionSense,0.533203125,0.4863069769503745,last
lfr,rnn,device:MotionSense:10,device:RealWorld_thigh:10,2,0,MotionSense,0.6767578125,0.6448710911149137,last
lfr,rnn,device:MotionSense:10,device:RealWorld_thigh:10,2,1,MotionSense,0.6474609375,0.640505932269927,last
lfr,rnn,device:MotionSense:10,device:RealWorld_thigh:10,2,2,MotionSense,0.619140625,0.5760697306070649,last
lfr,rnn,device:MotionSense:10,device:RealWorld_thigh:10,2,3,MotionSense,0.591796875,0.5435575392827018,last
lfr,rnn,device:MotionSense:10,device:RealWorld_thigh:10,5,0,MotionSense,0.669921875,0.6191513133724179,last
lfr,rnn,device:MotionSense:10,device:RealWorld_thigh:10,5,1,MotionSense,0.68359375,0.6425195823504755,last
lfr,rnn,device:MotionSense:10,device:RealWorld_thigh:10,5,2,MotionSense,0.654296875,0.6000722313072722,last
lfr,rnn,device:MotionSense:10,device:RealWorld_thigh:10,5,3,MotionSense,0.6484375,0.6202595737473905,last
lfr,rnn,device:MotionSense:10,device:RealWorld_thigh:10,full,0,MotionSense,0.75,0.710166671462869,last
lfr,rnn,device:MotionSense:10,device:RealWorld_thigh:10,full,1,MotionSense,0.7890625,0.7739126419722037,last
lfr,rnn,device:MotionSense:10,device:RealWorld_thigh:10,full,2,MotionSense,0.7451171875,0.7306722925629371,last
lfr,rnn,device:MotionSense:10,device:RealWorld_thigh:10,full,3,MotionSense,0.76171875,0.7305668447492102,last
lfr,tstcc,device:RealWorld_thigh:10,device:MotionSense:10,10,0,RealWorld_thigh,0.6690972222222222,0.6727410951406849,last
lfr,tstcc,device:RealWorld_thigh:10,device:MotionSense:10,10,1,RealWorld_thigh,0.6208333333333333,0.6319950684132425,last
lfr,tstcc,device:RealWorld_thigh:10,device:MotionSense:10,10,2,RealWorld_thigh,0.6826388888888889,0.6863364438066258,last
lfr,tstcc,device:RealWorld_thigh:10,device:MotionSense:10,10,3,RealWorld_thigh,0.6267361111111112,0.6355351510056256,last
lfr,tstcc,device:RealWorld_thigh:10,device:MotionSense:10,1,0,RealWorld_thigh,0.5614583333333333,0.5514628829937678,last
lfr,tstcc,device:RealWorld_thigh:10,device:MotionSense:10,1,1,RealWorld_thigh,0.5298611111111111,0.5262821347197152,last
lfr,tstcc,device:RealWorld_thigh:10,device:MotionSense:10,1,2,RealWorld_thigh,0.5701388888888889,0.5664389277022153,last
lfr,tstcc,device:RealWorld_thigh:10,device:MotionSense:10,1,3,RealWorld_thigh,0.5166666666666667,0.5122673514003465,last
lfr,tstcc,device:RealWorld_thigh:10,device:MotionSense:10,2,0,RealWorld_thigh,0.5767361111111111,0.579223192558899,last
lfr,tstcc,device:RealWorld_thigh:10,device:MotionSense:10,2,1,RealWorld_thigh,0.5315972222222223,0.5367474463575554,last
lfr,tstcc,device:RealWorld_thigh:10,device:MotionSense:10,2,2,RealWorld_thigh,0.5892361111111111,0.587710762007471,last
lfr,tstcc,device:RealWorld_thigh:10,device:MotionSense:10,2,3,RealWorld_thigh,0.5430555555555555,0.5543257625454607,last
lfr,tstcc,device:RealWorld_thigh:10,device:MotionSense:10,5,0,RealWorld_thigh,0.6402777777777777,0.6433990112250872,last
lfr,tstcc,device:RealWorld_thigh:10,device:MotionSense:10,5,1,RealWorld_thigh,0.6114583333333333,0.6191619469234867,last
lfr,tstcc,device:RealWorld_thigh:10,device:MotionSense:10,5,2,RealWorld_thigh,0.6447916666666667,0.6495086772032196,last
lfr,tstcc,device:RealWorld_thigh:10,device:MotionSense:10,5,3,RealWorld_thigh,0.6100694444444444,0.6174474046139937,last
lfr,tstcc,device:RealWorld_thigh:10,device:MotionSense:10,full,0,RealWorld_thigh,0.6697916666666667,0.6786333664660047,last
lfr,tstcc,device:RealWorld_thigh:10,device:MotionSense:10,full,1,RealWorld_thigh,0.6954861111111111,0.6999111233769909,last
lfr,tstcc,device:RealWorld_thigh:10,device:MotionSense:10,full,2,RealWorld_thigh,0.7024305555555556,0.7059309804700097,last
lfr,tstcc,device:RealWorld_thigh:10,device:MotionSense:10,full,3,RealWorld_thigh,0.6628472222222223,0.6717078563107761,last
lfr,tstcc,device:MotionSense:10,device:RealWorld_thigh:10,10,0,MotionSense,0.8193359375,0.8185484696920352,last
lfr,tstcc,device:MotionSense:10,device:RealWorld_thigh:10,10,1,MotionSense,0.845703125,0.8448096933454109,last
lfr,tstcc,device:MotionSense:10,device:RealWorld_thigh:10,10,2,MotionSense,0.84765625,0.8494106502398641,last
lfr,tstcc,device:MotionSense:10,device:RealWorld_thigh:10,10,3,MotionSense,0.8515625,0.8519959760333982,last
lfr,tstcc,device:MotionSense:10,device:RealWorld_thigh:10,1,0,MotionSense,0.6689453125,0.6426523008128231,last
lfr,tstcc,device:MotionSense:10,device:RealWorld_thigh:10,1,1,MotionSense,0.6943359375,0.6756760397724614,last
lfr,tstcc,device:MotionSense:10,device:RealWorld_thigh:10,1,2,MotionSense,0.68359375,0.6746466725506363,last
lfr,tstcc,device:MotionSense:10,device:RealWorld_thigh:10,1,3,MotionSense,0.6474609375,0.6370862230164264,last
lfr,tstcc,device:MotionSense:10,device:RealWorld_thigh:10,2,0,MotionSense,0.7626953125,0.7587188564390789,last
lfr,tstcc,device:MotionSense:10,device:RealWorld_thigh:10,2,1,MotionSense,0.7509765625,0.7426598544861075,last
lfr,tstcc,device:MotionSense:10,device:RealWorld_thigh:10,2,2,MotionSense,0.794921875,0.7899861018977621,last
lfr,tstcc,device:MotionSense:10,device:RealWorld_thigh:10,2,3,MotionSense,0.7236328125,0.7147245219098117,last
lfr,tstcc,device:MotionSense:10,device:RealWorld_thigh:10,5,0,MotionSense,0.791015625,0.7842189150003009,last
lfr,tstcc,device:MotionSense:10,device:RealWorld_thigh:10,5,1,MotionSense,0.7939453125,0.7915140048445185,last
lfr,tstcc,device:MotionSense:10,device:RealWorld_thigh:10,5,2,MotionSense,0.830078125,0.8305259054764602,last
lfr,tstcc,device:MotionSense:10,device:RealWorld_thigh:10,5,3,MotionSense,0.8125,0.8090806209814705,last
lfr,tstcc,device:MotionSense:10,device:RealWorld_thigh:10,full,0,MotionSense,0.8603515625,0.8609605052839607,last
lfr,tstcc,device:MotionSense:10,device:RealWorld_thigh:10,full,1,MotionSense,0.8857421875,0.8868114160770623,last
lfr,tstcc,device:MotionSense:10,device:RealWorld_thigh:10,full,2,MotionSense,0.8916015625,0.8932189171655148,last
lfr,tstcc,device:MotionSense:10,device:RealWorld_thigh:10,full,3,MotionSense,0.8857421875,0.886258133685442,last
tfc,cnnpff,device:RealWorld_thigh:10,device:MotionSense:10,10,0,RealWorld_thigh,0.7125,0.7170256722427312,last
tfc,cnnpff,device:RealWorld_thigh:10,device:MotionSense:10,10,1,RealWorld_thigh,0.6329861111111111,0.6424692604385916,last
tfc,cnnpff,device:RealWorld_thigh:10,device:MotionSense:10,10,2,RealWorld_thigh,0.753125,0.7530725369830584,last
tfc,cnnpff,device:RealWorld_thigh:10,device:MotionSense:10,10,3,RealWorld_thigh,0.6451388888888889,0.6517312068144258,last
tfc,cnnpff,device:RealWorld_thigh:10,device:MotionSense:10,1,0,RealWorld_thigh,0.6607638888888889,0.6617905430220482,last
tfc,cnnpff,device:RealWorld_thigh:10,device:MotionSense:10,1,1,RealWorld_thigh,0.4857638888888889,0.480398525194714,last
tfc,cnnpff,device:RealWorld_thigh:10,device:MotionSense:10,1,2,RealWorld_thigh,0.6149305555555555,0.6211949629179198,last
tfc,cnnpff,device:RealWorld_thigh:10,device:MotionSense:10,1,3,RealWorld_thigh,0.5170138888888889,0.504483126541676,last
tfc,cnnpff,device:RealWorld_thigh:10,device:MotionSense:10,2,0,RealWorld_thigh,0.7,0.6987418280980648,last
tfc,cnnpff,device:RealWorld_thigh:10,device:MotionSense:10,2,1,RealWorld_thigh,0.5736111111111111,0.5787567180938363,last
tfc,cnnpff,device:RealWorld_thigh:10,device:MotionSense:10,2,2,RealWorld_thigh,0.7118055555555556,0.7105857321082204,last
tfc,cnnpff,device:RealWorld_thigh:10,device:MotionSense:10,2,3,RealWorld_thigh,0.5361111111111111,0.5438288127821429,last
tfc,cnnpff,device:RealWorld_thigh:10,device:MotionSense:10,5,0,RealWorld_thigh,0.6645833333333333,0.6741949690100283,last
tfc,cnnpff,device:RealWorld_thigh:10,device:MotionSense:10,5,1,RealWorld_thigh,0.6184027777777777,0.622929852904929,last
tfc,cnnpff,device:RealWorld_thigh:10,device:MotionSense:10,5,2,RealWorld_thigh,0.7260416666666667,0.7252192365984488,last
tfc,cnnpff,device:RealWorld_thigh:10,device:MotionSense:10,5,3,RealWorld_thigh,0.6208333333333333,0.6281505541161839,last
tfc,cnnpff,device:RealWorld_thigh:10,device:MotionSense:10,full,0,RealWorld_thigh,0.6819444444444445,0.6838380031333892,last
tfc,cnnpff,device:RealWorld_thigh:10,device:MotionSense:10,full,1,RealWorld_thigh,0.6302083333333334,0.6203803225110034,last
tfc,cnnpff,device:RealWorld_thigh:10,device:MotionSense:10,full,2,RealWorld_thigh,0.7072916666666667,0.7054030657511404,last
tfc,cnnpff,device:RealWorld_thigh:10,device:MotionSense:10,full,3,RealWorld_thigh,0.6628472222222223,0.6641789730561981,last
tfc,cnnpff,device:MotionSense:10,device:RealWorld_thigh:10,10,0,MotionSense,0.859375,0.8588731926283136,last
tfc,cnnpff,device:MotionSense:10,device:RealWorld_thigh:10,10,1,MotionSense,0.8720703125,0.8733775954868631,last
tfc,cnnpff,device:MotionSense:10,device:RealWorld_thigh:10,10,2,MotionSense,0.8525390625,0.851175797454335,last
tfc,cnnpff,device:MotionSense:10,device:RealWorld_thigh:10,10,3,MotionSense,0.8193359375,0.8215551590519286,last
tfc,cnnpff,device:MotionSense:10,device:RealWorld_thigh:10,1,0,MotionSense,0.771484375,0.7733771288241572,last
tfc,cnnpff,device:MotionSense:10,device:RealWorld_thigh:10,1,1,MotionSense,0.7060546875,0.7037166093573232,last
tfc,cnnpff,device:MotionSense:10,device:RealWorld_thigh:10,1,2,MotionSense,0.7255859375,0.7202968210553959,last
tfc,cnnpff,device:MotionSense:10,device:RealWorld_thigh:10,1,3,MotionSense,0.74609375,0.7489300256153157,last
tfc,cnnpff,device:MotionSense:10,device:RealWorld_thigh:10,2,0,MotionSense,0.81640625,0.8193438778790277,last
tfc,cnnpff,device:MotionSense:10,device:RealWorld_thigh:10,2,1,MotionSense,0.83984375,0.840118828718475,last
tfc,cnnpff,device:MotionSense:10,device:RealWorld_thigh:10,2,2,MotionSense,0.818359375,0.8178273445225358,last
tfc,cnnpff,device:MotionSense:10,device:RealWorld_thigh:10,2,3,MotionSense,0.7646484375,0.7674964898839022,last
tfc,cnnpff,device:MotionSense:10,device:RealWorld_thigh:10,5,0,MotionSense,0.8369140625,0.8367308239705555,last
tfc,cnnpff,device:MotionSense:10,device:RealWorld_thigh:10,5,1,MotionSense,0.8583984375,0.8577339199766861,last
tfc,cnnpff,device:MotionSense:10,device:RealWorld_thigh:10,5,2,MotionSense,0.8359375,0.8340916065481832,last
tfc,cnnpff,device:MotionSense:10,device:RealWorld_thigh:10,5,3,MotionSense,0.7841796875,0.7867777329869635,last
tfc,cnnpff,device:MotionSense:10,device:RealWorld_thigh:10,full,0,MotionSense,0.908203125,0.9057537778181876,last
tfc,cnnpff,device:MotionSense:10,device:RealWorld_thigh:10,full,1,MotionSense,0.8759765625,0.8742944201727102,last
tfc,cnnpff,device:MotionSense:10,device:RealWorld_thigh:10,full,2,MotionSense,0.9169921875,0.918136793660126,last
tfc,cnnpff,device:MotionSense:10,device:RealWorld_thigh:10,full,3,MotionSense,0.853515625,0.8516858422658262,last
tfc,resnetse5,device:RealWorld_thigh:10,device:MotionSense:10,10,0,RealWorld_thigh,0.5125,0.485693633325351,last
tfc,resnetse5,device:RealWorld_thigh:10,device:MotionSense:10,10,1,RealWorld_thigh,0.5760416666666667,0.5648231698724745,last
tfc,resnetse5,device:RealWorld_thigh:10,device:MotionSense:10,10,2,RealWorld_thigh,0.6142361111111111,0.5951634957810508,last
tfc,resnetse5,device:RealWorld_thigh:10,device:MotionSense:10,10,3,RealWorld_thigh,0.5878472222222222,0.5824959909329539,last
tfc,resnetse5,device:RealWorld_thigh:10,device:MotionSense:10,1,0,RealWorld_thigh,0.6315972222222223,0.6225905148748898,last
tfc,resnetse5,device:RealWorld_thigh:10,device:MotionSense:10,1,1,RealWorld_thigh,0.6329861111111111,0.6324961260960006,last
tfc,resnetse5,device:RealWorld_thigh:10,device:MotionSense:10,1,2,RealWorld_thigh,0.6784722222222223,0.654434248218839,last
tfc,resnetse5,device:RealWorld_thigh:10,device:MotionSense:10,1,3,RealWorld_thigh,0.3288194444444444,0.3259360628816652,last
tfc,resnetse5,device:RealWorld_thigh:10,device:MotionSense:10,2,0,RealWorld_thigh,0.5913194444444444,0.5831504045999266,last
tfc,resnetse5,device:RealWorld_thigh:10,device:MotionSense:10,2,1,RealWorld_thigh,0.5027777777777778,0.4878514684466326,last
tfc,resnetse5,device:RealWorld_thigh:10,device:MotionSense:10,2,2,RealWorld_thigh,0.6354166666666666,0.6054081070764764,last
tfc,resnetse5,device:RealWorld_thigh:10,device:MotionSense:10,2,3,RealWorld_thigh,0.3486111111111111,0.3347209491369575,last
tfc,resnetse5,device:RealWorld_thigh:10,device:MotionSense:10,5,0,RealWorld_thigh,0.5621527777777777,0.518023330798533,last
tfc,resnetse5,device:RealWorld_thigh:10,device:MotionSense:10,5,1,RealWorld_thigh,0.5510416666666667,0.5361340446597783,last
tfc,resnetse5,device:RealWorld_thigh:10,device:MotionSense:10,5,2,RealWorld_thigh,0.6736111111111112,0.6629810509019636,last
tfc,resnetse5,device:RealWorld_thigh:10,device:MotionSense:10,5,3,RealWorld_thigh,0.5767361111111111,0.5625232174342353,last
tfc,resnetse5,device:RealWorld_thigh:10,device:MotionSense:10,full,0,RealWorld_thigh,0.6534722222222222,0.6104763806763237,last
tfc,resnetse5,device:RealWorld_thigh:10,device:MotionSense:10,full,1,RealWorld_thigh,0.5288194444444444,0.4925844776467185,last
tfc,resnetse5,device:RealWorld_thigh:10,device:MotionSense:10,full,2,RealWorld_thigh,0.7118055555555556,0.6850480810884908,last
tfc,resnetse5,device:RealWorld_thigh:10,device:MotionSense:10,full,3,RealWorld_thigh,0.5760416666666667,0.528846973317709,last
tfc,resnetse5,device:MotionSense:10,device:RealWorld_thigh:10,10,0,MotionSense,0.78125,0.767860108525256,last
tfc,resnetse5,device:MotionSense:10,device:RealWorld_thigh:10,10,1,MotionSense,0.876953125,0.8744742391207709,last
tfc,resnetse5,device:MotionSense:10,device:RealWorld_thigh:10,10,2,MotionSense,0.837890625,0.8347006029986268,last
tfc,resnetse5,device:MotionSense:10,device:RealWorld_thigh:10,10,3,MotionSense,0.7314453125,0.7074049133000834,last
tfc,resnetse5,device:MotionSense:10,device:RealWorld_thigh:10,1,0,MotionSense,0.7646484375,0.7631928358150014,last
tfc,resnetse5,device:MotionSense:10,device:RealWorld_thigh:10,1,1,MotionSense,0.720703125,0.6772016460166559,last
tfc,resnetse5,device:MotionSense:10,device:RealWorld_thigh:10,1,2,MotionSense,0.744140625,0.7424486204037738,last
tfc,resnetse5,device:MotionSense:10,device:RealWorld_thigh:10,1,3,MotionSense,0.7412109375,0.74147878775761,last
tfc,resnetse5,device:MotionSense:10,device:RealWorld_thigh:10,2,0,MotionSense,0.646484375,0.6478740902913941,last
tfc,resnetse5,device:MotionSense:10,device:RealWorld_thigh:10,2,1,MotionSense,0.7490234375,0.7227600092535869,last
tfc,resnetse5,device:MotionSense:10,device:RealWorld_thigh:10,2,2,MotionSense,0.7314453125,0.7220661453302637,last
tfc,resnetse5,device:MotionSense:10,device:RealWorld_thigh:10,2,3,MotionSense,0.669921875,0.6274331093588984,last
tfc,resnetse5,device:MotionSense:10,device:RealWorld_thigh:10,5,0,MotionSense,0.8154296875,0.8115256852124465,last
tfc,resnetse5,device:MotionSense:10,device:RealWorld_thigh:10,5,1,MotionSense,0.826171875,0.8223175366648618,last
tfc,resnetse5,device:MotionSense:10,device:RealWorld_thigh:10,5,2,MotionSense,0.8515625,0.8490808492650865,last
tfc,resnetse5,device:MotionSense:10,device:RealWorld_thigh:10,5,3,MotionSense,0.8115234375,0.8082483510339724,last
tfc,resnetse5,device:MotionSense:10,device:RealWorld_thigh:10,full,0,MotionSense,0.7646484375,0.7314160568127509,last
tfc,resnetse5,device:MotionSense:10,device:RealWorld_thigh:10,full,1,MotionSense,0.7626953125,0.719739304273907,last
tfc,resnetse5,device:MotionSense:10,device:RealWorld_thigh:10,full,2,MotionSense,0.8837890625,0.8796432199202817,last
tfc,resnetse5,device:MotionSense:10,device:RealWorld_thigh:10,full,3,MotionSense,0.8896484375,0.887137413438804,last
tfc,rnn,device:RealWorld_thigh:10,device:MotionSense:10,10,0,RealWorld_thigh,0.7350694444444444,0.7367827684493559,last
tfc,rnn,device:RealWorld_thigh:10,device:MotionSense:10,10,1,RealWorld_thigh,0.7034722222222223,0.7059322222232242,last
tfc,rnn,device:RealWorld_thigh:10,device:MotionSense:10,10,2,RealWorld_thigh,0.6798611111111111,0.6764499584295129,last
tfc,rnn,device:RealWorld_thigh:10,device:MotionSense:10,10,3,RealWorld_thigh,0.7583333333333333,0.7588609390638471,last
tfc,rnn,device:RealWorld_thigh:10,device:MotionSense:10,1,0,RealWorld_thigh,0.5947916666666667,0.5875620119114866,last
tfc,rnn,device:RealWorld_thigh:10,device:MotionSense:10,1,1,RealWorld_thigh,0.6267361111111112,0.6241324558668679,last
tfc,rnn,device:RealWorld_thigh:10,device:MotionSense:10,1,2,RealWorld_thigh,0.5819444444444445,0.5735895513711993,last
tfc,rnn,device:RealWorld_thigh:10,device:MotionSense:10,1,3,RealWorld_thigh,0.6274305555555556,0.6275098539515256,last
tfc,rnn,device:RealWorld_thigh:10,device:MotionSense:10,2,0,RealWorld_thigh,0.6579861111111112,0.6566898146664455,last
tfc,rnn,device:RealWorld_thigh:10,device:MotionSense:10,2,1,RealWorld_thigh,0.6263888888888889,0.6246330452370469,last
tfc,rnn,device:RealWorld_thigh:10,device:MotionSense:10,2,2,RealWorld_thigh,0.6673611111111111,0.6666894180395656,last
tfc,rnn,device:RealWorld_thigh:10,device:MotionSense:10,2,3,RealWorld_thigh,0.6541666666666667,0.655852881591131,last
tfc,rnn,device:RealWorld_thigh:10,device:MotionSense:10,5,0,RealWorld_thigh,0.7253472222222223,0.7287039662255714,last
tfc,rnn,device:RealWorld_thigh:10,device:MotionSense:10,5,1,RealWorld_thigh,0.6875,0.6851163040788073,last
tfc,rnn,device:RealWorld_thigh:10,device:MotionSense:10,5,2,RealWorld_thigh,0.6625,0.6623084526745037,last
tfc,rnn,device:RealWorld_thigh:10,device:MotionSense:10,5,3,RealWorld_thigh,0.7003472222222222,0.7005965741561792,last
tfc,rnn,device:RealWorld_thigh:10,device:MotionSense:10,full,0,RealWorld_thigh,0.7201388888888889,0.721935755954403,last
tfc,rnn,device:RealWorld_thigh:10,device:MotionSense:10,full,1,RealWorld_thigh,0.6545138888888888,0.6536748808640547,last
tfc,rnn,device:RealWorld_thigh:10,device:MotionSense:10,full,2,RealWorld_thigh,0.7145833333333333,0.7141787728876391,last
tfc,rnn,device:RealWorld_thigh:10,device:MotionSense:10,full,3,RealWorld_thigh,0.7225694444444445,0.7249576138416346,last
tfc,rnn,device:MotionSense:10,device:RealWorld_thigh:10,10,0,MotionSense,0.8955078125,0.8932029489429151,last
tfc,rnn,device:MotionSense:10,device:RealWorld_thigh:10,10,1,MotionSense,0.8544921875,0.8508544426761685,last
tfc,rnn,device:MotionSense:10,device:RealWorld_thigh:10,10,2,MotionSense,0.88671875,0.8831652289746922,last
tfc,rnn,device:MotionSense:10,device:RealWorld_thigh:10,10,3,MotionSense,0.8740234375,0.8722806435521756,last
tfc,rnn,device:MotionSense:10,device:RealWorld_thigh:10,1,0,MotionSense,0.759765625,0.7536563284866561,last
tfc,rnn,device:MotionSense:10,device:RealWorld_thigh:10,1,1,MotionSense,0.7646484375,0.7552320667461186,last
tfc,rnn,device:MotionSense:10,device:RealWorld_thigh:10,1,2,MotionSense,0.724609375,0.7236002763180337,last
tfc,rnn,device:MotionSense:10,device:RealWorld_thigh:10,1,3,MotionSense,0.7216796875,0.7114608051971043,last
tfc,rnn,device:MotionSense:10,device:RealWorld_thigh:10,2,0,MotionSense,0.8212890625,0.8150255570817366,last
tfc,rnn,device:MotionSense:10,device:RealWorld_thigh:10,2,1,MotionSense,0.8212890625,0.8186664031511605,last
tfc,rnn,device:MotionSense:10,device:RealWorld_thigh:10,2,2,MotionSense,0.8212890625,0.8181939405076292,last
tfc,rnn,device:MotionSense:10,device:RealWorld_thigh:10,2,3,MotionSense,0.841796875,0.8381588745313885,last
tfc,rnn,device:MotionSense:10,device:RealWorld_thigh:10,5,0,MotionSense,0.8466796875,0.8428408280575508,last
tfc,rnn,device:MotionSense:10,device:RealWorld_thigh:10,5,1,MotionSense,0.841796875,0.8399398272675613,last
tfc,rnn,device:MotionSense:10,device:RealWorld_thigh:10,5,2,MotionSense,0.8896484375,0.8876878986299436,last
tfc,rnn,device:MotionSense:10,device:RealWorld_thigh:10,5,3,MotionSense,0.8701171875,0.8677032859078239,last
tfc,rnn,device:MotionSense:10,device:RealWorld_thigh:10,full,0,MotionSense,0.9130859375,0.9111920232994456,last
tfc,rnn,device:MotionSense:10,device:RealWorld_thigh:10,full,1,MotionSense,0.8798828125,0.8792980112414308,last
tfc,rnn,device:MotionSense:10,device:RealWorld_thigh:10,full,2,MotionSense,0.8984375,0.896598243127555,last
tfc,rnn,device:MotionSense:10,device:RealWorld_thigh:10,full,3,MotionSense,0.9072265625,0.9071951332415598,last
tfc,tstcc,device:RealWorld_thigh:10,device:MotionSense:10,10,0,RealWorld_thigh,0.609375,0.5985598894010574,last
tfc,tstcc,device:RealWorld_thigh:10,device:MotionSense:10,10,1,RealWorld_thigh,0.5927083333333333,0.551266169647484,last
tfc,tstcc,device:RealWorld_thigh:10,device:MotionSense:10,10,2,RealWorld_thigh,0.6184027777777777,0.6229177051605693,last
tfc,tstcc,device:RealWorld_thigh:10,device:MotionSense:10,10,3,RealWorld_thigh,0.6204861111111111,0.6113337467314358,last
tfc,tstcc,device:RealWorld_thigh:10,device:MotionSense:10,1,0,RealWorld_thigh,0.5486111111111112,0.5019532619237305,last
tfc,tstcc,device:RealWorld_thigh:10,device:MotionSense:10,1,1,RealWorld_thigh,0.4190972222222222,0.4096456199519266,last
tfc,tstcc,device:RealWorld_thigh:10,device:MotionSense:10,1,2,RealWorld_thigh,0.425,0.3724530138072967,last
tfc,tstcc,device:RealWorld_thigh:10,device:MotionSense:10,1,3,RealWorld_thigh,0.5392361111111111,0.4904426952769699,last
tfc,tstcc,device:RealWorld_thigh:10,device:MotionSense:10,2,0,RealWorld_thigh,0.5777777777777777,0.5469319652459806,last
tfc,tstcc,device:RealWorld_thigh:10,device:MotionSense:10,2,1,RealWorld_thigh,0.4802083333333333,0.4301284385316661,last
tfc,tstcc,device:RealWorld_thigh:10,device:MotionSense:10,2,2,RealWorld_thigh,0.5434027777777778,0.4944006091242957,last
tfc,tstcc,device:RealWorld_thigh:10,device:MotionSense:10,2,3,RealWorld_thigh,0.5222222222222223,0.4672861433193786,last
tfc,tstcc,device:RealWorld_thigh:10,device:MotionSense:10,5,0,RealWorld_thigh,0.6444444444444445,0.6252467129467355,last
tfc,tstcc,device:RealWorld_thigh:10,device:MotionSense:10,5,1,RealWorld_thigh,0.5920138888888888,0.5709410792779052,last
tfc,tstcc,device:RealWorld_thigh:10,device:MotionSense:10,5,2,RealWorld_thigh,0.5965277777777778,0.5466215691660805,last
tfc,tstcc,device:RealWorld_thigh:10,device:MotionSense:10,5,3,RealWorld_thigh,0.5631944444444444,0.5508137437021378,last
tfc,tstcc,device:RealWorld_thigh:10,device:MotionSense:10,full,0,RealWorld_thigh,0.6642361111111111,0.622109432256798,last
tfc,tstcc,device:RealWorld_thigh:10,device:MotionSense:10,full,1,RealWorld_thigh,0.6402777777777777,0.5953978836893179,last
tfc,tstcc,device:RealWorld_thigh:10,device:MotionSense:10,full,2,RealWorld_thigh,0.6489583333333333,0.6041412527450326,last
tfc,tstcc,device:RealWorld_thigh:10,device:MotionSense:10,full,3,RealWorld_thigh,0.6739583333333333,0.6283770063529608,last
tfc,tstcc,device:MotionSense:10,device:RealWorld_thigh:10,10,0,MotionSense,0.8046875,0.8048030217529522,last
tfc,tstcc,device:MotionSense:10,device:RealWorld_thigh:10,10,1,MotionSense,0.8681640625,0.8694232038472008,last
tfc,tstcc,device:MotionSense:10,device:RealWorld_thigh:10,10,2,MotionSense,0.8505859375,0.8522257383566315,last
tfc,tstcc,device:MotionSense:10,device:RealWorld_thigh:10,10,3,MotionSense,0.7255859375,0.6792888583581687,last
tfc,tstcc,device:MotionSense:10,device:RealWorld_thigh:10,1,0,MotionSense,0.7998046875,0.8000223286304742,last
tfc,tstcc,device:MotionSense:10,device:RealWorld_thigh:10,1,1,MotionSense,0.7529296875,0.7025735720596408,last
tfc,tstcc,device:MotionSense:10,device:RealWorld_thigh:10,1,2,MotionSense,0.6806640625,0.6355181981610768,last
tfc,tstcc,device:MotionSense:10,device:RealWorld_thigh:10,1,3,MotionSense,0.6748046875,0.6311863078497774,last
tfc,tstcc,device:MotionSense:10,device:RealWorld_thigh:10,2,0,MotionSense,0.77734375,0.7858371561681866,last
tfc,tstcc,device:MotionSense:10,device:RealWorld_thigh:10,2,1,MotionSense,0.8427734375,0.8461305975049419,last
tfc,tstcc,device:MotionSense:10,device:RealWorld_thigh:10,2,2,MotionSense,0.7998046875,0.8009040637117399,last
tfc,tstcc,device:MotionSense:10,device:RealWorld_thigh:10,2,3,MotionSense,0.7099609375,0.6592728222147132,last
tfc,tstcc,device:MotionSense:10,device:RealWorld_thigh:10,5,0,MotionSense,0.7744140625,0.7790129137797384,last
tfc,tstcc,device:MotionSense:10,device:RealWorld_thigh:10,5,1,MotionSense,0.853515625,0.85463292140706,last
tfc,tstcc,device:MotionSense:10,device:RealWorld_thigh:10,5,2,MotionSense,0.83203125,0.834441937177247,last
tfc,tstcc,device:MotionSense:10,device:RealWorld_thigh:10,5,3,MotionSense,0.7373046875,0.6980976749472885,last
tfc,tstcc,device:MotionSense:10,device:RealWorld_thigh:10,full,0,MotionSense,0.8447265625,0.844233241905289,last
tfc,tstcc,device:MotionSense:10,device:RealWorld_thigh:10,full,1,MotionSense,0.9033203125,0.904163122848846,last
tfc,tstcc,device:MotionSense:10,device:RealWorld_thigh:10,full,2,MotionSense,0.880859375,0.8815161557045363,last
tfc,tstcc,device:MotionSense:10,device:RealWorld_thigh:10,full,3,MotionSense,0.736328125,0.6927198022521046,last
none,cnnpff,device:MotionSense:10,-,full,0,MotionSense,0.8642578125,0.8661005313669919,last
none,cnnpff,device:MotionSense:10,-,full,1,MotionSense,0.81640625,0.8202112649677393,last
none,cnnpff,device:MotionSense:10,-,full,2,MotionSense,0.8408203125,0.8446942415288389,last
none,cnnpff,device:MotionSense:10,-,full,3,MotionSense,0.83203125,0.8339325129783312,last
none,cnnpff,device:RealWorld_thigh+MotionSense:10+10,-,full,0,RealWorld_thigh,0.684375,0.6925860419532684,last
none,cnnpff,device:RealWorld_thigh+MotionSense:10+10,-,full,0,MotionSense,0.8291015625,0.8291907071708846,last
none,cnnpff,device:RealWorld_thigh+MotionSense:10+10,-,full,1,RealWorld_thigh,0.7170138888888888,0.7233469739280959,last
none,cnnpff,device:RealWorld_thigh+MotionSense:10+10,-,full,1,MotionSense,0.80859375,0.8093914490761579,last
none,cnnpff,device:RealWorld_thigh+MotionSense:10+10,-,full,2,RealWorld_thigh,0.7326388888888888,0.7353258974217977,last
none,cnnpff,device:RealWorld_thigh+MotionSense:10+10,-,full,2,MotionSense,0.8369140625,0.8363184273753896,last
none,cnnpff,device:RealWorld_thigh+MotionSense:10+10,-,full,3,RealWorld_thigh,0.6704861111111111,0.6788199985293407,last
none,cnnpff,device:RealWorld_thigh+MotionSense:10+10,-,full,3,MotionSense,0.8369140625,0.8385129545139693,last
none,cnnpff,device:RealWorld_thigh+MotionSense:5+5,-,full,0,RealWorld_thigh,0.6340277777777777,0.6394195870931575,last
none,cnnpff,device:RealWorld_thigh+MotionSense:5+5,-,full,0,MotionSense,0.78515625,0.7835800569536838,last
none,cnnpff,device:RealWorld_thigh+MotionSense:5+5,-,full,1,RealWorld_thigh,0.6625,0.6655883913861659,last
none,cnnpff,device:RealWorld_thigh+MotionSense:5+5,-,full,1,MotionSense,0.77734375,0.7805309034445204,last
none,cnnpff,device:RealWorld_thigh+MotionSense:5+5,-,full,2,RealWorld_thigh,0.6871527777777777,0.6866978863046529,last
none,cnnpff,device:RealWorld_thigh+MotionSense:5+5,-,full,2,MotionSense,0.748046875,0.7398933258472103,last
none,cnnpff,device:RealWorld_thigh+MotionSense:5+5,-,full,3,RealWorld_thigh,0.6225694444444444,0.6293504144678004,last
none,cnnpff,device:RealWorld_thigh+MotionSense:5+5,-,full,3,MotionSense,0.75390625,0.7504611661933551,last
none,cnnpff,device:RealWorld_thigh:10,-,full,0,RealWorld_thigh,0.6923611111111111,0.6984210082910932,last
none,cnnpff,device:RealWorld_thigh:10,-,full,1,RealWorld_thigh,0.6857638888888888,0.6938600154810918,last
none,cnnpff,device:RealWorld_thigh:10,-,full,2,RealWorld_thigh,0.7020833333333333,0.7077749738357247,last
none,cnnpff,device:RealWorld_thigh:10,-,full,3,RealWorld_thigh,0.7017361111111111,0.7092174074217752,last
none,resnetse5,device:MotionSense:10,-,full,0,MotionSense,0.73046875,0.6822840834551697,last
none,resnetse5,device:MotionSense:10,-,full,1,MotionSense,0.7744140625,0.7316509284958879,last
none,resnetse5,device:MotionSense:10,-,full,2,MotionSense,0.9365234375,0.9370015525765626,last
none,resnetse5,device:MotionSense:10,-,full,3,MotionSense,0.8818359375,0.8822271655911921,last
none,resnetse5,device:RealWorld_thigh+MotionSense:10+10,-,full,0,RealWorld_thigh,0.6024305555555556,0.5598704969129179,last
none,resnetse5,device:RealWorld_thigh+MotionSense:10+10,-,full,0,MotionSense,0.7451171875,0.692941333463513,last
none,resnetse5,device:RealWorld_thigh+MotionSense:10+10,-,full,1,RealWorld_thigh,0.6965277777777777,0.6564618364618159,last
none,resnetse5,device:RealWorld_thigh+MotionSense:10+10,-,full,1,MotionSense,0.734375,0.6854944819986315,last
none,resnetse5,device:RealWorld_thigh+MotionSense:10+10,-,full,2,RealWorld_thigh,0.6645833333333333,0.6229352463232053,last
none,resnetse5,device:RealWorld_thigh+MotionSense:10+10,-,full,2,MotionSense,0.7900390625,0.7682871240420228,last
none,resnetse5,device:RealWorld_thigh+MotionSense:10+10,-,full,3,RealWorld_thigh,0.671875,0.6313235757337192,last
none,resnetse5,device:RealWorld_thigh+MotionSense:10+10,-,full,3,MotionSense,0.7724609375,0.7375720602024839,last
none,resnetse5,device:RealWorld_thigh+MotionSense:5+5,-,full,0,RealWorld_thigh,0.5201388888888889,0.5247710859957503,last
none,resnetse5,device:RealWorld_thigh+MotionSense:5+5,-,full,0,MotionSense,0.671875,0.612983547454731,last
none,resnetse5,device:RealWorld_thigh+MotionSense:5+5,-,full,1,RealWorld_thigh,0.6486111111111111,0.611618079749795,last
none,resnetse5,device:RealWorld_thigh+MotionSense:5+5,-,full,1,MotionSense,0.7021484375,0.6437730953803272,last
none,resnetse5,device:RealWorld_thigh+MotionSense:5+5,-,full,2,RealWorld_thigh,0.5475694444444444,0.5214649355957294,last
none,resnetse5,device:RealWorld_thigh+MotionSense:5+5,-,full,2,MotionSense,0.7275390625,0.6751715963727895,last
none,resnetse5,device:RealWorld_thigh+MotionSense:5+5,-,full,3,RealWorld_thigh,0.6322916666666667,0.625904730769768,last
none,resnetse5,device:RealWorld_thigh+MotionSense:5+5,-,full,3,MotionSense,0.6865234375,0.6390976442449686,last
none,resnetse5,device:RealWorld_thigh:10,-,full,0,RealWorld_thigh,0.6138888888888889,0.5668880823063223,last
none,resnetse5,device:RealWorld_thigh:10,-,full,1,RealWorld_thigh,0.6916666666666667,0.6477411683203125,last
none,resnetse5,device:RealWorld_thigh:10,-,full,2,RealWorld_thigh,0.6045138888888889,0.570793654983212,last
none,resnetse5,device:RealWorld_thigh:10,-,full,3,RealWorld_thigh,0.6253472222222223,0.5954974494391762,last
none,rnn,device:MotionSense:10,-,full,0,MotionSense,0.724609375,0.6872786139105824,last
none,rnn,device:MotionSense:10,-,full,1,MotionSense,0.7578125,0.7341046026427299,last
none,rnn,device:MotionSense:10,-,full,2,MotionSense,0.71484375,0.6858407860173029,last
none,rnn,device:MotionSense:10,-,full,3,MotionSense,0.7451171875,0.7205475321213127,last
none,rnn,device:RealWorld_thigh+MotionSense:10+10,-,full,0,RealWorld_thigh,0.6052083333333333,0.5871055185884707,last
none,rnn,device:RealWorld_thigh+MotionSense:10+10,-,full,0,MotionSense,0.6240234375,0.5845171086049523,last
none,rnn,device:RealWorld_thigh+MotionSense:10+10,-,full,1,RealWorld_thigh,0.6329861111111111,0.6166169500584254,last
none,rnn,device:RealWorld_thigh+MotionSense:10+10,-,full,1,MotionSense,0.681640625,0.6576213458950934,last
none,rnn,device:RealWorld_thigh+MotionSense:10+10,-,full,2,RealWorld_thigh,0.6190972222222222,0.6060692824210767,last
none,rnn,device:RealWorld_thigh+MotionSense:10+10,-,full,2,MotionSense,0.712890625,0.6922968272858738,last
none,rnn,device:RealWorld_thigh+MotionSense:10+10,-,full,3,RealWorld_thigh,0.653125,0.6429497678818062,last
none,rnn,device:RealWorld_thigh+MotionSense:10+10,-,full,3,MotionSense,0.6845703125,0.658274294408518,last
none,rnn,device:RealWorld_thigh+MotionSense:5+5,-,full,0,RealWorld_thigh,0.6135416666666667,0.5965776654183733,last
none,rnn,device:RealWorld_thigh+MotionSense:5+5,-,full,0,MotionSense,0.58984375,0.5552547915950207,last
none,rnn,device:RealWorld_thigh+MotionSense:5+5,-,full,1,RealWorld_thigh,0.6045138888888889,0.5885218688162328,last
none,rnn,device:RealWorld_thigh+MotionSense:5+5,-,full,1,MotionSense,0.6376953125,0.6166549589694216,last
none,rnn,device:RealWorld_thigh+MotionSense:5+5,-,full,2,RealWorld_thigh,0.5989583333333334,0.579236936237785,last
none,rnn,device:RealWorld_thigh+MotionSense:5+5,-,full,2,MotionSense,0.6318359375,0.6104988382621278,last
none,rnn,device:RealWorld_thigh+MotionSense:5+5,-,full,3,RealWorld_thigh,0.5791666666666667,0.5492938743537162,last
none,rnn,device:RealWorld_thigh+MotionSense:5+5,-,full,3,MotionSense,0.6591796875,0.6358949472861116,last
none,rnn,device:RealWorld_thigh:10,-,full,0,RealWorld_thigh,0.625,0.6274382393871929,last
none,rnn,device:RealWorld_thigh:10,-,full,1,RealWorld_thigh,0.6947916666666667,0.6852788526311016,last
none,rnn,device:RealWorld_thigh:10,-,full,2,RealWorld_thigh,0.646875,0.6503860433745378,last
none,rnn,device:RealWorld_thigh:10,-,full,3,RealWorld_thigh,0.6385416666666667,0.641780549143538,last
none,tstcc,device:MotionSense:10,-,full,0,MotionSense,0.82421875,0.8204207874764232,last
none,tstcc,device:MotionSense:10,-,full,1,MotionSense,0.859375,0.8547176646663167,last
none,tstcc,device:MotionSense:10,-,full,2,MotionSense,0.865234375,0.8646815904599273,last
none,tstcc,device:MotionSense:10,-,full,3,MotionSense,0.8330078125,0.8256985812611725,last
none,tstcc,device:RealWorld_thigh+MotionSense:10+10,-,full,0,RealWorld_thigh,0.6444444444444445,0.6500737979942873,last
none,tstcc,device:RealWorld_thigh+MotionSense:10+10,-,full,0,MotionSense,0.7919921875,0.7717910567033517,last
none,tstcc,device:RealWorld_thigh+MotionSense:10+10,-,full,1,RealWorld_thigh,0.7458333333333333,0.7435030440437491,last
none,tstcc,device:RealWorld_thigh+MotionSense:10+10,-,full,1,MotionSense,0.814453125,0.8006550238136981,last
none,tstcc,device:RealWorld_thigh+MotionSense:10+10,-,full,2,RealWorld_thigh,0.7083333333333334,0.698561251836152,last
none,tstcc,device:RealWorld_thigh+MotionSense:10+10,-,full,2,MotionSense,0.8134765625,0.7907088625165811,last
none,tstcc,device:RealWorld_thigh+MotionSense:10+10,-,full,3,RealWorld_thigh,0.6677083333333333,0.67278229625532,last
none,tstcc,device:RealWorld_thigh+MotionSense:10+10,-,full,3,MotionSense,0.7958984375,0.7762442556558028,last
none,tstcc,device:RealWorld_thigh+MotionSense:5+5,-,full,0,RealWorld_thigh,0.6298611111111111,0.6343484008206275,last
none,tstcc,device:RealWorld_thigh+MotionSense:5+5,-,full,0,MotionSense,0.814453125,0.8119571696425943,last
none,tstcc,device:RealWorld_thigh+MotionSense:5+5,-,full,1,RealWorld_thigh,0.6475694444444444,0.6483568098319225,last
none,tstcc,device:RealWorld_thigh+MotionSense:5+5,-,full,1,MotionSense,0.787109375,0.7731220449275158,last
none,tstcc,device:RealWorld_thigh+MotionSense:5+5,-,full,2,RealWorld_thigh,0.7159722222222222,0.7069830371709479,last
none,tstcc,device:RealWorld_thigh+MotionSense:5+5,-,full,2,MotionSense,0.8154296875,0.7957258267639765,last
none,tstcc,device:RealWorld_thigh+MotionSense:5+5,-,full,3,RealWorld_thigh,0.640625,0.6429963155979133,last
none,tstcc,device:RealWorld_thigh+MotionSense:5+5,-,full,3,MotionSense,0.8056640625,0.7888756576461708,last
none,tstcc,device:RealWorld_thigh:10,-,full,0,RealWorld_thigh,0.6923611111111111,0.6947722633106439,last
none,tstcc,device:RealWorld_thigh:10,-,full,1,RealWorld_thigh,0.6777777777777778,0.6881709801837698,last
none,tstcc,device:RealWorld_thigh:10,-,full,2,RealWorld_thigh,0.7284722222222222,0.7322443032771219,last
none,tstcc,device:RealWorld_thigh:10,-,full,3,RealWorld_thigh,0.7239583333333334,0.7171863710461013,last
lfr,cnnpff,device:MotionSense:10,device:RealWorld_thigh:10,1,0,MotionSense,0.67392578125,0.6629332022079255,tail20
lfr,cnnpff,device:MotionSense:10,device:RealWorld_thigh:10,1,1,MotionSense,0.72890625,0.7217417437593026,tail20
lfr,cnnpff,device:MotionSense:10,device:RealWorld_thigh:10,1,2,MotionSense,0.64052734375,0.6391978578378041,tail20
lfr,cnnpff,device:MotionSense:10,device:RealWorld_thigh:10,1,3,MotionSense,0.6705078125,0.671170739815093,tail20
lfr,cnnpff,device:MotionSense:10,device:RealWorld_thigh:10,10,0,MotionSense,0.819189453125,0.8224961073214228,tail20
lfr,cnnpff,device:MotionSense:10,device:RealWorld_thigh:10,10,1,MotionSense,0.803857421875,0.8065229763212921,tail20
lfr,cnnpff,device:MotionSense:10,device:RealWorld_thigh:10,10,2,MotionSense,0.80283203125,0.8066309720137316,tail20
lfr,cnnpff,device:MotionSense:10,device:RealWorld_thigh:10,10,3,MotionSense,0.79873046875,0.8025814782310408,tail20
lfr,cnnpff,device:MotionSense:10,device:RealWorld_thigh:10,2,0,MotionSense,0.726806640625,0.72446304577679,tail20
lfr,cnnpff,device:MotionSense:10,device:RealWorld_thigh:10,2,1,MotionSense,0.74599609375,0.7450548270794652,tail20
lfr,cnnpff,device:MotionSense:10,device:RealWorld_thigh:10,2,2,MotionSense,0.762841796875,0.7653335567600854,tail20
lfr,cnnpff,device:MotionSense:10,device:RealWorld_thigh:10,2,3,MotionSense,0.76435546875,0.7671284175720123,tail20
lfr,cnnpff,device:MotionSense:10,device:RealWorld_thigh:10,5,0,MotionSense,0.81162109375,0.8116134200011974,tail20
lfr,cnnpff,device:MotionSense:10,device:RealWorld_thigh:10,5,1,MotionSense,0.79423828125,0.7951480235390999,tail20
lfr,cnnpff,device:MotionSense:10,device:RealWorld_thigh:10,5,2,MotionSense,0.78330078125,0.7873851428000116,tail20
lfr,cnnpff,device:MotionSense:10,device:RealWorld_thigh:10,5,3,MotionSense,0.819189453125,0.8220085002639989,tail20
lfr,cnnpff,device:MotionSense:10,device:RealWorld_thigh:10,full,0,MotionSense,0.84970703125,0.8516921726214688,tail20
lfr,cnnpff,device:MotionSense:10,device:RealWorld_thigh:10,full,1,MotionSense,0.818994140625,0.8216573455748077,tail20
lfr,cnnpff,device:MotionSense:10,device:RealWorld_thigh:10,full,2,MotionSense,0.835986328125,0.8402714820819244,tail20
lfr,cnnpff,device:MotionSense:10,device:RealWorld_thigh:10,full,3,MotionSense,0.85029296875,0.8521212223014174,tail20
lfr,cnnpff,device:MotionSense:10,in-domain,1,0,MotionSense,0.682421875,0.6721850029443998,tail20
lfr,cnnpff,device:MotionSense:10,in-domain,1,1,MotionSense,0.719873046875,0.7131323573685314,tail20
lfr,cnnpff,device:MotionSense:10,in-domain,1,2,MotionSense,0.661572265625,0.6598148819630215,tail20
lfr,cnnpff,device:MotionSense:10,in-domain,1,3,MotionSense,0.654931640625,0.6567507851765753,tail20
lfr,cnnpff,device:MotionSense:10,in-domain,10,0,MotionSense,0.819140625,0.8219461450338731,tail20
lfr,cnnpff,device:MotionSense:10,in-domain,10,1,MotionSense,0.812744140625,0.8151999661728182,tail20
lfr,cnnpff,device:MotionSense:10,in-domain,10,2,MotionSense,0.804443359375,0.8080696998325212,tail20
lfr,cnnpff,device:MotionSense:10,in-domain,10,3,MotionSense,0.8107421875,0.814474804986269,tail20
lfr,cnnpff,device:MotionSense:10,in-domain,2,0,MotionSense,0.745166015625,0.7429685830670111,tail20
lfr,cnnpff,device:MotionSense:10,in-domain,2,1,MotionSense,0.732861328125,0.7318493822927798,tail20
lfr,cnnpff,device:MotionSense:10,in-domain,2,2,MotionSense,0.772509765625,0.7742878922512946,tail20
lfr,cnnpff,device:MotionSense:10,in-domain,2,3,MotionSense,0.762939453125,0.7658405204541782,tail20
lfr,cnnpff,device:MotionSense:10,in-domain,5,0,MotionSense,0.81904296875,0.8201723070744966,tail20
lfr,cnnpff,device:MotionSense:10,in-domain,5,1,MotionSense,0.800732421875,0.801644735497479,tail20
lfr,cnnpff,device:MotionSense:10,in-domain,5,2,MotionSense,0.784130859375,0.7880187095772828,tail20
lfr,cnnpff,device:MotionSense:10,in-domain,5,3,MotionSense,0.8265625,0.8298635027257351,tail20
lfr,cnnpff,device:MotionSense:10,in-domain,full,0,MotionSense,0.84052734375,0.842842911446601,tail20
lfr,cnnpff,device:MotionSense:10,in-domain,full,1,MotionSense,0.832080078125,0.8346744746829622,tail20
lfr,cnnpff,device:MotionSense:10,in-domain,full,2,MotionSense,0.82998046875,0.8341086832698295,tail20
lfr,cnnpff,device:MotionSense:10,in-domain,full,3,MotionSense,0.8564453125,0.8579305948211744,tail20
lfr,cnnpff,device:RealWorld_thigh+MotionSense:10+10,in-domain,1,0,MotionSense,0.685009765625,0.6811567280266189,tail20
lfr,cnnpff,device:RealWorld_thigh+MotionSense:10+10,in-domain,1,0,RealWorld_thigh,0.5530208333333333,0.5558650727778699,tail20
lfr,cnnpff,device:RealWorld_thigh+MotionSense:10+10,in-domain,1,1,MotionSense,0.627001953125,0.6275225773627726,tail20
lfr,cnnpff,device:RealWorld_thigh+MotionSense:10+10,in-domain,1,1,RealWorld_thigh,0.5759027777777778,0.5757354620190621,tail20
lfr,cnnpff,device:RealWorld_thigh+MotionSense:10+10,in-domain,1,2,MotionSense,0.684716796875,0.6801244513445805,tail20
lfr,cnnpff,device:RealWorld_thigh+MotionSense:10+10,in-domain,1,2,RealWorld_thigh,0.5759201388888889,0.5800849644154751,tail20
lfr,cnnpff,device:RealWorld_thigh+MotionSense:10+10,in-domain,1,3,MotionSense,0.645068359375,0.6461399577573024,tail20
lfr,cnnpff,device:RealWorld_thigh+MotionSense:10+10,in-domain,1,3,RealWorld_thigh,0.5466319444444444,0.5552805073049323,tail20
lfr,cnnpff,device:RealWorld_thigh+MotionSense:10+10,in-domain,10,0,MotionSense,0.81171875,0.8126659701437496,tail20
lfr,cnnpff,device:RealWorld_thigh+MotionSense:10+10,in-domain,10,0,RealWorld_thigh,0.7157638888888889,0.7189755580881897,tail20
lfr,cnnpff,device:RealWorld_thigh+MotionSense:10+10,in-domain,10,1,MotionSense,0.80625,0.8068907228802782,tail20
lfr,cnnpff,device:RealWorld_thigh+MotionSense:10+10,in-domain,10,1,RealWorld_thigh,0.7011631944444444,0.7039749221825266,tail20
lfr,cnnpff,device:RealWorld_thigh+MotionSense:10+10,in-domain,10,2,MotionSense,0.83017578125,0.8319797810254,tail20
lfr,cnnpff,device:RealWorld_thigh+MotionSense:10+10,in-domain,10,2,RealWorld_thigh,0.7049652777777778,0.7066624689338753,tail20
lfr,cnnpff,device:RealWorld_thigh+MotionSense:10+10,in-domain,10,3,MotionSense,0.81982421875,0.8225121334737755,tail20
lfr,cnnpff,device:RealWorld_thigh+MotionSense:10+10,in-domain,10,3,RealWorld_thigh,0.6827951388888889,0.6879476729932368,tail20
lfr,cnnpff,device:RealWorld_thigh+MotionSense:10+10,in-domain,2,0,MotionSense,0.76962890625,0.7662172357725999,tail20
lfr,cnnpff,device:RealWorld_thigh+MotionSense:10+10,in-domain,2,0,RealWorld_thigh,0.6534375,0.6554112313439643,tail20
lfr,cnnpff,device:RealWorld_thigh+MotionSense:10+10,in-domain,2,1,MotionSense,0.74580078125,0.7441165849216085,tail20
lfr,cnnpff,device:RealWorld_thigh+MotionSense:10+10,in-domain,2,1,RealWorld_thigh,0.6421701388888889,0.6466465858131436,tail20
lfr,cnnpff,device:RealWorld_thigh+MotionSense:10+10,in-domain,2,2,MotionSense,0.762451171875,0.7602163502365787,tail20
lfr,cnnpff,device:RealWorld_thigh+MotionSense:10+10,in-domain,2,2,RealWorld_thigh,0.6521701388888889,0.6546549728046237,tail20
lfr,cnnpff,device:RealWorld_thigh+MotionSense:10+10,in-domain,2,3,MotionSense,0.73984375,0.7409656327179652,tail20
lfr,cnnpff,device:RealWorld_thigh+MotionSense:10+10,in-domain,2,3,RealWorld_thigh,0.6159375,0.6215789585448718,tail20
lfr,cnnpff,device:RealWorld_thigh+MotionSense:10+10,in-domain,5,0,MotionSense,0.804052734375,0.8032236092582437,tail20
lfr,cnnpff,device:RealWorld_thigh+MotionSense:10+10,in-domain,5,0,RealWorld_thigh,0.688576388888889,0.6922649269880539,tail20
lfr,cnnpff,device:RealWorld_thigh+MotionSense:10+10,in-domain,5,1,MotionSense,0.797216796875,0.7967323410999407,tail20
lfr,cnnpff,device:RealWorld_thigh+MotionSense:10+10,in-domain,5,1,RealWorld_thigh,0.6798090277777777,0.6820168214641444,tail20
lfr,cnnpff,device:RealWorld_thigh+MotionSense:10+10,in-domain,5,2,MotionSense,0.784912109375,0.7844841047438053,tail20
lfr,cnnpff,device:RealWorld_thigh+MotionSense:10+10,in-domain,5,2,RealWorld_thigh,0.6841493055555555,0.6862383964161958,tail20
lfr,cnnpff,device:RealWorld_thigh+MotionSense:10+10,in-domain,5,3,MotionSense,0.80458984375,0.8064624441694977,tail20
lfr,cnnpff,device:RealWorld_thigh+MotionSense:10+10,in-domain,5,3,RealWorld_thigh,0.6848263888888889,0.6893417234444309,tail20
lfr,cnnpff,device:RealWorld_thigh+MotionSense:10+10,in-domain,full,0,MotionSense,0.81416015625,0.8155863234594645,tail20
lfr,cnnpff,device:RealWorld_thigh+MotionSense:10+10,in-domain,full,0,RealWorld_thigh,0.6871527777777777,0.6953160092043961,tail20
lfr,cnnpff,device:RealWorld_thigh+MotionSense:10+10,in-domain,full,1,MotionSense,0.832080078125,0.8341441424558313,tail20
lfr,cnnpff,device:RealWorld_thigh+MotionSense:10+10,in-domain,full,1,RealWorld_thigh,0.7178298611111111,0.7235343329834488,tail20
lfr,cnnpff,device:RealWorld_thigh+MotionSense:10+10,in-domain,full,2,MotionSense,0.835009765625,0.8358422531588404,tail20
lfr,cnnpff,device:RealWorld_thigh+MotionSense:10+10,in-domain,full,2,RealWorld_thigh,0.69296875,0.6994917042452039,tail20
lfr,cnnpff,device:RealWorld_thigh+MotionSense:10+10,in-domain,full,3,MotionSense,0.841748046875,0.841671640392893,tail20
lfr,cnnpff,device:RealWorld_thigh+MotionSense:10+10,in-domain,full,3,RealWorld_thigh,0.6839062499999999,0.6920785502776274,tail20
lfr,cnnpff,device:RealWorld_thigh+MotionSense:5+5,in-domain,1,0,MotionSense,0.667236328125,0.6543165877505126,tail20
lfr,cnnpff,device:RealWorld_thigh+MotionSense:5+5,in-domain,1,0,RealWorld_thigh,0.5628298611111111,0.5606905159014388,tail20
lfr,cnnpff,device:RealWorld_thigh+MotionSense:5+5,in-domain,1,1,MotionSense,0.6412109375,0.6343314153113596,tail20
lfr,cnnpff,device:RealWorld_thigh+MotionSense:5+5,in-domain,1,1,RealWorld_thigh,0.5499826388888889,0.5464200572861695,tail20
lfr,cnnpff,device:RealWorld_thigh+MotionSense:5+5,in-domain,1,2,MotionSense,0.59052734375,0.5831503774413316,tail20
lfr,cnnpff,device:RealWorld_thigh+MotionSense:5+5,in-domain,1,2,RealWorld_thigh,0.5362847222222222,0.537030136871387,tail20
lfr,cnnpff,device:RealWorld_thigh+MotionSense:5+5,in-domain,1,3,MotionSense,0.557177734375,0.5407100384752346,tail20
lfr,cnnpff,device:RealWorld_thigh+MotionSense:5+5,in-domain,1,3,RealWorld_thigh,0.42390624999999993,0.4206657034096596,tail20
lfr,cnnpff,device:RealWorld_thigh+MotionSense:5+5,in-domain,10,0,MotionSense,0.779541015625,0.7726556074445629,tail20
lfr,cnnpff,device:RealWorld_thigh+MotionSense:5+5,in-domain,10,0,RealWorld_thigh,0.6818055555555556,0.6825881954034747,tail20
lfr,cnnpff,device:RealWorld_thigh+MotionSense:5+5,in-domain,10,1,MotionSense,0.75791015625,0.7575994794579158,tail20
lfr,cnnpff,device:RealWorld_thigh+MotionSense:5+5,in-domain,10,1,RealWorld_thigh,0.6671354166666666,0.6677061145086793,tail20
lfr,cnnpff,device:RealWorld_thigh+MotionSense:5+5,in-domain,10,2,MotionSense,0.747509765625,0.7413187013281648,tail20
lfr,cnnpff,device:RealWorld_thigh+MotionSense:5+5,in-domain,10,2,RealWorld_thigh,0.6442708333333333,0.6437676052938283,tail20
lfr,cnnpff,device:RealWorld_thigh+MotionSense:5+5,in-domain,10,3,MotionSense,0.730615234375,0.7233503923615345,tail20
lfr,cnnpff,device:RealWorld_thigh+MotionSense:5+5,in-domain,10,3,RealWorld_thigh,0.6743576388888889,0.6740487022810013,tail20
lfr,cnnpff,device:RealWorld_thigh+MotionSense:5+5,in-domain,2,0,MotionSense,0.72158203125,0.7068776360276302,tail20
lfr,cnnpff,device:RealWorld_thigh+MotionSense:5+5,in-domain,2,0,RealWorld_thigh,0.58484375,0.5853243819107592,tail20
lfr,cnnpff,device:RealWorld_thigh+MotionSense:5+5,in-domain,2,1,MotionSense,0.66279296875,0.6561719233391454,tail20
lfr,cnnpff,device:RealWorld_thigh+MotionSense:5+5,in-domain,2,1,RealWorld_thigh,0.5490277777777778,0.5477087779258774,tail20
lfr,cnnpff,device:RealWorld_thigh+MotionSense:5+5,in-domain,2,2,MotionSense,0.630810546875,0.628142715258845,tail20
lfr,cnnpff,device:RealWorld_thigh+MotionSense:5+5,in-domain,2,2,RealWorld_thigh,0.5597569444444443,0.5612734975343269,tail20
lfr,cnnpff,device:RealWorld_thigh+MotionSense:5+5,in-domain,2,3,MotionSense,0.676171875,0.6631623125775266,tail20
lfr,cnnpff,device:RealWorld_thigh+MotionSense:5+5,in-domain,2,3,RealWorld_thigh,0.5787847222222222,0.5800505460692398,tail20
lfr,cnnpff,device:RealWorld_thigh+MotionSense:5+5,in-domain,5,0,MotionSense,0.769091796875,0.7637003350881025,tail20
lfr,cnnpff,device:RealWorld_thigh+MotionSense:5+5,in-domain,5,0,RealWorld_thigh,0.6550520833333333,0.6552782080399935,tail20
lfr,cnnpff,device:RealWorld_thigh+MotionSense:5+5,in-domain,5,1,MotionSense,0.732373046875,0.7288995130983157,tail20
lfr,cnnpff,device:RealWorld_thigh+MotionSense:5+5,in-domain,5,1,RealWorld_thigh,0.653611111111111,0.6528579630661884,tail20
lfr,cnnpff,device:RealWorld_thigh+MotionSense:5+5,in-domain,5,2,MotionSense,0.70322265625,0.6866700067744385,tail20
lfr,cnnpff,device:RealWorld_thigh+MotionSense:5+5,in-domain,5,2,RealWorld_thigh,0.63734375,0.6398105090987731,tail20
lfr,cnnpff,device:RealWorld_thigh+MotionSense:5+5,in-domain,5,3,MotionSense,0.695556640625,0.6911854517227328,tail20
lfr,cnnpff,device:RealWorld_thigh+MotionSense:5+5,in-domain,5,3,RealWorld_thigh,0.6298090277777778,0.6298677280482256,tail20
lfr,cnnpff,device:RealWorld_thigh+MotionSense:5+5,in-domain,full,0,MotionSense,0.7814453125,0.777262731349859,tail20
lfr,cnnpff,device:RealWorld_thigh+MotionSense:5+5,in-domain,full,0,RealWorld_thigh,0.6361284722222222,0.6418631088892492,tail20
lfr,cnnpff,device:RealWorld_thigh+MotionSense:5+5,in-domain,full,1,MotionSense,0.748583984375,0.7490592810510729,tail20
lfr,cnnpff,device:RealWorld_thigh+MotionSense:5+5,in-domain,full,1,RealWorld_thigh,0.6556770833333333,0.6570888604751263,tail20
lfr,cnnpff,device:RealWorld_thigh+MotionSense:5+5,in-domain,full,2,MotionSense,0.7580078125,0.7549908981684275,tail20
lfr,cnnpff,device:RealWorld_thigh+MotionSense:5+5,in-domain,full,2,RealWorld_thigh,0.6490625,0.6521856846757584,tail20
lfr,cnnpff,device:RealWorld_thigh+MotionSense:5+5,in-domain,full,3,MotionSense,0.763916015625,0.7582817676478599,tail20
lfr,cnnpff,device:RealWorld_thigh+MotionSense:5+5,in-domain,full,3,RealWorld_thigh,0.6468229166666666,0.6520965693803642,tail20
lfr,cnnpff,device:RealWorld_thigh:10,device:MotionSense:10,1,0,RealWorld_thigh,0.5373090277777778,0.5407907518038237,tail20
lfr,cnnpff,device:RealWorld_thigh:10,device:MotionSense:10,1,1,RealWorld_thigh,0.5393229166666667,0.530978939699575,tail20
lfr,cnnpff,device:RealWorld_thigh:10,device:MotionSense:10,1,2,RealWorld_thigh,0.5650694444444444,0.56668172809973,tail20
lfr,cnnpff,device:RealWorld_thigh:10,device:MotionSense:10,1,3,RealWorld_thigh,0.5133854166666667,0.5156224349263084,tail20
lfr,cnnpff,device:RealWorld_thigh:10,device:MotionSense:10,10,0,RealWorld_thigh,0.7327083333333333,0.7347947942723037,tail20
lfr,cnnpff,device:RealWorld_thigh:10,device:MotionSense:10,10,1,RealWorld_thigh,0.7043402777777777,0.7090586483999791,tail20
lfr,cnnpff,device:RealWorld_thigh:10,device:MotionSense:10,10,2,RealWorld_thigh,0.7357638888888889,0.7345779044984511,tail20
lfr,cnnpff,device:RealWorld_thigh:10,device:MotionSense:10,10,3,RealWorld_thigh,0.7327951388888889,0.7356216728622625,tail20
lfr,cnnpff,device:RealWorld_thigh:10,device:MotionSense:10,2,0,RealWorld_thigh,0.5501041666666666,0.5580823802287987,tail20
lfr,cnnpff,device:RealWorld_thigh:10,device:MotionSense:10,2,1,RealWorld_thigh,0.6103819444444445,0.6090667686792463,tail20
lfr,cnnpff,device:RealWorld_thigh:10,device:MotionSense:10,2,2,RealWorld_thigh,0.6389756944444445,0.6421196896555859,tail20
lfr,cnnpff,device:RealWorld_thigh:10,device:MotionSense:10,2,3,RealWorld_thigh,0.6213715277777777,0.6194167660671848,tail20
lfr,cnnpff,device:RealWorld_thigh:10,device:MotionSense:10,5,0,RealWorld_thigh,0.6773784722222222,0.679651388264546,tail20
lfr,cnnpff,device:RealWorld_thigh:10,device:MotionSense:10,5,1,RealWorld_thigh,0.6880381944444445,0.6872690463988651,tail20
lfr,cnnpff,device:RealWorld_thigh:10,device:MotionSense:10,5,2,RealWorld_thigh,0.7099826388888889,0.7101070645472087,tail20
lfr,cnnpff,device:RealWorld_thigh:10,device:MotionSense:10,5,3,RealWorld_thigh,0.7076909722222222,0.7093708117917371,tail20
lfr,cnnpff,device:RealWorld_thigh:10,device:MotionSense:10,full,0,RealWorld_thigh,0.6976041666666666,0.7036040273759048,tail20
lfr,cnnpff,device:RealWorld_thigh:10,device:MotionSense:10,full,1,RealWorld_thigh,0.6799999999999999,0.6881595724811725,tail20
lfr,cnnpff,device:RealWorld_thigh:10,device:MotionSense:10,full,2,RealWorld_thigh,0.6954687500000001,0.7011326467695692,tail20
lfr,cnnpff,device:RealWorld_thigh:10,device:MotionSense:10,full,3,RealWorld_thigh,0.7031944444444445,0.7103612805013331,tail20
lfr,cnnpff,device:RealWorld_thigh:10,in-domain,1,0,RealWorld_thigh,0.5342534722222222,0.5373438735206308,tail20
lfr,cnnpff,device:RealWorld_thigh:10,in-domain,1,1,RealWorld_thigh,0.5302951388888888,0.5252087833739145,tail20
lfr,cnnpff,device:RealWorld_thigh:10,in-domain,1,2,RealWorld_thigh,0.5624131944444445,0.5651180694828458,tail20
lfr,cnnpff,device:RealWorld_thigh:10,in-domain,1,3,RealWorld_thigh,0.545798611111111,0.5414767128277499,tail20
lfr,cnnpff,device:RealWorld_thigh:10,in-domain,10,0,RealWorld_thigh,0.7277256944444443,0.7304786290293681,tail20
lfr,cnnpff,device:RealWorld_thigh:10,in-domain,10,1,RealWorld_thigh,0.6928645833333333,0.6969732277926431,tail20
lfr,cnnpff,device:RealWorld_thigh:10,in-domain,10,2,RealWorld_thigh,0.7289236111111111,0.7277061341059186,tail20
lfr,cnnpff,device:RealWorld_thigh:10,in-domain,10,3,RealWorld_thigh,0.7381770833333333,0.7409953067264354,tail20
lfr,cnnpff,device:RealWorld_thigh:10,in-domain,2,0,RealWorld_thigh,0.5414409722222222,0.5500034896815491,tail20
lfr,cnnpff,device:RealWorld_thigh:10,in-domain,2,1,RealWorld_thigh,0.6142534722222222,0.6153410593487071,tail20
lfr,cnnpff,device:RealWorld_thigh:10,in-domain,2,2,RealWorld_thigh,0.6432638888888889,0.6460624840684053,tail20
lfr,cnnpff,device:RealWorld_thigh:10,in-domain,2,3,RealWorld_thigh,0.6371875,0.6378766798554942,tail20
lfr,cnnpff,device:RealWorld_thigh:10,in-domain,5,0,RealWorld_thigh,0.6792708333333334,0.6831477597765657,tail20
lfr,cnnpff,device:RealWorld_thigh:10,in-domain,5,1,RealWorld_thigh,0.6755208333333333,0.6753012278930559,tail20
lfr,cnnpff,device:RealWorld_thigh:10,in-domain,5,2,RealWorld_thigh,0.7082291666666667,0.7073973538000096,tail20
lfr,cnnpff,device:RealWorld_thigh:10,in-domain,5,3,RealWorld_thigh,0.71640625,0.7172842103774949,tail20
lfr,cnnpff,device:RealWorld_thigh:10,in-domain,full,0,RealWorld_thigh,0.6989930555555556,0.7060038435809799,tail20
lfr,cnnpff,device:RealWorld_thigh:10,in-domain,full,1,RealWorld_thigh,0.6780034722222222,0.6863489893855469,tail20
lfr,cnnpff,device:RealWorld_thigh:10,in-domain,full,2,RealWorld_thigh,0.6959201388888888,0.701821387256689,tail20
lfr,cnnpff,device:RealWorld_thigh:10,in-domain,full,3,RealWorld_thigh,0.7043055555555556,0.711171793400618,tail20
lfr,resnetse5,device:MotionSense:10,device:RealWorld_thigh:10,1,0,MotionSense,0.853564453125,0.8553887526358153,tail20
lfr,resnetse5,device:MotionSense:10,device:RealWorld_thigh:10,1,1,MotionSense,0.82333984375,0.8228045711978096,tail20
lfr,resnetse5,device:MotionSense:10,device:RealWorld_thigh:10,1,2,MotionSense,0.8240234375,0.8251992298358278,tail20
lfr,resnetse5,device:MotionSense:10,device:RealWorld_thigh:10,1,3,MotionSense,0.77490234375,0.7646493887543857,tail20
lfr,resnetse5,device:MotionSense:10,device:RealWorld_thigh:10,10,0,MotionSense,0.802197265625,0.7664467695708457,tail20
lfr,resnetse5,device:MotionSense:10,device:RealWorld_thigh:10,10,1,MotionSense,0.821142578125,0.8085240347058053,tail20
lfr,resnetse5,device:MotionSense:10,device:RealWorld_thigh:10,10,2,MotionSense,0.80654296875,0.7909177318091316,tail20
lfr,resnetse5,device:MotionSense:10,device:RealWorld_thigh:10,10,3,MotionSense,0.823681640625,0.7990671161498815,tail20
lfr,resnetse5,device:MotionSense:10,device:RealWorld_thigh:10,2,0,MotionSense,0.876953125,0.8786841413125434,tail20
lfr,resnetse5,device:MotionSense:10,device:RealWorld_thigh:10,2,1,MotionSense,0.867236328125,0.8615400450350913,tail20
lfr,resnetse5,device:MotionSense:10,device:RealWorld_thigh:10,2,2,MotionSense,0.855908203125,0.8565030577469626,tail20
lfr,resnetse5,device:MotionSense:10,device:RealWorld_thigh:10,2,3,MotionSense,0.8720703125,0.8713069866870159,tail20
lfr,resnetse5,device:MotionSense:10,device:RealWorld_thigh:10,5,0,MotionSense,0.825732421875,0.807574481720717,tail20
lfr,resnetse5,device:MotionSense:10,device:RealWorld_thigh:10,5,1,MotionSense,0.841162109375,0.8258923357140867,tail20
lfr,resnetse5,device:MotionSense:10,device:RealWorld_thigh:10,5,2,MotionSense,0.876806640625,0.8741518050336297,tail20
lfr,resnetse5,device:MotionSense:10,device:RealWorld_thigh:10,5,3,MotionSense,0.8244140625,0.8025591321655872,tail20
lfr,resnetse5,device:MotionSense:10,device:RealWorld_thigh:10,full,0,MotionSense,0.816650390625,0.7919336122873342,tail20
lfr,resnetse5,device:MotionSense:10,device:RealWorld_thigh:10,full,1,MotionSense,0.820166015625,0.8007623207158769,tail20
lfr,resnetse5,device:MotionSense:10,device:RealWorld_thigh:10,full,2,MotionSense,0.909130859375,0.9084504818596765,tail20
lfr,resnetse5,device:MotionSense:10,device:RealWorld_thigh:10,full,3,MotionSense,0.79130859375,0.7612076306058019,tail20
lfr,resnetse5,device:MotionSense:10,in-domain,1,0,MotionSense,0.834375,0.834496765671946,tail20
lfr,resnetse5,device:MotionSense:10,in-domain,1,1,MotionSense,0.84130859375,0.8386475765886179,tail20
lfr,resnetse5,device:MotionSense:10,in-domain,1,2,MotionSense,0.823876953125,0.8244924642842605,tail20
lfr,resnetse5,device:MotionSense:10,in-domain,1,3,MotionSense,0.797021484375,0.7851043465673601,tail20
lfr,resnetse5,device:MotionSense:10,in-domain,10,0,MotionSense,0.798095703125,0.7766024709690214,tail20
lfr,resnetse5,device:MotionSense:10,in-domain,10,1,MotionSense,0.897314453125,0.8942937508349662,tail20
lfr,resnetse5,device:MotionSense:10,in-domain,10,2,MotionSense,0.890576171875,0.8862798666229332,tail20
lfr,resnetse5,device:MotionSense:10,in-domain,10,3,MotionSense,0.7755859375,0.7343072950418005,tail20
lfr,resnetse5,device:MotionSense:10,in-domain,2,0,MotionSense,0.84521484375,0.8404661377757485,tail20
lfr,resnetse5,device:MotionSense:10,in-domain,2,1,MotionSense,0.87412109375,0.8715051576972636,tail20
lfr,resnetse5,device:MotionSense:10,in-domain,2,2,MotionSense,0.869287109375,0.8699858355977526,tail20
lfr,resnetse5,device:MotionSense:10,in-domain,2,3,MotionSense,0.85830078125,0.8559844943922448,tail20
lfr,resnetse5,device:MotionSense:10,in-domain,5,0,MotionSense,0.85927734375,0.8557359597297373,tail20
lfr,resnetse5,device:MotionSense:10,in-domain,5,1,MotionSense,0.873779296875,0.8719625250962111,tail20
lfr,resnetse5,device:MotionSense:10,in-domain,5,2,MotionSense,0.80966796875,0.7776396730974198,tail20
lfr,resnetse5,device:MotionSense:10,in-domain,5,3,MotionSense,0.89453125,0.8944062470991236,tail20
lfr,resnetse5,device:MotionSense:10,in-domain,full,0,MotionSense,0.771923828125,0.735607773062723,tail20
lfr,resnetse5,device:MotionSense:10,in-domain,full,1,MotionSense,0.887890625,0.884033180233247,tail20
lfr,resnetse5,device:MotionSense:10,in-domain,full,2,MotionSense,0.788720703125,0.7610365445126389,tail20
lfr,resnetse5,device:MotionSense:10,in-domain,full,3,MotionSense,0.834765625,0.8189290864527994,tail20
lfr,resnetse5,device:RealWorld_thigh+MotionSense:10+10,in-domain,1,0,MotionSense,0.847607421875,0.8475304394727905,tail20
lfr,resnetse5,device:RealWorld_thigh+MotionSense:10+10,in-domain,1,0,RealWorld_thigh,0.6069965277777778,0.6153871457493614,tail20
lfr,resnetse5,device:RealWorld_thigh+MotionSense:10+10,in-domain,1,1,MotionSense,0.8134765625,0.8078312533557032,tail20
lfr,resnetse5,device:RealWorld_thigh+MotionSense:10+10,in-domain,1,1,RealWorld_thigh,0.7093923611111111,0.711612379996172,tail20
lfr,resnetse5,device:RealWorld_thigh+MotionSense:10+10,in-domain,1,2,MotionSense,0.813427734375,0.8146389131162055,tail20
lfr,resnetse5,device:RealWorld_thigh+MotionSense:10+10,in-domain,1,2,RealWorld_thigh,0.6802430555555555,0.6866199279197279,tail20
lfr,resnetse5,device:RealWorld_thigh+MotionSense:10+10,in-domain,1,3,MotionSense,0.78759765625,0.787566688732991,tail20
lfr,resnetse5,device:RealWorld_thigh+MotionSense:10+10,in-domain,1,3,RealWorld_thigh,0.6823263888888889,0.6898506731344043,tail20
lfr,resnetse5,device:RealWorld_thigh+MotionSense:10+10,in-domain,10,0,MotionSense,0.767529296875,0.7251219854399309,tail20
lfr,resnetse5,device:RealWorld_thigh+MotionSense:10+10,in-domain,10,0,RealWorld_thigh,0.6916840277777778,0.6500477711448456,tail20
lfr,resnetse5,device:RealWorld_thigh+MotionSense:10+10,in-domain,10,1,MotionSense,0.772705078125,0.7291596699830662,tail20
lfr,resnetse5,device:RealWorld_thigh+MotionSense:10+10,in-domain,10,1,RealWorld_thigh,0.6705555555555556,0.6298576860577346,tail20
lfr,resnetse5,device:RealWorld_thigh+MotionSense:10+10,in-domain,10,2,MotionSense,0.883984375,0.8842646053489525,tail20
lfr,resnetse5,device:RealWorld_thigh+MotionSense:10+10,in-domain,10,2,RealWorld_thigh,0.6380555555555556,0.62040934302587,tail20
lfr,resnetse5,device:RealWorld_thigh+MotionSense:10+10,in-domain,10,3,MotionSense,0.735693359375,0.6862076086993671,tail20
lfr,resnetse5,device:RealWorld_thigh+MotionSense:10+10,in-domain,10,3,RealWorld_thigh,0.6669791666666667,0.6232678047084141,tail20
lfr,resnetse5,device:RealWorld_thigh+MotionSense:10+10,in-domain,2,0,MotionSense,0.863330078125,0.8619535059191851,tail20
lfr,resnetse5,device:RealWorld_thigh+MotionSense:10+10,in-domain,2,0,RealWorld_thigh,0.6487499999999999,0.6531495226418993,tail20
lfr,resnetse5,device:RealWorld_thigh+MotionSense:10+10,in-domain,2,1,MotionSense,0.801416015625,0.764303100706237,tail20
lfr,resnetse5,device:RealWorld_thigh+MotionSense:10+10,in-domain,2,1,RealWorld_thigh,0.6414583333333334,0.6211368251762783,tail20
lfr,resnetse5,device:RealWorld_thigh+MotionSense:10+10,in-domain,2,2,MotionSense,0.840478515625,0.8394520841735712,tail20
lfr,resnetse5,device:RealWorld_thigh+MotionSense:10+10,in-domain,2,2,RealWorld_thigh,0.6611284722222222,0.6275559070076584,tail20
lfr,resnetse5,device:RealWorld_thigh+MotionSense:10+10,in-domain,2,3,MotionSense,0.78408203125,0.7834753073791588,tail20
lfr,resnetse5,device:RealWorld_thigh+MotionSense:10+10,in-domain,2,3,RealWorld_thigh,0.7361805555555556,0.7393118458245655,tail20
lfr,resnetse5,device:RealWorld_thigh+MotionSense:10+10,in-domain,5,0,MotionSense,0.809228515625,0.7845469632628856,tail20
lfr,resnetse5,device:RealWorld_thigh+MotionSense:10+10,in-domain,5,0,RealWorld_thigh,0.6585763888888889,0.6206738795322113,tail20
lfr,resnetse5,device:RealWorld_thigh+MotionSense:10+10,in-domain,5,1,MotionSense,0.771728515625,0.7268455011935354,tail20
lfr,resnetse5,device:RealWorld_thigh+MotionSense:10+10,in-domain,5,1,RealWorld_thigh,0.6706076388888889,0.6313723371733947,tail20
lfr,resnetse5,device:RealWorld_thigh+MotionSense:10+10,in-domain,5,2,MotionSense,0.742724609375,0.6948564231664344,tail20
lfr,resnetse5,device:RealWorld_thigh+MotionSense:10+10,in-domain,5,2,RealWorld_thigh,0.6570659722222223,0.6320071174665418,tail20
lfr,resnetse5,device:RealWorld_thigh+MotionSense:10+10,in-domain,5,3,MotionSense,0.818359375,0.8098667233806,tail20
lfr,resnetse5,device:RealWorld_thigh+MotionSense:10+10,in-domain,5,3,RealWorld_thigh,0.6767708333333333,0.6358666697835346,tail20
lfr,resnetse5,device:RealWorld_thigh+MotionSense:10+10,in-domain,full,0,MotionSense,0.86318359375,0.8536806205457091,tail20
lfr,resnetse5,device:RealWorld_thigh+MotionSense:10+10,in-domain,full,0,RealWorld_thigh,0.6782291666666667,0.6779596396444648,tail20
lfr,resnetse5,device:RealWorld_thigh+MotionSense:10+10,in-domain,full,1,MotionSense,0.7716796875,0.7246667733782739,tail20
lfr,resnetse5,device:RealWorld_thigh+MotionSense:10+10,in-domain,full,1,RealWorld_thigh,0.6763541666666667,0.6316966339377945,tail20
lfr,resnetse5,device:RealWorld_thigh+MotionSense:10+10,in-domain,full,2,MotionSense,0.887744140625,0.8823913702351385,tail20
lfr,resnetse5,device:RealWorld_thigh+MotionSense:10+10,in-domain,full,2,RealWorld_thigh,0.6663888888888889,0.623655543462325,tail20
lfr,resnetse5,device:RealWorld_thigh+MotionSense:10+10,in-domain,full,3,MotionSense,0.77783203125,0.7366383242483658,tail20
lfr,resnetse5,device:RealWorld_thigh+MotionSense:10+10,in-domain,full,3,RealWorld_thigh,0.6815104166666666,0.6387559490683096,tail20
lfr,resnetse5,device:RealWorld_thigh+MotionSense:5+5,in-domain,1,0,MotionSense,0.7125,0.6796146542036979,tail20
lfr,resnetse5,device:RealWorld_thigh+MotionSense:5+5,in-domain,1,0,RealWorld_thigh,0.6322048611111111,0.6272012273876358,tail20
lfr,resnetse5,device:RealWorld_thigh+MotionSense:5+5,in-domain,1,1,MotionSense,0.775439453125,0.7684914912602567,tail20
lfr,resnetse5,device:RealWorld_thigh+MotionSense:5+5,in-domain,1,1,RealWorld_thigh,0.6429166666666667,0.6336598244020356,tail20
lfr,resnetse5,device:RealWorld_thigh+MotionSense:5+5,in-domain,1,2,MotionSense,0.758251953125,0.7578829541041089,tail20
lfr,resnetse5,device:RealWorld_thigh+MotionSense:5+5,in-domain,1,2,RealWorld_thigh,0.6368402777777777,0.6389734217416285,tail20
lfr,resnetse5,device:RealWorld_thigh+MotionSense:5+5,in-domain,1,3,MotionSense,0.649658203125,0.6052298456828165,tail20
lfr,resnetse5,device:RealWorld_thigh+MotionSense:5+5,in-domain,1,3,RealWorld_thigh,0.5460416666666666,0.5432067603058026,tail20
lfr,resnetse5,device:RealWorld_thigh+MotionSense:5+5,in-domain,10,0,MotionSense,0.794677734375,0.7750219213396915,tail20
lfr,resnetse5,device:RealWorld_thigh+MotionSense:5+5,in-domain,10,0,RealWorld_thigh,0.6821006944444444,0.6866733905855485,tail20
lfr,resnetse5,device:RealWorld_thigh+MotionSense:5+5,in-domain,10,1,MotionSense,0.76357421875,0.7192862698619252,tail20
lfr,resnetse5,device:RealWorld_thigh+MotionSense:5+5,in-domain,10,1,RealWorld_thigh,0.6952083333333333,0.6991135762804052,tail20
lfr,resnetse5,device:RealWorld_thigh+MotionSense:5+5,in-domain,10,2,MotionSense,0.71826171875,0.6697315819005488,tail20
lfr,resnetse5,device:RealWorld_thigh+MotionSense:5+5,in-domain,10,2,RealWorld_thigh,0.7142881944444445,0.716438977409712,tail20
lfr,resnetse5,device:RealWorld_thigh+MotionSense:5+5,in-domain,10,3,MotionSense,0.668359375,0.6005382820481717,tail20
lfr,resnetse5,device:RealWorld_thigh+MotionSense:5+5,in-domain,10,3,RealWorld_thigh,0.62625,0.6235316496077967,tail20
lfr,resnetse5,device:RealWorld_thigh+MotionSense:5+5,in-domain,2,0,MotionSense,0.764404296875,0.7553131772687196,tail20
lfr,resnetse5,device:RealWorld_thigh+MotionSense:5+5,in-domain,2,0,RealWorld_thigh,0.6503993055555555,0.6527240219530823,tail20
lfr,resnetse5,device:RealWorld_thigh+MotionSense:5+5,in-domain,2,1,MotionSense,0.7646484375,0.7225911876864183,tail20
lfr,resnetse5,device:RealWorld_thigh+MotionSense:5+5,in-domain,2,1,RealWorld_thigh,0.6396180555555555,0.6388372746241502,tail20
lfr,resnetse5,device:RealWorld_thigh+MotionSense:5+5,in-domain,2,2,MotionSense,0.80830078125,0.8069791523346079,tail20
lfr,resnetse5,device:RealWorld_thigh+MotionSense:5+5,in-domain,2,2,RealWorld_thigh,0.5530555555555556,0.5204341151028913,tail20
lfr,resnetse5,device:RealWorld_thigh+MotionSense:5+5,in-domain,2,3,MotionSense,0.706005859375,0.6837467448099528,tail20
lfr,resnetse5,device:RealWorld_thigh+MotionSense:5+5,in-domain,2,3,RealWorld_thigh,0.5729513888888889,0.572696893208896,tail20
lfr,resnetse5,device:RealWorld_thigh+MotionSense:5+5,in-domain,5,0,MotionSense,0.738916015625,0.7068604171259518,tail20
lfr,resnetse5,device:RealWorld_thigh+MotionSense:5+5,in-domain,5,0,RealWorld_thigh,0.6388715277777778,0.6378949567742429,tail20
lfr,resnetse5,device:RealWorld_thigh+MotionSense:5+5,in-domain,5,1,MotionSense,0.773388671875,0.7299079246504919,tail20
lfr,resnetse5,device:RealWorld_thigh+MotionSense:5+5,in-domain,5,1,RealWorld_thigh,0.7048784722222222,0.7023384561765649,tail20
lfr,resnetse5,device:RealWorld_thigh+MotionSense:5+5,in-domain,5,2,MotionSense,0.773046875,0.7575538577778815,tail20
lfr,resnetse5,device:RealWorld_thigh+MotionSense:5+5,in-domain,5,2,RealWorld_thigh,0.6755381944444444,0.6687453552959537,tail20
lfr,resnetse5,device:RealWorld_thigh+MotionSense:5+5,in-domain,5,3,MotionSense,0.657666015625,0.589955346954156,tail20
lfr,resnetse5,device:RealWorld_thigh+MotionSense:5+5,in-domain,5,3,RealWorld_thigh,0.5543923611111111,0.5529134188929187,tail20
lfr,resnetse5,device:RealWorld_thigh+MotionSense:5+5,in-domain,full,0,MotionSense,0.783251953125,0.7566190837879883,tail20
lfr,resnetse5,device:RealWorld_thigh+MotionSense:5+5,in-domain,full,0,RealWorld_thigh,0.5272743055555555,0.5066272003076019,tail20
lfr,resnetse5,device:RealWorld_thigh+MotionSense:5+5,in-domain,full,1,MotionSense,0.7240234375,0.6738621957507449,tail20
lfr,resnetse5,device:RealWorld_thigh+MotionSense:5+5,in-domain,full,1,RealWorld_thigh,0.7046527777777778,0.7026911428334373,tail20
lfr,resnetse5,device:RealWorld_thigh+MotionSense:5+5,in-domain,full,2,MotionSense,0.761669921875,0.7331687539834448,tail20
lfr,resnetse5,device:RealWorld_thigh+MotionSense:5+5,in-domain,full,2,RealWorld_thigh,0.59171875,0.5593078779462294,tail20
lfr,resnetse5,device:RealWorld_thigh+MotionSense:5+5,in-domain,full,3,MotionSense,0.75322265625,0.7204309808501449,tail20
lfr,resnetse5,device:RealWorld_thigh+MotionSense:5+5,in-domain,full,3,RealWorld_thigh,0.5856250000000001,0.5733143241647862,tail20
lfr,resnetse5,device:RealWorld_thigh:10,device:MotionSense:10,1,0,RealWorld_thigh,0.7110243055555555,0.7120805956750631,tail20
lfr,resnetse5,device:RealWorld_thigh:10,device:MotionSense:10,1,1,RealWorld_thigh,0.7679513888888889,0.7714901132254088,tail20
lfr,resnetse5,device:RealWorld_thigh:10,device:MotionSense:10,1,2,RealWorld_thigh,0.6566840277777778,0.6250256632212597,tail20
lfr,resnetse5,device:RealWorld_thigh:10,device:MotionSense:10,1,3,RealWorld_thigh,0.7192534722222222,0.72377619370302,tail20
lfr,resnetse5,device:RealWorld_thigh:10,device:MotionSense:10,10,0,RealWorld_thigh,0.6583854166666667,0.615063588082603,tail20
lfr,resnetse5,device:RealWorld_thigh:10,device:MotionSense:10,10,1,RealWorld_thigh,0.6801388888888888,0.6803292391099708,tail20
lfr,resnetse5,device:RealWorld_thigh:10,device:MotionSense:10,10,2,RealWorld_thigh,0.6315104166666667,0.5835294012048011,tail20
lfr,resnetse5,device:RealWorld_thigh:10,device:MotionSense:10,10,3,RealWorld_thigh,0.6630902777777778,0.6276302135755061,tail20
lfr,resnetse5,device:RealWorld_thigh:10,device:MotionSense:10,2,0,RealWorld_thigh,0.6496354166666667,0.6510997037312785,tail20
lfr,resnetse5,device:RealWorld_thigh:10,device:MotionSense:10,2,1,RealWorld_thigh,0.6227951388888889,0.6110926931210723,tail20
lfr,resnetse5,device:RealWorld_thigh:10,device:MotionSense:10,2,2,RealWorld_thigh,0.6426041666666666,0.6117071012822793,tail20
lfr,resnetse5,device:RealWorld_thigh:10,device:MotionSense:10,2,3,RealWorld_thigh,0.6377777777777778,0.6225759946370744,tail20
lfr,resnetse5,device:RealWorld_thigh:10,device:MotionSense:10,5,0,RealWorld_thigh,0.6445486111111112,0.6485805507431817,tail20
lfr,resnetse5,device:RealWorld_thigh:10,device:MotionSense:10,5,1,RealWorld_thigh,0.6884375,0.6888028831058548,tail20
lfr,resnetse5,device:RealWorld_thigh:10,device:MotionSense:10,5,2,RealWorld_thigh,0.6485937500000001,0.6112866639422313,tail20
lfr,resnetse5,device:RealWorld_thigh:10,device:MotionSense:10,5,3,RealWorld_thigh,0.6115104166666667,0.5890309682226278,tail20
lfr,resnetse5,device:RealWorld_thigh:10,device:MotionSense:10,full,0,RealWorld_thigh,0.6699652777777778,0.6262657627730854,tail20
lfr,resnetse5,device:RealWorld_thigh:10,device:MotionSense:10,full,1,RealWorld_thigh,0.6141840277777778,0.5805708912120436,tail20
lfr,resnetse5,device:RealWorld_thigh:10,device:MotionSense:10,full,2,RealWorld_thigh,0.6632291666666668,0.6163260090912611,tail20
lfr,resnetse5,device:RealWorld_thigh:10,device:MotionSense:10,full,3,RealWorld_thigh,0.6129687500000001,0.5852851482725612,tail20
lfr,resnetse5,device:RealWorld_thigh:10,in-domain,1,0,RealWorld_thigh,0.6497395833333333,0.6542596446002428,tail20
lfr,resnetse5,device:RealWorld_thigh:10,in-domain,1,1,RealWorld_thigh,0.693576388888889,0.6974395743098396,tail20
lfr,resnetse5,device:RealWorld_thigh:10,in-domain,1,2,RealWorld_thigh,0.7255208333333333,0.7274173360432787,tail20
lfr,resnetse5,device:RealWorld_thigh:10,in-domain,1,3,RealWorld_thigh,0.7310590277777778,0.7383885299178345,tail20
lfr,resnetse5,device:RealWorld_thigh:10,in-domain,10,0,RealWorld_thigh,0.5836805555555555,0.5544052932608434,tail20
lfr,resnetse5,device:RealWorld_thigh:10,in-domain,10,1,RealWorld_thigh,0.6250173611111112,0.5935735578564973,tail20
lfr,resnetse5,device:RealWorld_thigh:10,in-domain,10,2,RealWorld_thigh,0.6622743055555556,0.6563934517543795,tail20
lfr,resnetse5,device:RealWorld_thigh:10,in-domain,10,3,RealWorld_thigh,0.6833680555555556,0.6737901214431372,tail20
lfr,resnetse5,device:RealWorld_thigh:10,in-domain,2,0,RealWorld_thigh,0.5994270833333333,0.6076175714956044,tail20
lfr,resnetse5,device:RealWorld_thigh:10,in-domain,2,1,RealWorld_thigh,0.6301388888888889,0.6169372072663639,tail20
lfr,resnetse5,device:RealWorld_thigh:10,in-domain,2,2,RealWorld_thigh,0.6771527777777778,0.6672767769797929,tail20
lfr,resnetse5,device:RealWorld_thigh:10,in-domain,2,3,RealWorld_thigh,0.7017013888888888,0.6993967295258962,tail20
lfr,resnetse5,device:RealWorld_thigh:10,in-domain,5,0,RealWorld_thigh,0.6010416666666667,0.582430690396826,tail20
lfr,resnetse5,device:RealWorld_thigh:10,in-domain,5,1,RealWorld_thigh,0.6982465277777778,0.7014121080704246,tail20
lfr,resnetse5,device:RealWorld_thigh:10,in-domain,5,2,RealWorld_thigh,0.6585763888888889,0.6556896870973732,tail20
lfr,resnetse5,device:RealWorld_thigh:10,in-domain,5,3,RealWorld_thigh,0.6200347222222222,0.5951987846417235,tail20
lfr,resnetse5,device:RealWorld_thigh:10,in-domain,full,0,RealWorld_thigh,0.5638020833333333,0.5137771611400421,tail20
lfr,resnetse5,device:RealWorld_thigh:10,in-domain,full,1,RealWorld_thigh,0.6117881944444445,0.5672290770817416,tail20
lfr,resnetse5,device:RealWorld_thigh:10,in-domain,full,2,RealWorld_thigh,0.6017534722222222,0.5545522816701157,tail20
lfr,resnetse5,device:RealWorld_thigh:10,in-domain,full,3,RealWorld_thigh,0.6730555555555556,0.6332979803116825,tail20
lfr,rnn,device:MotionSense:10,device:RealWorld_thigh:10,1,0,MotionSense,0.606396484375,0.577265949869693,tail20
lfr,rnn,device:MotionSense:10,device:RealWorld_thigh:10,1,1,MotionSense,0.589990234375,0.5541670867305714,tail20
lfr,rnn,device:MotionSense:10,device:RealWorld_thigh:10,1,2,MotionSense,0.55693359375,0.5219278407409256,tail20
lfr,rnn,device:MotionSense:10,device:RealWorld_thigh:10,1,3,MotionSense,0.532421875,0.4857694064907728,tail20
lfr,rnn,device:MotionSense:10,device:RealWorld_thigh:10,10,0,MotionSense,0.65302734375,0.6050180949065669,tail20
lfr,rnn,device:MotionSense:10,device:RealWorld_thigh:10,10,1,MotionSense,0.67587890625,0.648902164092025,tail20
lfr,rnn,device:MotionSense:10,device:RealWorld_thigh:10,10,2,MotionSense,0.666748046875,0.6159169587757745,tail20
lfr,rnn,device:MotionSense:10,device:RealWorld_thigh:10,10,3,MotionSense,0.6724609375,0.6204156000418819,tail20
lfr,rnn,device:MotionSense:10,device:RealWorld_thigh:10,2,0,MotionSense,0.670849609375,0.6354215738073393,tail20
lfr,rnn,device:MotionSense:10,device:RealWorld_thigh:10,2,1,MotionSense,0.647607421875,0.6405680040360775,tail20
lfr,rnn,device:MotionSense:10,device:RealWorld_thigh:10,2,2,MotionSense,0.61318359375,0.5686476413103041,tail20
lfr,rnn,device:MotionSense:10,device:RealWorld_thigh:10,2,3,MotionSense,0.5986328125,0.5507057251015613,tail20
lfr,rnn,device:MotionSense:10,device:RealWorld_thigh:10,5,0,MotionSense,0.671044921875,0.6188371199739888,tail20
lfr,rnn,device:MotionSense:10,device:RealWorld_thigh:10,5,1,MotionSense,0.68134765625,0.6407262670518507,tail20
lfr,rnn,device:MotionSense:10,device:RealWorld_thigh:10,5,2,MotionSense,0.645751953125,0.5901794624314897,tail20
lfr,rnn,device:MotionSense:10,device:RealWorld_thigh:10,5,3,MotionSense,0.642431640625,0.6108105619424179,tail20
lfr,rnn,device:MotionSense:10,device:RealWorld_thigh:10,full,0,MotionSense,0.750927734375,0.7171671382514592,tail20
lfr,rnn,device:MotionSense:10,device:RealWorld_thigh:10,full,1,MotionSense,0.786279296875,0.7751812473257507,tail20
lfr,rnn,device:MotionSense:10,device:RealWorld_thigh:10,full,2,MotionSense,0.7283203125,0.6996689075988237,tail20
lfr,rnn,device:MotionSense:10,device:RealWorld_thigh:10,full,3,MotionSense,0.7701171875,0.7472947473907066,tail20
lfr,rnn,device:MotionSense:10,in-domain,1,0,MotionSense,0.588427734375,0.5499674828587311,tail20
lfr,rnn,device:MotionSense:10,in-domain,1,1,MotionSense,0.64091796875,0.6321826407288833,tail20
lfr,rnn,device:MotionSense:10,in-domain,1,2,MotionSense,0.52421875,0.4819326627549273,tail20
lfr,rnn,device:MotionSense:10,in-domain,1,3,MotionSense,0.528271484375,0.47755705985226743,tail20
lfr,rnn,device:MotionSense:10,in-domain,10,0,MotionSense,0.703173828125,0.6621177466429684,tail20
lfr,rnn,device:MotionSense:10,in-domain,10,1,MotionSense,0.708837890625,0.6891599208272996,tail20
lfr,rnn,device:MotionSense:10,in-domain,10,2,MotionSense,0.691015625,0.6402335686860321,tail20
lfr,rnn,device:MotionSense:10,in-domain,10,3,MotionSense,0.71484375,0.6684701430800449,tail20
lfr,rnn,device:MotionSense:10,in-domain,2,0,MotionSense,0.6759765625,0.6382925185126683,tail20
lfr,rnn,device:MotionSense:10,in-domain,2,1,MotionSense,0.70380859375,0.6998991756810503,tail20
lfr,rnn,device:MotionSense:10,in-domain,2,2,MotionSense,0.6259765625,0.5805647638062803,tail20
lfr,rnn,device:MotionSense:10,in-domain,2,3,MotionSense,0.634033203125,0.596198017204739,tail20
lfr,rnn,device:MotionSense:10,in-domain,5,0,MotionSense,0.70048828125,0.6494325326852225,tail20
lfr,rnn,device:MotionSense:10,in-domain,5,1,MotionSense,0.7447265625,0.723165272258864,tail20
lfr,rnn,device:MotionSense:10,in-domain,5,2,MotionSense,0.68662109375,0.6335298177292819,tail20
lfr,rnn,device:MotionSense:10,in-domain,5,3,MotionSense,0.723876953125,0.6984569777918684,tail20
lfr,rnn,device:MotionSense:10,in-domain,full,0,MotionSense,0.778955078125,0.7515575440775426,tail20
lfr,rnn,device:MotionSense:10,in-domain,full,1,MotionSense,0.778857421875,0.7630222557775089,tail20
lfr,rnn,device:MotionSense:10,in-domain,full,2,MotionSense,0.73115234375,0.6895069658761959,tail20
lfr,rnn,device:MotionSense:10,in-domain,full,3,MotionSense,0.75771484375,0.725163472635771,tail20
lfr,rnn,device:RealWorld_thigh+MotionSense:10+10,in-domain,1,0,MotionSense,0.596142578125,0.5786654602863437,tail20
lfr,rnn,device:RealWorld_thigh+MotionSense:10+10,in-domain,1,0,RealWorld_thigh,0.44253472222222223,0.45195322353640704,tail20
lfr,rnn,device:RealWorld_thigh+MotionSense:10+10,in-domain,1,1,MotionSense,0.61767578125,0.5762697992139978,tail20
lfr,rnn,device:RealWorld_thigh+MotionSense:10+10,in-domain,1,1,RealWorld_thigh,0.5022569444444445,0.49986369732728153,tail20
lfr,rnn,device:RealWorld_thigh+MotionSense:10+10,in-domain,1,2,MotionSense,0.572705078125,0.5243139459484413,tail20
lfr,rnn,device:RealWorld_thigh+MotionSense:10+10,in-domain,1,2,RealWorld_thigh,0.5243402777777778,0.5137496204574505,tail20
lfr,rnn,device:RealWorld_thigh+MotionSense:10+10,in-domain,1,3,MotionSense,0.5763671875,0.5496779232496339,tail20
lfr,rnn,device:RealWorld_thigh+MotionSense:10+10,in-domain,1,3,RealWorld_thigh,0.47560763888888885,0.46822882443649105,tail20
lfr,rnn,device:RealWorld_thigh+MotionSense:10+10,in-domain,10,0,MotionSense,0.64619140625,0.6148364426612185,tail20
lfr,rnn,device:RealWorld_thigh+MotionSense:10+10,in-domain,10,0,RealWorld_thigh,0.5011805555555555,0.4964391952359325,tail20
lfr,rnn,device:RealWorld_thigh+MotionSense:10+10,in-domain,10,1,MotionSense,0.7095703125,0.6809757751999589,tail20
lfr,rnn,device:RealWorld_thigh+MotionSense:10+10,in-domain,10,1,RealWorld_thigh,0.566875,0.5674940495633897,tail20
lfr,rnn,device:RealWorld_thigh+MotionSense:10+10,in-domain,10,2,MotionSense,0.64072265625,0.6122286764914653,tail20
lfr,rnn,device:RealWorld_thigh+MotionSense:10+10,in-domain,10,2,RealWorld_thigh,0.49170138888888887,0.49803547932286296,tail20
lfr,rnn,device:RealWorld_thigh+MotionSense:10+10,in-domain,10,3,MotionSense,0.658251953125,0.6193926870237522,tail20
lfr,rnn,device:RealWorld_thigh+MotionSense:10+10,in-domain,10,3,RealWorld_thigh,0.5155729166666667,0.5096051392406893,tail20
lfr,rnn,device:RealWorld_thigh+MotionSense:10+10,in-domain,2,0,MotionSense,0.634814453125,0.6069037222293592,tail20
lfr,rnn,device:RealWorld_thigh+MotionSense:10+10,in-domain,2,0,RealWorld_thigh,0.4840451388888889,0.49023238956450915,tail20
lfr,rnn,device:RealWorld_thigh+MotionSense:10+10,in-domain,2,1,MotionSense,0.65458984375,0.6135675056795548,tail20
lfr,rnn,device:RealWorld_thigh+MotionSense:10+10,in-domain,2,1,RealWorld_thigh,0.4972743055555555,0.49203095735567653,tail20
lfr,rnn,device:RealWorld_thigh+MotionSense:10+10,in-domain,2,2,MotionSense,0.600634765625,0.5538423287535262,tail20
lfr,rnn,device:RealWorld_thigh+MotionSense:10+10,in-domain,2,2,RealWorld_thigh,0.5281944444444444,0.5045650616947102,tail20
lfr,rnn,device:RealWorld_thigh+MotionSense:10+10,in-domain,2,3,MotionSense,0.619091796875,0.5934991757293198,tail20
lfr,rnn,device:RealWorld_thigh+MotionSense:10+10,in-domain,2,3,RealWorld_thigh,0.5160069444444445,0.5041129201433441,tail20
lfr,rnn,device:RealWorld_thigh+MotionSense:10+10,in-domain,5,0,MotionSense,0.638671875,0.6018174951386221,tail20
lfr,rnn,device:RealWorld_thigh+MotionSense:10+10,in-domain,5,0,RealWorld_thigh,0.47868055555555555,0.467259523698966,tail20
lfr,rnn,device:RealWorld_thigh+MotionSense:10+10,in-domain,5,1,MotionSense,0.661376953125,0.6253059812077457,tail20
lfr,rnn,device:RealWorld_thigh+MotionSense:10+10,in-domain,5,1,RealWorld_thigh,0.53515625,0.533125148184397,tail20
lfr,rnn,device:RealWorld_thigh+MotionSense:10+10,in-domain,5,2,MotionSense,0.570068359375,0.5535937223730033,tail20
lfr,rnn,device:RealWorld_thigh+MotionSense:10+10,in-domain,5,2,RealWorld_thigh,0.4927083333333333,0.4873440186641549,tail20
lfr,rnn,device:RealWorld_thigh+MotionSense:10+10,in-domain,5,3,MotionSense,0.63310546875,0.5877713063606299,tail20
lfr,rnn,device:RealWorld_thigh+MotionSense:10+10,in-domain,5,3,RealWorld_thigh,0.535798611111111,0.5056806474498077,tail20
lfr,rnn,device:RealWorld_thigh+MotionSense:10+10,in-domain,full,0,MotionSense,0.7470703125,0.7302590095553625,tail20
lfr,rnn,device:RealWorld_thigh+MotionSense:10+10,in-domain,full,0,RealWorld_thigh,0.625642361111111,0.6334329411708318,tail20
lfr,rnn,device:RealWorld_thigh+MotionSense:10+10,in-domain,full,1,MotionSense,0.751123046875,0.7474864853864474,tail20
lfr,rnn,device:RealWorld_thigh+MotionSense:10+10,in-domain,full,1,RealWorld_thigh,0.6506423611111111,0.6568811601407154,tail20
lfr,rnn,device:RealWorld_thigh+MotionSense:10+10,in-domain,full,2,MotionSense,0.706396484375,0.7019627267110587,tail20
lfr,rnn,device:RealWorld_thigh+MotionSense:10+10,in-domain,full,2,RealWorld_thigh,0.6290277777777777,0.6191086603890038,tail20
lfr,rnn,device:RealWorld_thigh+MotionSense:10+10,in-domain,full,3,MotionSense,0.718310546875,0.7127892958931539,tail20
lfr,rnn,device:RealWorld_thigh+MotionSense:10+10,in-domain,full,3,RealWorld_thigh,0.5659201388888888,0.5750929834934996,tail20
lfr,rnn,device:RealWorld_thigh+MotionSense:5+5,in-domain,1,0,MotionSense,0.48427734375,0.43481373076422464,tail20
lfr,rnn,device:RealWorld_thigh+MotionSense:5+5,in-domain,1,0,RealWorld_thigh,0.5013368055555556,0.49929335367755023,tail20
lfr,rnn,device:RealWorld_thigh+MotionSense:5+5,in-domain,1,1,MotionSense,0.509912109375,0.44632508469989807,tail20
lfr,rnn,device:RealWorld_thigh+MotionSense:5+5,in-domain,1,1,RealWorld_thigh,0.3649479166666666,0.34261503334484184,tail20
lfr,rnn,device:RealWorld_thigh+MotionSense:5+5,in-domain,1,2,MotionSense,0.5193359375,0.48950963616123777,tail20
lfr,rnn,device:RealWorld_thigh+MotionSense:5+5,in-domain,1,2,RealWorld_thigh,0.4688541666666667,0.46748311289286965,tail20
lfr,rnn,device:RealWorld_thigh+MotionSense:5+5,in-domain,1,3,MotionSense,0.479736328125,0.4286021444338564,tail20
lfr,rnn,device:RealWorld_thigh+MotionSense:5+5,in-domain,1,3,RealWorld_thigh,0.4604861111111111,0.46194666213660307,tail20
lfr,rnn,device:RealWorld_thigh+MotionSense:5+5,in-domain,10,0,MotionSense,0.57685546875,0.5381291430130896,tail20
lfr,rnn,device:RealWorld_thigh+MotionSense:5+5,in-domain,10,0,RealWorld_thigh,0.5306944444444445,0.5154474755130709,tail20
lfr,rnn,device:RealWorld_thigh+MotionSense:5+5,in-domain,10,1,MotionSense,0.54521484375,0.4826020523273898,tail20
lfr,rnn,device:RealWorld_thigh+MotionSense:5+5,in-domain,10,1,RealWorld_thigh,0.5143402777777778,0.4702978218178953,tail20
lfr,rnn,device:RealWorld_thigh+MotionSense:5+5,in-domain,10,2,MotionSense,0.53017578125,0.48119965732686376,tail20
lfr,rnn,device:RealWorld_thigh+MotionSense:5+5,in-domain,10,2,RealWorld_thigh,0.5128993055555556,0.519037429892537,tail20
lfr,rnn,device:RealWorld_thigh+MotionSense:5+5,in-domain,10,3,MotionSense,0.616748046875,0.5891431214949596,tail20
lfr,rnn,device:RealWorld_thigh+MotionSense:5+5,in-domain,10,3,RealWorld_thigh,0.5096006944444444,0.5091249822730115,tail20
lfr,rnn,device:RealWorld_thigh+MotionSense:5+5,in-domain,2,0,MotionSense,0.555029296875,0.5175105814647056,tail20
lfr,rnn,device:RealWorld_thigh+MotionSense:5+5,in-domain,2,0,RealWorld_thigh,0.5126215277777778,0.49123314715440314,tail20
lfr,rnn,device:RealWorld_thigh+MotionSense:5+5,in-domain,2,1,MotionSense,0.55791015625,0.49066402758764915,tail20
lfr,rnn,device:RealWorld_thigh+MotionSense:5+5,in-domain,2,1,RealWorld_thigh,0.45055555555555554,0.405099845046506,tail20
lfr,rnn,device:RealWorld_thigh+MotionSense:5+5,in-domain,2,2,MotionSense,0.544384765625,0.5174280618482874,tail20
lfr,rnn,device:RealWorld_thigh+MotionSense:5+5,in-domain,2,2,RealWorld_thigh,0.49842013888888886,0.49724485974624805,tail20
lfr,rnn,device:RealWorld_thigh+MotionSense:5+5,in-domain,2,3,MotionSense,0.522705078125,0.48033897244740054,tail20
lfr,rnn,device:RealWorld_thigh+MotionSense:5+5,in-domain,2,3,RealWorld_thigh,0.5312847222222222,0.536558115382717,tail20
lfr,rnn,device:RealWorld_thigh+MotionSense:5+5,in-domain,5,0,MotionSense,0.5705078125,0.5279574115992949,tail20
lfr,rnn,device:RealWorld_thigh+MotionSense:5+5,in-domain,5,0,RealWorld_thigh,0.48725694444444445,0.48720579444499845,tail20
lfr,rnn,device:RealWorld_thigh+MotionSense:5+5,in-domain,5,1,MotionSense,0.534228515625,0.4748002471153141,tail20
lfr,rnn,device:RealWorld_thigh+MotionSense:5+5,in-domain,5,1,RealWorld_thigh,0.4908159722222222,0.4701760199629178,tail20
lfr,rnn,device:RealWorld_thigh+MotionSense:5+5,in-domain,5,2,MotionSense,0.562890625,0.5019547662945366,tail20
lfr,rnn,device:RealWorld_thigh+MotionSense:5+5,in-domain,5,2,RealWorld_thigh,0.5286458333333333,0.48488595357892955,tail20
lfr,rnn,device:RealWorld_thigh+MotionSense:5+5,in-domain,5,3,MotionSense,0.50986328125,0.47416522883548395,tail20
lfr,rnn,device:RealWorld_thigh+MotionSense:5+5,in-domain,5,3,RealWorld_thigh,0.49387152777777776,0.5019272235467068,tail20
lfr,rnn,device:RealWorld_thigh+MotionSense:5+5,in-domain,full,0,MotionSense,0.696923828125,0.6891313149064657,tail20
lfr,rnn,device:RealWorld_thigh+MotionSense:5+5,in-domain,full,0,RealWorld_thigh,0.5874131944444445,0.5967460897656875,tail20
lfr,rnn,device:RealWorld_thigh+MotionSense:5+5,in-domain,full,1,MotionSense,0.62822265625,0.5763839572644158,tail20
lfr,rnn,device:RealWorld_thigh+MotionSense:5+5,in-domain,full,1,RealWorld_thigh,0.5753125,0.5356414740372342,tail20
lfr,rnn,device:RealWorld_thigh+MotionSense:5+5,in-domain,full,2,MotionSense,0.6306640625,0.5762330070819732,tail20
lfr,rnn,device:RealWorld_thigh+MotionSense:5+5,in-domain,full,2,RealWorld_thigh,0.5845659722222222,0.5449981006644685,tail20
lfr,rnn,device:RealWorld_thigh+MotionSense:5+5,in-domain,full,3,MotionSense,0.5927734375,0.5659077656743352,tail20
lfr,rnn,device:RealWorld_thigh+MotionSense:5+5,in-domain,full,3,RealWorld_thigh,0.5450520833333333,0.550090694838083,tail20
lfr,rnn,device:RealWorld_thigh:10,device:MotionSense:10,1,0,RealWorld_thigh,0.43623263888888886,0.44390003046254456,tail20
lfr,rnn,device:RealWorld_thigh:10,device:MotionSense:10,1,1,RealWorld_thigh,0.49553819444444447,0.46597538240418307,tail20
lfr,rnn,device:RealWorld_thigh:10,device:MotionSense:10,1,2,RealWorld_thigh,0.406875,0.39842286797706017,tail20
lfr,rnn,device:RealWorld_thigh:10,device:MotionSense:10,1,3,RealWorld_thigh,0.4702430555555555,0.4382839013992988,tail20
lfr,rnn,device:RealWorld_thigh:10,device:MotionSense:10,10,0,RealWorld_thigh,0.5709375,0.5397596312919037,tail20
lfr,rnn,device:RealWorld_thigh:10,device:MotionSense:10,10,1,RealWorld_thigh,0.5434895833333333,0.5529647924531305,tail20
lfr,rnn,device:RealWorld_thigh:10,device:MotionSense:10,10,2,RealWorld_thigh,0.5625173611111112,0.5361664597301528,tail20
lfr,rnn,device:RealWorld_thigh:10,device:MotionSense:10,10,3,RealWorld_thigh,0.54515625,0.5057644054092875,tail20
lfr,rnn,device:RealWorld_thigh:10,device:MotionSense:10,2,0,RealWorld_thigh,0.5110243055555556,0.5071065097271689,tail20
lfr,rnn,device:RealWorld_thigh:10,device:MotionSense:10,2,1,RealWorld_thigh,0.5080555555555556,0.49347795513479387,tail20
lfr,rnn,device:RealWorld_thigh:10,device:MotionSense:10,2,2,RealWorld_thigh,0.47930555555555554,0.45213170909179634,tail20
lfr,rnn,device:RealWorld_thigh:10,device:MotionSense:10,2,3,RealWorld_thigh,0.5000173611111112,0.4679448451655842,tail20
lfr,rnn,device:RealWorld_thigh:10,device:MotionSense:10,5,0,RealWorld_thigh,0.5362152777777778,0.5383444292526526,tail20
lfr,rnn,device:RealWorld_thigh:10,device:MotionSense:10,5,1,RealWorld_thigh,0.581857638888889,0.5559072339931339,tail20
lfr,rnn,device:RealWorld_thigh:10,device:MotionSense:10,5,2,RealWorld_thigh,0.5150868055555555,0.4778128574058547,tail20
lfr,rnn,device:RealWorld_thigh:10,device:MotionSense:10,5,3,RealWorld_thigh,0.5285590277777777,0.5090534583014025,tail20
lfr,rnn,device:RealWorld_thigh:10,device:MotionSense:10,full,0,RealWorld_thigh,0.619375,0.6290868836774044,tail20
lfr,rnn,device:RealWorld_thigh:10,device:MotionSense:10,full,1,RealWorld_thigh,0.6200694444444445,0.6308322210817752,tail20
lfr,rnn,device:RealWorld_thigh:10,device:MotionSense:10,full,2,RealWorld_thigh,0.6181076388888889,0.6130043627880386,tail20
lfr,rnn,device:RealWorld_thigh:10,device:MotionSense:10,full,3,RealWorld_thigh,0.6552604166666667,0.6286691299397584,tail20
lfr,rnn,device:RealWorld_thigh:10,in-domain,1,0,RealWorld_thigh,0.42333333333333334,0.4259630600892835,tail20
lfr,rnn,device:RealWorld_thigh:10,in-domain,1,1,RealWorld_thigh,0.5488888888888889,0.5250847243507551,tail20
lfr,rnn,device:RealWorld_thigh:10,in-domain,1,2,RealWorld_thigh,0.4185416666666667,0.4245468838563289,tail20
lfr,rnn,device:RealWorld_thigh:10,in-domain,1,3,RealWorld_thigh,0.4969965277777778,0.4688339048957214,tail20
lfr,rnn,device:RealWorld_thigh:10,in-domain,10,0,RealWorld_thigh,0.5791840277777778,0.5805327402541275,tail20
lfr,rnn,device:RealWorld_thigh:10,in-domain,10,1,RealWorld_thigh,0.6437152777777777,0.653450544065594,tail20
lfr,rnn,device:RealWorld_thigh:10,in-domain,10,2,RealWorld_thigh,0.5355729166666666,0.5292498974448128,tail20
lfr,rnn,device:RealWorld_thigh:10,in-domain,10,3,RealWorld_thigh,0.5297048611111111,0.5059379591776899,tail20
lfr,rnn,device:RealWorld_thigh:10,in-domain,2,0,RealWorld_thigh,0.5825173611111112,0.5867905782998188,tail20
lfr,rnn,device:RealWorld_thigh:10,in-domain,2,1,RealWorld_thigh,0.5919965277777778,0.5617785203854276,tail20
lfr,rnn,device:RealWorld_thigh:10,in-domain,2,2,RealWorld_thigh,0.5409201388888889,0.5149409192701974,tail20
lfr,rnn,device:RealWorld_thigh:10,in-domain,2,3,RealWorld_thigh,0.5307118055555555,0.5215467633486347,tail20
lfr,rnn,device:RealWorld_thigh:10,in-domain,5,0,RealWorld_thigh,0.5921006944444445,0.5946562853904442,tail20
lfr,rnn,device:RealWorld_thigh:10,in-domain,5,1,RealWorld_thigh,0.5990798611111111,0.5750873814168254,tail20
lfr,rnn,device:RealWorld_thigh:10,in-domain,5,2,RealWorld_thigh,0.5378125,0.5078965547201004,tail20
lfr,rnn,device:RealWorld_thigh:10,in-domain,5,3,RealWorld_thigh,0.5008159722222223,0.4891282775592967,tail20
lfr,rnn,device:RealWorld_thigh:10,in-domain,full,0,RealWorld_thigh,0.6804861111111111,0.6859162425641104,tail20
lfr,rnn,device:RealWorld_thigh:10,in-domain,full,1,RealWorld_thigh,0.6774131944444444,0.6828218843668392,tail20
lfr,rnn,device:RealWorld_thigh:10,in-domain,full,2,RealWorld_thigh,0.6372395833333333,0.6483893518732347,tail20
lfr,rnn,device:RealWorld_thigh:10,in-domain,full,3,RealWorld_thigh,0.623125,0.6243279139666902,tail20
lfr,tstcc,device:MotionSense:10,device:RealWorld_thigh:10,1,0,MotionSense,0.6697265625,0.6456129354631978,tail20
lfr,tstcc,device:MotionSense:10,device:RealWorld_thigh:10,1,1,MotionSense,0.69140625,0.6714640929895567,tail20
lfr,tstcc,device:MotionSense:10,device:RealWorld_thigh:10,1,2,MotionSense,0.6798828125,0.6694788440149442,tail20
lfr,tstcc,device:MotionSense:10,device:RealWorld_thigh:10,1,3,MotionSense,0.649853515625,0.6385665734482231,tail20
lfr,tstcc,device:MotionSense:10,device:RealWorld_thigh:10,10,0,MotionSense,0.81484375,0.8141080339291331,tail20
lfr,tstcc,device:MotionSense:10,device:RealWorld_thigh:10,10,1,MotionSense,0.849365234375,0.8484927996373319,tail20
lfr,tstcc,device:MotionSense:10,device:RealWorld_thigh:10,10,2,MotionSense,0.849267578125,0.8512691659472669,tail20
lfr,tstcc,device:MotionSense:10,device:RealWorld_thigh:10,10,3,MotionSense,0.8505859375,0.8511414446868276,tail20
lfr,tstcc,device:MotionSense:10,device:RealWorld_thigh:10,2,0,MotionSense,0.7521484375,0.7452985028041219,tail20
lfr,tstcc,device:MotionSense:10,device:RealWorld_thigh:10,2,1,MotionSense,0.748388671875,0.7409345615638485,tail20
lfr,tstcc,device:MotionSense:10,device:RealWorld_thigh:10,2,2,MotionSense,0.795654296875,0.7909908397288363,tail20
lfr,tstcc,device:MotionSense:10,device:RealWorld_thigh:10,2,3,MotionSense,0.716064453125,0.7064125462981203,tail20
lfr,tstcc,device:MotionSense:10,device:RealWorld_thigh:10,5,0,MotionSense,0.786376953125,0.7788928026845942,tail20
lfr,tstcc,device:MotionSense:10,device:RealWorld_thigh:10,5,1,MotionSense,0.8119140625,0.809571563385237,tail20
lfr,tstcc,device:MotionSense:10,device:RealWorld_thigh:10,5,2,MotionSense,0.831640625,0.8324609999246156,tail20
lfr,tstcc,device:MotionSense:10,device:RealWorld_thigh:10,5,3,MotionSense,0.81416015625,0.8103893563484995,tail20
lfr,tstcc,device:MotionSense:10,device:RealWorld_thigh:10,full,0,MotionSense,0.871435546875,0.8723190069503189,tail20
lfr,tstcc,device:MotionSense:10,device:RealWorld_thigh:10,full,1,MotionSense,0.885546875,0.8861278243140642,tail20
lfr,tstcc,device:MotionSense:10,device:RealWorld_thigh:10,full,2,MotionSense,0.887841796875,0.8892821196290935,tail20
lfr,tstcc,device:MotionSense:10,device:RealWorld_thigh:10,full,3,MotionSense,0.889306640625,0.8899869866514496,tail20
lfr,tstcc,device:MotionSense:10,in-domain,1,0,MotionSense,0.69052734375,0.6674001272273395,tail20
lfr,tstcc,device:MotionSense:10,in-domain,1,1,MotionSense,0.7314453125,0.7152811756428794,tail20
lfr,tstcc,device:MotionSense:10,in-domain,1,2,MotionSense,0.764111328125,0.7594454441749856,tail20
lfr,tstcc,device:MotionSense:10,in-domain,1,3,MotionSense,0.67412109375,0.6676904933310649,tail20
lfr,tstcc,device:MotionSense:10,in-domain,10,0,MotionSense,0.830908203125,0.8318656426642204,tail20
lfr,tstcc,device:MotionSense:10,in-domain,10,1,MotionSense,0.87119140625,0.8708713856479762,tail20
lfr,tstcc,device:MotionSense:10,in-domain,10,2,MotionSense,0.854052734375,0.8552422233194928,tail20
lfr,tstcc,device:MotionSense:10,in-domain,10,3,MotionSense,0.851318359375,0.8539009270195299,tail20
lfr,tstcc,device:MotionSense:10,in-domain,2,0,MotionSense,0.7794921875,0.7747064938939674,tail20
lfr,tstcc,device:MotionSense:10,in-domain,2,1,MotionSense,0.779052734375,0.7695967048294872,tail20
lfr,tstcc,device:MotionSense:10,in-domain,2,2,MotionSense,0.83544921875,0.8339113514037043,tail20
lfr,tstcc,device:MotionSense:10,in-domain,2,3,MotionSense,0.770703125,0.7680754004774315,tail20
lfr,tstcc,device:MotionSense:10,in-domain,5,0,MotionSense,0.827294921875,0.8235798895666159,tail20
lfr,tstcc,device:MotionSense:10,in-domain,5,1,MotionSense,0.83544921875,0.8329614220809111,tail20
lfr,tstcc,device:MotionSense:10,in-domain,5,2,MotionSense,0.836328125,0.8370317218068429,tail20
lfr,tstcc,device:MotionSense:10,in-domain,5,3,MotionSense,0.811669921875,0.8112328167290752,tail20
lfr,tstcc,device:MotionSense:10,in-domain,full,0,MotionSense,0.86689453125,0.8686455516228525,tail20
lfr,tstcc,device:MotionSense:10,in-domain,full,1,MotionSense,0.87734375,0.8785110135358518,tail20
lfr,tstcc,device:MotionSense:10,in-domain,full,2,MotionSense,0.884814453125,0.8857787241727311,tail20
lfr,tstcc,device:MotionSense:10,in-domain,full,3,MotionSense,0.884033203125,0.884712501140414,tail20
lfr,tstcc,device:RealWorld_thigh+MotionSense:10+10,in-domain,1,0,MotionSense,0.770654296875,0.758591927218363,tail20
lfr,tstcc,device:RealWorld_thigh+MotionSense:10+10,in-domain,1,0,RealWorld_thigh,0.5641840277777778,0.5699584095050231,tail20
lfr,tstcc,device:RealWorld_thigh+MotionSense:10+10,in-domain,1,1,MotionSense,0.657177734375,0.6338284261142144,tail20
lfr,tstcc,device:RealWorld_thigh+MotionSense:10+10,in-domain,1,1,RealWorld_thigh,0.5910243055555555,0.5766344010507419,tail20
lfr,tstcc,device:RealWorld_thigh+MotionSense:10+10,in-domain,1,2,MotionSense,0.698583984375,0.684633699176902,tail20
lfr,tstcc,device:RealWorld_thigh+MotionSense:10+10,in-domain,1,2,RealWorld_thigh,0.5945486111111111,0.5942569400490545,tail20
lfr,tstcc,device:RealWorld_thigh+MotionSense:10+10,in-domain,1,3,MotionSense,0.6923828125,0.6768205399569718,tail20
lfr,tstcc,device:RealWorld_thigh+MotionSense:10+10,in-domain,1,3,RealWorld_thigh,0.5575347222222222,0.5618999856832816,tail20
lfr,tstcc,device:RealWorld_thigh+MotionSense:10+10,in-domain,10,0,MotionSense,0.833837890625,0.8309768170532401,tail20
lfr,tstcc,device:RealWorld_thigh+MotionSense:10+10,in-domain,10,0,RealWorld_thigh,0.6709895833333334,0.6767251569712396,tail20
lfr,tstcc,device:RealWorld_thigh+MotionSense:10+10,in-domain,10,1,MotionSense,0.8412109375,0.8345135568240302,tail20
lfr,tstcc,device:RealWorld_thigh+MotionSense:10+10,in-domain,10,1,RealWorld_thigh,0.6839583333333333,0.6921259415386213,tail20
lfr,tstcc,device:RealWorld_thigh+MotionSense:10+10,in-domain,10,2,MotionSense,0.84853515625,0.8488605574124873,tail20
lfr,tstcc,device:RealWorld_thigh+MotionSense:10+10,in-domain,10,2,RealWorld_thigh,0.6866493055555555,0.6959762385260228,tail20
lfr,tstcc,device:RealWorld_thigh+MotionSense:10+10,in-domain,10,3,MotionSense,0.83935546875,0.8364911102651809,tail20
lfr,tstcc,device:RealWorld_thigh+MotionSense:10+10,in-domain,10,3,RealWorld_thigh,0.6671527777777777,0.6752676140142035,tail20
lfr,tstcc,device:RealWorld_thigh+MotionSense:10+10,in-domain,2,0,MotionSense,0.80712890625,0.799271951671615,tail20
lfr,tstcc,device:RealWorld_thigh+MotionSense:10+10,in-domain,2,0,RealWorld_thigh,0.6010243055555555,0.6077898166166293,tail20
lfr,tstcc,device:RealWorld_thigh+MotionSense:10+10,in-domain,2,1,MotionSense,0.751416015625,0.7406843801527182,tail20
lfr,tstcc,device:RealWorld_thigh+MotionSense:10+10,in-domain,2,1,RealWorld_thigh,0.5900694444444444,0.5967861127036773,tail20
lfr,tstcc,device:RealWorld_thigh+MotionSense:10+10,in-domain,2,2,MotionSense,0.819921875,0.8192746813538377,tail20
lfr,tstcc,device:RealWorld_thigh+MotionSense:10+10,in-domain,2,2,RealWorld_thigh,0.6165798611111111,0.6245027377923418,tail20
lfr,tstcc,device:RealWorld_thigh+MotionSense:10+10,in-domain,2,3,MotionSense,0.774951171875,0.7676301592585657,tail20
lfr,tstcc,device:RealWorld_thigh+MotionSense:10+10,in-domain,2,3,RealWorld_thigh,0.6104861111111111,0.6180212145081188,tail20
lfr,tstcc,device:RealWorld_thigh+MotionSense:10+10,in-domain,5,0,MotionSense,0.830908203125,0.8273792813201686,tail20
lfr,tstcc,device:RealWorld_thigh+MotionSense:10+10,in-domain,5,0,RealWorld_thigh,0.6530208333333334,0.6594058280436279,tail20
lfr,tstcc,device:RealWorld_thigh+MotionSense:10+10,in-domain,5,1,MotionSense,0.822705078125,0.8175560586536127,tail20
lfr,tstcc,device:RealWorld_thigh+MotionSense:10+10,in-domain,5,1,RealWorld_thigh,0.675625,0.6834668326966934,tail20
lfr,tstcc,device:RealWorld_thigh+MotionSense:10+10,in-domain,5,2,MotionSense,0.846337890625,0.8470638645800959,tail20
lfr,tstcc,device:RealWorld_thigh+MotionSense:10+10,in-domain,5,2,RealWorld_thigh,0.6654340277777778,0.6740795980882008,tail20
lfr,tstcc,device:RealWorld_thigh+MotionSense:10+10,in-domain,5,3,MotionSense,0.808251953125,0.8012644728768004,tail20
lfr,tstcc,device:RealWorld_thigh+MotionSense:10+10,in-domain,5,3,RealWorld_thigh,0.6606597222222222,0.6674438957801214,tail20
lfr,tstcc,device:RealWorld_thigh+MotionSense:10+10,in-domain,full,0,MotionSense,0.865625,0.8655271792539324,tail20
lfr,tstcc,device:RealWorld_thigh+MotionSense:10+10,in-domain,full,0,RealWorld_thigh,0.6883159722222223,0.6955915349340241,tail20
lfr,tstcc,device:RealWorld_thigh+MotionSense:10+10,in-domain,full,1,MotionSense,0.8958984375,0.8958141201200014,tail20
lfr,tstcc,device:RealWorld_thigh+MotionSense:10+10,in-domain,full,1,RealWorld_thigh,0.7011805555555555,0.7093798101570972,tail20
lfr,tstcc,device:RealWorld_thigh+MotionSense:10+10,in-domain,full,2,MotionSense,0.893505859375,0.8951274443868386,tail20
lfr,tstcc,device:RealWorld_thigh+MotionSense:10+10,in-domain,full,2,RealWorld_thigh,0.7406076388888889,0.7433455214530404,tail20
lfr,tstcc,device:RealWorld_thigh+MotionSense:10+10,in-domain,full,3,MotionSense,0.894580078125,0.8958470239631422,tail20
lfr,tstcc,device:RealWorld_thigh+MotionSense:10+10,in-domain,full,3,RealWorld_thigh,0.7083854166666667,0.7162778931073354,tail20
lfr,tstcc,device:RealWorld_thigh+MotionSense:5+5,in-domain,1,0,MotionSense,0.627734375,0.6009243959487175,tail20
lfr,tstcc,device:RealWorld_thigh+MotionSense:5+5,in-domain,1,0,RealWorld_thigh,0.5483506944444445,0.5411266260848915,tail20
lfr,tstcc,device:RealWorld_thigh+MotionSense:5+5,in-domain,1,1,MotionSense,0.608056640625,0.5734338348481454,tail20
lfr,tstcc,device:RealWorld_thigh+MotionSense:5+5,in-domain,1,1,RealWorld_thigh,0.5115104166666666,0.5035751836322286,tail20
lfr,tstcc,device:RealWorld_thigh+MotionSense:5+5,in-domain,1,2,MotionSense,0.604248046875,0.5982289297653228,tail20
lfr,tstcc,device:RealWorld_thigh+MotionSense:5+5,in-domain,1,2,RealWorld_thigh,0.49069444444444443,0.496242318088094,tail20
lfr,tstcc,device:RealWorld_thigh+MotionSense:5+5,in-domain,1,3,MotionSense,0.53203125,0.5214165087658187,tail20
lfr,tstcc,device:RealWorld_thigh+MotionSense:5+5,in-domain,1,3,RealWorld_thigh,0.4676388888888889,0.4797749041101821,tail20
lfr,tstcc,device:RealWorld_thigh+MotionSense:5+5,in-domain,10,0,MotionSense,0.81826171875,0.8184728547121797,tail20
lfr,tstcc,device:RealWorld_thigh+MotionSense:5+5,in-domain,10,0,RealWorld_thigh,0.6553993055555555,0.663536001869309,tail20
lfr,tstcc,device:RealWorld_thigh+MotionSense:5+5,in-domain,10,1,MotionSense,0.831689453125,0.8296347196889823,tail20
lfr,tstcc,device:RealWorld_thigh+MotionSense:5+5,in-domain,10,1,RealWorld_thigh,0.6606597222222222,0.6673395116618983,tail20
lfr,tstcc,device:RealWorld_thigh+MotionSense:5+5,in-domain,10,2,MotionSense,0.802685546875,0.8026377052019342,tail20
lfr,tstcc,device:RealWorld_thigh+MotionSense:5+5,in-domain,10,2,RealWorld_thigh,0.6522048611111111,0.6589110809975297,tail20
lfr,tstcc,device:RealWorld_thigh+MotionSense:5+5,in-domain,10,3,MotionSense,0.8001953125,0.7976108722049827,tail20
lfr,tstcc,device:RealWorld_thigh+MotionSense:5+5,in-domain,10,3,RealWorld_thigh,0.6484895833333334,0.6528678132291782,tail20
lfr,tstcc,device:RealWorld_thigh+MotionSense:5+5,in-domain,2,0,MotionSense,0.748291015625,0.7355060709842816,tail20
lfr,tstcc,device:RealWorld_thigh+MotionSense:5+5,in-domain,2,0,RealWorld_thigh,0.5677256944444444,0.573903360925959,tail20
lfr,tstcc,device:RealWorld_thigh+MotionSense:5+5,in-domain,2,1,MotionSense,0.6568359375,0.6272082611524838,tail20
lfr,tstcc,device:RealWorld_thigh+MotionSense:5+5,in-domain,2,1,RealWorld_thigh,0.5014062499999999,0.4964319064695487,tail20
lfr,tstcc,device:RealWorld_thigh+MotionSense:5+5,in-domain,2,2,MotionSense,0.704296875,0.6963562928982172,tail20
lfr,tstcc,device:RealWorld_thigh+MotionSense:5+5,in-domain,2,2,RealWorld_thigh,0.5603125,0.558214320379965,tail20
lfr,tstcc,device:RealWorld_thigh+MotionSense:5+5,in-domain,2,3,MotionSense,0.72216796875,0.7090781577338308,tail20
lfr,tstcc,device:RealWorld_thigh+MotionSense:5+5,in-domain,2,3,RealWorld_thigh,0.5741319444444445,0.5789903177870782,tail20
lfr,tstcc,device:RealWorld_thigh+MotionSense:5+5,in-domain,5,0,MotionSense,0.80224609375,0.8001000833509433,tail20
lfr,tstcc,device:RealWorld_thigh+MotionSense:5+5,in-domain,5,0,RealWorld_thigh,0.6676041666666667,0.6681444265183665,tail20
lfr,tstcc,device:RealWorld_thigh+MotionSense:5+5,in-domain,5,1,MotionSense,0.796484375,0.7929428796758403,tail20
lfr,tstcc,device:RealWorld_thigh+MotionSense:5+5,in-domain,5,1,RealWorld_thigh,0.6175520833333333,0.6241214689414624,tail20
lfr,tstcc,device:RealWorld_thigh+MotionSense:5+5,in-domain,5,2,MotionSense,0.790869140625,0.7863510542831154,tail20
lfr,tstcc,device:RealWorld_thigh+MotionSense:5+5,in-domain,5,2,RealWorld_thigh,0.6453645833333334,0.6510207404448382,tail20
lfr,tstcc,device:RealWorld_thigh+MotionSense:5+5,in-domain,5,3,MotionSense,0.775634765625,0.7651542484241796,tail20
lfr,tstcc,device:RealWorld_thigh+MotionSense:5+5,in-domain,5,3,RealWorld_thigh,0.6316319444444445,0.6343944495523203,tail20
lfr,tstcc,device:RealWorld_thigh+MotionSense:5+5,in-domain,full,0,MotionSense,0.86748046875,0.8673447974885397,tail20
lfr,tstcc,device:RealWorld_thigh+MotionSense:5+5,in-domain,full,0,RealWorld_thigh,0.6733159722222222,0.6784803452918238,tail20
lfr,tstcc,device:RealWorld_thigh+MotionSense:5+5,in-domain,full,1,MotionSense,0.852490234375,0.851241056385547,tail20
lfr,tstcc,device:RealWorld_thigh+MotionSense:5+5,in-domain,full,1,RealWorld_thigh,0.6741840277777778,0.678779259007349,tail20
lfr,tstcc,device:RealWorld_thigh+MotionSense:5+5,in-domain,full,2,MotionSense,0.850537109375,0.850152380840456,tail20
lfr,tstcc,device:RealWorld_thigh+MotionSense:5+5,in-domain,full,2,RealWorld_thigh,0.7039236111111111,0.6973160599277939,tail20
lfr,tstcc,device:RealWorld_thigh+MotionSense:5+5,in-domain,full,3,MotionSense,0.8322265625,0.8298549117009314,tail20
lfr,tstcc,device:RealWorld_thigh+MotionSense:5+5,in-domain,full,3,RealWorld_thigh,0.7074652777777778,0.7025518302703245,tail20
lfr,tstcc,device:RealWorld_thigh:10,device:MotionSense:10,1,0,RealWorld_thigh,0.5415798611111111,0.5359731497255946,tail20
lfr,tstcc,device:RealWorld_thigh:10,device:MotionSense:10,1,1,RealWorld_thigh,0.5355381944444445,0.531273748130167,tail20
lfr,tstcc,device:RealWorld_thigh:10,device:MotionSense:10,1,2,RealWorld_thigh,0.568142361111111,0.5655716771977722,tail20
lfr,tstcc,device:RealWorld_thigh:10,device:MotionSense:10,1,3,RealWorld_thigh,0.5172916666666667,0.513443226448252,tail20
lfr,tstcc,device:RealWorld_thigh:10,device:MotionSense:10,10,0,RealWorld_thigh,0.6721354166666667,0.6756894921314082,tail20
lfr,tstcc,device:RealWorld_thigh:10,device:MotionSense:10,10,1,RealWorld_thigh,0.6224131944444444,0.6336354702223062,tail20
lfr,tstcc,device:RealWorld_thigh:10,device:MotionSense:10,10,2,RealWorld_thigh,0.6771006944444444,0.6808447329824233,tail20
lfr,tstcc,device:RealWorld_thigh:10,device:MotionSense:10,10,3,RealWorld_thigh,0.6264236111111111,0.6354895741808385,tail20
lfr,tstcc,device:RealWorld_thigh:10,device:MotionSense:10,2,0,RealWorld_thigh,0.5781076388888888,0.581870299876581,tail20
lfr,tstcc,device:RealWorld_thigh:10,device:MotionSense:10,2,1,RealWorld_thigh,0.547517361111111,0.5499254807928462,tail20
lfr,tstcc,device:RealWorld_thigh:10,device:MotionSense:10,2,2,RealWorld_thigh,0.6060243055555555,0.6022294405801044,tail20
lfr,tstcc,device:RealWorld_thigh:10,device:MotionSense:10,2,3,RealWorld_thigh,0.5597569444444443,0.5682805472337348,tail20
lfr,tstcc,device:RealWorld_thigh:10,device:MotionSense:10,5,0,RealWorld_thigh,0.6456770833333334,0.6488068401865457,tail20
lfr,tstcc,device:RealWorld_thigh:10,device:MotionSense:10,5,1,RealWorld_thigh,0.6274826388888889,0.6340489387850383,tail20
lfr,tstcc,device:RealWorld_thigh:10,device:MotionSense:10,5,2,RealWorld_thigh,0.6352951388888889,0.6406133756503288,tail20
lfr,tstcc,device:RealWorld_thigh:10,device:MotionSense:10,5,3,RealWorld_thigh,0.6105034722222222,0.6178050963484281,tail20
lfr,tstcc,device:RealWorld_thigh:10,device:MotionSense:10,full,0,RealWorld_thigh,0.6711284722222223,0.6795007164409335,tail20
lfr,tstcc,device:RealWorld_thigh:10,device:MotionSense:10,full,1,RealWorld_thigh,0.6886805555555555,0.6935701510171,tail20
lfr,tstcc,device:RealWorld_thigh:10,device:MotionSense:10,full,2,RealWorld_thigh,0.7027256944444444,0.706278274250322,tail20
lfr,tstcc,device:RealWorld_thigh:10,device:MotionSense:10,full,3,RealWorld_thigh,0.66453125,0.6745567387201598,tail20
lfr,tstcc,device:RealWorld_thigh:10,in-domain,1,0,RealWorld_thigh,0.5537152777777778,0.561426563890609,tail20
lfr,tstcc,device:RealWorld_thigh:10,in-domain,1,1,RealWorld_thigh,0.5391666666666667,0.5302860998961791,tail20
lfr,tstcc,device:RealWorld_thigh:10,in-domain,1,2,RealWorld_thigh,0.5523611111111111,0.558384358504165,tail20
lfr,tstcc,device:RealWorld_thigh:10,in-domain,1,3,RealWorld_thigh,0.5503298611111112,0.5481917345440838,tail20
lfr,tstcc,device:RealWorld_thigh:10,in-domain,10,0,RealWorld_thigh,0.6896180555555556,0.6952798141365334,tail20
lfr,tstcc,device:RealWorld_thigh:10,in-domain,10,1,RealWorld_thigh,0.6490104166666667,0.660372491022376,tail20
lfr,tstcc,device:RealWorld_thigh:10,in-domain,10,2,RealWorld_thigh,0.6853993055555556,0.6933297006314645,tail20
lfr,tstcc,device:RealWorld_thigh:10,in-domain,10,3,RealWorld_thigh,0.6544270833333333,0.6615536854297674,tail20
lfr,tstcc,device:RealWorld_thigh:10,in-domain,2,0,RealWorld_thigh,0.6238888888888889,0.6321358364871749,tail20
lfr,tstcc,device:RealWorld_thigh:10,in-domain,2,1,RealWorld_thigh,0.5823437499999999,0.5838115690439281,tail20
lfr,tstcc,device:RealWorld_thigh:10,in-domain,2,2,RealWorld_thigh,0.5905208333333334,0.5970960769470547,tail20
lfr,tstcc,device:RealWorld_thigh:10,in-domain,2,3,RealWorld_thigh,0.5920486111111111,0.6035847779797894,tail20
lfr,tstcc,device:RealWorld_thigh:10,in-domain,5,0,RealWorld_thigh,0.67078125,0.6765101666741883,tail20
lfr,tstcc,device:RealWorld_thigh:10,in-domain,5,1,RealWorld_thigh,0.6613888888888889,0.6672331719722607,tail20
lfr,tstcc,device:RealWorld_thigh:10,in-domain,5,2,RealWorld_thigh,0.6395659722222222,0.6474753282763285,tail20
lfr,tstcc,device:RealWorld_thigh:10,in-domain,5,3,RealWorld_thigh,0.6234722222222222,0.6320552790476279,tail20
lfr,tstcc,device:RealWorld_thigh:10,in-domain,full,0,RealWorld_thigh,0.6910590277777777,0.6981359534046615,tail20
lfr,tstcc,device:RealWorld_thigh:10,in-domain,full,1,RealWorld_thigh,0.6640972222222222,0.6553385175578461,tail20
lfr,tstcc,device:RealWorld_thigh:10,in-domain,full,2,RealWorld_thigh,0.6669097222222222,0.6615079426093354,tail20
lfr,tstcc,device:RealWorld_thigh:10,in-domain,full,3,RealWorld_thigh,0.636076388888889,0.6129106662595691,tail20
none,cnnpff,device:MotionSense:10,-,1,0,MotionSense,0.68037109375,0.6720803511374271,tail20
none,cnnpff,device:MotionSense:10,-,1,1,MotionSense,0.7140625,0.708223100865516,tail20
none,cnnpff,device:MotionSense:10,-,1,2,MotionSense,0.637353515625,0.6355724304538437,tail20
none,cnnpff,device:MotionSense:10,-,1,3,MotionSense,0.6568359375,0.6579325098402462,tail20
none,cnnpff,device:MotionSense:10,-,10,0,MotionSense,0.831298828125,0.8325590316538216,tail20
none,cnnpff,device:MotionSense:10,-,10,1,MotionSense,0.804736328125,0.8067029504924607,tail20
none,cnnpff,device:MotionSense:10,-,10,2,MotionSense,0.795263671875,0.7985092881660141,tail20
none,cnnpff,device:MotionSense:10,-,10,3,MotionSense,0.799072265625,0.8026689978730881,tail20
none,cnnpff,device:MotionSense:10,-,2,0,MotionSense,0.767919921875,0.7664256178580693,tail20
none,cnnpff,device:MotionSense:10,-,2,1,MotionSense,0.757080078125,0.7565599532961229,tail20
none,cnnpff,device:MotionSense:10,-,2,2,MotionSense,0.7525390625,0.7552195981698431,tail20
none,cnnpff,device:MotionSense:10,-,2,3,MotionSense,0.774560546875,0.7771495638067858,tail20
none,cnnpff,device:MotionSense:10,-,5,0,MotionSense,0.81767578125,0.8175277994594179,tail20
none,cnnpff,device:MotionSense:10,-,5,1,MotionSense,0.79951171875,0.7992898772629984,tail20
none,cnnpff,device:MotionSense:10,-,5,2,MotionSense,0.779296875,0.7825351049128894,tail20
none,cnnpff,device:MotionSense:10,-,5,3,MotionSense,0.814208984375,0.8165077279073198,tail20
none,cnnpff,device:MotionSense:10,-,full,0,MotionSense,0.85712890625,0.8593532582135877,tail20
none,cnnpff,device:MotionSense:10,-,full,1,MotionSense,0.814453125,0.8182502601784746,tail20
none,cnnpff,device:MotionSense:10,-,full,2,MotionSense,0.836376953125,0.840407362991793,tail20
none,cnnpff,device:MotionSense:10,-,full,3,MotionSense,0.8337890625,0.8358489068352057,tail20
none,cnnpff,device:RealWorld_thigh+MotionSense:10+10,-,1,0,MotionSense,0.716064453125,0.7137933439888273,tail20
none,cnnpff,device:RealWorld_thigh+MotionSense:10+10,-,1,0,RealWorld_thigh,0.5890277777777777,0.5918682633339292,tail20
none,cnnpff,device:RealWorld_thigh+MotionSense:10+10,-,1,1,MotionSense,0.6314453125,0.6273590952042104,tail20
none,cnnpff,device:RealWorld_thigh+MotionSense:10+10,-,1,1,RealWorld_thigh,0.5807465277777778,0.5799733566250389,tail20
none,cnnpff,device:RealWorld_thigh+MotionSense:10+10,-,1,2,MotionSense,0.646337890625,0.6409551324751276,tail20
none,cnnpff,device:RealWorld_thigh+MotionSense:10+10,-,1,2,RealWorld_thigh,0.5836284722222222,0.5876843614929623,tail20
none,cnnpff,device:RealWorld_thigh+MotionSense:10+10,-,1,3,MotionSense,0.647998046875,0.6463727003591531,tail20
none,cnnpff,device:RealWorld_thigh+MotionSense:10+10,-,1,3,RealWorld_thigh,0.5825347222222222,0.588225022051122,tail20
none,cnnpff,device:RealWorld_thigh+MotionSense:10+10,-,10,0,MotionSense,0.823681640625,0.8237759628756871,tail20
none,cnnpff,device:RealWorld_thigh+MotionSense:10+10,-,10,0,RealWorld_thigh,0.6928993055555556,0.6949672487990798,tail20
none,cnnpff,device:RealWorld_thigh+MotionSense:10+10,-,10,1,MotionSense,0.812939453125,0.8122411890215083,tail20
none,cnnpff,device:RealWorld_thigh+MotionSense:10+10,-,10,1,RealWorld_thigh,0.6575520833333333,0.6590001462508196,tail20
none,cnnpff,device:RealWorld_thigh+MotionSense:10+10,-,10,2,MotionSense,0.8171875,0.8171029809479073,tail20
none,cnnpff,device:RealWorld_thigh+MotionSense:10+10,-,10,2,RealWorld_thigh,0.7038541666666667,0.7047538950702924,tail20
none,cnnpff,device:RealWorld_thigh+MotionSense:10+10,-,10,3,MotionSense,0.813525390625,0.8136950546579177,tail20
none,cnnpff,device:RealWorld_thigh+MotionSense:10+10,-,10,3,RealWorld_thigh,0.6802083333333333,0.6834834256816804,tail20
none,cnnpff,device:RealWorld_thigh+MotionSense:10+10,-,2,0,MotionSense,0.789404296875,0.7882024191255801,tail20
none,cnnpff,device:RealWorld_thigh+MotionSense:10+10,-,2,0,RealWorld_thigh,0.651701388888889,0.6546341835230852,tail20
none,cnnpff,device:RealWorld_thigh+MotionSense:10+10,-,2,1,MotionSense,0.748291015625,0.7447279270687599,tail20
none,cnnpff,device:RealWorld_thigh+MotionSense:10+10,-,2,1,RealWorld_thigh,0.6367361111111112,0.6410107328336971,tail20
none,cnnpff,device:RealWorld_thigh+MotionSense:10+10,-,2,2,MotionSense,0.7541015625,0.7512554545340904,tail20
none,cnnpff,device:RealWorld_thigh+MotionSense:10+10,-,2,2,RealWorld_thigh,0.6357986111111111,0.6377001752833773,tail20
none,cnnpff,device:RealWorld_thigh+MotionSense:10+10,-,2,3,MotionSense,0.75146484375,0.7526646984368152,tail20
none,cnnpff,device:RealWorld_thigh+MotionSense:10+10,-,2,3,RealWorld_thigh,0.6156770833333334,0.61940400327631,tail20
none,cnnpff,device:RealWorld_thigh+MotionSense:10+10,-,5,0,MotionSense,0.808349609375,0.8073779714572907,tail20
none,cnnpff,device:RealWorld_thigh+MotionSense:10+10,-,5,0,RealWorld_thigh,0.6669791666666667,0.6702384921849328,tail20
none,cnnpff,device:RealWorld_thigh+MotionSense:10+10,-,5,1,MotionSense,0.7994140625,0.7989819098078565,tail20
none,cnnpff,device:RealWorld_thigh+MotionSense:10+10,-,5,1,RealWorld_thigh,0.6446006944444445,0.6456939943301016,tail20
none,cnnpff,device:RealWorld_thigh+MotionSense:10+10,-,5,2,MotionSense,0.773974609375,0.7717414842760315,tail20
none,cnnpff,device:RealWorld_thigh+MotionSense:10+10,-,5,2,RealWorld_thigh,0.6939756944444444,0.6955112996120444,tail20
none,cnnpff,device:RealWorld_thigh+MotionSense:10+10,-,5,3,MotionSense,0.803173828125,0.803158782874197,tail20
none,cnnpff,device:RealWorld_thigh+MotionSense:10+10,-,5,3,RealWorld_thigh,0.6741666666666667,0.677988872057694,tail20
none,cnnpff,device:RealWorld_thigh+MotionSense:10+10,-,full,0,MotionSense,0.829150390625,0.8294028701598043,tail20
none,cnnpff,device:RealWorld_thigh+MotionSense:10+10,-,full,0,RealWorld_thigh,0.6824826388888889,0.690570130543293,tail20
none,cnnpff,device:RealWorld_thigh+MotionSense:10+10,-,full,1,MotionSense,0.811767578125,0.8120855875732632,tail20
none,cnnpff,device:RealWorld_thigh+MotionSense:10+10,-,full,1,RealWorld_thigh,0.719826388888889,0.7255652473404184,tail20
none,cnnpff,device:RealWorld_thigh+MotionSense:10+10,-,full,2,MotionSense,0.834619140625,0.834059787445763,tail20
none,cnnpff,device:RealWorld_thigh+MotionSense:10+10,-,full,2,RealWorld_thigh,0.7363020833333334,0.7384552302369687,tail20
none,cnnpff,device:RealWorld_thigh+MotionSense:10+10,-,full,3,MotionSense,0.839697265625,0.841201807616712,tail20
none,cnnpff,device:RealWorld_thigh+MotionSense:10+10,-,full,3,RealWorld_thigh,0.6754861111111111,0.6832349379042584,tail20
none,cnnpff,device:RealWorld_thigh+MotionSense:5+5,-,1,0,MotionSense,0.661767578125,0.6421829548484258,tail20
none,cnnpff,device:RealWorld_thigh+MotionSense:5+5,-,1,0,RealWorld_thigh,0.5550694444444444,0.5544644640797038,tail20
none,cnnpff,device:RealWorld_thigh+MotionSense:5+5,-,1,1,MotionSense,0.648779296875,0.6414341608930643,tail20
none,cnnpff,device:RealWorld_thigh+MotionSense:5+5,-,1,1,RealWorld_thigh,0.5498611111111111,0.5448020273503302,tail20
none,cnnpff,device:RealWorld_thigh+MotionSense:5+5,-,1,2,MotionSense,0.57578125,0.568913128974856,tail20
none,cnnpff,device:RealWorld_thigh+MotionSense:5+5,-,1,2,RealWorld_thigh,0.5220138888888889,0.5221842324977491,tail20
none,cnnpff,device:RealWorld_thigh+MotionSense:5+5,-,1,3,MotionSense,0.5486328125,0.5328431706307519,tail20
none,cnnpff,device:RealWorld_thigh+MotionSense:5+5,-,1,3,RealWorld_thigh,0.45960069444444435,0.44619090261045546,tail20
none,cnnpff,device:RealWorld_thigh+MotionSense:5+5,-,10,0,MotionSense,0.78369140625,0.7784429972285847,tail20
none,cnnpff,device:RealWorld_thigh+MotionSense:5+5,-,10,0,RealWorld_thigh,0.6680902777777777,0.668854471583463,tail20
none,cnnpff,device:RealWorld_thigh+MotionSense:5+5,-,10,1,MotionSense,0.76689453125,0.7667073584114774,tail20
none,cnnpff,device:RealWorld_thigh+MotionSense:5+5,-,10,1,RealWorld_thigh,0.6446006944444445,0.6417197576635922,tail20
none,cnnpff,device:RealWorld_thigh+MotionSense:5+5,-,10,2,MotionSense,0.7744140625,0.7732186733711736,tail20
none,cnnpff,device:RealWorld_thigh+MotionSense:5+5,-,10,2,RealWorld_thigh,0.6640451388888888,0.6620012189636013,tail20
none,cnnpff,device:RealWorld_thigh+MotionSense:5+5,-,10,3,MotionSense,0.750439453125,0.7472523766566556,tail20
none,cnnpff,device:RealWorld_thigh+MotionSense:5+5,-,10,3,RealWorld_thigh,0.6537152777777778,0.654470363830436,tail20
none,cnnpff,device:RealWorld_thigh+MotionSense:5+5,-,2,0,MotionSense,0.73974609375,0.734606622866458,tail20
none,cnnpff,device:RealWorld_thigh+MotionSense:5+5,-,2,0,RealWorld_thigh,0.5935243055555556,0.5903889127639308,tail20
none,cnnpff,device:RealWorld_thigh+MotionSense:5+5,-,2,1,MotionSense,0.663916015625,0.6601210098401674,tail20
none,cnnpff,device:RealWorld_thigh+MotionSense:5+5,-,2,1,RealWorld_thigh,0.5553993055555556,0.5506395656898588,tail20
none,cnnpff,device:RealWorld_thigh+MotionSense:5+5,-,2,2,MotionSense,0.60654296875,0.6018751660383795,tail20
none,cnnpff,device:RealWorld_thigh+MotionSense:5+5,-,2,2,RealWorld_thigh,0.5570659722222222,0.554029366524106,tail20
none,cnnpff,device:RealWorld_thigh+MotionSense:5+5,-,2,3,MotionSense,0.676708984375,0.6687015178496258,tail20
none,cnnpff,device:RealWorld_thigh+MotionSense:5+5,-,2,3,RealWorld_thigh,0.59078125,0.5916395591630965,tail20
none,cnnpff,device:RealWorld_thigh+MotionSense:5+5,-,5,0,MotionSense,0.780517578125,0.7790375083099244,tail20
none,cnnpff,device:RealWorld_thigh+MotionSense:5+5,-,5,0,RealWorld_thigh,0.6251562500000001,0.6245757564212517,tail20
none,cnnpff,device:RealWorld_thigh+MotionSense:5+5,-,5,1,MotionSense,0.742626953125,0.7405341879521612,tail20
none,cnnpff,device:RealWorld_thigh+MotionSense:5+5,-,5,1,RealWorld_thigh,0.6404687499999999,0.6374437961894965,tail20
none,cnnpff,device:RealWorld_thigh+MotionSense:5+5,-,5,2,MotionSense,0.722900390625,0.7155036229220435,tail20
none,cnnpff,device:RealWorld_thigh+MotionSense:5+5,-,5,2,RealWorld_thigh,0.6563368055555555,0.6591699309884186,tail20
none,cnnpff,device:RealWorld_thigh+MotionSense:5+5,-,5,3,MotionSense,0.699365234375,0.6975640478444873,tail20
none,cnnpff,device:RealWorld_thigh+MotionSense:5+5,-,5,3,RealWorld_thigh,0.6309722222222223,0.6315514426406607,tail20
none,cnnpff,device:RealWorld_thigh+MotionSense:5+5,-,full,0,MotionSense,0.784423828125,0.783056118148467,tail20
none,cnnpff,device:RealWorld_thigh+MotionSense:5+5,-,full,0,RealWorld_thigh,0.6357465277777778,0.6414172281024134,tail20
none,cnnpff,device:RealWorld_thigh+MotionSense:5+5,-,full,1,MotionSense,0.78037109375,0.7833428590803895,tail20
none,cnnpff,device:RealWorld_thigh+MotionSense:5+5,-,full,1,RealWorld_thigh,0.6648958333333332,0.6674537373961024,tail20
none,cnnpff,device:RealWorld_thigh+MotionSense:5+5,-,full,2,MotionSense,0.7505859375,0.7419553464794283,tail20
none,cnnpff,device:RealWorld_thigh+MotionSense:5+5,-,full,2,RealWorld_thigh,0.6910243055555556,0.6898132905152441,tail20
none,cnnpff,device:RealWorld_thigh+MotionSense:5+5,-,full,3,MotionSense,0.7568359375,0.7527664571790886,tail20
none,cnnpff,device:RealWorld_thigh+MotionSense:5+5,-,full,3,RealWorld_thigh,0.6229861111111111,0.6302050911485267,tail20
none,cnnpff,device:RealWorld_thigh:10,-,1,0,RealWorld_thigh,0.5582118055555555,0.5617358881712,tail20
none,cnnpff,device:RealWorld_thigh:10,-,1,1,RealWorld_thigh,0.5590451388888888,0.549566759302351,tail20
none,cnnpff,device:RealWorld_thigh:10,-,1,2,RealWorld_thigh,0.5760069444444444,0.5764826183056424,tail20
none,cnnpff,device:RealWorld_thigh:10,-,1,3,RealWorld_thigh,0.5327430555555556,0.5342369747583714,tail20
none,cnnpff,device:RealWorld_thigh:10,-,10,0,RealWorld_thigh,0.7142361111111111,0.7145784689778357,tail20
none,cnnpff,device:RealWorld_thigh:10,-,10,1,RealWorld_thigh,0.7038541666666667,0.7069571793264977,tail20
none,cnnpff,device:RealWorld_thigh:10,-,10,2,RealWorld_thigh,0.7242881944444445,0.7207657281719373,tail20
none,cnnpff,device:RealWorld_thigh:10,-,10,3,RealWorld_thigh,0.7201215277777778,0.7213547850525945,tail20
none,cnnpff,device:RealWorld_thigh:10,-,2,0,RealWorld_thigh,0.5603125,0.5659865391945774,tail20
none,cnnpff,device:RealWorld_thigh:10,-,2,1,RealWorld_thigh,0.5991666666666667,0.5968813757781973,tail20
none,cnnpff,device:RealWorld_thigh:10,-,2,2,RealWorld_thigh,0.6356076388888889,0.6362561963502028,tail20
none,cnnpff,device:RealWorld_thigh:10,-,2,3,RealWorld_thigh,0.6235763888888888,0.6222114019790135,tail20
none,cnnpff,device:RealWorld_thigh:10,-,5,0,RealWorld_thigh,0.6745833333333333,0.6742568873512592,tail20
none,cnnpff,device:RealWorld_thigh:10,-,5,1,RealWorld_thigh,0.6707291666666666,0.668780817455845,tail20
none,cnnpff,device:RealWorld_thigh:10,-,5,2,RealWorld_thigh,0.7050173611111111,0.7043942060157687,tail20
none,cnnpff,device:RealWorld_thigh:10,-,5,3,RealWorld_thigh,0.6949652777777777,0.6951368344783723,tail20
none,cnnpff,device:RealWorld_thigh:10,-,full,0,RealWorld_thigh,0.6907118055555556,0.6967552299994241,tail20
none,cnnpff,device:RealWorld_thigh:10,-,full,1,RealWorld_thigh,0.6921875,0.6996633694575807,tail20
none,cnnpff,device:RealWorld_thigh:10,-,full,2,RealWorld_thigh,0.7127777777777777,0.7169299303070622,tail20
none,cnnpff,device:RealWorld_thigh:10,-,full,3,RealWorld_thigh,0.7045138888888889,0.7117796574560606,tail20
none,resnetse5,device:MotionSense:10,-,1,0,MotionSense,0.833642578125,0.8326095912755738,tail20
none,resnetse5,device:MotionSense:10,-,1,1,MotionSense,0.804931640625,0.7984386565931579,tail20
none,resnetse5,device:MotionSense:10,-,1,2,MotionSense,0.82314453125,0.8223257255104638,tail20
none,resnetse5,device:MotionSense:10,-,1,3,MotionSense,0.725048828125,0.677839041613358,tail20
none,resnetse5,device:MotionSense:10,-,10,0,MotionSense,0.819775390625,0.8073432672637082,tail20
none,resnetse5,device:MotionSense:10,-,10,1,MotionSense,0.75830078125,0.7167422851673831,tail20
none,resnetse5,device:MotionSense:10,-,10,2,MotionSense,0.810791015625,0.7763364152255703,tail20
none,resnetse5,device:MotionSense:10,-,10,3,MotionSense,0.80439453125,0.794481405477797,tail20
none,resnetse5,device:MotionSense:10,-,2,0,MotionSense,0.82900390625,0.8268090959532698,tail20
none,resnetse5,device:MotionSense:10,-,2,1,MotionSense,0.7650390625,0.7219217169864579,tail20
none,resnetse5,device:MotionSense:10,-,2,2,MotionSense,0.880126953125,0.8771347290851521,tail20
none,resnetse5,device:MotionSense:10,-,2,3,MotionSense,0.814306640625,0.8138235146982433,tail20
none,resnetse5,device:MotionSense:10,-,5,0,MotionSense,0.853515625,0.8472796631414982,tail20
none,resnetse5,device:MotionSense:10,-,5,1,MotionSense,0.766552734375,0.715986842362074,tail20
none,resnetse5,device:MotionSense:10,-,5,2,MotionSense,0.806201171875,0.7693256366551099,tail20
none,resnetse5,device:MotionSense:10,-,5,3,MotionSense,0.869482421875,0.8692133053789342,tail20
none,resnetse5,device:MotionSense:10,-,full,0,MotionSense,0.73994140625,0.695461283954041,tail20
none,resnetse5,device:MotionSense:10,-,full,1,MotionSense,0.796435546875,0.7704341957653689,tail20
none,resnetse5,device:MotionSense:10,-,full,2,MotionSense,0.8962890625,0.8915890512559088,tail20
none,resnetse5,device:MotionSense:10,-,full,3,MotionSense,0.801513671875,0.787832849821671,tail20
none,resnetse5,device:RealWorld_thigh+MotionSense:10+10,-,1,0,MotionSense,0.80625,0.8034551713802992,tail20
none,resnetse5,device:RealWorld_thigh+MotionSense:10+10,-,1,0,RealWorld_thigh,0.5782118055555555,0.5865556480565194,tail20
none,resnetse5,device:RealWorld_thigh+MotionSense:10+10,-,1,1,MotionSense,0.81689453125,0.8144357853309339,tail20
none,resnetse5,device:RealWorld_thigh+MotionSense:10+10,-,1,1,RealWorld_thigh,0.6246875000000001,0.6024029833661888,tail20
none,resnetse5,device:RealWorld_thigh+MotionSense:10+10,-,1,2,MotionSense,0.762451171875,0.7428769889626955,tail20
none,resnetse5,device:RealWorld_thigh+MotionSense:10+10,-,1,2,RealWorld_thigh,0.6152604166666666,0.616155915221663,tail20
none,resnetse5,device:RealWorld_thigh+MotionSense:10+10,-,1,3,MotionSense,0.7185546875,0.6996115189380203,tail20
none,resnetse5,device:RealWorld_thigh+MotionSense:10+10,-,1,3,RealWorld_thigh,0.6009895833333333,0.6012519810917095,tail20
none,resnetse5,device:RealWorld_thigh+MotionSense:10+10,-,10,0,MotionSense,0.82353515625,0.8179113430960034,tail20
none,resnetse5,device:RealWorld_thigh+MotionSense:10+10,-,10,0,RealWorld_thigh,0.6040972222222222,0.6019697162820211,tail20
none,resnetse5,device:RealWorld_thigh+MotionSense:10+10,-,10,1,MotionSense,0.768359375,0.7334985172864852,tail20
none,resnetse5,device:RealWorld_thigh+MotionSense:10+10,-,10,1,RealWorld_thigh,0.6454340277777778,0.6187141259312038,tail20
none,resnetse5,device:RealWorld_thigh+MotionSense:10+10,-,10,2,MotionSense,0.837109375,0.8309907079869079,tail20
none,resnetse5,device:RealWorld_thigh+MotionSense:10+10,-,10,2,RealWorld_thigh,0.604375,0.5828976211857841,tail20
none,resnetse5,device:RealWorld_thigh+MotionSense:10+10,-,10,3,MotionSense,0.82744140625,0.8285238106687048,tail20
none,resnetse5,device:RealWorld_thigh+MotionSense:10+10,-,10,3,RealWorld_thigh,0.6703819444444444,0.6438938247881859,tail20
none,resnetse5,device:RealWorld_thigh+MotionSense:10+10,-,2,0,MotionSense,0.7296875,0.6808745981916994,tail20
none,resnetse5,device:RealWorld_thigh+MotionSense:10+10,-,2,0,RealWorld_thigh,0.5805208333333334,0.5343088317852625,tail20
none,resnetse5,device:RealWorld_thigh+MotionSense:10+10,-,2,1,MotionSense,0.853857421875,0.8506340462522071,tail20
none,resnetse5,device:RealWorld_thigh+MotionSense:10+10,-,2,1,RealWorld_thigh,0.6343055555555555,0.6162807087306333,tail20
none,resnetse5,device:RealWorld_thigh+MotionSense:10+10,-,2,2,MotionSense,0.84482421875,0.8429611957211977,tail20
none,resnetse5,device:RealWorld_thigh+MotionSense:10+10,-,2,2,RealWorld_thigh,0.6080729166666666,0.584722737569092,tail20
none,resnetse5,device:RealWorld_thigh+MotionSense:10+10,-,2,3,MotionSense,0.7970703125,0.7969405266752851,tail20
none,resnetse5,device:RealWorld_thigh+MotionSense:10+10,-,2,3,RealWorld_thigh,0.6720659722222222,0.6603641803063967,tail20
none,resnetse5,device:RealWorld_thigh+MotionSense:10+10,-,5,0,MotionSense,0.8205078125,0.8172141545555632,tail20
none,resnetse5,device:RealWorld_thigh+MotionSense:10+10,-,5,0,RealWorld_thigh,0.5683680555555555,0.5311682842571489,tail20
none,resnetse5,device:RealWorld_thigh+MotionSense:10+10,-,5,1,MotionSense,0.8400390625,0.837035947266432,tail20
none,resnetse5,device:RealWorld_thigh+MotionSense:10+10,-,5,1,RealWorld_thigh,0.6418055555555556,0.6227949868833831,tail20
none,resnetse5,device:RealWorld_thigh+MotionSense:10+10,-,5,2,MotionSense,0.8376953125,0.8241220568835486,tail20
none,resnetse5,device:RealWorld_thigh+MotionSense:10+10,-,5,2,RealWorld_thigh,0.5907118055555556,0.5718046311319755,tail20
none,resnetse5,device:RealWorld_thigh+MotionSense:10+10,-,5,3,MotionSense,0.7333984375,0.693430956698369,tail20
none,resnetse5,device:RealWorld_thigh+MotionSense:10+10,-,5,3,RealWorld_thigh,0.614375,0.5858689276798458,tail20
none,resnetse5,device:RealWorld_thigh+MotionSense:10+10,-,full,0,MotionSense,0.740625,0.6895158780026107,tail20
none,resnetse5,device:RealWorld_thigh+MotionSense:10+10,-,full,0,RealWorld_thigh,0.6033333333333333,0.5610347251966424,tail20
none,resnetse5,device:RealWorld_thigh+MotionSense:10+10,-,full,1,MotionSense,0.74609375,0.7046693538208164,tail20
none,resnetse5,device:RealWorld_thigh+MotionSense:10+10,-,full,1,RealWorld_thigh,0.6946354166666666,0.6572242722431301,tail20
none,resnetse5,device:RealWorld_thigh+MotionSense:10+10,-,full,2,MotionSense,0.798828125,0.7714580713723472,tail20
none,resnetse5,device:RealWorld_thigh+MotionSense:10+10,-,full,2,RealWorld_thigh,0.6644097222222223,0.6227444242404392,tail20
none,resnetse5,device:RealWorld_thigh+MotionSense:10+10,-,full,3,MotionSense,0.793896484375,0.7663553929969217,tail20
none,resnetse5,device:RealWorld_thigh+MotionSense:10+10,-,full,3,RealWorld_thigh,0.6711458333333333,0.6385475058516007,tail20
none,resnetse5,device:RealWorld_thigh+MotionSense:5+5,-,1,0,MotionSense,0.651171875,0.6152355142076559,tail20
none,resnetse5,device:RealWorld_thigh+MotionSense:5+5,-,1,0,RealWorld_thigh,0.6072222222222222,0.5986646361834478,tail20
none,resnetse5,device:RealWorld_thigh+MotionSense:5+5,-,1,1,MotionSense,0.799951171875,0.7936130292881587,tail20
none,resnetse5,device:RealWorld_thigh+MotionSense:5+5,-,1,1,RealWorld_thigh,0.6631770833333334,0.6566517273869056,tail20
none,resnetse5,device:RealWorld_thigh+MotionSense:5+5,-,1,2,MotionSense,0.6546875,0.6101400194744933,tail20
none,resnetse5,device:RealWorld_thigh+MotionSense:5+5,-,1,2,RealWorld_thigh,0.6109375,0.609833032751173,tail20
none,resnetse5,device:RealWorld_thigh+MotionSense:5+5,-,1,3,MotionSense,0.625732421875,0.5875256500980043,tail20
none,resnetse5,device:RealWorld_thigh+MotionSense:5+5,-,1,3,RealWorld_thigh,0.5273784722222222,0.5241066389885602,tail20
none,resnetse5,device:RealWorld_thigh+MotionSense:5+5,-,10,0,MotionSense,0.81044921875,0.7981373432831602,tail20
none,resnetse5,device:RealWorld_thigh+MotionSense:5+5,-,10,0,RealWorld_thigh,0.6385069444444444,0.6449281921663207,tail20
none,resnetse5,device:RealWorld_thigh+MotionSense:5+5,-,10,1,MotionSense,0.752734375,0.722691577666641,tail20
none,resnetse5,device:RealWorld_thigh+MotionSense:5+5,-,10,1,RealWorld_thigh,0.6413541666666667,0.6223362018471211,tail20
none,resnetse5,device:RealWorld_thigh+MotionSense:5+5,-,10,2,MotionSense,0.712744140625,0.6629369976534667,tail20
none,resnetse5,device:RealWorld_thigh+MotionSense:5+5,-,10,2,RealWorld_thigh,0.5640625,0.5327617343702788,tail20
none,resnetse5,device:RealWorld_thigh+MotionSense:5+5,-,10,3,MotionSense,0.697509765625,0.6501408796515593,tail20
none,resnetse5,device:RealWorld_thigh+MotionSense:5+5,-,10,3,RealWorld_thigh,0.625,0.6299517450894253,tail20
none,resnetse5,device:RealWorld_thigh+MotionSense:5+5,-,2,0,MotionSense,0.704248046875,0.688957127415101,tail20
none,resnetse5,device:RealWorld_thigh+MotionSense:5+5,-,2,0,RealWorld_thigh,0.6128819444444444,0.6180089437464418,tail20
none,resnetse5,device:RealWorld_thigh+MotionSense:5+5,-,2,1,MotionSense,0.695654296875,0.641723107403088,tail20
none,resnetse5,device:RealWorld_thigh+MotionSense:5+5,-,2,1,RealWorld_thigh,0.6439583333333333,0.5956760974981589,tail20
none,resnetse5,device:RealWorld_thigh+MotionSense:5+5,-,2,2,MotionSense,0.696875,0.6436485339503448,tail20
none,resnetse5,device:RealWorld_thigh+MotionSense:5+5,-,2,2,RealWorld_thigh,0.5827430555555556,0.5867403914627273,tail20
none,resnetse5,device:RealWorld_thigh+MotionSense:5+5,-,2,3,MotionSense,0.759375,0.7550163349338886,tail20
none,resnetse5,device:RealWorld_thigh+MotionSense:5+5,-,2,3,RealWorld_thigh,0.6049479166666667,0.6035364533736798,tail20
none,resnetse5,device:RealWorld_thigh+MotionSense:5+5,-,5,0,MotionSense,0.72529296875,0.6902339676437672,tail20
none,resnetse5,device:RealWorld_thigh+MotionSense:5+5,-,5,0,RealWorld_thigh,0.6663715277777778,0.6692482404815054,tail20
none,resnetse5,device:RealWorld_thigh+MotionSense:5+5,-,5,1,MotionSense,0.726708984375,0.6735528219778498,tail20
none,resnetse5,device:RealWorld_thigh+MotionSense:5+5,-,5,1,RealWorld_thigh,0.6637152777777777,0.6204417844901693,tail20
none,resnetse5,device:RealWorld_thigh+MotionSense:5+5,-,5,2,MotionSense,0.675732421875,0.5962442309507311,tail20
none,resnetse5,device:RealWorld_thigh+MotionSense:5+5,-,5,2,RealWorld_thigh,0.6015972222222222,0.5998232742359535,tail20
none,resnetse5,device:RealWorld_thigh+MotionSense:5+5,-,5,3,MotionSense,0.74501953125,0.7395238863784419,tail20
none,resnetse5,device:RealWorld_thigh+MotionSense:5+5,-,5,3,RealWorld_thigh,0.5718923611111111,0.5713677688945977,tail20
none,resnetse5,device:RealWorld_thigh+MotionSense:5+5,-,full,0,MotionSense,0.65693359375,0.5797017448059406,tail20
none,resnetse5,device:RealWorld_thigh+MotionSense:5+5,-,full,0,RealWorld_thigh,0.5661631944444444,0.5598824523112442,tail20
none,resnetse5,device:RealWorld_thigh+MotionSense:5+5,-,full,1,MotionSense,0.717138671875,0.6707714353135679,tail20
none,resnetse5,device:RealWorld_thigh+MotionSense:5+5,-,full,1,RealWorld_thigh,0.6498437499999999,0.6299295470089524,tail20
none,resnetse5,device:RealWorld_thigh+MotionSense:5+5,-,full,2,MotionSense,0.7767578125,0.7485906912445436,tail20
none,resnetse5,device:RealWorld_thigh+MotionSense:5+5,-,full,2,RealWorld_thigh,0.5591666666666667,0.5467569971238315,tail20
none,resnetse5,device:RealWorld_thigh+MotionSense:5+5,-,full,3,MotionSense,0.690869140625,0.6434075031235154,tail20
none,resnetse5,device:RealWorld_thigh+MotionSense:5+5,-,full,3,RealWorld_thigh,0.6163715277777777,0.604865733858112,tail20
none,resnetse5,device:RealWorld_thigh:10,-,1,0,RealWorld_thigh,0.5996875,0.6108151088272784,tail20
none,resnetse5,device:RealWorld_thigh:10,-,1,1,RealWorld_thigh,0.6847048611111111,0.6912523131950616,tail20
none,resnetse5,device:RealWorld_thigh:10,-,1,2,RealWorld_thigh,0.5940104166666667,0.5878805850541515,tail20
none,resnetse5,device:RealWorld_thigh:10,-,1,3,RealWorld_thigh,0.6367708333333333,0.6369647855151265,tail20
none,resnetse5,device:RealWorld_thigh:10,-,10,0,RealWorld_thigh,0.6040625,0.6048443477344615,tail20
none,resnetse5,device:RealWorld_thigh:10,-,10,1,RealWorld_thigh,0.6610590277777778,0.6382858458400726,tail20
none,resnetse5,device:RealWorld_thigh:10,-,10,2,RealWorld_thigh,0.6316319444444445,0.6209931268846846,tail20
none,resnetse5,device:RealWorld_thigh:10,-,10,3,RealWorld_thigh,0.6276909722222223,0.6071568727651977,tail20
none,resnetse5,device:RealWorld_thigh:10,-,2,0,RealWorld_thigh,0.5717013888888889,0.5824530994305559,tail20
none,resnetse5,device:RealWorld_thigh:10,-,2,1,RealWorld_thigh,0.6065625,0.5899648699680597,tail20
none,resnetse5,device:RealWorld_thigh:10,-,2,2,RealWorld_thigh,0.6191145833333334,0.6031273760595901,tail20
none,resnetse5,device:RealWorld_thigh:10,-,2,3,RealWorld_thigh,0.6103125,0.5908293028490059,tail20
none,resnetse5,device:RealWorld_thigh:10,-,5,0,RealWorld_thigh,0.6285937500000001,0.6323684102162423,tail20
none,resnetse5,device:RealWorld_thigh:10,-,5,1,RealWorld_thigh,0.6897395833333333,0.6910507590847406,tail20
none,resnetse5,device:RealWorld_thigh:10,-,5,2,RealWorld_thigh,0.6346354166666667,0.6137983564551048,tail20
none,resnetse5,device:RealWorld_thigh:10,-,5,3,RealWorld_thigh,0.59984375,0.5804772299043056,tail20
none,resnetse5,device:RealWorld_thigh:10,-,full,0,RealWorld_thigh,0.6221875,0.5772907048144436,tail20
none,resnetse5,device:RealWorld_thigh:10,-,full,1,RealWorld_thigh,0.6937673611111111,0.6490529337789142,tail20
none,resnetse5,device:RealWorld_thigh:10,-,full,2,RealWorld_thigh,0.6174479166666667,0.5755930000555479,tail20
none,resnetse5,device:RealWorld_thigh:10,-,full,3,RealWorld_thigh,0.6238368055555557,0.5982453871162863,tail20
none,rnn,device:MotionSense:10,-,1,0,MotionSense,0.521044921875,0.5017108956627061,tail20
none,rnn,device:MotionSense:10,-,1,1,MotionSense,0.52841796875,0.5143740186787782,tail20
none,rnn,device:MotionSense:10,-,1,2,MotionSense,0.44541015625,0.41279394716672774,tail20
none,rnn,device:MotionSense:10,-,1,3,MotionSense,0.47548828125,0.44499084116032667,tail20
none,rnn,device:MotionSense:10,-,10,0,MotionSense,0.63974609375,0.6216089035771566,tail20
none,rnn,device:MotionSense:10,-,10,1,MotionSense,0.6623046875,0.6511142349049115,tail20
none,rnn,device:MotionSense:10,-,10,2,MotionSense,0.649462890625,0.6292404298547949,tail20
none,rnn,device:MotionSense:10,-,10,3,MotionSense,0.621240234375,0.6149462053401843,tail20
none,rnn,device:MotionSense:10,-,2,0,MotionSense,0.594775390625,0.5569027042936032,tail20
none,rnn,device:MotionSense:10,-,2,1,MotionSense,0.607080078125,0.5947799931486439,tail20
none,rnn,device:MotionSense:10,-,2,2,MotionSense,0.5728515625,0.5691242691622114,tail20
none,rnn,device:MotionSense:10,-,2,3,MotionSense,0.4974609375,0.4793906722303757,tail20
none,rnn,device:MotionSense:10,-,5,0,MotionSense,0.655419921875,0.6432270641684046,tail20
none,rnn,device:MotionSense:10,-,5,1,MotionSense,0.653369140625,0.6422953843686341,tail20
none,rnn,device:MotionSense:10,-,5,2,MotionSense,0.634716796875,0.6314406037136233,tail20
none,rnn,device:MotionSense:10,-,5,3,MotionSense,0.590869140625,0.5852427275709623,tail20
none,rnn,device:MotionSense:10,-,full,0,MotionSense,0.70966796875,0.6742291281847368,tail20
none,rnn,device:MotionSense:10,-,full,1,MotionSense,0.754736328125,0.7304862698362287,tail20
none,rnn,device:MotionSense:10,-,full,2,MotionSense,0.714404296875,0.688465662825763,tail20
none,rnn,device:MotionSense:10,-,full,3,MotionSense,0.741455078125,0.7165627678434812,tail20
none,rnn,device:RealWorld_thigh+MotionSense:10+10,-,1,0,MotionSense,0.524755859375,0.48951918527116706,tail20
none,rnn,device:RealWorld_thigh+MotionSense:10+10,-,1,0,RealWorld_thigh,0.43954861111111104,0.40875192389063064,tail20
none,rnn,device:RealWorld_thigh+MotionSense:10+10,-,1,1,MotionSense,0.544189453125,0.5097703373394153,tail20
none,rnn,device:RealWorld_thigh+MotionSense:10+10,-,1,1,RealWorld_thigh,0.45147569444444435,0.4352231302549371,tail20
none,rnn,device:RealWorld_thigh+MotionSense:10+10,-,1,2,MotionSense,0.438623046875,0.40663384282257786,tail20
none,rnn,device:RealWorld_thigh+MotionSense:10+10,-,1,2,RealWorld_thigh,0.4263715277777778,0.40598029674804315,tail20
none,rnn,device:RealWorld_thigh+MotionSense:10+10,-,1,3,MotionSense,0.52236328125,0.4983282503334336,tail20
none,rnn,device:RealWorld_thigh+MotionSense:10+10,-,1,3,RealWorld_thigh,0.41565972222222214,0.4034136386975806,tail20
none,rnn,device:RealWorld_thigh+MotionSense:10+10,-,10,0,MotionSense,0.61650390625,0.5967516546929066,tail20
none,rnn,device:RealWorld_thigh+MotionSense:10+10,-,10,0,RealWorld_thigh,0.4869097222222222,0.49100326036427006,tail20
none,rnn,device:RealWorld_thigh+MotionSense:10+10,-,10,1,MotionSense,0.61728515625,0.5995031394273534,tail20
none,rnn,device:RealWorld_thigh+MotionSense:10+10,-,10,1,RealWorld_thigh,0.4917881944444444,0.4975015713036809,tail20
none,rnn,device:RealWorld_thigh+MotionSense:10+10,-,10,2,MotionSense,0.60830078125,0.5839937693112361,tail20
none,rnn,device:RealWorld_thigh+MotionSense:10+10,-,10,2,RealWorld_thigh,0.5278645833333333,0.5120797299113264,tail20
none,rnn,device:RealWorld_thigh+MotionSense:10+10,-,10,3,MotionSense,0.62900390625,0.5986798625129326,tail20
none,rnn,device:RealWorld_thigh+MotionSense:10+10,-,10,3,RealWorld_thigh,0.5003124999999999,0.5030934739719543,tail20
none,rnn,device:RealWorld_thigh+MotionSense:10+10,-,2,0,MotionSense,0.6,0.57473109381282,tail20
none,rnn,device:RealWorld_thigh+MotionSense:10+10,-,2,0,RealWorld_thigh,0.44809027777777777,0.44768031465595887,tail20
none,rnn,device:RealWorld_thigh+MotionSense:10+10,-,2,1,MotionSense,0.600390625,0.5777852274413703,tail20
none,rnn,device:RealWorld_thigh+MotionSense:10+10,-,2,1,RealWorld_thigh,0.4529861111111111,0.44939097969809094,tail20
none,rnn,device:RealWorld_thigh+MotionSense:10+10,-,2,2,MotionSense,0.543994140625,0.5045705945143433,tail20
none,rnn,device:RealWorld_thigh+MotionSense:10+10,-,2,2,RealWorld_thigh,0.4952256944444445,0.48007882471486135,tail20
none,rnn,device:RealWorld_thigh+MotionSense:10+10,-,2,3,MotionSense,0.54755859375,0.5284331749715439,tail20
none,rnn,device:RealWorld_thigh+MotionSense:10+10,-,2,3,RealWorld_thigh,0.4306249999999999,0.4330591412289574,tail20
none,rnn,device:RealWorld_thigh+MotionSense:10+10,-,5,0,MotionSense,0.589453125,0.5508785665268544,tail20
none,rnn,device:RealWorld_thigh+MotionSense:10+10,-,5,0,RealWorld_thigh,0.49548611111111107,0.49089469668744395,tail20
none,rnn,device:RealWorld_thigh+MotionSense:10+10,-,5,1,MotionSense,0.624658203125,0.602126534103478,tail20
none,rnn,device:RealWorld_thigh+MotionSense:10+10,-,5,1,RealWorld_thigh,0.49001736111111105,0.4891125452348109,tail20
none,rnn,device:RealWorld_thigh+MotionSense:10+10,-,5,2,MotionSense,0.569970703125,0.5312757912421647,tail20
none,rnn,device:RealWorld_thigh+MotionSense:10+10,-,5,2,RealWorld_thigh,0.5041493055555556,0.4780645682038928,tail20
none,rnn,device:RealWorld_thigh+MotionSense:10+10,-,5,3,MotionSense,0.62548828125,0.5981652245949349,tail20
none,rnn,device:RealWorld_thigh+MotionSense:10+10,-,5,3,RealWorld_thigh,0.4890451388888889,0.490660753887833,tail20
none,rnn,device:RealWorld_thigh+MotionSense:10+10,-,full,0,MotionSense,0.616845703125,0.5772947082427986,tail20
none,rnn,device:RealWorld_thigh+MotionSense:10+10,-,full,0,RealWorld_thigh,0.5935069444444444,0.5753005142413301,tail20
none,rnn,device:RealWorld_thigh+MotionSense:10+10,-,full,1,MotionSense,0.671484375,0.6455173261972892,tail20
none,rnn,device:RealWorld_thigh+MotionSense:10+10,-,full,1,RealWorld_thigh,0.6235243055555555,0.6063006102937376,tail20
none,rnn,device:RealWorld_thigh+MotionSense:10+10,-,full,2,MotionSense,0.70703125,0.6837778513691984,tail20
none,rnn,device:RealWorld_thigh+MotionSense:10+10,-,full,2,RealWorld_thigh,0.6091666666666666,0.5943548880362186,tail20
none,rnn,device:RealWorld_thigh+MotionSense:10+10,-,full,3,MotionSense,0.679541015625,0.6534872705472778,tail20
none,rnn,device:RealWorld_thigh+MotionSense:10+10,-,full,3,RealWorld_thigh,0.6443055555555556,0.6333900026823065,tail20
none,rnn,device:RealWorld_thigh+MotionSense:5+5,-,1,0,MotionSense,0.482421875,0.44416154933506846,tail20
none,rnn,device:RealWorld_thigh+MotionSense:5+5,-,1,0,RealWorld_thigh,0.39578125,0.36149659725528005,tail20
none,rnn,device:RealWorld_thigh+MotionSense:5+5,-,1,1,MotionSense,0.45849609375,0.42840210877688456,tail20
none,rnn,device:RealWorld_thigh+MotionSense:5+5,-,1,1,RealWorld_thigh,0.40506944444444437,0.37145972869337224,tail20
none,rnn,device:RealWorld_thigh+MotionSense:5+5,-,1,2,MotionSense,0.49287109375,0.4698107714670492,tail20
none,rnn,device:RealWorld_thigh+MotionSense:5+5,-,1,2,RealWorld_thigh,0.4152083333333333,0.41094191021514614,tail20
none,rnn,device:RealWorld_thigh+MotionSense:5+5,-,1,3,MotionSense,0.35205078125,0.33479549338202624,tail20
none,rnn,device:RealWorld_thigh+MotionSense:5+5,-,1,3,RealWorld_thigh,0.3888715277777778,0.3839669955728426,tail20
none,rnn,device:RealWorld_thigh+MotionSense:5+5,-,10,0,MotionSense,0.580126953125,0.546577916860483,tail20
none,rnn,device:RealWorld_thigh+MotionSense:5+5,-,10,0,RealWorld_thigh,0.5005034722222222,0.4978469522725913,tail20
none,rnn,device:RealWorld_thigh+MotionSense:5+5,-,10,1,MotionSense,0.617138671875,0.5937273108728068,tail20
none,rnn,device:RealWorld_thigh+MotionSense:5+5,-,10,1,RealWorld_thigh,0.5171875,0.5201609891665406,tail20
none,rnn,device:RealWorld_thigh+MotionSense:5+5,-,10,2,MotionSense,0.552490234375,0.5184908903296777,tail20
none,rnn,device:RealWorld_thigh+MotionSense:5+5,-,10,2,RealWorld_thigh,0.5183506944444445,0.49904267780745093,tail20
none,rnn,device:RealWorld_thigh+MotionSense:5+5,-,10,3,MotionSense,0.574267578125,0.5334063907280546,tail20
none,rnn,device:RealWorld_thigh+MotionSense:5+5,-,10,3,RealWorld_thigh,0.5311111111111111,0.5067492009177035,tail20
none,rnn,device:RealWorld_thigh+MotionSense:5+5,-,2,0,MotionSense,0.572119140625,0.5522495182347567,tail20
none,rnn,device:RealWorld_thigh+MotionSense:5+5,-,2,0,RealWorld_thigh,0.485,0.4610207788320058,tail20
none,rnn,device:RealWorld_thigh+MotionSense:5+5,-,2,1,MotionSense,0.54521484375,0.508722102567183,tail20
none,rnn,device:RealWorld_thigh+MotionSense:5+5,-,2,1,RealWorld_thigh,0.4499479166666666,0.42530572830336116,tail20
none,rnn,device:RealWorld_thigh+MotionSense:5+5,-,2,2,MotionSense,0.531982421875,0.5034390514447094,tail20
none,rnn,device:RealWorld_thigh+MotionSense:5+5,-,2,2,RealWorld_thigh,0.45817708333333335,0.4377291873698287,tail20
none,rnn,device:RealWorld_thigh+MotionSense:5+5,-,2,3,MotionSense,0.517431640625,0.5097673306165549,tail20
none,rnn,device:RealWorld_thigh+MotionSense:5+5,-,2,3,RealWorld_thigh,0.48798611111111106,0.4670325084262833,tail20
none,rnn,device:RealWorld_thigh+MotionSense:5+5,-,5,0,MotionSense,0.56953125,0.5435279831611343,tail20
none,rnn,device:RealWorld_thigh+MotionSense:5+5,-,5,0,RealWorld_thigh,0.4769618055555555,0.46906321028075315,tail20
none,rnn,device:RealWorld_thigh+MotionSense:5+5,-,5,1,MotionSense,0.585400390625,0.5488639973386753,tail20
none,rnn,device:RealWorld_thigh+MotionSense:5+5,-,5,1,RealWorld_thigh,0.5048958333333333,0.5030763390240076,tail20
none,rnn,device:RealWorld_thigh+MotionSense:5+5,-,5,2,MotionSense,0.55009765625,0.5198022381123233,tail20
none,rnn,device:RealWorld_thigh+MotionSense:5+5,-,5,2,RealWorld_thigh,0.4928472222222222,0.47911347152661354,tail20
none,rnn,device:RealWorld_thigh+MotionSense:5+5,-,5,3,MotionSense,0.57353515625,0.5430425626188273,tail20
none,rnn,device:RealWorld_thigh+MotionSense:5+5,-,5,3,RealWorld_thigh,0.5266493055555556,0.5027019197192246,tail20
none,rnn,device:RealWorld_thigh+MotionSense:5+5,-,full,0,MotionSense,0.581689453125,0.5474512034358934,tail20
none,rnn,device:RealWorld_thigh+MotionSense:5+5,-,full,0,RealWorld_thigh,0.6108854166666667,0.5956561077891664,tail20
none,rnn,device:RealWorld_thigh+MotionSense:5+5,-,full,1,MotionSense,0.626806640625,0.604200463434314,tail20
none,rnn,device:RealWorld_thigh+MotionSense:5+5,-,full,1,RealWorld_thigh,0.6033159722222222,0.587634520782753,tail20
none,rnn,device:RealWorld_thigh+MotionSense:5+5,-,full,2,MotionSense,0.615234375,0.5900725425952368,tail20
none,rnn,device:RealWorld_thigh+MotionSense:5+5,-,full,2,RealWorld_thigh,0.6028993055555556,0.5827475809311221,tail20
none,rnn,device:RealWorld_thigh+MotionSense:5+5,-,full,3,MotionSense,0.643701171875,0.6204652156836461,tail20
none,rnn,device:RealWorld_thigh+MotionSense:5+5,-,full,3,RealWorld_thigh,0.5817708333333333,0.553618752638731,tail20
none,rnn,device:RealWorld_thigh:10,-,1,0,RealWorld_thigh,0.3988368055555555,0.3785482714429155,tail20
none,rnn,device:RealWorld_thigh:10,-,1,1,RealWorld_thigh,0.42093749999999996,0.3899276199471626,tail20
none,rnn,device:RealWorld_thigh:10,-,1,2,RealWorld_thigh,0.4262152777777778,0.3982884876870735,tail20
none,rnn,device:RealWorld_thigh:10,-,1,3,RealWorld_thigh,0.38703125,0.36311554112358047,tail20
none,rnn,device:RealWorld_thigh:10,-,10,0,RealWorld_thigh,0.5000868055555555,0.4997238258236706,tail20
none,rnn,device:RealWorld_thigh:10,-,10,1,RealWorld_thigh,0.5579687499999999,0.546314564207935,tail20
none,rnn,device:RealWorld_thigh:10,-,10,2,RealWorld_thigh,0.5530902777777778,0.5370920399952174,tail20
none,rnn,device:RealWorld_thigh:10,-,10,3,RealWorld_thigh,0.5370833333333334,0.5215136523973666,tail20
none,rnn,device:RealWorld_thigh:10,-,2,0,RealWorld_thigh,0.42465277777777777,0.42442163766259816,tail20
none,rnn,device:RealWorld_thigh:10,-,2,1,RealWorld_thigh,0.44598958333333333,0.4234440045308515,tail20
none,rnn,device:RealWorld_thigh:10,-,2,2,RealWorld_thigh,0.45984374999999994,0.4356573751434967,tail20
none,rnn,device:RealWorld_thigh:10,-,2,3,RealWorld_thigh,0.4497395833333333,0.44112208105796424,tail20
none,rnn,device:RealWorld_thigh:10,-,5,0,RealWorld_thigh,0.45998263888888885,0.43845684633869764,tail20
none,rnn,device:RealWorld_thigh:10,-,5,1,RealWorld_thigh,0.5254861111111111,0.504212427560829,tail20
none,rnn,device:RealWorld_thigh:10,-,5,2,RealWorld_thigh,0.5080208333333334,0.48934099045856805,tail20
none,rnn,device:RealWorld_thigh:10,-,5,3,RealWorld_thigh,0.5196875000000001,0.5114287139890192,tail20
none,rnn,device:RealWorld_thigh:10,-,full,0,RealWorld_thigh,0.6298958333333333,0.6289091438640527,tail20
none,rnn,device:RealWorld_thigh:10,-,full,1,RealWorld_thigh,0.6891493055555555,0.6784390282779873,tail20
none,rnn,device:RealWorld_thigh:10,-,full,2,RealWorld_thigh,0.6415451388888889,0.6443058500306595,tail20
none,rnn,device:RealWorld_thigh:10,-,full,3,RealWorld_thigh,0.6344618055555555,0.6369814733426942,tail20
none,tstcc,device:MotionSense:10,-,1,0,MotionSense,0.673388671875,0.6359629996950845,tail20
none,tstcc,device:MotionSense:10,-,1,1,MotionSense,0.68388671875,0.6426856288392472,tail20
none,tstcc,device:MotionSense:10,-,1,2,MotionSense,0.69375,0.6759767807497082,tail20
none,tstcc,device:MotionSense:10,-,1,3,MotionSense,0.691357421875,0.6797164302587423,tail20
none,tstcc,device:MotionSense:10,-,10,0,MotionSense,0.78037109375,0.7645927770062885,tail20
none,tstcc,device:MotionSense:10,-,10,1,MotionSense,0.8271484375,0.8178740943356771,tail20
none,tstcc,device:MotionSense:10,-,10,2,MotionSense,0.8298828125,0.8239014849110999,tail20
none,tstcc,device:MotionSense:10,-,10,3,MotionSense,0.801220703125,0.7882916158621127,tail20
none,tstcc,device:MotionSense:10,-,2,0,MotionSense,0.725537109375,0.6925382498771424,tail20
none,tstcc,device:MotionSense:10,-,2,1,MotionSense,0.7783203125,0.756242843033354,tail20
none,tstcc,device:MotionSense:10,-,2,2,MotionSense,0.796630859375,0.7801903793254945,tail20
none,tstcc,device:MotionSense:10,-,2,3,MotionSense,0.764501953125,0.7488082041349349,tail20
none,tstcc,device:MotionSense:10,-,5,0,MotionSense,0.752587890625,0.7251120446230479,tail20
none,tstcc,device:MotionSense:10,-,5,1,MotionSense,0.81337890625,0.8022414231647413,tail20
none,tstcc,device:MotionSense:10,-,5,2,MotionSense,0.8310546875,0.8227090343398716,tail20
none,tstcc,device:MotionSense:10,-,5,3,MotionSense,0.7662109375,0.7398752708513332,tail20
none,tstcc,device:MotionSense:10,-,full,0,MotionSense,0.826416015625,0.8222945978558615,tail20
none,tstcc,device:MotionSense:10,-,full,1,MotionSense,0.851708984375,0.8466912899060641,tail20
none,tstcc,device:MotionSense:10,-,full,2,MotionSense,0.861083984375,0.8597608539122744,tail20
none,tstcc,device:MotionSense:10,-,full,3,MotionSense,0.83125,0.8239819599119299,tail20
none,tstcc,device:RealWorld_thigh+MotionSense:10+10,-,1,0,MotionSense,0.677099609375,0.6380707605300635,tail20
none,tstcc,device:RealWorld_thigh+MotionSense:10+10,-,1,0,RealWorld_thigh,0.5234548611111112,0.5062105579020699,tail20
none,tstcc,device:RealWorld_thigh+MotionSense:10+10,-,1,1,MotionSense,0.637939453125,0.5876133712449934,tail20
none,tstcc,device:RealWorld_thigh+MotionSense:10+10,-,1,1,RealWorld_thigh,0.5240104166666667,0.5032831788200399,tail20
none,tstcc,device:RealWorld_thigh+MotionSense:10+10,-,1,2,MotionSense,0.706298828125,0.6784194627344166,tail20
none,tstcc,device:RealWorld_thigh+MotionSense:10+10,-,1,2,RealWorld_thigh,0.583125,0.5735938578821183,tail20
none,tstcc,device:RealWorld_thigh+MotionSense:10+10,-,1,3,MotionSense,0.6703125,0.6361896773457392,tail20
none,tstcc,device:RealWorld_thigh+MotionSense:10+10,-,1,3,RealWorld_thigh,0.5211979166666667,0.5089051896873967,tail20
none,tstcc,device:RealWorld_thigh+MotionSense:10+10,-,10,0,MotionSense,0.779443359375,0.7603233150545177,tail20
none,tstcc,device:RealWorld_thigh+MotionSense:10+10,-,10,0,RealWorld_thigh,0.6343229166666666,0.6209455903407364,tail20
none,tstcc,device:RealWorld_thigh+MotionSense:10+10,-,10,1,MotionSense,0.7896484375,0.7678364927207051,tail20
none,tstcc,device:RealWorld_thigh+MotionSense:10+10,-,10,1,RealWorld_thigh,0.67078125,0.6600275968736975,tail20
none,tstcc,device:RealWorld_thigh+MotionSense:10+10,-,10,2,MotionSense,0.814306640625,0.8005848197605175,tail20
none,tstcc,device:RealWorld_thigh+MotionSense:10+10,-,10,2,RealWorld_thigh,0.6768923611111111,0.6681247298585486,tail20
none,tstcc,device:RealWorld_thigh+MotionSense:10+10,-,10,3,MotionSense,0.802685546875,0.7913174302232666,tail20
none,tstcc,device:RealWorld_thigh+MotionSense:10+10,-,10,3,RealWorld_thigh,0.6339930555555556,0.622652776419317,tail20
none,tstcc,device:RealWorld_thigh+MotionSense:10+10,-,2,0,MotionSense,0.72568359375,0.6912217089856589,tail20
none,tstcc,device:RealWorld_thigh+MotionSense:10+10,-,2,0,RealWorld_thigh,0.5532812500000001,0.5298148369314252,tail20
none,tstcc,device:RealWorld_thigh+MotionSense:10+10,-,2,1,MotionSense,0.739111328125,0.7086657216355166,tail20
none,tstcc,device:RealWorld_thigh+MotionSense:10+10,-,2,1,RealWorld_thigh,0.5845138888888889,0.5708233008070797,tail20
none,tstcc,device:RealWorld_thigh+MotionSense:10+10,-,2,2,MotionSense,0.75654296875,0.733535761837815,tail20
none,tstcc,device:RealWorld_thigh+MotionSense:10+10,-,2,2,RealWorld_thigh,0.6031597222222222,0.5865042342669268,tail20
none,tstcc,device:RealWorld_thigh+MotionSense:10+10,-,2,3,MotionSense,0.740966796875,0.7171400436266476,tail20
none,tstcc,device:RealWorld_thigh+MotionSense:10+10,-,2,3,RealWorld_thigh,0.5492534722222222,0.5316998048976493,tail20
none,tstcc,device:RealWorld_thigh+MotionSense:10+10,-,5,0,MotionSense,0.79248046875,0.7700101855246084,tail20
none,tstcc,device:RealWorld_thigh+MotionSense:10+10,-,5,0,RealWorld_thigh,0.6021701388888889,0.5809201248710156,tail20
none,tstcc,device:RealWorld_thigh+MotionSense:10+10,-,5,1,MotionSense,0.801904296875,0.7847815833217618,tail20
none,tstcc,device:RealWorld_thigh+MotionSense:10+10,-,5,1,RealWorld_thigh,0.6331944444444445,0.62194890814011,tail20
none,tstcc,device:RealWorld_thigh+MotionSense:10+10,-,5,2,MotionSense,0.808154296875,0.7912150564717473,tail20
none,tstcc,device:RealWorld_thigh+MotionSense:10+10,-,5,2,RealWorld_thigh,0.6544618055555556,0.6442205839481433,tail20
none,tstcc,device:RealWorld_thigh+MotionSense:10+10,-,5,3,MotionSense,0.7919921875,0.7758209387631159,tail20
none,tstcc,device:RealWorld_thigh+MotionSense:10+10,-,5,3,RealWorld_thigh,0.6090798611111111,0.5978301147926898,tail20
none,tstcc,device:RealWorld_thigh+MotionSense:10+10,-,full,0,MotionSense,0.787646484375,0.7645468435435921,tail20
none,tstcc,device:RealWorld_thigh+MotionSense:10+10,-,full,0,RealWorld_thigh,0.6660763888888889,0.6681496699538502,tail20
none,tstcc,device:RealWorld_thigh+MotionSense:10+10,-,full,1,MotionSense,0.810986328125,0.7944290733774914,tail20
none,tstcc,device:RealWorld_thigh+MotionSense:10+10,-,full,1,RealWorld_thigh,0.7425173611111111,0.7402522409842992,tail20
none,tstcc,device:RealWorld_thigh+MotionSense:10+10,-,full,2,MotionSense,0.813037109375,0.7901104095402076,tail20
none,tstcc,device:RealWorld_thigh+MotionSense:10+10,-,full,2,RealWorld_thigh,0.7040104166666666,0.6945865879832712,tail20
none,tstcc,device:RealWorld_thigh+MotionSense:10+10,-,full,3,MotionSense,0.7966796875,0.775170769479584,tail20
none,tstcc,device:RealWorld_thigh+MotionSense:10+10,-,full,3,RealWorld_thigh,0.6893576388888889,0.6906127065121364,tail20
none,tstcc,device:RealWorld_thigh+MotionSense:5+5,-,1,0,MotionSense,0.6326171875,0.5823288978745242,tail20
none,tstcc,device:RealWorld_thigh+MotionSense:5+5,-,1,0,RealWorld_thigh,0.5215798611111111,0.5067289158908184,tail20
none,tstcc,device:RealWorld_thigh+MotionSense:5+5,-,1,1,MotionSense,0.619189453125,0.5666927798513545,tail20
none,tstcc,device:RealWorld_thigh+MotionSense:5+5,-,1,1,RealWorld_thigh,0.4885763888888889,0.4590993126554867,tail20
none,tstcc,device:RealWorld_thigh+MotionSense:5+5,-,1,2,MotionSense,0.60107421875,0.5774284349465771,tail20
none,tstcc,device:RealWorld_thigh+MotionSense:5+5,-,1,2,RealWorld_thigh,0.5233333333333333,0.5104043960368873,tail20
none,tstcc,device:RealWorld_thigh+MotionSense:5+5,-,1,3,MotionSense,0.592041015625,0.5742263709582898,tail20
none,tstcc,device:RealWorld_thigh+MotionSense:5+5,-,1,3,RealWorld_thigh,0.4728645833333333,0.4750263207502159,tail20
none,tstcc,device:RealWorld_thigh+MotionSense:5+5,-,10,0,MotionSense,0.7466796875,0.7270468634889475,tail20
none,tstcc,device:RealWorld_thigh+MotionSense:5+5,-,10,0,RealWorld_thigh,0.5985069444444445,0.5839266553013267,tail20
none,tstcc,device:RealWorld_thigh+MotionSense:5+5,-,10,1,MotionSense,0.750439453125,0.7256090260340031,tail20
none,tstcc,device:RealWorld_thigh+MotionSense:5+5,-,10,1,RealWorld_thigh,0.6286631944444444,0.6151441229182563,tail20
none,tstcc,device:RealWorld_thigh+MotionSense:5+5,-,10,2,MotionSense,0.7837890625,0.7675842087952492,tail20
none,tstcc,device:RealWorld_thigh+MotionSense:5+5,-,10,2,RealWorld_thigh,0.6856076388888889,0.6764404711276929,tail20
none,tstcc,device:RealWorld_thigh+MotionSense:5+5,-,10,3,MotionSense,0.7798828125,0.7666358959322624,tail20
none,tstcc,device:RealWorld_thigh+MotionSense:5+5,-,10,3,RealWorld_thigh,0.6142708333333333,0.6181554585770952,tail20
none,tstcc,device:RealWorld_thigh+MotionSense:5+5,-,2,0,MotionSense,0.667919921875,0.6180420464842299,tail20
none,tstcc,device:RealWorld_thigh+MotionSense:5+5,-,2,0,RealWorld_thigh,0.52609375,0.5134116614124478,tail20
none,tstcc,device:RealWorld_thigh+MotionSense:5+5,-,2,1,MotionSense,0.674072265625,0.6431592001922745,tail20
none,tstcc,device:RealWorld_thigh+MotionSense:5+5,-,2,1,RealWorld_thigh,0.5108506944444444,0.4859067667398412,tail20
none,tstcc,device:RealWorld_thigh+MotionSense:5+5,-,2,2,MotionSense,0.650634765625,0.6230480807489105,tail20
none,tstcc,device:RealWorld_thigh+MotionSense:5+5,-,2,2,RealWorld_thigh,0.5756076388888889,0.56494301032755,tail20
none,tstcc,device:RealWorld_thigh+MotionSense:5+5,-,2,3,MotionSense,0.707568359375,0.6797552152505171,tail20
none,tstcc,device:RealWorld_thigh+MotionSense:5+5,-,2,3,RealWorld_thigh,0.5370138888888889,0.5278319475673962,tail20
none,tstcc,device:RealWorld_thigh+MotionSense:5+5,-,5,0,MotionSense,0.73115234375,0.7011793114019842,tail20
none,tstcc,device:RealWorld_thigh+MotionSense:5+5,-,5,0,RealWorld_thigh,0.5816319444444444,0.5653151565082195,tail20
none,tstcc,device:RealWorld_thigh+MotionSense:5+5,-,5,1,MotionSense,0.760107421875,0.7417789475222439,tail20
none,tstcc,device:RealWorld_thigh+MotionSense:5+5,-,5,1,RealWorld_thigh,0.5833680555555556,0.5703553073582587,tail20
none,tstcc,device:RealWorld_thigh+MotionSense:5+5,-,5,2,MotionSense,0.7578125,0.7406224388136835,tail20
none,tstcc,device:RealWorld_thigh+MotionSense:5+5,-,5,2,RealWorld_thigh,0.6824479166666666,0.6771772194225905,tail20
none,tstcc,device:RealWorld_thigh+MotionSense:5+5,-,5,3,MotionSense,0.741064453125,0.7177030562703423,tail20
none,tstcc,device:RealWorld_thigh+MotionSense:5+5,-,5,3,RealWorld_thigh,0.5695138888888889,0.5711706303263424,tail20
none,tstcc,device:RealWorld_thigh+MotionSense:5+5,-,full,0,MotionSense,0.822216796875,0.8170573896438885,tail20
none,tstcc,device:RealWorld_thigh+MotionSense:5+5,-,full,0,RealWorld_thigh,0.6338020833333333,0.6382543587845158,tail20
none,tstcc,device:RealWorld_thigh+MotionSense:5+5,-,full,1,MotionSense,0.79453125,0.7847786471422801,tail20
none,tstcc,device:RealWorld_thigh+MotionSense:5+5,-,full,1,RealWorld_thigh,0.6443229166666666,0.6455710242417078,tail20
none,tstcc,device:RealWorld_thigh+MotionSense:5+5,-,full,2,MotionSense,0.810595703125,0.7888615653636383,tail20
none,tstcc,device:RealWorld_thigh+MotionSense:5+5,-,full,2,RealWorld_thigh,0.7105555555555555,0.6999508293221273,tail20
none,tstcc,device:RealWorld_thigh+MotionSense:5+5,-,full,3,MotionSense,0.8044921875,0.7881244519091616,tail20
none,tstcc,device:RealWorld_thigh+MotionSense:5+5,-,full,3,RealWorld_thigh,0.6432638888888889,0.6457057168170375,tail20
none,tstcc,device:RealWorld_thigh:10,-,1,0,RealWorld_thigh,0.5140625,0.4985689415406516,tail20
none,tstcc,device:RealWorld_thigh:10,-,1,1,RealWorld_thigh,0.4861979166666666,0.46591015081330067,tail20
none,tstcc,device:RealWorld_thigh:10,-,1,2,RealWorld_thigh,0.5482986111111111,0.5363351146076092,tail20
none,tstcc,device:RealWorld_thigh:10,-,1,3,RealWorld_thigh,0.5591319444444445,0.5439159827605744,tail20
none,tstcc,device:RealWorld_thigh:10,-,10,0,RealWorld_thigh,0.6770833333333333,0.6712165138051179,tail20
none,tstcc,device:RealWorld_thigh:10,-,10,1,RealWorld_thigh,0.6372569444444445,0.6411822784277453,tail20
none,tstcc,device:RealWorld_thigh:10,-,10,2,RealWorld_thigh,0.6835243055555555,0.6787957519081731,tail20
none,tstcc,device:RealWorld_thigh:10,-,10,3,RealWorld_thigh,0.60609375,0.6131664424747594,tail20
none,tstcc,device:RealWorld_thigh:10,-,2,0,RealWorld_thigh,0.5607291666666667,0.5522317220821982,tail20
none,tstcc,device:RealWorld_thigh:10,-,2,1,RealWorld_thigh,0.5466319444444444,0.541998149498533,tail20
none,tstcc,device:RealWorld_thigh:10,-,2,2,RealWorld_thigh,0.6077951388888889,0.597795521201357,tail20
none,tstcc,device:RealWorld_thigh:10,-,2,3,RealWorld_thigh,0.5846527777777778,0.5725385336538837,tail20
none,tstcc,device:RealWorld_thigh:10,-,5,0,RealWorld_thigh,0.6453298611111111,0.6393884829388263,tail20
none,tstcc,device:RealWorld_thigh:10,-,5,1,RealWorld_thigh,0.6415104166666666,0.6324347846032057,tail20
none,tstcc,device:RealWorld_thigh:10,-,5,2,RealWorld_thigh,0.6618229166666667,0.660185906983201,tail20
none,tstcc,device:RealWorld_thigh:10,-,5,3,RealWorld_thigh,0.5312326388888888,0.5343749594489173,tail20
none,tstcc,device:RealWorld_thigh:10,-,full,0,RealWorld_thigh,0.6939062500000001,0.6969675097834689,tail20
none,tstcc,device:RealWorld_thigh:10,-,full,1,RealWorld_thigh,0.6747048611111112,0.6850593627791998,tail20
none,tstcc,device:RealWorld_thigh:10,-,full,2,RealWorld_thigh,0.7465972222222221,0.7449073735192764,tail20
none,tstcc,device:RealWorld_thigh:10,-,full,3,RealWorld_thigh,0.6908680555555555,0.692738847094802,tail20
tfc,cnnpff,device:MotionSense:10,device:RealWorld_thigh:10,1,0,MotionSense,0.774560546875,0.7764870258199533,tail20
tfc,cnnpff,device:MotionSense:10,device:RealWorld_thigh:10,1,1,MotionSense,0.70302734375,0.7003823242287366,tail20
tfc,cnnpff,device:MotionSense:10,device:RealWorld_thigh:10,1,2,MotionSense,0.724365234375,0.7194981676930213,tail20
tfc,cnnpff,device:MotionSense:10,device:RealWorld_thigh:10,1,3,MotionSense,0.746630859375,0.7503107427487677,tail20
tfc,cnnpff,device:MotionSense:10,device:RealWorld_thigh:10,10,0,MotionSense,0.856396484375,0.8563526975512504,tail20
tfc,cnnpff,device:MotionSense:10,device:RealWorld_thigh:10,10,1,MotionSense,0.875146484375,0.8763318121505502,tail20
tfc,cnnpff,device:MotionSense:10,device:RealWorld_thigh:10,10,2,MotionSense,0.848583984375,0.846138378466974,tail20
tfc,cnnpff,device:MotionSense:10,device:RealWorld_thigh:10,10,3,MotionSense,0.809033203125,0.8115933681663272,tail20
tfc,cnnpff,device:MotionSense:10,device:RealWorld_thigh:10,2,0,MotionSense,0.809814453125,0.8132895156871658,tail20
tfc,cnnpff,device:MotionSense:10,device:RealWorld_thigh:10,2,1,MotionSense,0.8427734375,0.8434937108928013,tail20
tfc,cnnpff,device:MotionSense:10,device:RealWorld_thigh:10,2,2,MotionSense,0.8150390625,0.8142431152600791,tail20
tfc,cnnpff,device:MotionSense:10,device:RealWorld_thigh:10,2,3,MotionSense,0.75986328125,0.7631258260847058,tail20
tfc,cnnpff,device:MotionSense:10,device:RealWorld_thigh:10,5,0,MotionSense,0.84560546875,0.8457475846816902,tail20
tfc,cnnpff,device:MotionSense:10,device:RealWorld_thigh:10,5,1,MotionSense,0.860791015625,0.8603944201187481,tail20
tfc,cnnpff,device:MotionSense:10,device:RealWorld_thigh:10,5,2,MotionSense,0.82939453125,0.8262769768283542,tail20
tfc,cnnpff,device:MotionSense:10,device:RealWorld_thigh:10,5,3,MotionSense,0.780078125,0.7829653898592571,tail20
tfc,cnnpff,device:MotionSense:10,device:RealWorld_thigh:10,full,0,MotionSense,0.909130859375,0.9070207578484608,tail20
tfc,cnnpff,device:MotionSense:10,device:RealWorld_thigh:10,full,1,MotionSense,0.8828125,0.8818145535188755,tail20
tfc,cnnpff,device:MotionSense:10,device:RealWorld_thigh:10,full,2,MotionSense,0.912744140625,0.9142186985382796,tail20
tfc,cnnpff,device:MotionSense:10,device:RealWorld_thigh:10,full,3,MotionSense,0.86748046875,0.8663311460414587,tail20
tfc,cnnpff,device:MotionSense:10,in-domain,1,0,MotionSense,0.755322265625,0.7596775489803711,tail20
tfc,cnnpff,device:MotionSense:10,in-domain,1,1,MotionSense,0.709130859375,0.7130941831398177,tail20
tfc,cnnpff,device:MotionSense:10,in-domain,1,2,MotionSense,0.695556640625,0.6907452409505604,tail20
tfc,cnnpff,device:MotionSense:10,in-domain,1,3,MotionSense,0.675146484375,0.6836325015968916,tail20
tfc,cnnpff,device:MotionSense:10,in-domain,10,0,MotionSense,0.87451171875,0.8746343343510263,tail20
tfc,cnnpff,device:MotionSense:10,in-domain,10,1,MotionSense,0.88291015625,0.8843445857563749,tail20
tfc,cnnpff,device:MotionSense:10,in-domain,10,2,MotionSense,0.86328125,0.8656398323205858,tail20
tfc,cnnpff,device:MotionSense:10,in-domain,10,3,MotionSense,0.862890625,0.8614301485816785,tail20
tfc,cnnpff,device:MotionSense:10,in-domain,2,0,MotionSense,0.818408203125,0.8217218110084218,tail20
tfc,cnnpff,device:MotionSense:10,in-domain,2,1,MotionSense,0.798828125,0.8037314208922608,tail20
tfc,cnnpff,device:MotionSense:10,in-domain,2,2,MotionSense,0.811572265625,0.8122406230336573,tail20
tfc,cnnpff,device:MotionSense:10,in-domain,2,3,MotionSense,0.775439453125,0.7804447767233726,tail20
tfc,cnnpff,device:MotionSense:10,in-domain,5,0,MotionSense,0.83857421875,0.8379538679223681,tail20
tfc,cnnpff,device:MotionSense:10,in-domain,5,1,MotionSense,0.878076171875,0.8797501792482751,tail20
tfc,cnnpff,device:MotionSense:10,in-domain,5,2,MotionSense,0.871826171875,0.8706536322067354,tail20
tfc,cnnpff,device:MotionSense:10,in-domain,5,3,MotionSense,0.826171875,0.8251172030560762,tail20
tfc,cnnpff,device:MotionSense:10,in-domain,full,0,MotionSense,0.905224609375,0.9060167836953458,tail20
tfc,cnnpff,device:MotionSense:10,in-domain,full,1,MotionSense,0.910107421875,0.9118888376440581,tail20
tfc,cnnpff,device:MotionSense:10,in-domain,full,2,MotionSense,0.902099609375,0.9036018841595819,tail20
tfc,cnnpff,device:MotionSense:10,in-domain,full,3,MotionSense,0.889013671875,0.8885360480667863,tail20
tfc,cnnpff,device:RealWorld_thigh+MotionSense:10+10,in-domain,1,0,MotionSense,0.784619140625,0.7828428466699806,tail20
tfc,cnnpff,device:RealWorld_thigh+MotionSense:10+10,in-domain,1,0,RealWorld_thigh,0.6726215277777777,0.6701284639006859,tail20
tfc,cnnpff,device:RealWorld_thigh+MotionSense:10+10,in-domain,1,1,MotionSense,0.78671875,0.7820152839577668,tail20
tfc,cnnpff,device:RealWorld_thigh+MotionSense:10+10,in-domain,1,1,RealWorld_thigh,0.5912326388888889,0.593569783496487,tail20
tfc,cnnpff,device:RealWorld_thigh+MotionSense:10+10,in-domain,1,2,MotionSense,0.72412109375,0.7171341743571327,tail20
tfc,cnnpff,device:RealWorld_thigh+MotionSense:10+10,in-domain,1,2,RealWorld_thigh,0.6529340277777778,0.6504325584431544,tail20
tfc,cnnpff,device:RealWorld_thigh+MotionSense:10+10,in-domain,1,3,MotionSense,0.76435546875,0.766070173641366,tail20
tfc,cnnpff,device:RealWorld_thigh+MotionSense:10+10,in-domain,1,3,RealWorld_thigh,0.6230381944444445,0.6256357238692944,tail20
tfc,cnnpff,device:RealWorld_thigh+MotionSense:10+10,in-domain,10,0,MotionSense,0.87568359375,0.8747635130376782,tail20
tfc,cnnpff,device:RealWorld_thigh+MotionSense:10+10,in-domain,10,0,RealWorld_thigh,0.7435416666666667,0.7476126812462534,tail20
tfc,cnnpff,device:RealWorld_thigh+MotionSense:10+10,in-domain,10,1,MotionSense,0.87568359375,0.8742245739719076,tail20
tfc,cnnpff,device:RealWorld_thigh+MotionSense:10+10,in-domain,10,1,RealWorld_thigh,0.7178125,0.7186923646888737,tail20
tfc,cnnpff,device:RealWorld_thigh+MotionSense:10+10,in-domain,10,2,MotionSense,0.883251953125,0.8830824656714424,tail20
tfc,cnnpff,device:RealWorld_thigh+MotionSense:10+10,in-domain,10,2,RealWorld_thigh,0.7709374999999999,0.7722793306841849,tail20
tfc,cnnpff,device:RealWorld_thigh+MotionSense:10+10,in-domain,10,3,MotionSense,0.8302734375,0.8320270948795248,tail20
tfc,cnnpff,device:RealWorld_thigh+MotionSense:10+10,in-domain,10,3,RealWorld_thigh,0.6744444444444444,0.6827203074984667,tail20
tfc,cnnpff,device:RealWorld_thigh+MotionSense:10+10,in-domain,2,0,MotionSense,0.828515625,0.8261340702303018,tail20
tfc,cnnpff,device:RealWorld_thigh+MotionSense:10+10,in-domain,2,0,RealWorld_thigh,0.6738888888888889,0.6699604521685723,tail20
tfc,cnnpff,device:RealWorld_thigh+MotionSense:10+10,in-domain,2,1,MotionSense,0.840234375,0.8375062464779855,tail20
tfc,cnnpff,device:RealWorld_thigh+MotionSense:10+10,in-domain,2,1,RealWorld_thigh,0.7234375,0.7288500906566713,tail20
tfc,cnnpff,device:RealWorld_thigh+MotionSense:10+10,in-domain,2,2,MotionSense,0.8501953125,0.84803082603365,tail20
tfc,cnnpff,device:RealWorld_thigh+MotionSense:10+10,in-domain,2,2,RealWorld_thigh,0.7395659722222223,0.7407876474715462,tail20
tfc,cnnpff,device:RealWorld_thigh+MotionSense:10+10,in-domain,2,3,MotionSense,0.786083984375,0.7858549254105989,tail20
tfc,cnnpff,device:RealWorld_thigh+MotionSense:10+10,in-domain,2,3,RealWorld_thigh,0.6641145833333333,0.6670351862832048,tail20
tfc,cnnpff,device:RealWorld_thigh+MotionSense:10+10,in-domain,5,0,MotionSense,0.871435546875,0.8697506396620932,tail20
tfc,cnnpff,device:RealWorld_thigh+MotionSense:10+10,in-domain,5,0,RealWorld_thigh,0.7325520833333333,0.7342537402476905,tail20
tfc,cnnpff,device:RealWorld_thigh+MotionSense:10+10,in-domain,5,1,MotionSense,0.840673828125,0.836861351274148,tail20
tfc,cnnpff,device:RealWorld_thigh+MotionSense:10+10,in-domain,5,1,RealWorld_thigh,0.6962847222222222,0.7018667816910724,tail20
tfc,cnnpff,device:RealWorld_thigh+MotionSense:10+10,in-domain,5,2,MotionSense,0.8708984375,0.8687915243210937,tail20
tfc,cnnpff,device:RealWorld_thigh+MotionSense:10+10,in-domain,5,2,RealWorld_thigh,0.7690104166666667,0.7709578301871504,tail20
tfc,cnnpff,device:RealWorld_thigh+MotionSense:10+10,in-domain,5,3,MotionSense,0.840234375,0.841611804523059,tail20
tfc,cnnpff,device:RealWorld_thigh+MotionSense:10+10,in-domain,5,3,RealWorld_thigh,0.6603645833333334,0.6690061132603656,tail20
tfc,cnnpff,device:RealWorld_thigh+MotionSense:10+10,in-domain,full,0,MotionSense,0.90751953125,0.9070823275185228,tail20
tfc,cnnpff,device:RealWorld_thigh+MotionSense:10+10,in-domain,full,0,RealWorld_thigh,0.7520486111111111,0.7554598117431373,tail20
tfc,cnnpff,device:RealWorld_thigh+MotionSense:10+10,in-domain,full,1,MotionSense,0.902490234375,0.9022820358789388,tail20
tfc,cnnpff,device:RealWorld_thigh+MotionSense:10+10,in-domain,full,1,RealWorld_thigh,0.7387152777777778,0.7410841421544665,tail20
tfc,cnnpff,device:RealWorld_thigh+MotionSense:10+10,in-domain,full,2,MotionSense,0.911328125,0.910527132183768,tail20
tfc,cnnpff,device:RealWorld_thigh+MotionSense:10+10,in-domain,full,2,RealWorld_thigh,0.7620659722222223,0.7641556506888698,tail20
tfc,cnnpff,device:RealWorld_thigh+MotionSense:10+10,in-domain,full,3,MotionSense,0.88125,0.8812302091812916,tail20
tfc,cnnpff,device:RealWorld_thigh+MotionSense:10+10,in-domain,full,3,RealWorld_thigh,0.7259548611111111,0.7264789293035278,tail20
tfc,cnnpff,device:RealWorld_thigh+MotionSense:5+5,in-domain,1,0,MotionSense,0.69775390625,0.6935651167030368,tail20
tfc,cnnpff,device:RealWorld_thigh+MotionSense:5+5,in-domain,1,0,RealWorld_thigh,0.5698611111111112,0.5535221867683442,tail20
tfc,cnnpff,device:RealWorld_thigh+MotionSense:5+5,in-domain,1,1,MotionSense,0.5927734375,0.5953615240310649,tail20
tfc,cnnpff,device:RealWorld_thigh+MotionSense:5+5,in-domain,1,1,RealWorld_thigh,0.4936111111111111,0.4961822314479888,tail20
tfc,cnnpff,device:RealWorld_thigh+MotionSense:5+5,in-domain,1,2,MotionSense,0.560595703125,0.5460996269062492,tail20
tfc,cnnpff,device:RealWorld_thigh+MotionSense:5+5,in-domain,1,2,RealWorld_thigh,0.5844444444444445,0.5701597225820187,tail20
tfc,cnnpff,device:RealWorld_thigh+MotionSense:5+5,in-domain,1,3,MotionSense,0.63876953125,0.6245243126766217,tail20
tfc,cnnpff,device:RealWorld_thigh+MotionSense:5+5,in-domain,1,3,RealWorld_thigh,0.5854166666666667,0.5807118726809339,tail20
tfc,cnnpff,device:RealWorld_thigh+MotionSense:5+5,in-domain,10,0,MotionSense,0.8296875,0.8241660166247323,tail20
tfc,cnnpff,device:RealWorld_thigh+MotionSense:5+5,in-domain,10,0,RealWorld_thigh,0.7193402777777778,0.7178387638254577,tail20
tfc,cnnpff,device:RealWorld_thigh+MotionSense:5+5,in-domain,10,1,MotionSense,0.816748046875,0.8118109750931494,tail20
tfc,cnnpff,device:RealWorld_thigh+MotionSense:5+5,in-domain,10,1,RealWorld_thigh,0.6591666666666667,0.6653817108136899,tail20
tfc,cnnpff,device:RealWorld_thigh+MotionSense:5+5,in-domain,10,2,MotionSense,0.766064453125,0.761909753176743,tail20
tfc,cnnpff,device:RealWorld_thigh+MotionSense:5+5,in-domain,10,2,RealWorld_thigh,0.6838194444444444,0.680257105149076,tail20
tfc,cnnpff,device:RealWorld_thigh+MotionSense:5+5,in-domain,10,3,MotionSense,0.795556640625,0.7936114637884845,tail20
tfc,cnnpff,device:RealWorld_thigh+MotionSense:5+5,in-domain,10,3,RealWorld_thigh,0.6531423611111111,0.6594305737464777,tail20
tfc,cnnpff,device:RealWorld_thigh+MotionSense:5+5,in-domain,2,0,MotionSense,0.80439453125,0.7991739616011989,tail20
tfc,cnnpff,device:RealWorld_thigh+MotionSense:5+5,in-domain,2,0,RealWorld_thigh,0.6496354166666667,0.6506445451711793,tail20
tfc,cnnpff,device:RealWorld_thigh+MotionSense:5+5,in-domain,2,1,MotionSense,0.75234375,0.7510116843456582,tail20
tfc,cnnpff,device:RealWorld_thigh+MotionSense:5+5,in-domain,2,1,RealWorld_thigh,0.5839756944444445,0.5836940484568404,tail20
tfc,cnnpff,device:RealWorld_thigh+MotionSense:5+5,in-domain,2,2,MotionSense,0.67021484375,0.6634877470700399,tail20
tfc,cnnpff,device:RealWorld_thigh+MotionSense:5+5,in-domain,2,2,RealWorld_thigh,0.6060416666666667,0.6044206276524343,tail20
tfc,cnnpff,device:RealWorld_thigh+MotionSense:5+5,in-domain,2,3,MotionSense,0.6689453125,0.6680622595774793,tail20
tfc,cnnpff,device:RealWorld_thigh+MotionSense:5+5,in-domain,2,3,RealWorld_thigh,0.5985243055555556,0.6075072399090338,tail20
tfc,cnnpff,device:RealWorld_thigh+MotionSense:5+5,in-domain,5,0,MotionSense,0.843896484375,0.8413856010172861,tail20
tfc,cnnpff,device:RealWorld_thigh+MotionSense:5+5,in-domain,5,0,RealWorld_thigh,0.6859027777777778,0.6859863100525675,tail20
tfc,cnnpff,device:RealWorld_thigh+MotionSense:5+5,in-domain,5,1,MotionSense,0.823974609375,0.8206254342170471,tail20
tfc,cnnpff,device:RealWorld_thigh+MotionSense:5+5,in-domain,5,1,RealWorld_thigh,0.6872569444444444,0.6856446945488602,tail20
tfc,cnnpff,device:RealWorld_thigh+MotionSense:5+5,in-domain,5,2,MotionSense,0.709033203125,0.7069386180481322,tail20
tfc,cnnpff,device:RealWorld_thigh+MotionSense:5+5,in-domain,5,2,RealWorld_thigh,0.6557291666666667,0.6527839175909175,tail20
tfc,cnnpff,device:RealWorld_thigh+MotionSense:5+5,in-domain,5,3,MotionSense,0.71376953125,0.7067828050570488,tail20
tfc,cnnpff,device:RealWorld_thigh+MotionSense:5+5,in-domain,5,3,RealWorld_thigh,0.6031423611111111,0.6052635746738111,tail20
tfc,cnnpff,device:RealWorld_thigh+MotionSense:5+5,in-domain,full,0,MotionSense,0.884619140625,0.8794376607728307,tail20
tfc,cnnpff,device:RealWorld_thigh+MotionSense:5+5,in-domain,full,0,RealWorld_thigh,0.6949131944444444,0.6983573778978327,tail20
tfc,cnnpff,device:RealWorld_thigh+MotionSense:5+5,in-domain,full,1,MotionSense,0.8654296875,0.8637143140825747,tail20
tfc,cnnpff,device:RealWorld_thigh+MotionSense:5+5,in-domain,full,1,RealWorld_thigh,0.6481076388888889,0.6520062225552129,tail20
tfc,cnnpff,device:RealWorld_thigh+MotionSense:5+5,in-domain,full,2,MotionSense,0.83037109375,0.820894341548595,tail20
tfc,cnnpff,device:RealWorld_thigh+MotionSense:5+5,in-domain,full,2,RealWorld_thigh,0.6588194444444444,0.6567108045190502,tail20
tfc,cnnpff,device:RealWorld_thigh+MotionSense:5+5,in-domain,full,3,MotionSense,0.80732421875,0.8047526726257335,tail20
tfc,cnnpff,device:RealWorld_thigh+MotionSense:5+5,in-domain,full,3,RealWorld_thigh,0.6776909722222222,0.6753802068411551,tail20
tfc,cnnpff,device:RealWorld_thigh:10,device:MotionSense:10,1,0,RealWorld_thigh,0.6618402777777778,0.6626439333425043,tail20
tfc,cnnpff,device:RealWorld_thigh:10,device:MotionSense:10,1,1,RealWorld_thigh,0.48843749999999997,0.48268113757039766,tail20
tfc,cnnpff,device:RealWorld_thigh:10,device:MotionSense:10,1,2,RealWorld_thigh,0.6189583333333333,0.6253174679661675,tail20
tfc,cnnpff,device:RealWorld_thigh:10,device:MotionSense:10,1,3,RealWorld_thigh,0.5191319444444444,0.5064713388542036,tail20
tfc,cnnpff,device:RealWorld_thigh:10,device:MotionSense:10,10,0,RealWorld_thigh,0.7157118055555556,0.7204731785147998,tail20
tfc,cnnpff,device:RealWorld_thigh:10,device:MotionSense:10,10,1,RealWorld_thigh,0.6308506944444445,0.6408870234137909,tail20
tfc,cnnpff,device:RealWorld_thigh:10,device:MotionSense:10,10,2,RealWorld_thigh,0.7512326388888889,0.7512345265246193,tail20
tfc,cnnpff,device:RealWorld_thigh:10,device:MotionSense:10,10,3,RealWorld_thigh,0.6449131944444445,0.6514793564851408,tail20
tfc,cnnpff,device:RealWorld_thigh:10,device:MotionSense:10,2,0,RealWorld_thigh,0.7025694444444445,0.701228847164718,tail20
tfc,cnnpff,device:RealWorld_thigh:10,device:MotionSense:10,2,1,RealWorld_thigh,0.5722395833333334,0.5770072228454632,tail20
tfc,cnnpff,device:RealWorld_thigh:10,device:MotionSense:10,2,2,RealWorld_thigh,0.7151909722222223,0.7133838530227699,tail20
tfc,cnnpff,device:RealWorld_thigh:10,device:MotionSense:10,2,3,RealWorld_thigh,0.5387673611111111,0.5451801917869756,tail20
tfc,cnnpff,device:RealWorld_thigh:10,device:MotionSense:10,5,0,RealWorld_thigh,0.6657118055555555,0.6752740847571207,tail20
tfc,cnnpff,device:RealWorld_thigh:10,device:MotionSense:10,5,1,RealWorld_thigh,0.6209374999999999,0.6249368245069685,tail20
tfc,cnnpff,device:RealWorld_thigh:10,device:MotionSense:10,5,2,RealWorld_thigh,0.7321006944444444,0.7316710527372359,tail20
tfc,cnnpff,device:RealWorld_thigh:10,device:MotionSense:10,5,3,RealWorld_thigh,0.6247395833333333,0.6322229185302749,tail20
tfc,cnnpff,device:RealWorld_thigh:10,device:MotionSense:10,full,0,RealWorld_thigh,0.6819444444444445,0.6820347130385735,tail20
tfc,cnnpff,device:RealWorld_thigh:10,device:MotionSense:10,full,1,RealWorld_thigh,0.6122569444444445,0.5955054114199123,tail20
tfc,cnnpff,device:RealWorld_thigh:10,device:MotionSense:10,full,2,RealWorld_thigh,0.7143576388888888,0.7140377448162585,tail20
tfc,cnnpff,device:RealWorld_thigh:10,device:MotionSense:10,full,3,RealWorld_thigh,0.6494097222222222,0.6527986937734116,tail20
tfc,cnnpff,device:RealWorld_thigh:10,in-domain,1,0,RealWorld_thigh,0.6520486111111111,0.6486573683139132,tail20
tfc,cnnpff,device:RealWorld_thigh:10,in-domain,1,1,RealWorld_thigh,0.6656770833333334,0.660409650329201,tail20
tfc,cnnpff,device:RealWorld_thigh:10,in-domain,1,2,RealWorld_thigh,0.6304340277777778,0.6167480698246818,tail20
tfc,cnnpff,device:RealWorld_thigh:10,in-domain,1,3,RealWorld_thigh,0.6249131944444445,0.6170894863519865,tail20
tfc,cnnpff,device:RealWorld_thigh:10,in-domain,10,0,RealWorld_thigh,0.7106944444444444,0.7138186857006903,tail20
tfc,cnnpff,device:RealWorld_thigh:10,in-domain,10,1,RealWorld_thigh,0.6872222222222222,0.6905417087534025,tail20
tfc,cnnpff,device:RealWorld_thigh:10,in-domain,10,2,RealWorld_thigh,0.7690451388888888,0.7677649702027086,tail20
tfc,cnnpff,device:RealWorld_thigh:10,in-domain,10,3,RealWorld_thigh,0.670625,0.6757900192580303,tail20
tfc,cnnpff,device:RealWorld_thigh:10,in-domain,2,0,RealWorld_thigh,0.7110416666666667,0.7095956580172684,tail20
tfc,cnnpff,device:RealWorld_thigh:10,in-domain,2,1,RealWorld_thigh,0.6847916666666667,0.6814995751746011,tail20
tfc,cnnpff,device:RealWorld_thigh:10,in-domain,2,2,RealWorld_thigh,0.7254513888888889,0.7246523172507516,tail20
tfc,cnnpff,device:RealWorld_thigh:10,in-domain,2,3,RealWorld_thigh,0.6522222222222223,0.6578321259449751,tail20
tfc,cnnpff,device:RealWorld_thigh:10,in-domain,5,0,RealWorld_thigh,0.6937326388888889,0.7003114911509012,tail20
tfc,cnnpff,device:RealWorld_thigh:10,in-domain,5,1,RealWorld_thigh,0.6878124999999999,0.6859630588610994,tail20
tfc,cnnpff,device:RealWorld_thigh:10,in-domain,5,2,RealWorld_thigh,0.7797916666666667,0.7785694119227462,tail20
tfc,cnnpff,device:RealWorld_thigh:10,in-domain,5,3,RealWorld_thigh,0.6364062500000001,0.6406028159612107,tail20
tfc,cnnpff,device:RealWorld_thigh:10,in-domain,full,0,RealWorld_thigh,0.6502777777777778,0.6450130420010645,tail20
tfc,cnnpff,device:RealWorld_thigh:10,in-domain,full,1,RealWorld_thigh,0.6864583333333333,0.685362945683856,tail20
tfc,cnnpff,device:RealWorld_thigh:10,in-domain,full,2,RealWorld_thigh,0.7286111111111111,0.7305264368267719,tail20
tfc,cnnpff,device:RealWorld_thigh:10,in-domain,full,3,RealWorld_thigh,0.6680555555555555,0.6737217363712746,tail20
tfc,resnetse5,device:MotionSense:10,device:RealWorld_thigh:10,1,0,MotionSense,0.7642578125,0.7627773520755069,tail20
tfc,resnetse5,device:MotionSense:10,device:RealWorld_thigh:10,1,1,MotionSense,0.720654296875,0.6771994464724892,tail20
tfc,resnetse5,device:MotionSense:10,device:RealWorld_thigh:10,1,2,MotionSense,0.7453125,0.7436480141825988,tail20
tfc,resnetse5,device:MotionSense:10,device:RealWorld_thigh:10,1,3,MotionSense,0.740576171875,0.7408227530346881,tail20
tfc,resnetse5,device:MotionSense:10,device:RealWorld_thigh:10,10,0,MotionSense,0.78466796875,0.7659865275181965,tail20
tfc,resnetse5,device:MotionSense:10,device:RealWorld_thigh:10,10,1,MotionSense,0.8080078125,0.7957444717930824,tail20
tfc,resnetse5,device:MotionSense:10,device:RealWorld_thigh:10,10,2,MotionSense,0.856494140625,0.8535127503850746,tail20
tfc,resnetse5,device:MotionSense:10,device:RealWorld_thigh:10,10,3,MotionSense,0.773828125,0.7610720310816127,tail20
tfc,resnetse5,device:MotionSense:10,device:RealWorld_thigh:10,2,0,MotionSense,0.70048828125,0.6904029644676252,tail20
tfc,resnetse5,device:MotionSense:10,device:RealWorld_thigh:10,2,1,MotionSense,0.766357421875,0.7513289355868251,tail20
tfc,resnetse5,device:MotionSense:10,device:RealWorld_thigh:10,2,2,MotionSense,0.7244140625,0.7119362532513962,tail20
tfc,resnetse5,device:MotionSense:10,device:RealWorld_thigh:10,2,3,MotionSense,0.674609375,0.6346731282583291,tail20
tfc,resnetse5,device:MotionSense:10,device:RealWorld_thigh:10,5,0,MotionSense,0.845947265625,0.8436751600085859,tail20
tfc,resnetse5,device:MotionSense:10,device:RealWorld_thigh:10,5,1,MotionSense,0.796240234375,0.7836426202379011,tail20
tfc,resnetse5,device:MotionSense:10,device:RealWorld_thigh:10,5,2,MotionSense,0.82919921875,0.8248003178657474,tail20
tfc,resnetse5,device:MotionSense:10,device:RealWorld_thigh:10,5,3,MotionSense,0.822412109375,0.8200708272308805,tail20
tfc,resnetse5,device:MotionSense:10,device:RealWorld_thigh:10,full,0,MotionSense,0.784423828125,0.7549403015600121,tail20
tfc,resnetse5,device:MotionSense:10,device:RealWorld_thigh:10,full,1,MotionSense,0.78017578125,0.7536009494907261,tail20
tfc,resnetse5,device:MotionSense:10,device:RealWorld_thigh:10,full,2,MotionSense,0.794287109375,0.7756813502450426,tail20
tfc,resnetse5,device:MotionSense:10,device:RealWorld_thigh:10,full,3,MotionSense,0.86708984375,0.8614411525771635,tail20
tfc,resnetse5,device:MotionSense:10,in-domain,1,0,MotionSense,0.749560546875,0.7416480912944357,tail20
tfc,resnetse5,device:MotionSense:10,in-domain,1,1,MotionSense,0.70771484375,0.7057235991437144,tail20
tfc,resnetse5,device:MotionSense:10,in-domain,1,2,MotionSense,0.7431640625,0.7395541163228264,tail20
tfc,resnetse5,device:MotionSense:10,in-domain,1,3,MotionSense,0.7357421875,0.7361992633797089,tail20
tfc,resnetse5,device:MotionSense:10,in-domain,10,0,MotionSense,0.8220703125,0.817598267310434,tail20
tfc,resnetse5,device:MotionSense:10,in-domain,10,1,MotionSense,0.853271484375,0.851405377339297,tail20
tfc,resnetse5,device:MotionSense:10,in-domain,10,2,MotionSense,0.832275390625,0.8234346865784967,tail20
tfc,resnetse5,device:MotionSense:10,in-domain,10,3,MotionSense,0.803515625,0.781942941007778,tail20
tfc,resnetse5,device:MotionSense:10,in-domain,2,0,MotionSense,0.818701171875,0.817754055497468,tail20
tfc,resnetse5,device:MotionSense:10,in-domain,2,1,MotionSense,0.760595703125,0.7482293534355035,tail20
tfc,resnetse5,device:MotionSense:10,in-domain,2,2,MotionSense,0.75380859375,0.7202382884566176,tail20
tfc,resnetse5,device:MotionSense:10,in-domain,2,3,MotionSense,0.750927734375,0.7219984378697056,tail20
tfc,resnetse5,device:MotionSense:10,in-domain,5,0,MotionSense,0.844189453125,0.8426288408886655,tail20
tfc,resnetse5,device:MotionSense:10,in-domain,5,1,MotionSense,0.859375,0.8563162020546946,tail20
tfc,resnetse5,device:MotionSense:10,in-domain,5,2,MotionSense,0.7748046875,0.7512916729957156,tail20
tfc,resnetse5,device:MotionSense:10,in-domain,5,3,MotionSense,0.83447265625,0.8249750911680284,tail20
tfc,resnetse5,device:MotionSense:10,in-domain,full,0,MotionSense,0.789599609375,0.768738183923409,tail20
tfc,resnetse5,device:MotionSense:10,in-domain,full,1,MotionSense,0.838818359375,0.8259707966528932,tail20
tfc,resnetse5,device:MotionSense:10,in-domain,full,2,MotionSense,0.85576171875,0.8474682093848387,tail20
tfc,resnetse5,device:MotionSense:10,in-domain,full,3,MotionSense,0.834814453125,0.8255825889155484,tail20
tfc,resnetse5,device:RealWorld_thigh+MotionSense:10+10,in-domain,1,0,MotionSense,0.754541015625,0.7416552495718208,tail20
tfc,resnetse5,device:RealWorld_thigh+MotionSense:10+10,in-domain,1,0,RealWorld_thigh,0.6220659722222222,0.6078253517325873,tail20
tfc,resnetse5,device:RealWorld_thigh+MotionSense:10+10,in-domain,1,1,MotionSense,0.793994140625,0.7910053801933616,tail20
tfc,resnetse5,device:RealWorld_thigh+MotionSense:10+10,in-domain,1,1,RealWorld_thigh,0.6638020833333333,0.6624142289521318,tail20
tfc,resnetse5,device:RealWorld_thigh+MotionSense:10+10,in-domain,1,2,MotionSense,0.681591796875,0.6292215473261639,tail20
tfc,resnetse5,device:RealWorld_thigh+MotionSense:10+10,in-domain,1,2,RealWorld_thigh,0.6283333333333333,0.5838235035314534,tail20
tfc,resnetse5,device:RealWorld_thigh+MotionSense:10+10,in-domain,1,3,MotionSense,0.797607421875,0.7967493250850692,tail20
tfc,resnetse5,device:RealWorld_thigh+MotionSense:10+10,in-domain,1,3,RealWorld_thigh,0.6284201388888888,0.63257847340474,tail20
tfc,resnetse5,device:RealWorld_thigh+MotionSense:10+10,in-domain,10,0,MotionSense,0.790234375,0.7590857086129789,tail20
tfc,resnetse5,device:RealWorld_thigh+MotionSense:10+10,in-domain,10,0,RealWorld_thigh,0.6599999999999999,0.6249596576553037,tail20
tfc,resnetse5,device:RealWorld_thigh+MotionSense:10+10,in-domain,10,1,MotionSense,0.834912109375,0.8336847280790739,tail20
tfc,resnetse5,device:RealWorld_thigh+MotionSense:10+10,in-domain,10,1,RealWorld_thigh,0.7070833333333333,0.6962456155095347,tail20
tfc,resnetse5,device:RealWorld_thigh+MotionSense:10+10,in-domain,10,2,MotionSense,0.849267578125,0.8467811315058074,tail20
tfc,resnetse5,device:RealWorld_thigh+MotionSense:10+10,in-domain,10,2,RealWorld_thigh,0.7727083333333333,0.7745487692383829,tail20
tfc,resnetse5,device:RealWorld_thigh+MotionSense:10+10,in-domain,10,3,MotionSense,0.777490234375,0.7557301028901942,tail20
tfc,resnetse5,device:RealWorld_thigh+MotionSense:10+10,in-domain,10,3,RealWorld_thigh,0.652517361111111,0.6353371328654307,tail20
tfc,resnetse5,device:RealWorld_thigh+MotionSense:10+10,in-domain,2,0,MotionSense,0.7392578125,0.7033222862637661,tail20
tfc,resnetse5,device:RealWorld_thigh+MotionSense:10+10,in-domain,2,0,RealWorld_thigh,0.6190104166666667,0.5823209519034623,tail20
tfc,resnetse5,device:RealWorld_thigh+MotionSense:10+10,in-domain,2,1,MotionSense,0.754541015625,0.7494328649005133,tail20
tfc,resnetse5,device:RealWorld_thigh+MotionSense:10+10,in-domain,2,1,RealWorld_thigh,0.6953125,0.6853367716360114,tail20
tfc,resnetse5,device:RealWorld_thigh+MotionSense:10+10,in-domain,2,2,MotionSense,0.787841796875,0.7803067382137477,tail20
tfc,resnetse5,device:RealWorld_thigh+MotionSense:10+10,in-domain,2,2,RealWorld_thigh,0.7229861111111111,0.7077448384128059,tail20
tfc,resnetse5,device:RealWorld_thigh+MotionSense:10+10,in-domain,2,3,MotionSense,0.78857421875,0.7824865188660404,tail20
tfc,resnetse5,device:RealWorld_thigh+MotionSense:10+10,in-domain,2,3,RealWorld_thigh,0.6188368055555555,0.6090386370352568,tail20
tfc,resnetse5,device:RealWorld_thigh+MotionSense:10+10,in-domain,5,0,MotionSense,0.77587890625,0.7450138852644825,tail20
tfc,resnetse5,device:RealWorld_thigh+MotionSense:10+10,in-domain,5,0,RealWorld_thigh,0.6435243055555555,0.6044233562217525,tail20
tfc,resnetse5,device:RealWorld_thigh+MotionSense:10+10,in-domain,5,1,MotionSense,0.784619140625,0.7813816268801095,tail20
tfc,resnetse5,device:RealWorld_thigh+MotionSense:10+10,in-domain,5,1,RealWorld_thigh,0.7023784722222223,0.705744098897829,tail20
tfc,resnetse5,device:RealWorld_thigh+MotionSense:10+10,in-domain,5,2,MotionSense,0.80390625,0.7985845785729679,tail20
tfc,resnetse5,device:RealWorld_thigh+MotionSense:10+10,in-domain,5,2,RealWorld_thigh,0.7474131944444444,0.7479754328996402,tail20
tfc,resnetse5,device:RealWorld_thigh+MotionSense:10+10,in-domain,5,3,MotionSense,0.7234375,0.6803617565218585,tail20
tfc,resnetse5,device:RealWorld_thigh+MotionSense:10+10,in-domain,5,3,RealWorld_thigh,0.5965451388888889,0.5579050805871072,tail20
tfc,resnetse5,device:RealWorld_thigh+MotionSense:10+10,in-domain,full,0,MotionSense,0.78359375,0.7416879657107757,tail20
tfc,resnetse5,device:RealWorld_thigh+MotionSense:10+10,in-domain,full,0,RealWorld_thigh,0.6782291666666667,0.6365174800454046,tail20
tfc,resnetse5,device:RealWorld_thigh+MotionSense:10+10,in-domain,full,1,MotionSense,0.870751953125,0.8680690454862443,tail20
tfc,resnetse5,device:RealWorld_thigh+MotionSense:10+10,in-domain,full,1,RealWorld_thigh,0.7231423611111112,0.7235721318839696,tail20
tfc,resnetse5,device:RealWorld_thigh+MotionSense:10+10,in-domain,full,2,MotionSense,0.887744140625,0.8850589621929075,tail20
tfc,resnetse5,device:RealWorld_thigh+MotionSense:10+10,in-domain,full,2,RealWorld_thigh,0.7141319444444444,0.6925656984636301,tail20
tfc,resnetse5,device:RealWorld_thigh+MotionSense:10+10,in-domain,full,3,MotionSense,0.839794921875,0.8283958058702193,tail20
tfc,resnetse5,device:RealWorld_thigh+MotionSense:10+10,in-domain,full,3,RealWorld_thigh,0.6535763888888889,0.6206207652496699,tail20
tfc,resnetse5,device:RealWorld_thigh+MotionSense:5+5,in-domain,1,0,MotionSense,0.765625,0.761372693511313,tail20
tfc,resnetse5,device:RealWorld_thigh+MotionSense:5+5,in-domain,1,0,RealWorld_thigh,0.6037673611111111,0.600710993953844,tail20
tfc,resnetse5,device:RealWorld_thigh+MotionSense:5+5,in-domain,1,1,MotionSense,0.64853515625,0.6466729911882816,tail20
tfc,resnetse5,device:RealWorld_thigh+MotionSense:5+5,in-domain,1,1,RealWorld_thigh,0.5844965277777778,0.5769256718777307,tail20
tfc,resnetse5,device:RealWorld_thigh+MotionSense:5+5,in-domain,1,2,MotionSense,0.694873046875,0.69885687991219,tail20
tfc,resnetse5,device:RealWorld_thigh+MotionSense:5+5,in-domain,1,2,RealWorld_thigh,0.6006770833333334,0.5998941163855791,tail20
tfc,resnetse5,device:RealWorld_thigh+MotionSense:5+5,in-domain,1,3,MotionSense,0.68115234375,0.6755786295018138,tail20
tfc,resnetse5,device:RealWorld_thigh+MotionSense:5+5,in-domain,1,3,RealWorld_thigh,0.6285937500000001,0.6300041000887721,tail20
tfc,resnetse5,device:RealWorld_thigh+MotionSense:5+5,in-domain,10,0,MotionSense,0.7419921875,0.6997013965632716,tail20
tfc,resnetse5,device:RealWorld_thigh+MotionSense:5+5,in-domain,10,0,RealWorld_thigh,0.6670659722222222,0.6724866957661538,tail20
tfc,resnetse5,device:RealWorld_thigh+MotionSense:5+5,in-domain,10,1,MotionSense,0.71025390625,0.6770198363318742,tail20
tfc,resnetse5,device:RealWorld_thigh+MotionSense:5+5,in-domain,10,1,RealWorld_thigh,0.65890625,0.6571206940652405,tail20
tfc,resnetse5,device:RealWorld_thigh+MotionSense:5+5,in-domain,10,2,MotionSense,0.7330078125,0.7098287961471397,tail20
tfc,resnetse5,device:RealWorld_thigh+MotionSense:5+5,in-domain,10,2,RealWorld_thigh,0.6774131944444444,0.669485332836078,tail20
tfc,resnetse5,device:RealWorld_thigh+MotionSense:5+5,in-domain,10,3,MotionSense,0.7583984375,0.748908285265179,tail20
tfc,resnetse5,device:RealWorld_thigh+MotionSense:5+5,in-domain,10,3,RealWorld_thigh,0.6139409722222222,0.6047682455845635,tail20
tfc,resnetse5,device:RealWorld_thigh+MotionSense:5+5,in-domain,2,0,MotionSense,0.657861328125,0.6090820303246999,tail20
tfc,resnetse5,device:RealWorld_thigh+MotionSense:5+5,in-domain,2,0,RealWorld_thigh,0.5734895833333333,0.528510584142076,tail20
tfc,resnetse5,device:RealWorld_thigh+MotionSense:5+5,in-domain,2,1,MotionSense,0.628076171875,0.6178167567463377,tail20
tfc,resnetse5,device:RealWorld_thigh+MotionSense:5+5,in-domain,2,1,RealWorld_thigh,0.6413888888888889,0.6343330349584166,tail20
tfc,resnetse5,device:RealWorld_thigh+MotionSense:5+5,in-domain,2,2,MotionSense,0.720263671875,0.7155505879115733,tail20
tfc,resnetse5,device:RealWorld_thigh+MotionSense:5+5,in-domain,2,2,RealWorld_thigh,0.7050000000000001,0.706570922861086,tail20
tfc,resnetse5,device:RealWorld_thigh+MotionSense:5+5,in-domain,2,3,MotionSense,0.691943359375,0.6921871882710586,tail20
tfc,resnetse5,device:RealWorld_thigh+MotionSense:5+5,in-domain,2,3,RealWorld_thigh,0.6686458333333334,0.6641567287608975,tail20
tfc,resnetse5,device:RealWorld_thigh+MotionSense:5+5,in-domain,5,0,MotionSense,0.74453125,0.718175572677991,tail20
tfc,resnetse5,device:RealWorld_thigh+MotionSense:5+5,in-domain,5,0,RealWorld_thigh,0.6255034722222222,0.6198562629537353,tail20
tfc,resnetse5,device:RealWorld_thigh+MotionSense:5+5,in-domain,5,1,MotionSense,0.70673828125,0.6596708915700075,tail20
tfc,resnetse5,device:RealWorld_thigh+MotionSense:5+5,in-domain,5,1,RealWorld_thigh,0.6738541666666666,0.6759146774457349,tail20
tfc,resnetse5,device:RealWorld_thigh+MotionSense:5+5,in-domain,5,2,MotionSense,0.68447265625,0.6265906664958212,tail20
tfc,resnetse5,device:RealWorld_thigh+MotionSense:5+5,in-domain,5,2,RealWorld_thigh,0.6546006944444445,0.6125958099164581,tail20
tfc,resnetse5,device:RealWorld_thigh+MotionSense:5+5,in-domain,5,3,MotionSense,0.6849609375,0.654200323057233,tail20
tfc,resnetse5,device:RealWorld_thigh+MotionSense:5+5,in-domain,5,3,RealWorld_thigh,0.6422222222222222,0.6376173348951631,tail20
tfc,resnetse5,device:RealWorld_thigh+MotionSense:5+5,in-domain,full,0,MotionSense,0.731396484375,0.6934122166599092,tail20
tfc,resnetse5,device:RealWorld_thigh+MotionSense:5+5,in-domain,full,0,RealWorld_thigh,0.6267881944444444,0.6158683213740467,tail20
tfc,resnetse5,device:RealWorld_thigh+MotionSense:5+5,in-domain,full,1,MotionSense,0.71220703125,0.687282366688139,tail20
tfc,resnetse5,device:RealWorld_thigh+MotionSense:5+5,in-domain,full,1,RealWorld_thigh,0.61890625,0.6057602125102391,tail20
tfc,resnetse5,device:RealWorld_thigh+MotionSense:5+5,in-domain,full,2,MotionSense,0.7537109375,0.7285817987134792,tail20
tfc,resnetse5,device:RealWorld_thigh+MotionSense:5+5,in-domain,full,2,RealWorld_thigh,0.6974652777777778,0.6927220685362971,tail20
tfc,resnetse5,device:RealWorld_thigh+MotionSense:5+5,in-domain,full,3,MotionSense,0.723046875,0.6856801953563318,tail20
tfc,resnetse5,device:RealWorld_thigh+MotionSense:5+5,in-domain,full,3,RealWorld_thigh,0.6172222222222222,0.6015990417579176,tail20
tfc,resnetse5,device:RealWorld_thigh:10,device:MotionSense:10,1,0,RealWorld_thigh,0.6315798611111111,0.622578340527695,tail20
tfc,resnetse5,device:RealWorld_thigh:10,device:MotionSense:10,1,1,RealWorld_thigh,0.6333506944444445,0.632768637286039,tail20
tfc,resnetse5,device:RealWorld_thigh:10,device:MotionSense:10,1,2,RealWorld_thigh,0.6787847222222222,0.6549153674116235,tail20
tfc,resnetse5,device:RealWorld_thigh:10,device:MotionSense:10,1,3,RealWorld_thigh,0.3288194444444444,0.3259268506411062,tail20
tfc,resnetse5,device:RealWorld_thigh:10,device:MotionSense:10,10,0,RealWorld_thigh,0.5486631944444444,0.5246599763215707,tail20
tfc,resnetse5,device:RealWorld_thigh:10,device:MotionSense:10,10,1,RealWorld_thigh,0.5861805555555556,0.5741949401637791,tail20
tfc,resnetse5,device:RealWorld_thigh:10,device:MotionSense:10,10,2,RealWorld_thigh,0.61171875,0.5915456523043253,tail20
tfc,resnetse5,device:RealWorld_thigh:10,device:MotionSense:10,10,3,RealWorld_thigh,0.5848784722222222,0.5761271815784346,tail20
tfc,resnetse5,device:RealWorld_thigh:10,device:MotionSense:10,2,0,RealWorld_thigh,0.6013194444444444,0.5952949280246715,tail20
tfc,resnetse5,device:RealWorld_thigh:10,device:MotionSense:10,2,1,RealWorld_thigh,0.4991493055555555,0.4827089261239603,tail20
tfc,resnetse5,device:RealWorld_thigh:10,device:MotionSense:10,2,2,RealWorld_thigh,0.6370659722222223,0.6058912179126129,tail20
tfc,resnetse5,device:RealWorld_thigh:10,device:MotionSense:10,2,3,RealWorld_thigh,0.34649305555555554,0.33123383269437695,tail20
tfc,resnetse5,device:RealWorld_thigh:10,device:MotionSense:10,5,0,RealWorld_thigh,0.5630902777777778,0.5180793116252027,tail20
tfc,resnetse5,device:RealWorld_thigh:10,device:MotionSense:10,5,1,RealWorld_thigh,0.5669270833333333,0.5476198542105762,tail20
tfc,resnetse5,device:RealWorld_thigh:10,device:MotionSense:10,5,2,RealWorld_thigh,0.6968923611111111,0.6911376761981228,tail20
tfc,resnetse5,device:RealWorld_thigh:10,device:MotionSense:10,5,3,RealWorld_thigh,0.5816840277777777,0.5748145360557579,tail20
tfc,resnetse5,device:RealWorld_thigh:10,device:MotionSense:10,full,0,RealWorld_thigh,0.6449305555555556,0.6025180093785406,tail20
tfc,resnetse5,device:RealWorld_thigh:10,device:MotionSense:10,full,1,RealWorld_thigh,0.6057118055555556,0.5652437329357433,tail20
tfc,resnetse5,device:RealWorld_thigh:10,device:MotionSense:10,full,2,RealWorld_thigh,0.6104340277777778,0.581323518336575,tail20
tfc,resnetse5,device:RealWorld_thigh:10,device:MotionSense:10,full,3,RealWorld_thigh,0.5523784722222222,0.5179498135144102,tail20
tfc,resnetse5,device:RealWorld_thigh:10,in-domain,1,0,RealWorld_thigh,0.6553472222222222,0.6473602504197256,tail20
tfc,resnetse5,device:RealWorld_thigh:10,in-domain,1,1,RealWorld_thigh,0.6368402777777777,0.6314912445089367,tail20
tfc,resnetse5,device:RealWorld_thigh:10,in-domain,1,2,RealWorld_thigh,0.574392361111111,0.5792695753588329,tail20
tfc,resnetse5,device:RealWorld_thigh:10,in-domain,1,3,RealWorld_thigh,0.6117708333333334,0.6037627305544448,tail20
tfc,resnetse5,device:RealWorld_thigh:10,in-domain,10,0,RealWorld_thigh,0.6690277777777778,0.6349583209365257,tail20
tfc,resnetse5,device:RealWorld_thigh:10,in-domain,10,1,RealWorld_thigh,0.7013541666666667,0.6887534842137055,tail20
tfc,resnetse5,device:RealWorld_thigh:10,in-domain,10,2,RealWorld_thigh,0.6447916666666667,0.616008139132351,tail20
tfc,resnetse5,device:RealWorld_thigh:10,in-domain,10,3,RealWorld_thigh,0.6974479166666667,0.6868700146367281,tail20
tfc,resnetse5,device:RealWorld_thigh:10,in-domain,2,0,RealWorld_thigh,0.6299131944444445,0.6182139652536646,tail20
tfc,resnetse5,device:RealWorld_thigh:10,in-domain,2,1,RealWorld_thigh,0.6790798611111111,0.6807517319687945,tail20
tfc,resnetse5,device:RealWorld_thigh:10,in-domain,2,2,RealWorld_thigh,0.6252256944444444,0.6243471326870709,tail20
tfc,resnetse5,device:RealWorld_thigh:10,in-domain,2,3,RealWorld_thigh,0.6331944444444444,0.6320826290913575,tail20
tfc,resnetse5,device:RealWorld_thigh:10,in-domain,5,0,RealWorld_thigh,0.5610243055555555,0.5396299395518279,tail20
tfc,resnetse5,device:RealWorld_thigh:10,in-domain,5,1,RealWorld_thigh,0.6654861111111111,0.6437091011943865,tail20
tfc,resnetse5,device:RealWorld_thigh:10,in-domain,5,2,RealWorld_thigh,0.6972395833333334,0.6772884377948476,tail20
tfc,resnetse5,device:RealWorld_thigh:10,in-domain,5,3,RealWorld_thigh,0.6784722222222223,0.6721061304259732,tail20
tfc,resnetse5,device:RealWorld_thigh:10,in-domain,full,0,RealWorld_thigh,0.6633680555555556,0.6179990731974024,tail20
tfc,resnetse5,device:RealWorld_thigh:10,in-domain,full,1,RealWorld_thigh,0.7021354166666667,0.6602330525677083,tail20
tfc,resnetse5,device:RealWorld_thigh:10,in-domain,full,2,RealWorld_thigh,0.6453125,0.6093015141879655,tail20
tfc,resnetse5,device:RealWorld_thigh:10,in-domain,full,3,RealWorld_thigh,0.6445659722222222,0.6260821569356818,tail20
tfc,rnn,device:MotionSense:10,device:RealWorld_thigh:10,1,0,MotionSense,0.759228515625,0.7531849280432655,tail20
tfc,rnn,device:MotionSense:10,device:RealWorld_thigh:10,1,1,MotionSense,0.7642578125,0.7545789150435187,tail20
tfc,rnn,device:MotionSense:10,device:RealWorld_thigh:10,1,2,MotionSense,0.721484375,0.7205050128250557,tail20
tfc,rnn,device:MotionSense:10,device:RealWorld_thigh:10,1,3,MotionSense,0.72509765625,0.7153673614619558,tail20
tfc,rnn,device:MotionSense:10,device:RealWorld_thigh:10,10,0,MotionSense,0.897802734375,0.8954777448081401,tail20
tfc,rnn,device:MotionSense:10,device:RealWorld_thigh:10,10,1,MotionSense,0.854833984375,0.8514123499061496,tail20
tfc,rnn,device:MotionSense:10,device:RealWorld_thigh:10,10,2,MotionSense,0.887890625,0.883885992057146,tail20
tfc,rnn,device:MotionSense:10,device:RealWorld_thigh:10,10,3,MotionSense,0.876123046875,0.8744002745370233,tail20
tfc,rnn,device:MotionSense:10,device:RealWorld_thigh:10,2,0,MotionSense,0.81943359375,0.8132150947589489,tail20
tfc,rnn,device:MotionSense:10,device:RealWorld_thigh:10,2,1,MotionSense,0.82314453125,0.820595898076086,tail20
tfc,rnn,device:MotionSense:10,device:RealWorld_thigh:10,2,2,MotionSense,0.82412109375,0.8210190489019185,tail20
tfc,rnn,device:MotionSense:10,device:RealWorld_thigh:10,2,3,MotionSense,0.841357421875,0.8375041672323906,tail20
tfc,rnn,device:MotionSense:10,device:RealWorld_thigh:10,5,0,MotionSense,0.848974609375,0.8453590970274314,tail20
tfc,rnn,device:MotionSense:10,device:RealWorld_thigh:10,5,1,MotionSense,0.8515625,0.849185074286986,tail20
tfc,rnn,device:MotionSense:10,device:RealWorld_thigh:10,5,2,MotionSense,0.8853515625,0.883641941390203,tail20
tfc,rnn,device:MotionSense:10,device:RealWorld_thigh:10,5,3,MotionSense,0.86826171875,0.8658177250053049,tail20
tfc,rnn,device:MotionSense:10,device:RealWorld_thigh:10,full,0,MotionSense,0.9109375,0.9092288399640269,tail20
tfc,rnn,device:MotionSense:10,device:RealWorld_thigh:10,full,1,MotionSense,0.878759765625,0.878116854607337,tail20
tfc,rnn,device:MotionSense:10,device:RealWorld_thigh:10,full,2,MotionSense,0.899755859375,0.8978494064064716,tail20
tfc,rnn,device:MotionSense:10,device:RealWorld_thigh:10,full,3,MotionSense,0.9130859375,0.9128860245588685,tail20
tfc,rnn,device:MotionSense:10,in-domain,1,0,MotionSense,0.81376953125,0.8149679300521264,tail20
tfc,rnn,device:MotionSense:10,in-domain,1,1,MotionSense,0.85625,0.8557215189462685,tail20
tfc,rnn,device:MotionSense:10,in-domain,1,2,MotionSense,0.757080078125,0.7532156980768866,tail20
tfc,rnn,device:MotionSense:10,in-domain,1,3,MotionSense,0.772412109375,0.770720750996514,tail20
tfc,rnn,device:MotionSense:10,in-domain,10,0,MotionSense,0.901318359375,0.8991982878292907,tail20
tfc,rnn,device:MotionSense:10,in-domain,10,1,MotionSense,0.86396484375,0.8622891782423464,tail20
tfc,rnn,device:MotionSense:10,in-domain,10,2,MotionSense,0.88916015625,0.887221359504512,tail20
tfc,rnn,device:MotionSense:10,in-domain,10,3,MotionSense,0.8919921875,0.8914354327873321,tail20
tfc,rnn,device:MotionSense:10,in-domain,2,0,MotionSense,0.858349609375,0.8573071115340088,tail20
tfc,rnn,device:MotionSense:10,in-domain,2,1,MotionSense,0.887255859375,0.8874199311574189,tail20
tfc,rnn,device:MotionSense:10,in-domain,2,2,MotionSense,0.8763671875,0.8755755088914497,tail20
tfc,rnn,device:MotionSense:10,in-domain,2,3,MotionSense,0.848974609375,0.8474935863945463,tail20
tfc,rnn,device:MotionSense:10,in-domain,5,0,MotionSense,0.8810546875,0.8800938166615891,tail20
tfc,rnn,device:MotionSense:10,in-domain,5,1,MotionSense,0.8720703125,0.8710661084027137,tail20
tfc,rnn,device:MotionSense:10,in-domain,5,2,MotionSense,0.893701171875,0.8922801093622136,tail20
tfc,rnn,device:MotionSense:10,in-domain,5,3,MotionSense,0.878564453125,0.878469238566774,tail20
tfc,rnn,device:MotionSense:10,in-domain,full,0,MotionSense,0.90791015625,0.9068562052894604,tail20
tfc,rnn,device:MotionSense:10,in-domain,full,1,MotionSense,0.871875,0.8707936068692705,tail20
tfc,rnn,device:MotionSense:10,in-domain,full,2,MotionSense,0.897607421875,0.8965341492839626,tail20
tfc,rnn,device:MotionSense:10,in-domain,full,3,MotionSense,0.89345703125,0.8937986917313253,tail20
tfc,rnn,device:RealWorld_thigh+MotionSense:10+10,in-domain,1,0,MotionSense,0.8015625,0.8012487371831399,tail20
tfc,rnn,device:RealWorld_thigh+MotionSense:10+10,in-domain,1,0,RealWorld_thigh,0.6520833333333333,0.6562407325986684,tail20
tfc,rnn,device:RealWorld_thigh+MotionSense:10+10,in-domain,1,1,MotionSense,0.776025390625,0.7734313222843164,tail20
tfc,rnn,device:RealWorld_thigh+MotionSense:10+10,in-domain,1,1,RealWorld_thigh,0.6217534722222222,0.6148346226110107,tail20
tfc,rnn,device:RealWorld_thigh+MotionSense:10+10,in-domain,1,2,MotionSense,0.80712890625,0.8058951921549256,tail20
tfc,rnn,device:RealWorld_thigh+MotionSense:10+10,in-domain,1,2,RealWorld_thigh,0.6381597222222222,0.6335097904778095,tail20
tfc,rnn,device:RealWorld_thigh+MotionSense:10+10,in-domain,1,3,MotionSense,0.788232421875,0.7844338991684676,tail20
tfc,rnn,device:RealWorld_thigh+MotionSense:10+10,in-domain,1,3,RealWorld_thigh,0.6511284722222223,0.6494732458385138,tail20
tfc,rnn,device:RealWorld_thigh+MotionSense:10+10,in-domain,10,0,MotionSense,0.896240234375,0.8940668304270775,tail20
tfc,rnn,device:RealWorld_thigh+MotionSense:10+10,in-domain,10,0,RealWorld_thigh,0.7407291666666667,0.7400189710305933,tail20
tfc,rnn,device:RealWorld_thigh+MotionSense:10+10,in-domain,10,1,MotionSense,0.86630859375,0.8627990191177333,tail20
tfc,rnn,device:RealWorld_thigh+MotionSense:10+10,in-domain,10,1,RealWorld_thigh,0.7527604166666666,0.7535896782700509,tail20
tfc,rnn,device:RealWorld_thigh+MotionSense:10+10,in-domain,10,2,MotionSense,0.885400390625,0.8832329474064119,tail20
tfc,rnn,device:RealWorld_thigh+MotionSense:10+10,in-domain,10,2,RealWorld_thigh,0.7441840277777778,0.7420408717138731,tail20
tfc,rnn,device:RealWorld_thigh+MotionSense:10+10,in-domain,10,3,MotionSense,0.881787109375,0.8808011655465531,tail20
tfc,rnn,device:RealWorld_thigh+MotionSense:10+10,in-domain,10,3,RealWorld_thigh,0.7659374999999999,0.7666312318227176,tail20
tfc,rnn,device:RealWorld_thigh+MotionSense:10+10,in-domain,2,0,MotionSense,0.87607421875,0.8733465628860546,tail20
tfc,rnn,device:RealWorld_thigh+MotionSense:10+10,in-domain,2,0,RealWorld_thigh,0.6826388888888888,0.6802064293939185,tail20
tfc,rnn,device:RealWorld_thigh+MotionSense:10+10,in-domain,2,1,MotionSense,0.82109375,0.8154241849416598,tail20
tfc,rnn,device:RealWorld_thigh+MotionSense:10+10,in-domain,2,1,RealWorld_thigh,0.6927777777777778,0.6918237043729496,tail20
tfc,rnn,device:RealWorld_thigh+MotionSense:10+10,in-domain,2,2,MotionSense,0.862548828125,0.8613526437486583,tail20
tfc,rnn,device:RealWorld_thigh+MotionSense:10+10,in-domain,2,2,RealWorld_thigh,0.6899652777777778,0.6850508141087192,tail20
tfc,rnn,device:RealWorld_thigh+MotionSense:10+10,in-domain,2,3,MotionSense,0.83056640625,0.8262747676670774,tail20
tfc,rnn,device:RealWorld_thigh+MotionSense:10+10,in-domain,2,3,RealWorld_thigh,0.6975694444444445,0.6977304096728195,tail20
tfc,rnn,device:RealWorld_thigh+MotionSense:10+10,in-domain,5,0,MotionSense,0.87451171875,0.8705268523837933,tail20
tfc,rnn,device:RealWorld_thigh+MotionSense:10+10,in-domain,5,0,RealWorld_thigh,0.7100347222222222,0.7102357861390594,tail20
tfc,rnn,device:RealWorld_thigh+MotionSense:10+10,in-domain,5,1,MotionSense,0.8494140625,0.8452212820645443,tail20
tfc,rnn,device:RealWorld_thigh+MotionSense:10+10,in-domain,5,1,RealWorld_thigh,0.734079861111111,0.7320238363705165,tail20
tfc,rnn,device:RealWorld_thigh+MotionSense:10+10,in-domain,5,2,MotionSense,0.865283203125,0.862223962729575,tail20
tfc,rnn,device:RealWorld_thigh+MotionSense:10+10,in-domain,5,2,RealWorld_thigh,0.7217708333333334,0.717869244073621,tail20
tfc,rnn,device:RealWorld_thigh+MotionSense:10+10,in-domain,5,3,MotionSense,0.854736328125,0.8524321079113875,tail20
tfc,rnn,device:RealWorld_thigh+MotionSense:10+10,in-domain,5,3,RealWorld_thigh,0.7412152777777778,0.7405311693471057,tail20
tfc,rnn,device:RealWorld_thigh+MotionSense:10+10,in-domain,full,0,MotionSense,0.899560546875,0.8978039006415333,tail20
tfc,rnn,device:RealWorld_thigh+MotionSense:10+10,in-domain,full,0,RealWorld_thigh,0.7584895833333334,0.7587542188413284,tail20
tfc,rnn,device:RealWorld_thigh+MotionSense:10+10,in-domain,full,1,MotionSense,0.878955078125,0.8769073169816999,tail20
tfc,rnn,device:RealWorld_thigh+MotionSense:10+10,in-domain,full,1,RealWorld_thigh,0.7387847222222222,0.7365795493752769,tail20
tfc,rnn,device:RealWorld_thigh+MotionSense:10+10,in-domain,full,2,MotionSense,0.895849609375,0.8939534194414589,tail20
tfc,rnn,device:RealWorld_thigh+MotionSense:10+10,in-domain,full,2,RealWorld_thigh,0.7942708333333333,0.7954487572547462,tail20
tfc,rnn,device:RealWorld_thigh+MotionSense:10+10,in-domain,full,3,MotionSense,0.892626953125,0.8919279471027505,tail20
tfc,rnn,device:RealWorld_thigh+MotionSense:10+10,in-domain,full,3,RealWorld_thigh,0.805486111111111,0.8065592545653197,tail20
tfc,rnn,device:RealWorld_thigh+MotionSense:5+5,in-domain,1,0,MotionSense,0.736572265625,0.7328472234846193,tail20
tfc,rnn,device:RealWorld_thigh+MotionSense:5+5,in-domain,1,0,RealWorld_thigh,0.6093576388888888,0.5927862603423932,tail20
tfc,rnn,device:RealWorld_thigh+MotionSense:5+5,in-domain,1,1,MotionSense,0.671240234375,0.6619574456094149,tail20
tfc,rnn,device:RealWorld_thigh+MotionSense:5+5,in-domain,1,1,RealWorld_thigh,0.537326388888889,0.5403543247881121,tail20
tfc,rnn,device:RealWorld_thigh+MotionSense:5+5,in-domain,1,2,MotionSense,0.710986328125,0.7097022630199603,tail20
tfc,rnn,device:RealWorld_thigh+MotionSense:5+5,in-domain,1,2,RealWorld_thigh,0.57734375,0.5727583654170635,tail20
tfc,rnn,device:RealWorld_thigh+MotionSense:5+5,in-domain,1,3,MotionSense,0.759130859375,0.7574515228086036,tail20
tfc,rnn,device:RealWorld_thigh+MotionSense:5+5,in-domain,1,3,RealWorld_thigh,0.6242881944444444,0.6125778130271284,tail20
tfc,rnn,device:RealWorld_thigh+MotionSense:5+5,in-domain,10,0,MotionSense,0.786669921875,0.7719762184471947,tail20
tfc,rnn,device:RealWorld_thigh+MotionSense:5+5,in-domain,10,0,RealWorld_thigh,0.6915451388888889,0.6800973254341045,tail20
tfc,rnn,device:RealWorld_thigh+MotionSense:5+5,in-domain,10,1,MotionSense,0.824072265625,0.8210733770680564,tail20
tfc,rnn,device:RealWorld_thigh+MotionSense:5+5,in-domain,10,1,RealWorld_thigh,0.6860937500000001,0.6836572343255471,tail20
tfc,rnn,device:RealWorld_thigh+MotionSense:5+5,in-domain,10,2,MotionSense,0.864111328125,0.8626485901422962,tail20
tfc,rnn,device:RealWorld_thigh+MotionSense:5+5,in-domain,10,2,RealWorld_thigh,0.7114236111111112,0.7097343962968787,tail20
tfc,rnn,device:RealWorld_thigh+MotionSense:5+5,in-domain,10,3,MotionSense,0.83916015625,0.8330967139712817,tail20
tfc,rnn,device:RealWorld_thigh+MotionSense:5+5,in-domain,10,3,RealWorld_thigh,0.7247569444444444,0.725005162089769,tail20
tfc,rnn,device:RealWorld_thigh+MotionSense:5+5,in-domain,2,0,MotionSense,0.772021484375,0.7640923052399833,tail20
tfc,rnn,device:RealWorld_thigh+MotionSense:5+5,in-domain,2,0,RealWorld_thigh,0.6009027777777778,0.5854049041744619,tail20
tfc,rnn,device:RealWorld_thigh+MotionSense:5+5,in-domain,2,1,MotionSense,0.777392578125,0.7716153770577725,tail20
tfc,rnn,device:RealWorld_thigh+MotionSense:5+5,in-domain,2,1,RealWorld_thigh,0.6130034722222223,0.6114579812480084,tail20
tfc,rnn,device:RealWorld_thigh+MotionSense:5+5,in-domain,2,2,MotionSense,0.752294921875,0.7491909223728153,tail20
tfc,rnn,device:RealWorld_thigh+MotionSense:5+5,in-domain,2,2,RealWorld_thigh,0.6264409722222222,0.6266116743415417,tail20
tfc,rnn,device:RealWorld_thigh+MotionSense:5+5,in-domain,2,3,MotionSense,0.79873046875,0.7967160320801335,tail20
tfc,rnn,device:RealWorld_thigh+MotionSense:5+5,in-domain,2,3,RealWorld_thigh,0.6709201388888889,0.6660162074315362,tail20
tfc,rnn,device:RealWorld_thigh+MotionSense:5+5,in-domain,5,0,MotionSense,0.813330078125,0.8025764261538347,tail20
tfc,rnn,device:RealWorld_thigh+MotionSense:5+5,in-domain,5,0,RealWorld_thigh,0.6798784722222222,0.6654772268708873,tail20
tfc,rnn,device:RealWorld_thigh+MotionSense:5+5,in-domain,5,1,MotionSense,0.836328125,0.834930543249641,tail20
tfc,rnn,device:RealWorld_thigh+MotionSense:5+5,in-domain,5,1,RealWorld_thigh,0.6478993055555555,0.6426828327702006,tail20
tfc,rnn,device:RealWorld_thigh+MotionSense:5+5,in-domain,5,2,MotionSense,0.8322265625,0.8275758910517501,tail20
tfc,rnn,device:RealWorld_thigh+MotionSense:5+5,in-domain,5,2,RealWorld_thigh,0.6786979166666667,0.6756153771117391,tail20
tfc,rnn,device:RealWorld_thigh+MotionSense:5+5,in-domain,5,3,MotionSense,0.812841796875,0.811228526589393,tail20
tfc,rnn,device:RealWorld_thigh+MotionSense:5+5,in-domain,5,3,RealWorld_thigh,0.6801736111111112,0.6797546547320332,tail20
tfc,rnn,device:RealWorld_thigh+MotionSense:5+5,in-domain,full,0,MotionSense,0.786376953125,0.7747806649136135,tail20
tfc,rnn,device:RealWorld_thigh+MotionSense:5+5,in-domain,full,0,RealWorld_thigh,0.6549305555555556,0.6360922588232819,tail20
tfc,rnn,device:RealWorld_thigh+MotionSense:5+5,in-domain,full,1,MotionSense,0.873779296875,0.8719678579651449,tail20
tfc,rnn,device:RealWorld_thigh+MotionSense:5+5,in-domain,full,1,RealWorld_thigh,0.6744270833333333,0.6712399228801849,tail20
tfc,rnn,device:RealWorld_thigh+MotionSense:5+5,in-domain,full,2,MotionSense,0.8833984375,0.8814862420142106,tail20
tfc,rnn,device:RealWorld_thigh+MotionSense:5+5,in-domain,full,2,RealWorld_thigh,0.7017187500000001,0.6988359800482606,tail20
tfc,rnn,device:RealWorld_thigh+MotionSense:5+5,in-domain,full,3,MotionSense,0.867333984375,0.8618867533920739,tail20
tfc,rnn,device:RealWorld_thigh+MotionSense:5+5,in-domain,full,3,RealWorld_thigh,0.7057986111111111,0.7046859536556871,tail20
tfc,rnn,device:RealWorld_thigh:10,device:MotionSense:10,1,0,RealWorld_thigh,0.59421875,0.5865357427248844,tail20
tfc,rnn,device:RealWorld_thigh:10,device:MotionSense:10,1,1,RealWorld_thigh,0.6275868055555556,0.6252128268651125,tail20
tfc,rnn,device:RealWorld_thigh:10,device:MotionSense:10,1,2,RealWorld_thigh,0.5803472222222222,0.572173932783026,tail20
tfc,rnn,device:RealWorld_thigh:10,device:MotionSense:10,1,3,RealWorld_thigh,0.6244097222222222,0.6244863670450294,tail20
tfc,rnn,device:RealWorld_thigh:10,device:MotionSense:10,10,0,RealWorld_thigh,0.73640625,0.7384317410858315,tail20
tfc,rnn,device:RealWorld_thigh:10,device:MotionSense:10,10,1,RealWorld_thigh,0.7081944444444445,0.7106222313813906,tail20
tfc,rnn,device:RealWorld_thigh:10,device:MotionSense:10,10,2,RealWorld_thigh,0.6818402777777778,0.6784115480400016,tail20
tfc,rnn,device:RealWorld_thigh:10,device:MotionSense:10,10,3,RealWorld_thigh,0.7572916666666667,0.7579367685793524,tail20
tfc,rnn,device:RealWorld_thigh:10,device:MotionSense:10,2,0,RealWorld_thigh,0.6615451388888889,0.6592280055545973,tail20
tfc,rnn,device:RealWorld_thigh:10,device:MotionSense:10,2,1,RealWorld_thigh,0.6303993055555556,0.6287089233366245,tail20
tfc,rnn,device:RealWorld_thigh:10,device:MotionSense:10,2,2,RealWorld_thigh,0.6666145833333333,0.6658419197532716,tail20
tfc,rnn,device:RealWorld_thigh:10,device:MotionSense:10,2,3,RealWorld_thigh,0.65703125,0.6596977759299989,tail20
tfc,rnn,device:RealWorld_thigh:10,device:MotionSense:10,5,0,RealWorld_thigh,0.7270138888888888,0.7302301898360261,tail20
tfc,rnn,device:RealWorld_thigh:10,device:MotionSense:10,5,1,RealWorld_thigh,0.6861111111111111,0.6840967035181134,tail20
tfc,rnn,device:RealWorld_thigh:10,device:MotionSense:10,5,2,RealWorld_thigh,0.6701041666666667,0.6701514639709176,tail20
tfc,rnn,device:RealWorld_thigh:10,device:MotionSense:10,5,3,RealWorld_thigh,0.6964583333333334,0.6977546993362266,tail20
tfc,rnn,device:RealWorld_thigh:10,device:MotionSense:10,full,0,RealWorld_thigh,0.7273263888888889,0.7297476485368066,tail20
tfc,rnn,device:RealWorld_thigh:10,device:MotionSense:10,full,1,RealWorld_thigh,0.6667534722222223,0.6660364952601406,tail20
tfc,rnn,device:RealWorld_thigh:10,device:MotionSense:10,full,2,RealWorld_thigh,0.7203993055555555,0.7200116920622819,tail20
tfc,rnn,device:RealWorld_thigh:10,device:MotionSense:10,full,3,RealWorld_thigh,0.7136284722222223,0.7151061716357929,tail20
tfc,rnn,device:RealWorld_thigh:10,in-domain,1,0,RealWorld_thigh,0.5905555555555556,0.5911798914644335,tail20
tfc,rnn,device:RealWorld_thigh:10,in-domain,1,1,RealWorld_thigh,0.5314930555555556,0.53026353817641,tail20
tfc,rnn,device:RealWorld_thigh:10,in-domain,1,2,RealWorld_thigh,0.6260763888888888,0.626455950487859,tail20
tfc,rnn,device:RealWorld_thigh:10,in-domain,1,3,RealWorld_thigh,0.5781076388888888,0.5767844106237937,tail20
tfc,rnn,device:RealWorld_thigh:10,in-domain,10,0,RealWorld_thigh,0.7379861111111111,0.7412646099543476,tail20
tfc,rnn,device:RealWorld_thigh:10,in-domain,10,1,RealWorld_thigh,0.6918055555555556,0.6915835771702333,tail20
tfc,rnn,device:RealWorld_thigh:10,in-domain,10,2,RealWorld_thigh,0.7362847222222222,0.7388649677661008,tail20
tfc,rnn,device:RealWorld_thigh:10,in-domain,10,3,RealWorld_thigh,0.7201736111111111,0.7227455025719318,tail20
tfc,rnn,device:RealWorld_thigh:10,in-domain,2,0,RealWorld_thigh,0.6747743055555555,0.6736198829380994,tail20
tfc,rnn,device:RealWorld_thigh:10,in-domain,2,1,RealWorld_thigh,0.5836111111111111,0.5824698110142783,tail20
tfc,rnn,device:RealWorld_thigh:10,in-domain,2,2,RealWorld_thigh,0.6611631944444445,0.6638889776701532,tail20
tfc,rnn,device:RealWorld_thigh:10,in-domain,2,3,RealWorld_thigh,0.6470312500000001,0.6508489388264553,tail20
tfc,rnn,device:RealWorld_thigh:10,in-domain,5,0,RealWorld_thigh,0.6446006944444445,0.64465651628186,tail20
tfc,rnn,device:RealWorld_thigh:10,in-domain,5,1,RealWorld_thigh,0.6756944444444445,0.6756970227307925,tail20
tfc,rnn,device:RealWorld_thigh:10,in-domain,5,2,RealWorld_thigh,0.6936111111111111,0.6932336250917979,tail20
tfc,rnn,device:RealWorld_thigh:10,in-domain,5,3,RealWorld_thigh,0.6951041666666666,0.696810421907147,tail20
tfc,rnn,device:RealWorld_thigh:10,in-domain,full,0,RealWorld_thigh,0.6649131944444444,0.64535305652212,tail20
tfc,rnn,device:RealWorld_thigh:10,in-domain,full,1,RealWorld_thigh,0.7431770833333333,0.7392678116391483,tail20
tfc,rnn,device:RealWorld_thigh:10,in-domain,full,2,RealWorld_thigh,0.7779513888888889,0.7795472889913191,tail20
tfc,rnn,device:RealWorld_thigh:10,in-domain,full,3,RealWorld_thigh,0.76265625,0.7617805245012924,tail20
tfc,tstcc,device:MotionSense:10,device:RealWorld_thigh:10,1,0,MotionSense,0.790234375,0.788759368300052,tail20
tfc,tstcc,device:MotionSense:10,device:RealWorld_thigh:10,1,1,MotionSense,0.75166015625,0.701343987414909,tail20
tfc,tstcc,device:MotionSense:10,device:RealWorld_thigh:10,1,2,MotionSense,0.684423828125,0.6387298939776623,tail20
tfc,tstcc,device:MotionSense:10,device:RealWorld_thigh:10,1,3,MotionSense,0.673046875,0.6294482522058189,tail20
tfc,tstcc,device:MotionSense:10,device:RealWorld_thigh:10,10,0,MotionSense,0.81845703125,0.8196623289468137,tail20
tfc,tstcc,device:MotionSense:10,device:RealWorld_thigh:10,10,1,MotionSense,0.8724609375,0.873889213882641,tail20
tfc,tstcc,device:MotionSense:10,device:RealWorld_thigh:10,10,2,MotionSense,0.846435546875,0.8484989795321731,tail20
tfc,tstcc,device:MotionSense:10,device:RealWorld_thigh:10,10,3,MotionSense,0.725341796875,0.6775448340619573,tail20
tfc,tstcc,device:MotionSense:10,device:RealWorld_thigh:10,2,0,MotionSense,0.77373046875,0.7818593590281522,tail20
tfc,tstcc,device:MotionSense:10,device:RealWorld_thigh:10,2,1,MotionSense,0.843896484375,0.8470704629103956,tail20
tfc,tstcc,device:MotionSense:10,device:RealWorld_thigh:10,2,2,MotionSense,0.80283203125,0.8042002889413828,tail20
tfc,tstcc,device:MotionSense:10,device:RealWorld_thigh:10,2,3,MotionSense,0.70908203125,0.6584617440254119,tail20
tfc,tstcc,device:MotionSense:10,device:RealWorld_thigh:10,5,0,MotionSense,0.789501953125,0.7950449510096511,tail20
tfc,tstcc,device:MotionSense:10,device:RealWorld_thigh:10,5,1,MotionSense,0.84599609375,0.8471306730575672,tail20
tfc,tstcc,device:MotionSense:10,device:RealWorld_thigh:10,5,2,MotionSense,0.829052734375,0.8307991199423895,tail20
tfc,tstcc,device:MotionSense:10,device:RealWorld_thigh:10,5,3,MotionSense,0.74404296875,0.7114875074257473,tail20
tfc,tstcc,device:MotionSense:10,device:RealWorld_thigh:10,full,0,MotionSense,0.8501953125,0.850293813219249,tail20
tfc,tstcc,device:MotionSense:10,device:RealWorld_thigh:10,full,1,MotionSense,0.870751953125,0.8678693358579672,tail20
tfc,tstcc,device:MotionSense:10,device:RealWorld_thigh:10,full,2,MotionSense,0.8640625,0.863831144030722,tail20
tfc,tstcc,device:MotionSense:10,device:RealWorld_thigh:10,full,3,MotionSense,0.74765625,0.7142870628479969,tail20
tfc,tstcc,device:MotionSense:10,in-domain,1,0,MotionSense,0.71005859375,0.67091641964653,tail20
tfc,tstcc,device:MotionSense:10,in-domain,1,1,MotionSense,0.67861328125,0.6255991769732363,tail20
tfc,tstcc,device:MotionSense:10,in-domain,1,2,MotionSense,0.7509765625,0.7514558688705928,tail20
tfc,tstcc,device:MotionSense:10,in-domain,1,3,MotionSense,0.683935546875,0.6414049398266259,tail20
tfc,tstcc,device:MotionSense:10,in-domain,10,0,MotionSense,0.823828125,0.8156570922996604,tail20
tfc,tstcc,device:MotionSense:10,in-domain,10,1,MotionSense,0.809619140625,0.808343735462717,tail20
tfc,tstcc,device:MotionSense:10,in-domain,10,2,MotionSense,0.838037109375,0.8407803854917137,tail20
tfc,tstcc,device:MotionSense:10,in-domain,10,3,MotionSense,0.823583984375,0.8268204071059285,tail20
tfc,tstcc,device:MotionSense:10,in-domain,2,0,MotionSense,0.8236328125,0.8257141072150981,tail20
tfc,tstcc,device:MotionSense:10,in-domain,2,1,MotionSense,0.716357421875,0.7160793167716296,tail20
tfc,tstcc,device:MotionSense:10,in-domain,2,2,MotionSense,0.8337890625,0.8362378322900877,tail20
tfc,tstcc,device:MotionSense:10,in-domain,2,3,MotionSense,0.815673828125,0.815099869352693,tail20
tfc,tstcc,device:MotionSense:10,in-domain,5,0,MotionSense,0.856884765625,0.8585912176057058,tail20
tfc,tstcc,device:MotionSense:10,in-domain,5,1,MotionSense,0.77119140625,0.7690093394796882,tail20
tfc,tstcc,device:MotionSense:10,in-domain,5,2,MotionSense,0.823828125,0.8260013614138184,tail20
tfc,tstcc,device:MotionSense:10,in-domain,5,3,MotionSense,0.82529296875,0.8280474535584066,tail20
tfc,tstcc,device:MotionSense:10,in-domain,full,0,MotionSense,0.911328125,0.9120157416864281,tail20
tfc,tstcc,device:MotionSense:10,in-domain,full,1,MotionSense,0.87119140625,0.8736691501203386,tail20
tfc,tstcc,device:MotionSense:10,in-domain,full,2,MotionSense,0.858740234375,0.8601955059769606,tail20
tfc,tstcc,device:MotionSense:10,in-domain,full,3,MotionSense,0.8447265625,0.8460985554324154,tail20
tfc,tstcc,device:RealWorld_thigh+MotionSense:10+10,in-domain,1,0,MotionSense,0.578662109375,0.5107573398870007,tail20
tfc,tstcc,device:RealWorld_thigh+MotionSense:10+10,in-domain,1,0,RealWorld_thigh,0.4917361111111111,0.3980175940188523,tail20
tfc,tstcc,device:RealWorld_thigh+MotionSense:10+10,in-domain,1,1,MotionSense,0.685498046875,0.6316045859527704,tail20
tfc,tstcc,device:RealWorld_thigh+MotionSense:10+10,in-domain,1,1,RealWorld_thigh,0.45986111111111105,0.3924087829268645,tail20
tfc,tstcc,device:RealWorld_thigh+MotionSense:10+10,in-domain,1,2,MotionSense,0.699365234375,0.6400237542790087,tail20
tfc,tstcc,device:RealWorld_thigh+MotionSense:10+10,in-domain,1,2,RealWorld_thigh,0.50515625,0.43189917534067873,tail20
tfc,tstcc,device:RealWorld_thigh+MotionSense:10+10,in-domain,1,3,MotionSense,0.576171875,0.5190424122087294,tail20
tfc,tstcc,device:RealWorld_thigh+MotionSense:10+10,in-domain,1,3,RealWorld_thigh,0.4597048611111111,0.3934394937304183,tail20
tfc,tstcc,device:RealWorld_thigh+MotionSense:10+10,in-domain,10,0,MotionSense,0.791015625,0.7958090785285002,tail20
tfc,tstcc,device:RealWorld_thigh+MotionSense:10+10,in-domain,10,0,RealWorld_thigh,0.5533854166666667,0.5286453799321009,tail20
tfc,tstcc,device:RealWorld_thigh+MotionSense:10+10,in-domain,10,1,MotionSense,0.80390625,0.800270482728836,tail20
tfc,tstcc,device:RealWorld_thigh+MotionSense:10+10,in-domain,10,1,RealWorld_thigh,0.5824479166666666,0.5378260238561502,tail20
tfc,tstcc,device:RealWorld_thigh+MotionSense:10+10,in-domain,10,2,MotionSense,0.83447265625,0.832548105026558,tail20
tfc,tstcc,device:RealWorld_thigh+MotionSense:10+10,in-domain,10,2,RealWorld_thigh,0.632638888888889,0.6203462882897031,tail20
tfc,tstcc,device:RealWorld_thigh+MotionSense:10+10,in-domain,10,3,MotionSense,0.69873046875,0.6456897114406758,tail20
tfc,tstcc,device:RealWorld_thigh+MotionSense:10+10,in-domain,10,3,RealWorld_thigh,0.5556597222222222,0.5091328312720055,tail20
tfc,tstcc,device:RealWorld_thigh+MotionSense:10+10,in-domain,2,0,MotionSense,0.74423828125,0.7456914799447975,tail20
tfc,tstcc,device:RealWorld_thigh+MotionSense:10+10,in-domain,2,0,RealWorld_thigh,0.5348784722222222,0.5032195728818263,tail20
tfc,tstcc,device:RealWorld_thigh+MotionSense:10+10,in-domain,2,1,MotionSense,0.742822265625,0.69221396840961,tail20
tfc,tstcc,device:RealWorld_thigh+MotionSense:10+10,in-domain,2,1,RealWorld_thigh,0.5251909722222222,0.4639426681684329,tail20
tfc,tstcc,device:RealWorld_thigh+MotionSense:10+10,in-domain,2,2,MotionSense,0.692919921875,0.6400156546384695,tail20
tfc,tstcc,device:RealWorld_thigh+MotionSense:10+10,in-domain,2,2,RealWorld_thigh,0.5216840277777778,0.4698871922476598,tail20
tfc,tstcc,device:RealWorld_thigh+MotionSense:10+10,in-domain,2,3,MotionSense,0.69775390625,0.645435804938389,tail20
tfc,tstcc,device:RealWorld_thigh+MotionSense:10+10,in-domain,2,3,RealWorld_thigh,0.5189583333333333,0.47179619209711304,tail20
tfc,tstcc,device:RealWorld_thigh+MotionSense:10+10,in-domain,5,0,MotionSense,0.802197265625,0.8090326476221256,tail20
tfc,tstcc,device:RealWorld_thigh+MotionSense:10+10,in-domain,5,0,RealWorld_thigh,0.5653645833333333,0.5500482275537294,tail20
tfc,tstcc,device:RealWorld_thigh+MotionSense:10+10,in-domain,5,1,MotionSense,0.754541015625,0.7368149160995828,tail20
tfc,tstcc,device:RealWorld_thigh+MotionSense:10+10,in-domain,5,1,RealWorld_thigh,0.5434722222222221,0.4832916254569447,tail20
tfc,tstcc,device:RealWorld_thigh+MotionSense:10+10,in-domain,5,2,MotionSense,0.802294921875,0.7946229657023671,tail20
tfc,tstcc,device:RealWorld_thigh+MotionSense:10+10,in-domain,5,2,RealWorld_thigh,0.5662673611111111,0.5213696747186396,tail20
tfc,tstcc,device:RealWorld_thigh+MotionSense:10+10,in-domain,5,3,MotionSense,0.7953125,0.7870735810551812,tail20
tfc,tstcc,device:RealWorld_thigh+MotionSense:10+10,in-domain,5,3,RealWorld_thigh,0.5559722222222222,0.5178459379734907,tail20
tfc,tstcc,device:RealWorld_thigh+MotionSense:10+10,in-domain,full,0,MotionSense,0.77626953125,0.7363793625090771,tail20
tfc,tstcc,device:RealWorld_thigh+MotionSense:10+10,in-domain,full,0,RealWorld_thigh,0.6541493055555556,0.6047362546313896,tail20
tfc,tstcc,device:RealWorld_thigh+MotionSense:10+10,in-domain,full,1,MotionSense,0.837158203125,0.8281462137851113,tail20
tfc,tstcc,device:RealWorld_thigh+MotionSense:10+10,in-domain,full,1,RealWorld_thigh,0.6133506944444445,0.5673021368988891,tail20
tfc,tstcc,device:RealWorld_thigh+MotionSense:10+10,in-domain,full,2,MotionSense,0.74970703125,0.6995510545992041,tail20
tfc,tstcc,device:RealWorld_thigh+MotionSense:10+10,in-domain,full,2,RealWorld_thigh,0.6247743055555556,0.5707225208697295,tail20
tfc,tstcc,device:RealWorld_thigh+MotionSense:10+10,in-domain,full,3,MotionSense,0.722998046875,0.679559688791306,tail20
tfc,tstcc,device:RealWorld_thigh+MotionSense:10+10,in-domain,full,3,RealWorld_thigh,0.6155555555555556,0.5695137911498491,tail20
tfc,tstcc,device:RealWorld_thigh+MotionSense:5+5,in-domain,1,0,MotionSense,0.753662109375,0.7583846307151821,tail20
tfc,tstcc,device:RealWorld_thigh+MotionSense:5+5,in-domain,1,0,RealWorld_thigh,0.5464236111111112,0.5404787167101419,tail20
tfc,tstcc,device:RealWorld_thigh+MotionSense:5+5,in-domain,1,1,MotionSense,0.70625,0.6789124712883521,tail20
tfc,tstcc,device:RealWorld_thigh+MotionSense:5+5,in-domain,1,1,RealWorld_thigh,0.5141319444444444,0.49351388265163576,tail20
tfc,tstcc,device:RealWorld_thigh+MotionSense:5+5,in-domain,1,2,MotionSense,0.582763671875,0.5671360104276174,tail20
tfc,tstcc,device:RealWorld_thigh+MotionSense:5+5,in-domain,1,2,RealWorld_thigh,0.3872395833333333,0.35199765260981086,tail20
tfc,tstcc,device:RealWorld_thigh+MotionSense:5+5,in-domain,1,3,MotionSense,0.67939453125,0.6810240763500118,tail20
tfc,tstcc,device:RealWorld_thigh+MotionSense:5+5,in-domain,1,3,RealWorld_thigh,0.47723958333333333,0.47218601449213493,tail20
tfc,tstcc,device:RealWorld_thigh+MotionSense:5+5,in-domain,10,0,MotionSense,0.756689453125,0.7522545558961357,tail20
tfc,tstcc,device:RealWorld_thigh+MotionSense:5+5,in-domain,10,0,RealWorld_thigh,0.5727604166666667,0.5584841902818904,tail20
tfc,tstcc,device:RealWorld_thigh+MotionSense:5+5,in-domain,10,1,MotionSense,0.71484375,0.6614966989889821,tail20
tfc,tstcc,device:RealWorld_thigh+MotionSense:5+5,in-domain,10,1,RealWorld_thigh,0.5690277777777777,0.5211899589089722,tail20
tfc,tstcc,device:RealWorld_thigh+MotionSense:5+5,in-domain,10,2,MotionSense,0.740234375,0.7055841990048412,tail20
tfc,tstcc,device:RealWorld_thigh+MotionSense:5+5,in-domain,10,2,RealWorld_thigh,0.6211458333333333,0.6167377659921448,tail20
tfc,tstcc,device:RealWorld_thigh+MotionSense:5+5,in-domain,10,3,MotionSense,0.712939453125,0.6905642793167959,tail20
tfc,tstcc,device:RealWorld_thigh+MotionSense:5+5,in-domain,10,3,RealWorld_thigh,0.5709375,0.5705983876660479,tail20
tfc,tstcc,device:RealWorld_thigh+MotionSense:5+5,in-domain,2,0,MotionSense,0.78916015625,0.7790957937706333,tail20
tfc,tstcc,device:RealWorld_thigh+MotionSense:5+5,in-domain,2,0,RealWorld_thigh,0.5711111111111111,0.5434257482186375,tail20
tfc,tstcc,device:RealWorld_thigh+MotionSense:5+5,in-domain,2,1,MotionSense,0.639306640625,0.579564640955152,tail20
tfc,tstcc,device:RealWorld_thigh+MotionSense:5+5,in-domain,2,1,RealWorld_thigh,0.47836805555555556,0.4358369111141663,tail20
tfc,tstcc,device:RealWorld_thigh+MotionSense:5+5,in-domain,2,2,MotionSense,0.7478515625,0.7476103229689262,tail20
tfc,tstcc,device:RealWorld_thigh+MotionSense:5+5,in-domain,2,2,RealWorld_thigh,0.5197569444444444,0.5104835984148877,tail20
tfc,tstcc,device:RealWorld_thigh+MotionSense:5+5,in-domain,2,3,MotionSense,0.59951171875,0.5505549526014548,tail20
tfc,tstcc,device:RealWorld_thigh+MotionSense:5+5,in-domain,2,3,RealWorld_thigh,0.5013368055555556,0.46102002940407427,tail20
tfc,tstcc,device:RealWorld_thigh+MotionSense:5+5,in-domain,5,0,MotionSense,0.782958984375,0.7814567629654563,tail20
tfc,tstcc,device:RealWorld_thigh+MotionSense:5+5,in-domain,5,0,RealWorld_thigh,0.5334895833333333,0.529336729701191,tail20
tfc,tstcc,device:RealWorld_thigh+MotionSense:5+5,in-domain,5,1,MotionSense,0.72421875,0.6831638608359067,tail20
tfc,tstcc,device:RealWorld_thigh+MotionSense:5+5,in-domain,5,1,RealWorld_thigh,0.5821006944444445,0.5559613348888641,tail20
tfc,tstcc,device:RealWorld_thigh+MotionSense:5+5,in-domain,5,2,MotionSense,0.661962890625,0.6392767503235989,tail20
tfc,tstcc,device:RealWorld_thigh+MotionSense:5+5,in-domain,5,2,RealWorld_thigh,0.58140625,0.5585453194826384,tail20
tfc,tstcc,device:RealWorld_thigh+MotionSense:5+5,in-domain,5,3,MotionSense,0.6783203125,0.6394536741873802,tail20
tfc,tstcc,device:RealWorld_thigh+MotionSense:5+5,in-domain,5,3,RealWorld_thigh,0.5325347222222222,0.5323875709180227,tail20
tfc,tstcc,device:RealWorld_thigh+MotionSense:5+5,in-domain,full,0,MotionSense,0.73193359375,0.6825679158848387,tail20
tfc,tstcc,device:RealWorld_thigh+MotionSense:5+5,in-domain,full,0,RealWorld_thigh,0.6504513888888889,0.6299495968621256,tail20
tfc,tstcc,device:RealWorld_thigh+MotionSense:5+5,in-domain,full,1,MotionSense,0.8212890625,0.8060539850121724,tail20
tfc,tstcc,device:RealWorld_thigh+MotionSense:5+5,in-domain,full,1,RealWorld_thigh,0.5767013888888889,0.5749299031196438,tail20
tfc,tstcc,device:RealWorld_thigh+MotionSense:5+5,in-domain,full,2,MotionSense,0.712158203125,0.662966923403655,tail20
tfc,tstcc,device:RealWorld_thigh+MotionSense:5+5,in-domain,full,2,RealWorld_thigh,0.6784895833333333,0.6731798127972164,tail20
tfc,tstcc,device:RealWorld_thigh+MotionSense:5+5,in-domain,full,3,MotionSense,0.686328125,0.639299018308068,tail20
tfc,tstcc,device:RealWorld_thigh+MotionSense:5+5,in-domain,full,3,RealWorld_thigh,0.6149479166666667,0.6037286707348681,tail20
tfc,tstcc,device:RealWorld_thigh:10,device:MotionSense:10,1,0,RealWorld_thigh,0.5514930555555556,0.502759273885575,tail20
tfc,tstcc,device:RealWorld_thigh:10,device:MotionSense:10,1,1,RealWorld_thigh,0.42078125,0.40472319573543525,tail20
tfc,tstcc,device:RealWorld_thigh:10,device:MotionSense:10,1,2,RealWorld_thigh,0.4375520833333333,0.3855582839255508,tail20
tfc,tstcc,device:RealWorld_thigh:10,device:MotionSense:10,1,3,RealWorld_thigh,0.5434895833333333,0.5164622326645774,tail20
tfc,tstcc,device:RealWorld_thigh:10,device:MotionSense:10,10,0,RealWorld_thigh,0.6609895833333334,0.6564204381243187,tail20
tfc,tstcc,device:RealWorld_thigh:10,device:MotionSense:10,10,1,RealWorld_thigh,0.5932291666666667,0.5519102211496956,tail20
tfc,tstcc,device:RealWorld_thigh:10,device:MotionSense:10,10,2,RealWorld_thigh,0.6529340277777778,0.6478267929558816,tail20
tfc,tstcc,device:RealWorld_thigh:10,device:MotionSense:10,10,3,RealWorld_thigh,0.610625,0.5898237981899477,tail20
tfc,tstcc,device:RealWorld_thigh:10,device:MotionSense:10,2,0,RealWorld_thigh,0.5848784722222222,0.5511901311967892,tail20
tfc,tstcc,device:RealWorld_thigh:10,device:MotionSense:10,2,1,RealWorld_thigh,0.47723958333333333,0.4290105718449791,tail20
tfc,tstcc,device:RealWorld_thigh:10,device:MotionSense:10,2,2,RealWorld_thigh,0.5509722222222222,0.49952587863019726,tail20
tfc,tstcc,device:RealWorld_thigh:10,device:MotionSense:10,2,3,RealWorld_thigh,0.5294270833333333,0.4946464240197116,tail20
tfc,tstcc,device:RealWorld_thigh:10,device:MotionSense:10,5,0,RealWorld_thigh,0.6329687500000001,0.6230616124594401,tail20
tfc,tstcc,device:RealWorld_thigh:10,device:MotionSense:10,5,1,RealWorld_thigh,0.596875,0.5808711470604626,tail20
tfc,tstcc,device:RealWorld_thigh:10,device:MotionSense:10,5,2,RealWorld_thigh,0.5994444444444444,0.5519593559366085,tail20
tfc,tstcc,device:RealWorld_thigh:10,device:MotionSense:10,5,3,RealWorld_thigh,0.5897222222222223,0.5840245537444173,tail20
tfc,tstcc,device:RealWorld_thigh:10,device:MotionSense:10,full,0,RealWorld_thigh,0.664704861111111,0.6174823110126126,tail20
tfc,tstcc,device:RealWorld_thigh:10,device:MotionSense:10,full,1,RealWorld_thigh,0.6357638888888888,0.5910123857089866,tail20
tfc,tstcc,device:RealWorld_thigh:10,device:MotionSense:10,full,2,RealWorld_thigh,0.6414236111111111,0.5970352765261913,tail20
tfc,tstcc,device:RealWorld_thigh:10,device:MotionSense:10,full,3,RealWorld_thigh,0.6729166666666667,0.6279270288710739,tail20
tfc,tstcc,device:RealWorld_thigh:10,in-domain,1,0,RealWorld_thigh,0.5270659722222222,0.4771011718671301,tail20
tfc,tstcc,device:RealWorld_thigh:10,in-domain,1,1,RealWorld_thigh,0.4736979166666666,0.4751142081672993,tail20
tfc,tstcc,device:RealWorld_thigh:10,in-domain,1,2,RealWorld_thigh,0.5061111111111111,0.4489320367772348,tail20
tfc,tstcc,device:RealWorld_thigh:10,in-domain,1,3,RealWorld_thigh,0.5218576388888889,0.4742378882809547,tail20
tfc,tstcc,device:RealWorld_thigh:10,in-domain,10,0,RealWorld_thigh,0.5961805555555555,0.5739599221740317,tail20
tfc,tstcc,device:RealWorld_thigh:10,in-domain,10,1,RealWorld_thigh,0.6577256944444445,0.6177746546481572,tail20
tfc,tstcc,device:RealWorld_thigh:10,in-domain,10,2,RealWorld_thigh,0.588125,0.5667350419778756,tail20
tfc,tstcc,device:RealWorld_thigh:10,in-domain,10,3,RealWorld_thigh,0.6852951388888889,0.6599393974973251,tail20
tfc,tstcc,device:RealWorld_thigh:10,in-domain,2,0,RealWorld_thigh,0.6426041666666666,0.6389093787737858,tail20
tfc,tstcc,device:RealWorld_thigh:10,in-domain,2,1,RealWorld_thigh,0.5138541666666667,0.4718821219804175,tail20
tfc,tstcc,device:RealWorld_thigh:10,in-domain,2,2,RealWorld_thigh,0.564670138888889,0.5112470211839248,tail20
tfc,tstcc,device:RealWorld_thigh:10,in-domain,2,3,RealWorld_thigh,0.5453298611111111,0.5134163753661813,tail20
tfc,tstcc,device:RealWorld_thigh:10,in-domain,5,0,RealWorld_thigh,0.6341493055555556,0.5977458004093522,tail20
tfc,tstcc,device:RealWorld_thigh:10,in-domain,5,1,RealWorld_thigh,0.6244270833333333,0.6080147128169171,tail20
tfc,tstcc,device:RealWorld_thigh:10,in-domain,5,2,RealWorld_thigh,0.5476736111111111,0.5229698218335798,tail20
tfc,tstcc,device:RealWorld_thigh:10,in-domain,5,3,RealWorld_thigh,0.6086458333333333,0.5820091345700567,tail20
tfc,tstcc,device:RealWorld_thigh:10,in-domain,full,0,RealWorld_thigh,0.6530555555555556,0.6567030899816025,tail20
tfc,tstcc,device:RealWorld_thigh:10,in-domain,full,1,RealWorld_thigh,0.6799131944444444,0.6362374169191625,tail20
tfc,tstcc,device:RealWorld_thigh:10,in-domain,full,2,RealWorld_thigh,0.6402430555555556,0.5946655148201201,tail20
tfc,tstcc,device:RealWorld_thigh:10,in-domain,full,3,RealWorld_thigh,0.7110763888888889,0.6663386159423248,tail20
