encoder,spec,budget,seed,local_epochs,round,target,test_acc,test_f1_macro,val_acc,val_f1_macro,uplink_mb,downlink_mb,method,n_shots,pretrain_rounds
rnn,device:RealWorld_thigh+MotionSense:5+5,192,0,5,1,RealWorld_thigh,0.3451388888888889,0.2093961625213704,0.3381696428571428,0.2163326909794546,19.99305725097656,19.99305725097656,tfc,10,100
rnn,device:RealWorld_thigh+MotionSense:5+5,192,0,5,1,MotionSense,0.3251953125,0.2058728098637248,0.2682291666666667,0.1608629768843855,19.99305725097656,19.99305725097656,tfc,10,100
rnn,device:RealWorld_thigh+MotionSense:5+5,192,0,5,2,RealWorld_thigh,0.4166666666666667,0.3209435407834242,0.4246651785714285,0.3419996265467695,19.99305725097656,19.99305725097656,tfc,10,100
rnn,device:RealWorld_thigh+MotionSense:5+5,192,0,5,2,MotionSense,0.451171875,0.3714310520792249,0.4140625,0.322581733189784,19.99305725097656,19.99305725097656,tfc,10,100
rnn,device:RealWorld_thigh+MotionSense:5+5,192,0,5,3,RealWorld_thigh,0.5111111111111111,0.4175425672279527,0.5011160714285714,0.4183358132547914,19.99305725097656,19.99305725097656,tfc,10,100
rnn,device:RealWorld_thigh+MotionSense:5+5,192,0,5,3,MotionSense,0.541015625,0.4479237830924649,0.4427083333333333,0.333642328793634,19.99305725097656,19.99305725097656,tfc,10,100
rnn,device:RealWorld_thigh+MotionSense:5+5,192,0,5,4,RealWorld_thigh,0.5177083333333333,0.4242865977527881,0.5401785714285714,0.4503932822800915,19.99305725097656,19.99305725097656,tfc,10,100
rnn,device:RealWorld_thigh+MotionSense:5+5,192,0,5,4,MotionSense,0.5654296875,0.4740528740551584,0.4401041666666667,0.3341089762054404,19.99305725097656,19.99305725097656,tfc,10,100
rnn,device:RealWorld_thigh+MotionSense:5+5,192,0,5,5,RealWorld_thigh,0.5288194444444444,0.4476785271407013,0.5474330357142857,0.4676166160408558,19.99305725097656,19.99305725097656,tfc,10,100
rnn,device:RealWorld_thigh+MotionSense:5+5,192,0,5,5,MotionSense,0.6005859375,0.5276155132241923,0.4557291666666667,0.3587308552112123,19.99305725097656,19.99305725097656,tfc,10,100
rnn,device:RealWorld_thigh+MotionSense:5+5,192,0,5,6,RealWorld_thigh,0.5413194444444445,0.4818471656990999,0.546875,0.483618196711488,19.99305725097656,19.99305725097656,tfc,10,100
rnn,device:RealWorld_thigh+MotionSense:5+5,192,0,5,6,MotionSense,0.625,0.5663597188823619,0.4817708333333333,0.4050781431378676,19.99305725097656,19.99305725097656,tfc,10,100
rnn,device:RealWorld_thigh+MotionSense:5+5,192,0,5,7,RealWorld_thigh,0.5517361111111111,0.5052424185424224,0.5546875,0.5073841317808244,19.99305725097656,19.99305725097656,tfc,10,100
rnn,device:RealWorld_thigh+MotionSense:5+5,192,0,5,7,MotionSense,0.65234375,0.6090195518184601,0.5390625,0.4869447613919771,19.99305725097656,19.99305725097656,tfc,10,100
rnn,device:RealWorld_thigh+MotionSense:5+5,192,0,5,8,RealWorld_thigh,0.5604166666666667,0.5217529526147157,0.5764508928571429,0.5446766956228685,19.99305725097656,19.99305725097656,tfc,10,100
rnn,device:RealWorld_thigh+MotionSense:5+5,192,0,5,8,MotionSense,0.69140625,0.6677222736517816,0.5651041666666666,0.5195753802795123,19.99305725097656,19.99305725097656,tfc,10,100
rnn,device:RealWorld_thigh+MotionSense:5+5,192,0,5,9,RealWorld_thigh,0.5743055555555555,0.5429403556059014,0.5959821428571429,0.5725119172579836,19.99305725097656,19.99305725097656,tfc,10,100
rnn,device:RealWorld_thigh+MotionSense:5+5,192,0,5,9,MotionSense,0.716796875,0.7001361048317878,0.6015625,0.5599779153279102,19.99305725097656,19.99305725097656,tfc,10,100
rnn,device:RealWorld_thigh+MotionSense:5+5,192,0,5,10,RealWorld_thigh,0.5840277777777778,0.5570672534902613,0.6127232142857143,0.5951275052323428,19.99305725097656,19.99305725097656,tfc,10,100
rnn,device:RealWorld_thigh+MotionSense:5+5,192,0,5,10,MotionSense,0.7412109375,0.7268876659631074,0.6119791666666666,0.5717734672585939,19.99305725097656,19.99305725097656,tfc,10,100
rnn,device:RealWorld_thigh+MotionSense:5+5,192,0,5,11,RealWorld_thigh,0.5920138888888888,0.5680615838045715,0.6233258928571429,0.608017275634989,19.99305725097656,19.99305725097656,tfc,10,100
rnn,device:RealWorld_thigh+MotionSense:5+5,192,0,5,11,MotionSense,0.76171875,0.7496650020214327,0.6145833333333334,0.5728265125374196,19.99305725097656,19.99305725097656,tfc,10,100
rnn,device:RealWorld_thigh+MotionSense:5+5,192,0,5,12,RealWorld_thigh,0.5982638888888889,0.577421195887488,0.6255580357142857,0.6132041115829923,19.99305725097656,19.99305725097656,tfc,10,100
rnn,device:RealWorld_thigh+MotionSense:5+5,192,0,5,12,MotionSense,0.783203125,0.7718802822505005,0.6145833333333334,0.578564916794798,19.99305725097656,19.99305725097656,tfc,10,100
rnn,device:RealWorld_thigh+MotionSense:5+5,192,0,5,13,RealWorld_thigh,0.60625,0.5895094416974734,0.6311383928571429,0.6206000845265559,19.99305725097656,19.99305725097656,tfc,10,100
rnn,device:RealWorld_thigh+MotionSense:5+5,192,0,5,13,MotionSense,0.7861328125,0.7762283273584526,0.6276041666666666,0.5927803511787312,19.99305725097656,19.99305725097656,tfc,10,100
rnn,device:RealWorld_thigh+MotionSense:5+5,192,0,5,14,RealWorld_thigh,0.6131944444444445,0.5989131649066152,0.6294642857142857,0.621765151786262,19.99305725097656,19.99305725097656,tfc,10,100
rnn,device:RealWorld_thigh+MotionSense:5+5,192,0,5,14,MotionSense,0.7900390625,0.781225748338063,0.6484375,0.6148441870407011,19.99305725097656,19.99305725097656,tfc,10,100
rnn,device:RealWorld_thigh+MotionSense:5+5,192,0,5,15,RealWorld_thigh,0.6177083333333333,0.6058140599532748,0.6216517857142857,0.6167838024183346,19.99305725097656,19.99305725097656,tfc,10,100
rnn,device:RealWorld_thigh+MotionSense:5+5,192,0,5,15,MotionSense,0.7890625,0.780449859153682,0.6458333333333334,0.614384896203184,19.99305725097656,19.99305725097656,tfc,10,100
rnn,device:RealWorld_thigh+MotionSense:5+5,192,0,5,16,RealWorld_thigh,0.6208333333333333,0.6096370583137833,0.6255580357142857,0.6216386519938771,19.99305725097656,19.99305725097656,tfc,10,100
rnn,device:RealWorld_thigh+MotionSense:5+5,192,0,5,16,MotionSense,0.7998046875,0.792464129703626,0.6536458333333334,0.6247348174447238,19.99305725097656,19.99305725097656,tfc,10,100
rnn,device:RealWorld_thigh+MotionSense:5+5,192,0,5,17,RealWorld_thigh,0.6256944444444444,0.615142990915828,0.6244419642857143,0.6216987426910112,19.99305725097656,19.99305725097656,tfc,10,100
rnn,device:RealWorld_thigh+MotionSense:5+5,192,0,5,17,MotionSense,0.802734375,0.7951937753230792,0.6666666666666666,0.6394660291246304,19.99305725097656,19.99305725097656,tfc,10,100
rnn,device:RealWorld_thigh+MotionSense:5+5,192,0,5,18,RealWorld_thigh,0.628125,0.618261525330093,0.6244419642857143,0.6226483881303424,19.99305725097656,19.99305725097656,tfc,10,100
rnn,device:RealWorld_thigh+MotionSense:5+5,192,0,5,18,MotionSense,0.80859375,0.8013485217442993,0.6744791666666666,0.6464904795879264,19.99305725097656,19.99305725097656,tfc,10,100
rnn,device:RealWorld_thigh+MotionSense:5+5,192,0,5,19,RealWorld_thigh,0.63125,0.6218409707642403,0.6244419642857143,0.6231584167777012,19.99305725097656,19.99305725097656,tfc,10,100
rnn,device:RealWorld_thigh+MotionSense:5+5,192,0,5,19,MotionSense,0.8115234375,0.8045933981721042,0.6744791666666666,0.645229793798667,19.99305725097656,19.99305725097656,tfc,10,100
rnn,device:RealWorld_thigh+MotionSense:5+5,192,0,5,20,RealWorld_thigh,0.6340277777777777,0.6254209759389202,0.6283482142857143,0.6270727275853675,19.99305725097656,19.99305725097656,tfc,10,100
rnn,device:RealWorld_thigh+MotionSense:5+5,192,0,5,20,MotionSense,0.8154296875,0.8087259703707663,0.6901041666666666,0.6608942083795458,19.99305725097656,19.99305725097656,tfc,10,100
rnn,device:RealWorld_thigh+MotionSense:5+5,192,0,5,21,RealWorld_thigh,0.6385416666666667,0.6300446648841401,0.6305803571428571,0.6295009500593668,19.99305725097656,19.99305725097656,tfc,10,100
rnn,device:RealWorld_thigh+MotionSense:5+5,192,0,5,21,MotionSense,0.8154296875,0.8088965129535924,0.6901041666666666,0.6603471121808041,19.99305725097656,19.99305725097656,tfc,10,100
rnn,device:RealWorld_thigh+MotionSense:5+5,192,0,5,22,RealWorld_thigh,0.6395833333333333,0.6318063360689302,0.6322544642857143,0.6308225390365263,19.99305725097656,19.99305725097656,tfc,10,100
rnn,device:RealWorld_thigh+MotionSense:5+5,192,0,5,22,MotionSense,0.818359375,0.8116299895718462,0.6875,0.6559710236759898,19.99305725097656,19.99305725097656,tfc,10,100
rnn,device:RealWorld_thigh+MotionSense:5+5,192,0,5,23,RealWorld_thigh,0.6420138888888889,0.6348939615972672,0.6372767857142857,0.6345386370971502,19.99305725097656,19.99305725097656,tfc,10,100
rnn,device:RealWorld_thigh+MotionSense:5+5,192,0,5,23,MotionSense,0.814453125,0.8071571723120837,0.6875,0.6558505413817367,19.99305725097656,19.99305725097656,tfc,10,100
rnn,device:RealWorld_thigh+MotionSense:5+5,192,0,5,24,RealWorld_thigh,0.6416666666666667,0.6343293086351691,0.6383928571428571,0.6339792610200835,19.99305725097656,19.99305725097656,tfc,10,100
rnn,device:RealWorld_thigh+MotionSense:5+5,192,0,5,24,MotionSense,0.8125,0.8050383948597887,0.6875,0.6558827833802109,19.99305725097656,19.99305725097656,tfc,10,100
rnn,device:RealWorld_thigh+MotionSense:5+5,192,0,5,25,RealWorld_thigh,0.6440972222222222,0.637177854745169,0.6389508928571429,0.6331536855266189,19.99305725097656,19.99305725097656,tfc,10,100
rnn,device:RealWorld_thigh+MotionSense:5+5,192,0,5,25,MotionSense,0.814453125,0.8070068265993289,0.6927083333333334,0.6611873687103632,19.99305725097656,19.99305725097656,tfc,10,100
rnn,device:RealWorld_thigh+MotionSense:5+5,192,0,5,26,RealWorld_thigh,0.646875,0.6392545253452561,0.6389508928571429,0.6323084909888067,19.99305725097656,19.99305725097656,tfc,10,100
rnn,device:RealWorld_thigh+MotionSense:5+5,192,0,5,26,MotionSense,0.81640625,0.8087183397646264,0.6953125,0.66509396790283,19.99305725097656,19.99305725097656,tfc,10,100
rnn,device:RealWorld_thigh+MotionSense:5+5,192,0,5,27,RealWorld_thigh,0.6472222222222223,0.639139725738677,0.6339285714285714,0.6260768961425741,19.99305725097656,19.99305725097656,tfc,10,100
rnn,device:RealWorld_thigh+MotionSense:5+5,192,0,5,27,MotionSense,0.8173828125,0.8088173170581867,0.7109375,0.6815831170080523,19.99305725097656,19.99305725097656,tfc,10,100
rnn,device:RealWorld_thigh+MotionSense:5+5,192,0,5,28,RealWorld_thigh,0.6510416666666666,0.6424894252937516,0.6283482142857143,0.6198224371543241,19.99305725097656,19.99305725097656,tfc,10,100
rnn,device:RealWorld_thigh+MotionSense:5+5,192,0,5,28,MotionSense,0.81640625,0.8076766578123636,0.71875,0.690698318205365,19.99305725097656,19.99305725097656,tfc,10,100
rnn,device:RealWorld_thigh+MotionSense:5+5,192,0,5,29,RealWorld_thigh,0.6545138888888888,0.6454822386224079,0.62890625,0.6194154139100824,19.99305725097656,19.99305725097656,tfc,10,100
rnn,device:RealWorld_thigh+MotionSense:5+5,192,0,5,29,MotionSense,0.8154296875,0.80631405452156,0.7135416666666666,0.6859711247159916,19.99305725097656,19.99305725097656,tfc,10,100
rnn,device:RealWorld_thigh+MotionSense:5+5,192,0,5,30,RealWorld_thigh,0.6538194444444444,0.6442088842720002,0.6305803571428571,0.6204972218369101,19.99305725097656,19.99305725097656,tfc,10,100
rnn,device:RealWorld_thigh+MotionSense:5+5,192,0,5,30,MotionSense,0.8173828125,0.8085748654928003,0.7109375,0.6829862672356596,19.99305725097656,19.99305725097656,tfc,10,100
rnn,device:RealWorld_thigh+MotionSense:5+5,192,0,5,31,RealWorld_thigh,0.6565972222222223,0.6467082296047267,0.6277901785714286,0.6180504792525988,19.99305725097656,19.99305725097656,tfc,10,100
rnn,device:RealWorld_thigh+MotionSense:5+5,192,0,5,31,MotionSense,0.8115234375,0.8019502522181189,0.7135416666666666,0.6833198862229368,19.99305725097656,19.99305725097656,tfc,10,100
rnn,device:RealWorld_thigh+MotionSense:5+5,192,0,5,32,RealWorld_thigh,0.6597222222222222,0.6495525867014335,0.6283482142857143,0.618471460737766,19.99305725097656,19.99305725097656,tfc,10,100
rnn,device:RealWorld_thigh+MotionSense:5+5,192,0,5,32,MotionSense,0.8115234375,0.80209822357544,0.7161458333333334,0.6863952057326653,19.99305725097656,19.99305725097656,tfc,10,100
rnn,device:RealWorld_thigh+MotionSense:5+5,192,0,5,33,RealWorld_thigh,0.6618055555555555,0.6514959197514173,0.6294642857142857,0.6190910066381176,19.99305725097656,19.99305725097656,tfc,10,100
rnn,device:RealWorld_thigh+MotionSense:5+5,192,0,5,33,MotionSense,0.8134765625,0.8042371560001866,0.71875,0.688161625349521,19.99305725097656,19.99305725097656,tfc,10,100
rnn,device:RealWorld_thigh+MotionSense:5+5,192,0,5,34,RealWorld_thigh,0.6625,0.6518844428561034,0.62890625,0.618434415970394,19.99305725097656,19.99305725097656,tfc,10,100
rnn,device:RealWorld_thigh+MotionSense:5+5,192,0,5,34,MotionSense,0.81640625,0.8074014063116309,0.7239583333333334,0.6940111787175992,19.99305725097656,19.99305725097656,tfc,10,100
rnn,device:RealWorld_thigh+MotionSense:5+5,192,0,5,35,RealWorld_thigh,0.6649305555555556,0.6534296670863157,0.6272321428571429,0.6164691724532677,19.99305725097656,19.99305725097656,tfc,10,100
rnn,device:RealWorld_thigh+MotionSense:5+5,192,0,5,35,MotionSense,0.8173828125,0.808674004597835,0.7265625,0.6967825904510674,19.99305725097656,19.99305725097656,tfc,10,100
rnn,device:RealWorld_thigh+MotionSense:5+5,192,0,5,36,RealWorld_thigh,0.6673611111111111,0.6553813813504468,0.62890625,0.6182387744518245,19.99305725097656,19.99305725097656,tfc,10,100
rnn,device:RealWorld_thigh+MotionSense:5+5,192,0,5,36,MotionSense,0.8173828125,0.8087147816223973,0.7291666666666666,0.699146793060368,19.99305725097656,19.99305725097656,tfc,10,100
rnn,device:RealWorld_thigh+MotionSense:5+5,192,0,5,37,RealWorld_thigh,0.6680555555555555,0.6554129857553693,0.62890625,0.6170512048220801,19.99305725097656,19.99305725097656,tfc,10,100
rnn,device:RealWorld_thigh+MotionSense:5+5,192,0,5,37,MotionSense,0.8173828125,0.8088299656547324,0.734375,0.7046184225016181,19.99305725097656,19.99305725097656,tfc,10,100
rnn,device:RealWorld_thigh+MotionSense:5+5,192,0,5,38,RealWorld_thigh,0.6684027777777778,0.655574346603445,0.6272321428571429,0.614877735819471,19.99305725097656,19.99305725097656,tfc,10,100
rnn,device:RealWorld_thigh+MotionSense:5+5,192,0,5,38,MotionSense,0.822265625,0.8137250719557564,0.734375,0.7046184225016181,19.99305725097656,19.99305725097656,tfc,10,100
rnn,device:RealWorld_thigh+MotionSense:5+5,192,0,5,39,RealWorld_thigh,0.6708333333333333,0.6580353503699881,0.6272321428571429,0.6153077673086002,19.99305725097656,19.99305725097656,tfc,10,100
rnn,device:RealWorld_thigh+MotionSense:5+5,192,0,5,39,MotionSense,0.8212890625,0.812574899120582,0.734375,0.7047549005764603,19.99305725097656,19.99305725097656,tfc,10,100
rnn,device:RealWorld_thigh+MotionSense:5+5,192,0,5,40,RealWorld_thigh,0.6722222222222223,0.6593800755921904,0.6255580357142857,0.6131423499453411,19.99305725097656,19.99305725097656,tfc,10,100
rnn,device:RealWorld_thigh+MotionSense:5+5,192,0,5,40,MotionSense,0.82421875,0.8156272367171454,0.734375,0.7047549005764603,19.99305725097656,19.99305725097656,tfc,10,100
rnn,device:RealWorld_thigh+MotionSense:5+5,192,0,5,41,RealWorld_thigh,0.6729166666666667,0.6594603094427162,0.6244419642857143,0.612226674675996,19.99305725097656,19.99305725097656,tfc,10,100
rnn,device:RealWorld_thigh+MotionSense:5+5,192,0,5,41,MotionSense,0.8251953125,0.8168609023252779,0.7369791666666666,0.7072761705739402,19.99305725097656,19.99305725097656,tfc,10,100
rnn,device:RealWorld_thigh+MotionSense:5+5,192,0,5,42,RealWorld_thigh,0.6736111111111112,0.6603073931298732,0.625,0.6131447116084104,19.99305725097656,19.99305725097656,tfc,10,100
rnn,device:RealWorld_thigh+MotionSense:5+5,192,0,5,42,MotionSense,0.8251953125,0.8170923246725889,0.7369791666666666,0.7069305994544389,19.99305725097656,19.99305725097656,tfc,10,100
rnn,device:RealWorld_thigh+MotionSense:5+5,192,0,5,43,RealWorld_thigh,0.6746527777777778,0.6614084054183426,0.6233258928571429,0.6113477456623795,19.99305725097656,19.99305725097656,tfc,10,100
rnn,device:RealWorld_thigh+MotionSense:5+5,192,0,5,43,MotionSense,0.828125,0.8199014027683301,0.7369791666666666,0.7066385488377769,19.99305725097656,19.99305725097656,tfc,10,100
rnn,device:RealWorld_thigh+MotionSense:5+5,192,0,5,44,RealWorld_thigh,0.6763888888888889,0.6631653733121142,0.6261160714285714,0.614136521688922,19.99305725097656,19.99305725097656,tfc,10,100
rnn,device:RealWorld_thigh+MotionSense:5+5,192,0,5,44,MotionSense,0.828125,0.8199904961050691,0.7369791666666666,0.7066385488377769,19.99305725097656,19.99305725097656,tfc,10,100
rnn,device:RealWorld_thigh+MotionSense:5+5,192,0,5,45,RealWorld_thigh,0.678125,0.6652118069155019,0.6272321428571429,0.615231963422749,19.99305725097656,19.99305725097656,tfc,10,100
rnn,device:RealWorld_thigh+MotionSense:5+5,192,0,5,45,MotionSense,0.8271484375,0.818916281078175,0.7369791666666666,0.7066385488377769,19.99305725097656,19.99305725097656,tfc,10,100
rnn,device:RealWorld_thigh+MotionSense:5+5,192,0,5,46,RealWorld_thigh,0.6798611111111111,0.6672088414854506,0.6283482142857143,0.6158082891641423,19.99305725097656,19.99305725097656,tfc,10,100
rnn,device:RealWorld_thigh+MotionSense:5+5,192,0,5,46,MotionSense,0.8271484375,0.8185773825186152,0.7395833333333334,0.7090164538421818,19.99305725097656,19.99305725097656,tfc,10,100
rnn,device:RealWorld_thigh+MotionSense:5+5,192,0,5,47,RealWorld_thigh,0.6826388888888889,0.6704719185180866,0.6294642857142857,0.6164025255684761,19.99305725097656,19.99305725097656,tfc,10,100
rnn,device:RealWorld_thigh+MotionSense:5+5,192,0,5,47,MotionSense,0.828125,0.8194604606449554,0.7395833333333334,0.7090164538421818,19.99305725097656,19.99305725097656,tfc,10,100
rnn,device:RealWorld_thigh+MotionSense:5+5,192,0,5,48,RealWorld_thigh,0.6854166666666667,0.6735246793042293,0.6311383928571429,0.6178098703669325,19.99305725097656,19.99305725097656,tfc,10,100
rnn,device:RealWorld_thigh+MotionSense:5+5,192,0,5,48,MotionSense,0.828125,0.8194604606449554,0.7421875,0.7118410937495708,19.99305725097656,19.99305725097656,tfc,10,100
rnn,device:RealWorld_thigh+MotionSense:5+5,192,0,5,49,RealWorld_thigh,0.6850694444444444,0.6730108899555369,0.6311383928571429,0.6181080402905618,19.99305725097656,19.99305725097656,tfc,10,100
rnn,device:RealWorld_thigh+MotionSense:5+5,192,0,5,49,MotionSense,0.8251953125,0.8163568416744641,0.7421875,0.7118410937495708,19.99305725097656,19.99305725097656,tfc,10,100
rnn,device:RealWorld_thigh+MotionSense:5+5,192,0,5,50,RealWorld_thigh,0.6850694444444444,0.6728931358328204,0.6311383928571429,0.6177850814691291,19.99305725097656,19.99305725097656,tfc,10,100
rnn,device:RealWorld_thigh+MotionSense:5+5,192,0,5,50,MotionSense,0.8251953125,0.8163383486513206,0.7447916666666666,0.7145900931245168,19.99305725097656,19.99305725097656,tfc,10,100
rnn,device:RealWorld_thigh+MotionSense:5+5,192,0,5,51,RealWorld_thigh,0.6854166666666667,0.6734455592170753,0.6328125,0.6189335009087765,19.99305725097656,19.99305725097656,tfc,10,100
rnn,device:RealWorld_thigh+MotionSense:5+5,192,0,5,51,MotionSense,0.828125,0.8194169911998125,0.7473958333333334,0.7168391285312395,19.99305725097656,19.99305725097656,tfc,10,100
rnn,device:RealWorld_thigh+MotionSense:5+5,192,0,5,52,RealWorld_thigh,0.6854166666666667,0.6735164269551497,0.6344866071428571,0.620939843015067,19.99305725097656,19.99305725097656,tfc,10,100
rnn,device:RealWorld_thigh+MotionSense:5+5,192,0,5,52,MotionSense,0.828125,0.8191841969658232,0.7473958333333334,0.7168391285312395,19.99305725097656,19.99305725097656,tfc,10,100
rnn,device:RealWorld_thigh+MotionSense:5+5,192,0,5,53,RealWorld_thigh,0.6871527777777777,0.675394948533108,0.6356026785714286,0.6221236904240305,19.99305725097656,19.99305725097656,tfc,10,100
rnn,device:RealWorld_thigh+MotionSense:5+5,192,0,5,53,MotionSense,0.828125,0.8191841969658232,0.7473958333333334,0.7167030516296036,19.99305725097656,19.99305725097656,tfc,10,100
rnn,device:RealWorld_thigh+MotionSense:5+5,192,0,5,54,RealWorld_thigh,0.6878472222222223,0.6757739769926521,0.6378348214285714,0.6241277484071867,19.99305725097656,19.99305725097656,tfc,10,100
rnn,device:RealWorld_thigh+MotionSense:5+5,192,0,5,54,MotionSense,0.830078125,0.820845304067728,0.7421875,0.7098884765576602,19.99305725097656,19.99305725097656,tfc,10,100
rnn,device:RealWorld_thigh+MotionSense:5+5,192,0,5,55,RealWorld_thigh,0.6892361111111112,0.6773658119799396,0.640625,0.6273952865486266,19.99305725097656,19.99305725097656,tfc,10,100
rnn,device:RealWorld_thigh+MotionSense:5+5,192,0,5,55,MotionSense,0.828125,0.8185098757595584,0.7421875,0.7094802276680955,19.99305725097656,19.99305725097656,tfc,10,100
rnn,device:RealWorld_thigh+MotionSense:5+5,192,0,5,56,RealWorld_thigh,0.6888888888888889,0.6766061059502854,0.6422991071428571,0.6293906575938691,19.99305725097656,19.99305725097656,tfc,10,100
rnn,device:RealWorld_thigh+MotionSense:5+5,192,0,5,56,MotionSense,0.8251953125,0.8150690338593954,0.7421875,0.7094802276680955,19.99305725097656,19.99305725097656,tfc,10,100
rnn,device:RealWorld_thigh+MotionSense:5+5,192,0,5,57,RealWorld_thigh,0.690625,0.6785721774492682,0.6428571428571429,0.629731159057337,19.99305725097656,19.99305725097656,tfc,10,100
rnn,device:RealWorld_thigh+MotionSense:5+5,192,0,5,57,MotionSense,0.8251953125,0.8150690338593954,0.7447916666666666,0.7118874998776245,19.99305725097656,19.99305725097656,tfc,10,100
rnn,device:RealWorld_thigh+MotionSense:5+5,192,0,5,58,RealWorld_thigh,0.6916666666666667,0.6794810274695005,0.6439732142857143,0.6305212152658829,19.99305725097656,19.99305725097656,tfc,10,100
rnn,device:RealWorld_thigh+MotionSense:5+5,192,0,5,58,MotionSense,0.826171875,0.8157221745213125,0.7447916666666666,0.7106195267640869,19.99305725097656,19.99305725097656,tfc,10,100
rnn,device:RealWorld_thigh+MotionSense:5+5,192,0,5,59,RealWorld_thigh,0.6927083333333334,0.6804212378691178,0.6450892857142857,0.6319082252919751,19.99305725097656,19.99305725097656,tfc,10,100
rnn,device:RealWorld_thigh+MotionSense:5+5,192,0,5,59,MotionSense,0.826171875,0.8156928687483379,0.7473958333333334,0.7134872748395242,19.99305725097656,19.99305725097656,tfc,10,100
rnn,device:RealWorld_thigh+MotionSense:5+5,192,0,5,60,RealWorld_thigh,0.6934027777777778,0.6810079856043582,0.6434151785714286,0.6303570264681096,19.99305725097656,19.99305725097656,tfc,10,100
rnn,device:RealWorld_thigh+MotionSense:5+5,192,0,5,60,MotionSense,0.8251953125,0.8145114263933473,0.7473958333333334,0.713653896225158,19.99305725097656,19.99305725097656,tfc,10,100
rnn,device:RealWorld_thigh+MotionSense:5+5,192,0,5,61,RealWorld_thigh,0.6934027777777778,0.6811091427593102,0.64453125,0.6312634545800219,19.99305725097656,19.99305725097656,tfc,10,100
rnn,device:RealWorld_thigh+MotionSense:5+5,192,0,5,61,MotionSense,0.826171875,0.8153680326935141,0.75,0.71648810670486,19.99305725097656,19.99305725097656,tfc,10,100
rnn,device:RealWorld_thigh+MotionSense:5+5,192,0,5,62,RealWorld_thigh,0.69375,0.6816486493716883,0.64453125,0.6308684499632501,19.99305725097656,19.99305725097656,tfc,10,100
rnn,device:RealWorld_thigh+MotionSense:5+5,192,0,5,62,MotionSense,0.8251953125,0.8141296562544063,0.75,0.7160513774036268,19.99305725097656,19.99305725097656,tfc,10,100
rnn,device:RealWorld_thigh+MotionSense:5+5,192,0,5,63,RealWorld_thigh,0.6934027777777778,0.6813920512331068,0.64453125,0.6313242016158077,19.99305725097656,19.99305725097656,tfc,10,100
rnn,device:RealWorld_thigh+MotionSense:5+5,192,0,5,63,MotionSense,0.8251953125,0.8141296562544063,0.7473958333333334,0.7136441051940978,19.99305725097656,19.99305725097656,tfc,10,100
rnn,device:RealWorld_thigh+MotionSense:5+5,192,0,5,64,RealWorld_thigh,0.6930555555555555,0.6808672522462258,0.64453125,0.631036811340374,19.99305725097656,19.99305725097656,tfc,10,100
rnn,device:RealWorld_thigh+MotionSense:5+5,192,0,5,64,MotionSense,0.8232421875,0.8116955277057611,0.7421875,0.7038810890267494,19.99305725097656,19.99305725097656,tfc,10,100
rnn,device:RealWorld_thigh+MotionSense:5+5,192,0,5,65,RealWorld_thigh,0.69375,0.6812617384681089,0.6456473214285714,0.6318390828416587,19.99305725097656,19.99305725097656,tfc,10,100
rnn,device:RealWorld_thigh+MotionSense:5+5,192,0,5,65,MotionSense,0.8232421875,0.8116955277057611,0.7395833333333334,0.702054763257935,19.99305725097656,19.99305725097656,tfc,10,100
rnn,device:RealWorld_thigh+MotionSense:5+5,192,0,5,66,RealWorld_thigh,0.6940972222222223,0.6813517395500837,0.6456473214285714,0.631204385479288,19.99305725097656,19.99305725097656,tfc,10,100
rnn,device:RealWorld_thigh+MotionSense:5+5,192,0,5,66,MotionSense,0.8232421875,0.8116955277057611,0.7421875,0.7038810890267494,19.99305725097656,19.99305725097656,tfc,10,100
rnn,device:RealWorld_thigh+MotionSense:5+5,192,0,5,67,RealWorld_thigh,0.6940972222222223,0.6812433168327464,0.64453125,0.6296521370922347,19.99305725097656,19.99305725097656,tfc,10,100
rnn,device:RealWorld_thigh+MotionSense:5+5,192,0,5,67,MotionSense,0.82421875,0.8126369808438344,0.7395833333333334,0.702054763257935,19.99305725097656,19.99305725097656,tfc,10,100
rnn,device:RealWorld_thigh+MotionSense:5+5,192,0,5,68,RealWorld_thigh,0.69375,0.6806417816039326,0.6439732142857143,0.6290073484418859,19.99305725097656,19.99305725097656,tfc,10,100
rnn,device:RealWorld_thigh+MotionSense:5+5,192,0,5,68,MotionSense,0.82421875,0.8126577971210714,0.7369791666666666,0.699642514884626,19.99305725097656,19.99305725097656,tfc,10,100
rnn,device:RealWorld_thigh+MotionSense:5+5,192,0,5,69,RealWorld_thigh,0.6934027777777778,0.6802840084066769,0.6439732142857143,0.628475192087781,19.99305725097656,19.99305725097656,tfc,10,100
rnn,device:RealWorld_thigh+MotionSense:5+5,192,0,5,69,MotionSense,0.826171875,0.8145518385844213,0.7369791666666666,0.699642514884626,19.99305725097656,19.99305725097656,tfc,10,100
rnn,device:RealWorld_thigh+MotionSense:5+5,192,0,5,70,RealWorld_thigh,0.6930555555555555,0.6796916357251678,0.6450892857142857,0.6295077042601586,19.99305725097656,19.99305725097656,tfc,10,100
rnn,device:RealWorld_thigh+MotionSense:5+5,192,0,5,70,MotionSense,0.828125,0.8164584107815038,0.7369791666666666,0.699642514884626,19.99305725097656,19.99305725097656,tfc,10,100
rnn,device:RealWorld_thigh+MotionSense:5+5,192,0,5,71,RealWorld_thigh,0.6940972222222223,0.6811708023265028,0.6434151785714286,0.6276779776362732,19.99305725097656,19.99305725097656,tfc,10,100
rnn,device:RealWorld_thigh+MotionSense:5+5,192,0,5,71,MotionSense,0.828125,0.8161244904655902,0.7395833333333334,0.7025083059507568,19.99305725097656,19.99305725097656,tfc,10,100
rnn,device:RealWorld_thigh+MotionSense:5+5,192,0,5,72,RealWorld_thigh,0.6934027777777778,0.6805557151245077,0.64453125,0.6288253561267182,19.99305725097656,19.99305725097656,tfc,10,100
rnn,device:RealWorld_thigh+MotionSense:5+5,192,0,5,72,MotionSense,0.828125,0.8162500707568086,0.7369791666666666,0.7000511213879812,19.99305725097656,19.99305725097656,tfc,10,100
rnn,device:RealWorld_thigh+MotionSense:5+5,192,0,5,73,RealWorld_thigh,0.6940972222222223,0.6814295955604615,0.6462053571428571,0.6294115984961484,19.99305725097656,19.99305725097656,tfc,10,100
rnn,device:RealWorld_thigh+MotionSense:5+5,192,0,5,73,MotionSense,0.8291015625,0.8171911863400121,0.7369791666666666,0.7000511213879812,19.99305725097656,19.99305725097656,tfc,10,100
rnn,device:RealWorld_thigh+MotionSense:5+5,192,0,5,74,RealWorld_thigh,0.6947916666666667,0.6821213118320252,0.6456473214285714,0.6283405568639909,19.99305725097656,19.99305725097656,tfc,10,100
rnn,device:RealWorld_thigh+MotionSense:5+5,192,0,5,74,MotionSense,0.830078125,0.8186145651024699,0.7395833333333334,0.7029145487329144,19.99305725097656,19.99305725097656,tfc,10,100
rnn,device:RealWorld_thigh+MotionSense:5+5,192,0,5,75,RealWorld_thigh,0.6951388888888889,0.6824209044476476,0.64453125,0.6274100304692379,19.99305725097656,19.99305725097656,tfc,10,100
rnn,device:RealWorld_thigh+MotionSense:5+5,192,0,5,75,MotionSense,0.83203125,0.8204881998047379,0.7395833333333334,0.7027401041898105,19.99305725097656,19.99305725097656,tfc,10,100
rnn,device:RealWorld_thigh+MotionSense:5+5,192,0,5,76,RealWorld_thigh,0.6947916666666667,0.6820796524625677,0.6450892857142857,0.6281924216338663,19.99305725097656,19.99305725097656,tfc,10,100
rnn,device:RealWorld_thigh+MotionSense:5+5,192,0,5,76,MotionSense,0.830078125,0.8184096715956652,0.7395833333333334,0.7027401041898105,19.99305725097656,19.99305725097656,tfc,10,100
rnn,device:RealWorld_thigh+MotionSense:5+5,192,0,5,77,RealWorld_thigh,0.6951388888888889,0.6825034924352124,0.6473214285714286,0.6299104569906095,19.99305725097656,19.99305725097656,tfc,10,100
rnn,device:RealWorld_thigh+MotionSense:5+5,192,0,5,77,MotionSense,0.83203125,0.820276240360648,0.7395833333333334,0.7030157519053056,19.99305725097656,19.99305725097656,tfc,10,100
rnn,device:RealWorld_thigh+MotionSense:5+5,192,0,5,78,RealWorld_thigh,0.69375,0.6811748130376606,0.6439732142857143,0.6265439052894445,19.99305725097656,19.99305725097656,tfc,10,100
rnn,device:RealWorld_thigh+MotionSense:5+5,192,0,5,78,MotionSense,0.8271484375,0.8149626145729153,0.7291666666666666,0.6932660359140748,19.99305725097656,19.99305725097656,tfc,10,100
rnn,device:RealWorld_thigh+MotionSense:5+5,192,0,5,79,RealWorld_thigh,0.6947916666666667,0.6821985090882009,0.64453125,0.6272310479957104,19.99305725097656,19.99305725097656,tfc,10,100
rnn,device:RealWorld_thigh+MotionSense:5+5,192,0,5,79,MotionSense,0.830078125,0.818046608692946,0.7369791666666666,0.7005402178457909,19.99305725097656,19.99305725097656,tfc,10,100
rnn,device:RealWorld_thigh+MotionSense:5+5,192,0,5,80,RealWorld_thigh,0.6927083333333334,0.6795718203424136,0.6434151785714286,0.626340878854666,19.99305725097656,19.99305725097656,tfc,10,100
rnn,device:RealWorld_thigh+MotionSense:5+5,192,0,5,80,MotionSense,0.8271484375,0.8151375957423675,0.7291666666666666,0.6927960533951428,19.99305725097656,19.99305725097656,tfc,10,100
rnn,device:RealWorld_thigh+MotionSense:5+5,192,0,5,81,RealWorld_thigh,0.6961805555555556,0.6837161710131906,0.64453125,0.6271080339998237,19.99305725097656,19.99305725097656,tfc,10,100
rnn,device:RealWorld_thigh+MotionSense:5+5,192,0,5,81,MotionSense,0.8291015625,0.8165159294759478,0.7369791666666666,0.7005402178457909,19.99305725097656,19.99305725097656,tfc,10,100
rnn,device:RealWorld_thigh+MotionSense:5+5,192,0,5,82,RealWorld_thigh,0.6947916666666667,0.6824148764276101,0.6428571428571429,0.626036019614439,19.99305725097656,19.99305725097656,tfc,10,100
rnn,device:RealWorld_thigh+MotionSense:5+5,192,0,5,82,MotionSense,0.826171875,0.8138236306094325,0.7291666666666666,0.6927936992214873,19.99305725097656,19.99305725097656,tfc,10,100
rnn,device:RealWorld_thigh+MotionSense:5+5,192,0,5,83,RealWorld_thigh,0.6961805555555556,0.6838605900594862,0.6450892857142857,0.6273450605086526,19.99305725097656,19.99305725097656,tfc,10,100
rnn,device:RealWorld_thigh+MotionSense:5+5,192,0,5,83,MotionSense,0.826171875,0.8133351852522037,0.7317708333333334,0.6952324608904138,19.99305725097656,19.99305725097656,tfc,10,100
rnn,device:RealWorld_thigh+MotionSense:5+5,192,0,5,84,RealWorld_thigh,0.6944444444444444,0.6823554262696253,0.6428571428571429,0.6258942303999568,19.99305725097656,19.99305725097656,tfc,10,100
rnn,device:RealWorld_thigh+MotionSense:5+5,192,0,5,84,MotionSense,0.8271484375,0.8149495203246544,0.7317708333333334,0.697541489810591,19.99305725097656,19.99305725097656,tfc,10,100
rnn,device:RealWorld_thigh+MotionSense:5+5,192,0,5,85,RealWorld_thigh,0.6947916666666667,0.6822914109438263,0.6439732142857143,0.6268150022442609,19.99305725097656,19.99305725097656,tfc,10,100
rnn,device:RealWorld_thigh+MotionSense:5+5,192,0,5,85,MotionSense,0.8251953125,0.812532776572301,0.7317708333333334,0.697541489810591,19.99305725097656,19.99305725097656,tfc,10,100
rnn,device:RealWorld_thigh+MotionSense:5+5,192,0,5,86,RealWorld_thigh,0.6934027777777778,0.6803406544176479,0.6434151785714286,0.6271903092977243,19.99305725097656,19.99305725097656,tfc,10,100
rnn,device:RealWorld_thigh+MotionSense:5+5,192,0,5,86,MotionSense,0.8271484375,0.815111855688997,0.7395833333333334,0.7095510947421958,19.99305725097656,19.99305725097656,tfc,10,100
rnn,device:RealWorld_thigh+MotionSense:5+5,192,0,5,87,RealWorld_thigh,0.6947916666666667,0.6823689489028472,0.6473214285714286,0.6297686555041795,19.99305725097656,19.99305725097656,tfc,10,100
rnn,device:RealWorld_thigh+MotionSense:5+5,192,0,5,87,MotionSense,0.822265625,0.8095058683082667,0.734375,0.7002307244757336,19.99305725097656,19.99305725097656,tfc,10,100
rnn,device:RealWorld_thigh+MotionSense:5+5,192,0,5,88,RealWorld_thigh,0.6947916666666667,0.6825035238565716,0.6428571428571429,0.6265604464342941,19.99305725097656,19.99305725097656,tfc,10,100
rnn,device:RealWorld_thigh+MotionSense:5+5,192,0,5,88,MotionSense,0.82421875,0.8118866079993334,0.7395833333333334,0.7095510947421958,19.99305725097656,19.99305725097656,tfc,10,100
rnn,device:RealWorld_thigh+MotionSense:5+5,192,0,5,89,RealWorld_thigh,0.6961805555555556,0.6840548742305335,0.64453125,0.6277029168689524,19.99305725097656,19.99305725097656,tfc,10,100
rnn,device:RealWorld_thigh+MotionSense:5+5,192,0,5,89,MotionSense,0.8212890625,0.8087625814107401,0.7395833333333334,0.7072537840228836,19.99305725097656,19.99305725097656,tfc,10,100
rnn,device:RealWorld_thigh+MotionSense:5+5,192,0,5,90,RealWorld_thigh,0.6947916666666667,0.6824368431804085,0.6450892857142857,0.6281336412188538,19.99305725097656,19.99305725097656,tfc,10,100
rnn,device:RealWorld_thigh+MotionSense:5+5,192,0,5,90,MotionSense,0.8212890625,0.808966461741126,0.7395833333333334,0.7072537840228836,19.99305725097656,19.99305725097656,tfc,10,100
rnn,device:RealWorld_thigh+MotionSense:5+5,192,0,5,91,RealWorld_thigh,0.6951388888888889,0.6833367248617126,0.6462053571428571,0.629484277704535,19.99305725097656,19.99305725097656,tfc,10,100
rnn,device:RealWorld_thigh+MotionSense:5+5,192,0,5,91,MotionSense,0.818359375,0.8064916767839371,0.7447916666666666,0.7144108167320059,19.99305725097656,19.99305725097656,tfc,10,100
rnn,device:RealWorld_thigh+MotionSense:5+5,192,0,5,92,RealWorld_thigh,0.6958333333333333,0.6842388746784813,0.6501116071428571,0.6328965589867855,19.99305725097656,19.99305725097656,tfc,10,100
rnn,device:RealWorld_thigh+MotionSense:5+5,192,0,5,92,MotionSense,0.818359375,0.806327119347849,0.7473958333333334,0.717304635531223,19.99305725097656,19.99305725097656,tfc,10,100
rnn,device:RealWorld_thigh+MotionSense:5+5,192,0,5,93,RealWorld_thigh,0.6954861111111111,0.6841678507050362,0.6501116071428571,0.6329992243551692,19.99305725097656,19.99305725097656,tfc,10,100
rnn,device:RealWorld_thigh+MotionSense:5+5,192,0,5,93,MotionSense,0.8154296875,0.8030777606927212,0.7421875,0.7115243260424737,19.99305725097656,19.99305725097656,tfc,10,100
rnn,device:RealWorld_thigh+MotionSense:5+5,192,0,5,94,RealWorld_thigh,0.6961805555555556,0.6849446910382618,0.6517857142857143,0.6344845043192288,19.99305725097656,19.99305725097656,tfc,10,100
rnn,device:RealWorld_thigh+MotionSense:5+5,192,0,5,94,MotionSense,0.8154296875,0.8029137841135205,0.7473958333333334,0.716833310293286,19.99305725097656,19.99305725097656,tfc,10,100
rnn,device:RealWorld_thigh+MotionSense:5+5,192,0,5,95,RealWorld_thigh,0.6958333333333333,0.6844933409878601,0.6512276785714286,0.6337394301739866,19.99305725097656,19.99305725097656,tfc,10,100
rnn,device:RealWorld_thigh+MotionSense:5+5,192,0,5,95,MotionSense,0.8095703125,0.7965727953947469,0.7526041666666666,0.7219302602727766,19.99305725097656,19.99305725097656,tfc,10,100
rnn,device:RealWorld_thigh+MotionSense:5+5,192,0,5,96,RealWorld_thigh,0.6979166666666666,0.6869005049338607,0.6501116071428571,0.6323445634436017,19.99305725097656,19.99305725097656,tfc,10,100
rnn,device:RealWorld_thigh+MotionSense:5+5,192,0,5,96,MotionSense,0.810546875,0.7976545701456397,0.75,0.7171906763147639,19.99305725097656,19.99305725097656,tfc,10,100
rnn,device:RealWorld_thigh+MotionSense:5+5,192,0,5,97,RealWorld_thigh,0.6972222222222222,0.6861952990952066,0.6501116071428571,0.6326107188820292,19.99305725097656,19.99305725097656,tfc,10,100
rnn,device:RealWorld_thigh+MotionSense:5+5,192,0,5,97,MotionSense,0.8095703125,0.7965727953947469,0.7526041666666666,0.7196092736941936,19.99305725097656,19.99305725097656,tfc,10,100
rnn,device:RealWorld_thigh+MotionSense:5+5,192,0,5,98,RealWorld_thigh,0.6982638888888889,0.6873767214639642,0.6501116071428571,0.6322686457995125,19.99305725097656,19.99305725097656,tfc,10,100
rnn,device:RealWorld_thigh+MotionSense:5+5,192,0,5,98,MotionSense,0.8095703125,0.7966781444139263,0.7526041666666666,0.7196092736941936,19.99305725097656,19.99305725097656,tfc,10,100
rnn,device:RealWorld_thigh+MotionSense:5+5,192,0,5,99,RealWorld_thigh,0.6982638888888889,0.6875584976181756,0.6501116071428571,0.6322754303494776,19.99305725097656,19.99305725097656,tfc,10,100
rnn,device:RealWorld_thigh+MotionSense:5+5,192,0,5,99,MotionSense,0.810546875,0.7978638115041425,0.7526041666666666,0.7196092736941936,19.99305725097656,19.99305725097656,tfc,10,100
rnn,device:RealWorld_thigh+MotionSense:5+5,192,0,5,100,RealWorld_thigh,0.6993055555555555,0.6887605273410785,0.6501116071428571,0.632280756840548,19.99305725097656,19.99305725097656,tfc,10,100
rnn,device:RealWorld_thigh+MotionSense:5+5,192,0,5,100,MotionSense,0.8095703125,0.7966277542619468,0.7552083333333334,0.7224425524081451,19.99305725097656,19.99305725097656,tfc,10,100
rnn,device:RealWorld_thigh+MotionSense:5+5,192,0,5,101,RealWorld_thigh,0.6996527777777778,0.6893640601477489,0.6529017857142857,0.6346423463168328,19.99305725097656,19.99305725097656,tfc,10,100
rnn,device:RealWorld_thigh+MotionSense:5+5,192,0,5,101,MotionSense,0.8095703125,0.7966277542619468,0.7526041666666666,0.7175459265980578,19.99305725097656,19.99305725097656,tfc,10,100
rnn,device:RealWorld_thigh+MotionSense:5+5,192,0,5,102,RealWorld_thigh,0.6996527777777778,0.6893459420593663,0.65234375,0.6341212257827401,19.99305725097656,19.99305725097656,tfc,10,100
rnn,device:RealWorld_thigh+MotionSense:5+5,192,0,5,102,MotionSense,0.8095703125,0.7966277542619468,0.7552083333333334,0.7200471294461924,19.99305725097656,19.99305725097656,tfc,10,100
rnn,device:RealWorld_thigh+MotionSense:5+5,192,0,5,103,RealWorld_thigh,0.6993055555555555,0.6888678274700123,0.6529017857142857,0.6346311707009752,19.99305725097656,19.99305725097656,tfc,10,100
rnn,device:RealWorld_thigh+MotionSense:5+5,192,0,5,103,MotionSense,0.8095703125,0.7965850965336804,0.7552083333333334,0.7200471294461924,19.99305725097656,19.99305725097656,tfc,10,100
rnn,device:RealWorld_thigh+MotionSense:5+5,192,0,5,104,RealWorld_thigh,0.6989583333333333,0.6887011392775486,0.6545758928571429,0.6364093232482492,19.99305725097656,19.99305725097656,tfc,10,100
rnn,device:RealWorld_thigh+MotionSense:5+5,192,0,5,104,MotionSense,0.8095703125,0.7965850965336804,0.7552083333333334,0.7200471294461924,19.99305725097656,19.99305725097656,tfc,10,100
rnn,device:RealWorld_thigh+MotionSense:5+5,192,0,5,105,RealWorld_thigh,0.6979166666666666,0.6876627611162145,0.6545758928571429,0.6364921112883954,19.99305725097656,19.99305725097656,tfc,10,100
rnn,device:RealWorld_thigh+MotionSense:5+5,192,0,5,105,MotionSense,0.80859375,0.7953379100229935,0.7604166666666666,0.7253583023142215,19.99305725097656,19.99305725097656,tfc,10,100
rnn,device:RealWorld_thigh+MotionSense:5+5,192,0,5,106,RealWorld_thigh,0.6979166666666666,0.6876399589558532,0.65625,0.6373275688952411,19.99305725097656,19.99305725097656,tfc,10,100
rnn,device:RealWorld_thigh+MotionSense:5+5,192,0,5,106,MotionSense,0.806640625,0.792831633311451,0.7578125,0.7229057243548991,19.99305725097656,19.99305725097656,tfc,10,100
rnn,device:RealWorld_thigh+MotionSense:5+5,192,0,5,107,RealWorld_thigh,0.6979166666666666,0.6876890787841982,0.6579241071428571,0.6391313914186144,19.99305725097656,19.99305725097656,tfc,10,100
rnn,device:RealWorld_thigh+MotionSense:5+5,192,0,5,107,MotionSense,0.8076171875,0.7942597392961565,0.7578125,0.7229057243548991,19.99305725097656,19.99305725097656,tfc,10,100
rnn,device:RealWorld_thigh+MotionSense:5+5,192,0,5,108,RealWorld_thigh,0.696875,0.686629258562849,0.6590401785714286,0.6402492527941938,19.99305725097656,19.99305725097656,tfc,10,100
rnn,device:RealWorld_thigh+MotionSense:5+5,192,0,5,108,MotionSense,0.80859375,0.7953057852172442,0.75,0.7130524159178236,19.99305725097656,19.99305725097656,tfc,10,100
rnn,device:RealWorld_thigh+MotionSense:5+5,192,0,5,109,RealWorld_thigh,0.696875,0.6868315449242179,0.6584821428571429,0.6397393927296638,19.99305725097656,19.99305725097656,tfc,10,100
rnn,device:RealWorld_thigh+MotionSense:5+5,192,0,5,109,MotionSense,0.80859375,0.7953057852172442,0.75,0.712868260419297,19.99305725097656,19.99305725097656,tfc,10,100
rnn,device:RealWorld_thigh+MotionSense:5+5,192,0,5,110,RealWorld_thigh,0.6965277777777777,0.6864842269421776,0.6595982142857143,0.6407021299246902,19.99305725097656,19.99305725097656,tfc,10,100
rnn,device:RealWorld_thigh+MotionSense:5+5,192,0,5,110,MotionSense,0.8076171875,0.7940558587409422,0.75,0.712868260419297,19.99305725097656,19.99305725097656,tfc,10,100
rnn,device:RealWorld_thigh+MotionSense:5+5,192,0,5,111,RealWorld_thigh,0.6965277777777777,0.6866806247288747,0.6607142857142857,0.6415393246001625,19.99305725097656,19.99305725097656,tfc,10,100
rnn,device:RealWorld_thigh+MotionSense:5+5,192,0,5,111,MotionSense,0.8076171875,0.7940558587409422,0.7526041666666666,0.7154313798702315,19.99305725097656,19.99305725097656,tfc,10,100
rnn,device:RealWorld_thigh+MotionSense:5+5,192,0,5,112,RealWorld_thigh,0.696875,0.6869080993060795,0.6612723214285714,0.6420128795992619,19.99305725097656,19.99305725097656,tfc,10,100
rnn,device:RealWorld_thigh+MotionSense:5+5,192,0,5,112,MotionSense,0.802734375,0.788888527591538,0.7552083333333334,0.7178673968492321,19.99305725097656,19.99305725097656,tfc,10,100
rnn,device:RealWorld_thigh+MotionSense:5+5,192,0,5,113,RealWorld_thigh,0.6975694444444445,0.6875763832932279,0.6607142857142857,0.6416361675429177,19.99305725097656,19.99305725097656,tfc,10,100
rnn,device:RealWorld_thigh+MotionSense:5+5,192,0,5,113,MotionSense,0.802734375,0.788888527591538,0.7526041666666666,0.7159871350656312,19.99305725097656,19.99305725097656,tfc,10,100
rnn,device:RealWorld_thigh+MotionSense:5+5,192,0,5,114,RealWorld_thigh,0.6965277777777777,0.6864196917740898,0.6607142857142857,0.6416361675429177,19.99305725097656,19.99305725097656,tfc,10,100
rnn,device:RealWorld_thigh+MotionSense:5+5,192,0,5,114,MotionSense,0.8017578125,0.7878823477206528,0.7526041666666666,0.7157285109046717,19.99305725097656,19.99305725097656,tfc,10,100
rnn,device:RealWorld_thigh+MotionSense:5+5,192,0,5,115,RealWorld_thigh,0.6965277777777777,0.6864638403931168,0.6618303571428571,0.6423509089904563,19.99305725097656,19.99305725097656,tfc,10,100
rnn,device:RealWorld_thigh+MotionSense:5+5,192,0,5,115,MotionSense,0.80078125,0.7866668061034766,0.7552083333333334,0.7184484209357529,19.99305725097656,19.99305725097656,tfc,10,100
rnn,device:RealWorld_thigh+MotionSense:5+5,192,0,5,116,RealWorld_thigh,0.6954861111111111,0.6854025886495422,0.6635044642857143,0.6438239209695175,19.99305725097656,19.99305725097656,tfc,10,100
rnn,device:RealWorld_thigh+MotionSense:5+5,192,0,5,116,MotionSense,0.7978515625,0.7833706725237923,0.7526041666666666,0.713164925458709,19.99305725097656,19.99305725097656,tfc,10,100
rnn,device:RealWorld_thigh+MotionSense:5+5,192,0,5,117,RealWorld_thigh,0.6954861111111111,0.6851879116179501,0.6635044642857143,0.6438185402558293,19.99305725097656,19.99305725097656,tfc,10,100
rnn,device:RealWorld_thigh+MotionSense:5+5,192,0,5,117,MotionSense,0.796875,0.7822847746650647,0.7526041666666666,0.713164925458709,19.99305725097656,19.99305725097656,tfc,10,100
rnn,device:RealWorld_thigh+MotionSense:5+5,192,0,5,118,RealWorld_thigh,0.6954861111111111,0.6852066301496379,0.6629464285714286,0.6437580565929645,19.99305725097656,19.99305725097656,tfc,10,100
rnn,device:RealWorld_thigh+MotionSense:5+5,192,0,5,118,MotionSense,0.798828125,0.7844077899935367,0.75,0.7077533971579874,19.99305725097656,19.99305725097656,tfc,10,100
rnn,device:RealWorld_thigh+MotionSense:5+5,192,0,5,119,RealWorld_thigh,0.6958333333333333,0.6856186298669126,0.6646205357142857,0.6452582953235911,19.99305725097656,19.99305725097656,tfc,10,100
rnn,device:RealWorld_thigh+MotionSense:5+5,192,0,5,119,MotionSense,0.7958984375,0.7812675946051487,0.75,0.7077533971579874,19.99305725097656,19.99305725097656,tfc,10,100
rnn,device:RealWorld_thigh+MotionSense:5+5,192,0,5,120,RealWorld_thigh,0.6940972222222223,0.6835356785279464,0.6668526785714286,0.6469094819834093,19.99305725097656,19.99305725097656,tfc,10,100
rnn,device:RealWorld_thigh+MotionSense:5+5,192,0,5,120,MotionSense,0.7939453125,0.7787447564610389,0.7526041666666666,0.7101605763388387,19.99305725097656,19.99305725097656,tfc,10,100
rnn,device:RealWorld_thigh+MotionSense:5+5,192,0,5,121,RealWorld_thigh,0.6947916666666667,0.6842403644390246,0.6657366071428571,0.6462595808596717,19.99305725097656,19.99305725097656,tfc,10,100
rnn,device:RealWorld_thigh+MotionSense:5+5,192,0,5,121,MotionSense,0.7939453125,0.77888121797758,0.7526041666666666,0.7101605763388387,19.99305725097656,19.99305725097656,tfc,10,100
rnn,device:RealWorld_thigh+MotionSense:5+5,192,0,5,122,RealWorld_thigh,0.6944444444444444,0.683930013228105,0.6668526785714286,0.6470374679987766,19.99305725097656,19.99305725097656,tfc,10,100
rnn,device:RealWorld_thigh+MotionSense:5+5,192,0,5,122,MotionSense,0.7939453125,0.7787447564610389,0.75,0.7081626924208061,19.99305725097656,19.99305725097656,tfc,10,100
rnn,device:RealWorld_thigh+MotionSense:5+5,192,0,5,123,RealWorld_thigh,0.69375,0.6830177182454776,0.6674107142857143,0.6476366903111651,19.99305725097656,19.99305725097656,tfc,10,100
rnn,device:RealWorld_thigh+MotionSense:5+5,192,0,5,123,MotionSense,0.79296875,0.7780087352710421,0.75,0.7082481389634047,19.99305725097656,19.99305725097656,tfc,10,100
rnn,device:RealWorld_thigh+MotionSense:5+5,192,0,5,124,RealWorld_thigh,0.6934027777777778,0.6823240795538831,0.6662946428571429,0.6465685563295309,19.99305725097656,19.99305725097656,tfc,10,100
rnn,device:RealWorld_thigh+MotionSense:5+5,192,0,5,124,MotionSense,0.79296875,0.7779413283793434,0.7473958333333334,0.7030626907798784,19.99305725097656,19.99305725097656,tfc,10,100
rnn,device:RealWorld_thigh+MotionSense:5+5,192,0,5,125,RealWorld_thigh,0.69375,0.6826804392013823,0.6662946428571429,0.6468618582217388,19.99305725097656,19.99305725097656,tfc,10,100
rnn,device:RealWorld_thigh+MotionSense:5+5,192,0,5,125,MotionSense,0.7900390625,0.7746426246446436,0.7473958333333334,0.7062431271374746,19.99305725097656,19.99305725097656,tfc,10,100
rnn,device:RealWorld_thigh+MotionSense:5+5,192,0,5,126,RealWorld_thigh,0.6923611111111111,0.6807423862271477,0.6668526785714286,0.6466955498369891,19.99305725097656,19.99305725097656,tfc,10,100
rnn,device:RealWorld_thigh+MotionSense:5+5,192,0,5,126,MotionSense,0.79296875,0.777772888998362,0.7473958333333334,0.7030737320398307,19.99305725097656,19.99305725097656,tfc,10,100
rnn,device:RealWorld_thigh+MotionSense:5+5,192,0,5,127,RealWorld_thigh,0.69375,0.6825205022662817,0.6668526785714286,0.6471740563331663,19.99305725097656,19.99305725097656,tfc,10,100
rnn,device:RealWorld_thigh+MotionSense:5+5,192,0,5,127,MotionSense,0.7890625,0.7739912638738407,0.7473958333333334,0.7059986569938143,19.99305725097656,19.99305725097656,tfc,10,100
rnn,device:RealWorld_thigh+MotionSense:5+5,192,0,5,128,RealWorld_thigh,0.6916666666666667,0.6803425986661408,0.66796875,0.6470345225053964,19.99305725097656,19.99305725097656,tfc,10,100
rnn,device:RealWorld_thigh+MotionSense:5+5,192,0,5,128,MotionSense,0.791015625,0.7752257992905714,0.7473958333333334,0.7030737320398307,19.99305725097656,19.99305725097656,tfc,10,100
rnn,device:RealWorld_thigh+MotionSense:5+5,192,0,5,129,RealWorld_thigh,0.6930555555555555,0.6818953176327303,0.6674107142857143,0.6473309019261922,19.99305725097656,19.99305725097656,tfc,10,100
rnn,device:RealWorld_thigh+MotionSense:5+5,192,0,5,129,MotionSense,0.7939453125,0.7789748475646494,0.7473958333333334,0.7030737320398307,19.99305725097656,19.99305725097656,tfc,10,100
rnn,device:RealWorld_thigh+MotionSense:5+5,192,0,5,130,RealWorld_thigh,0.6916666666666667,0.6807929006272665,0.6690848214285714,0.6478311747239796,19.99305725097656,19.99305725097656,tfc,10,100
rnn,device:RealWorld_thigh+MotionSense:5+5,192,0,5,130,MotionSense,0.79296875,0.7781497494175426,0.75,0.705596389608715,19.99305725097656,19.99305725097656,tfc,10,100
rnn,device:RealWorld_thigh+MotionSense:5+5,192,0,5,131,RealWorld_thigh,0.6916666666666667,0.6806060139122284,0.6685267857142857,0.6473488975247046,19.99305725097656,19.99305725097656,tfc,10,100
rnn,device:RealWorld_thigh+MotionSense:5+5,192,0,5,131,MotionSense,0.7919921875,0.7768710320300417,0.75,0.705596389608715,19.99305725097656,19.99305725097656,tfc,10,100
rnn,device:RealWorld_thigh+MotionSense:5+5,192,0,5,132,RealWorld_thigh,0.6913194444444445,0.6801513023533539,0.6690848214285714,0.6470130045711778,19.99305725097656,19.99305725097656,tfc,10,100
rnn,device:RealWorld_thigh+MotionSense:5+5,192,0,5,132,MotionSense,0.7919921875,0.7766914791344691,0.7473958333333334,0.7035945946799872,19.99305725097656,19.99305725097656,tfc,10,100
rnn,device:RealWorld_thigh+MotionSense:5+5,192,0,5,133,RealWorld_thigh,0.6920138888888889,0.6811866997699542,0.6707589285714286,0.647856140695902,19.99305725097656,19.99305725097656,tfc,10,100
rnn,device:RealWorld_thigh+MotionSense:5+5,192,0,5,133,MotionSense,0.7900390625,0.7752006675836203,0.75,0.7061378385352662,19.99305725097656,19.99305725097656,tfc,10,100
rnn,device:RealWorld_thigh+MotionSense:5+5,192,0,5,134,RealWorld_thigh,0.6916666666666667,0.6805768554081157,0.6707589285714286,0.6472422025162622,19.99305725097656,19.99305725097656,tfc,10,100
rnn,device:RealWorld_thigh+MotionSense:5+5,192,0,5,134,MotionSense,0.7919921875,0.7771581095045237,0.7552083333333334,0.7112996618499557,19.99305725097656,19.99305725097656,tfc,10,100
rnn,device:RealWorld_thigh+MotionSense:5+5,192,0,5,135,RealWorld_thigh,0.6916666666666667,0.6805116614239978,0.6724330357142857,0.6492101225616206,19.99305725097656,19.99305725097656,tfc,10,100
rnn,device:RealWorld_thigh+MotionSense:5+5,192,0,5,135,MotionSense,0.7880859375,0.7735892137012651,0.7552083333333334,0.7108006399530842,19.99305725097656,19.99305725097656,tfc,10,100
rnn,device:RealWorld_thigh+MotionSense:5+5,192,0,5,136,RealWorld_thigh,0.6902777777777778,0.6790068067722038,0.6696428571428571,0.6459954426606574,19.99305725097656,19.99305725097656,tfc,10,100
rnn,device:RealWorld_thigh+MotionSense:5+5,192,0,5,136,MotionSense,0.791015625,0.7763259812711499,0.7578125,0.7100255369080061,19.99305725097656,19.99305725097656,tfc,10,100
rnn,device:RealWorld_thigh+MotionSense:5+5,192,0,5,137,RealWorld_thigh,0.6923611111111111,0.6811195769506013,0.6702008928571429,0.6463916761790239,19.99305725097656,19.99305725097656,tfc,10,100
rnn,device:RealWorld_thigh+MotionSense:5+5,192,0,5,137,MotionSense,0.7900390625,0.775727644309744,0.7526041666666666,0.7016446593635618,19.99305725097656,19.99305725097656,tfc,10,100
rnn,device:RealWorld_thigh+MotionSense:5+5,192,0,5,138,RealWorld_thigh,0.6909722222222222,0.6794835258960518,0.6713169642857143,0.6462101128668433,19.99305725097656,19.99305725097656,tfc,10,100
rnn,device:RealWorld_thigh+MotionSense:5+5,192,0,5,138,MotionSense,0.791015625,0.7765366000829803,0.7552083333333334,0.7046288168596798,19.99305725097656,19.99305725097656,tfc,10,100
rnn,device:RealWorld_thigh+MotionSense:5+5,192,0,5,139,RealWorld_thigh,0.6913194444444445,0.6798672909470476,0.6702008928571429,0.6453055582121004,19.99305725097656,19.99305725097656,tfc,10,100
rnn,device:RealWorld_thigh+MotionSense:5+5,192,0,5,139,MotionSense,0.7890625,0.7748052975851861,0.7552083333333334,0.7046288168596798,19.99305725097656,19.99305725097656,tfc,10,100
rnn,device:RealWorld_thigh+MotionSense:5+5,192,0,5,140,RealWorld_thigh,0.6913194444444445,0.6798899997066846,0.6735491071428571,0.6477192507753341,19.99305725097656,19.99305725097656,tfc,10,100
rnn,device:RealWorld_thigh+MotionSense:5+5,192,0,5,140,MotionSense,0.7890625,0.7746386503643827,0.7526041666666666,0.7026382926339235,19.99305725097656,19.99305725097656,tfc,10,100
rnn,device:RealWorld_thigh+MotionSense:5+5,192,0,5,141,RealWorld_thigh,0.6916666666666667,0.6801663872853464,0.6724330357142857,0.6468488719608348,19.99305725097656,19.99305725097656,tfc,10,100
rnn,device:RealWorld_thigh+MotionSense:5+5,192,0,5,141,MotionSense,0.783203125,0.7687551494129249,0.7526041666666666,0.7024782792252712,19.99305725097656,19.99305725097656,tfc,10,100
rnn,device:RealWorld_thigh+MotionSense:5+5,192,0,5,142,RealWorld_thigh,0.690625,0.6790348678614052,0.6729910714285714,0.646793935172563,19.99305725097656,19.99305725097656,tfc,10,100
rnn,device:RealWorld_thigh+MotionSense:5+5,192,0,5,142,MotionSense,0.7841796875,0.7698166384637259,0.7526041666666666,0.7024782792252712,19.99305725097656,19.99305725097656,tfc,10,100
rnn,device:RealWorld_thigh+MotionSense:5+5,192,0,5,143,RealWorld_thigh,0.6913194444444445,0.6796655948223115,0.6735491071428571,0.6467015859559827,19.99305725097656,19.99305725097656,tfc,10,100
rnn,device:RealWorld_thigh+MotionSense:5+5,192,0,5,143,MotionSense,0.783203125,0.7689649115744907,0.7526041666666666,0.7024782792252712,19.99305725097656,19.99305725097656,tfc,10,100
rnn,device:RealWorld_thigh+MotionSense:5+5,192,0,5,144,RealWorld_thigh,0.6913194444444445,0.6798085532436499,0.6752232142857143,0.6492165569305057,19.99305725097656,19.99305725097656,tfc,10,100
rnn,device:RealWorld_thigh+MotionSense:5+5,192,0,5,144,MotionSense,0.7841796875,0.7695999971973801,0.7552083333333334,0.7045818262821094,19.99305725097656,19.99305725097656,tfc,10,100
rnn,device:RealWorld_thigh+MotionSense:5+5,192,0,5,145,RealWorld_thigh,0.6923611111111111,0.6807933232263369,0.6746651785714286,0.64757412245599,19.99305725097656,19.99305725097656,tfc,10,100
rnn,device:RealWorld_thigh+MotionSense:5+5,192,0,5,145,MotionSense,0.783203125,0.7685936502624298,0.7526041666666666,0.7021560734832223,19.99305725097656,19.99305725097656,tfc,10,100
rnn,device:RealWorld_thigh+MotionSense:5+5,192,0,5,146,RealWorld_thigh,0.6916666666666667,0.679863676624615,0.6785714285714286,0.6521408531764029,19.99305725097656,19.99305725097656,tfc,10,100
rnn,device:RealWorld_thigh+MotionSense:5+5,192,0,5,146,MotionSense,0.7841796875,0.7695590226768304,0.7526041666666666,0.7021019899994562,19.99305725097656,19.99305725097656,tfc,10,100
rnn,device:RealWorld_thigh+MotionSense:5+5,192,0,5,147,RealWorld_thigh,0.6920138888888889,0.6804116021843094,0.6746651785714286,0.6488049903594926,19.99305725097656,19.99305725097656,tfc,10,100
rnn,device:RealWorld_thigh+MotionSense:5+5,192,0,5,147,MotionSense,0.783203125,0.7687059779566258,0.7526041666666666,0.7021019899994562,19.99305725097656,19.99305725097656,tfc,10,100
rnn,device:RealWorld_thigh+MotionSense:5+5,192,0,5,148,RealWorld_thigh,0.6923611111111111,0.6807328870124917,0.6791294642857143,0.652217439619171,19.99305725097656,19.99305725097656,tfc,10,100
rnn,device:RealWorld_thigh+MotionSense:5+5,192,0,5,148,MotionSense,0.7822265625,0.7671559836526476,0.7526041666666666,0.7021019899994562,19.99305725097656,19.99305725097656,tfc,10,100
rnn,device:RealWorld_thigh+MotionSense:5+5,192,0,5,149,RealWorld_thigh,0.6909722222222222,0.678981896150503,0.6774553571428571,0.6514912695552665,19.99305725097656,19.99305725097656,tfc,10,100
rnn,device:RealWorld_thigh+MotionSense:5+5,192,0,5,149,MotionSense,0.7822265625,0.7674259703053403,0.75,0.6997480155480013,19.99305725097656,19.99305725097656,tfc,10,100
rnn,device:RealWorld_thigh+MotionSense:5+5,192,0,5,150,RealWorld_thigh,0.6920138888888889,0.6800879871308827,0.6802455357142857,0.6529262910194457,19.99305725097656,19.99305725097656,tfc,10,100
rnn,device:RealWorld_thigh+MotionSense:5+5,192,0,5,150,MotionSense,0.779296875,0.7634023918741351,0.7578125,0.7068790632939314,19.99305725097656,19.99305725097656,tfc,10,100
rnn,device:RealWorld_thigh+MotionSense:5+5,192,0,5,1,RealWorld_thigh,0.3451388888888889,0.20939616252137042,0.33816964285714285,0.2163326909794546,19.993057250976562,19.993057250976562,tfc,10,100
rnn,device:RealWorld_thigh+MotionSense:5+5,192,0,5,1,MotionSense,0.3251953125,0.20587280986372483,0.2682291666666667,0.16086297688438558,19.993057250976562,19.993057250976562,tfc,10,100
rnn,device:RealWorld_thigh+MotionSense:5+5,192,0,5,2,RealWorld_thigh,0.4166666666666667,0.3209435407834242,0.42466517857142855,0.3419996265467695,19.993057250976562,19.993057250976562,tfc,10,100
rnn,device:RealWorld_thigh+MotionSense:5+5,192,0,5,2,MotionSense,0.451171875,0.37143105207922494,0.4140625,0.32258173318978406,19.993057250976562,19.993057250976562,tfc,10,100
rnn,device:RealWorld_thigh+MotionSense:5+5,192,0,5,3,RealWorld_thigh,0.5111111111111111,0.4175425672279527,0.5011160714285714,0.4183358132547914,19.993057250976562,19.993057250976562,tfc,10,100
rnn,device:RealWorld_thigh+MotionSense:5+5,192,0,5,3,MotionSense,0.541015625,0.44792378309246494,0.4427083333333333,0.33364232879363404,19.993057250976562,19.993057250976562,tfc,10,100
rnn,device:RealWorld_thigh+MotionSense:5+5,192,0,5,4,RealWorld_thigh,0.5177083333333333,0.4242865977527881,0.5401785714285714,0.45039328228009157,19.993057250976562,19.993057250976562,tfc,10,100
rnn,device:RealWorld_thigh+MotionSense:5+5,192,0,5,4,MotionSense,0.5654296875,0.4740528740551584,0.4401041666666667,0.3341089762054404,19.993057250976562,19.993057250976562,tfc,10,100
rnn,device:RealWorld_thigh+MotionSense:5+5,192,0,5,5,RealWorld_thigh,0.5288194444444444,0.4476785271407013,0.5474330357142857,0.46761661604085586,19.993057250976562,19.993057250976562,tfc,10,100
rnn,device:RealWorld_thigh+MotionSense:5+5,192,0,5,5,MotionSense,0.6005859375,0.5276155132241923,0.4557291666666667,0.35873085521121234,19.993057250976562,19.993057250976562,tfc,10,100
rnn,device:RealWorld_thigh+MotionSense:5+5,192,0,5,6,RealWorld_thigh,0.5413194444444445,0.48184716569909997,0.546875,0.48361819671148804,19.993057250976562,19.993057250976562,tfc,10,100
rnn,device:RealWorld_thigh+MotionSense:5+5,192,0,5,6,MotionSense,0.625,0.5663597188823619,0.4817708333333333,0.4050781431378676,19.993057250976562,19.993057250976562,tfc,10,100
rnn,device:RealWorld_thigh+MotionSense:5+5,192,0,5,7,RealWorld_thigh,0.5517361111111111,0.5052424185424224,0.5546875,0.5073841317808244,19.993057250976562,19.993057250976562,tfc,10,100
rnn,device:RealWorld_thigh+MotionSense:5+5,192,0,5,7,MotionSense,0.65234375,0.6090195518184601,0.5390625,0.4869447613919771,19.993057250976562,19.993057250976562,tfc,10,100
rnn,device:RealWorld_thigh+MotionSense:5+5,192,0,5,8,RealWorld_thigh,0.5604166666666667,0.5217529526147157,0.5764508928571429,0.5446766956228685,19.993057250976562,19.993057250976562,tfc,10,100
rnn,device:RealWorld_thigh+MotionSense:5+5,192,0,5,8,MotionSense,0.69140625,0.6677222736517816,0.5651041666666666,0.5195753802795123,19.993057250976562,19.993057250976562,tfc,10,100
rnn,device:RealWorld_thigh+MotionSense:5+5,192,0,5,9,RealWorld_thigh,0.5743055555555555,0.5429403556059014,0.5959821428571429,0.5725119172579836,19.993057250976562,19.993057250976562,tfc,10,100
rnn,device:RealWorld_thigh+MotionSense:5+5,192,0,5,9,MotionSense,0.716796875,0.7001361048317878,0.6015625,0.5599779153279102,19.993057250976562,19.993057250976562,tfc,10,100
rnn,device:RealWorld_thigh+MotionSense:5+5,192,0,5,10,RealWorld_thigh,0.5840277777777778,0.5570672534902613,0.6127232142857143,0.5951275052323428,19.993057250976562,19.993057250976562,tfc,10,100
rnn,device:RealWorld_thigh+MotionSense:5+5,192,0,5,10,MotionSense,0.7412109375,0.7268876659631074,0.6119791666666666,0.5717734672585939,19.993057250976562,19.993057250976562,tfc,10,100
rnn,device:RealWorld_thigh+MotionSense:5+5,192,0,5,11,RealWorld_thigh,0.5920138888888888,0.5680615838045715,0.6233258928571429,0.608017275634989,19.993057250976562,19.993057250976562,tfc,10,100
rnn,device:RealWorld_thigh+MotionSense:5+5,192,0,5,11,MotionSense,0.76171875,0.7496650020214327,0.6145833333333334,0.5728265125374196,19.993057250976562,19.993057250976562,tfc,10,100
rnn,device:RealWorld_thigh+MotionSense:5+5,192,0,5,12,RealWorld_thigh,0.5982638888888889,0.577421195887488,0.6255580357142857,0.6132041115829923,19.993057250976562,19.993057250976562,tfc,10,100
rnn,device:RealWorld_thigh+MotionSense:5+5,192,0,5,12,MotionSense,0.783203125,0.7718802822505005,0.6145833333333334,0.578564916794798,19.993057250976562,19.993057250976562,tfc,10,100
rnn,device:RealWorld_thigh+MotionSense:5+5,192,0,5,13,RealWorld_thigh,0.60625,0.5895094416974734,0.6311383928571429,0.6206000845265559,19.993057250976562,19.993057250976562,tfc,10,100
rnn,device:RealWorld_thigh+MotionSense:5+5,192,0,5,13,MotionSense,0.7861328125,0.7762283273584526,0.6276041666666666,0.5927803511787312,19.993057250976562,19.993057250976562,tfc,10,100
rnn,device:RealWorld_thigh+MotionSense:5+5,192,0,5,14,RealWorld_thigh,0.6131944444444445,0.5989131649066152,0.6294642857142857,0.621765151786262,19.993057250976562,19.993057250976562,tfc,10,100
rnn,device:RealWorld_thigh+MotionSense:5+5,192,0,5,14,MotionSense,0.7900390625,0.781225748338063,0.6484375,0.6148441870407011,19.993057250976562,19.993057250976562,tfc,10,100
rnn,device:RealWorld_thigh+MotionSense:5+5,192,0,5,15,RealWorld_thigh,0.6177083333333333,0.6058140599532748,0.6216517857142857,0.6167838024183346,19.993057250976562,19.993057250976562,tfc,10,100
rnn,device:RealWorld_thigh+MotionSense:5+5,192,0,5,15,MotionSense,0.7890625,0.780449859153682,0.6458333333333334,0.614384896203184,19.993057250976562,19.993057250976562,tfc,10,100
rnn,device:RealWorld_thigh+MotionSense:5+5,192,0,5,16,RealWorld_thigh,0.6208333333333333,0.6096370583137833,0.6255580357142857,0.6216386519938771,19.993057250976562,19.993057250976562,tfc,10,100
rnn,device:RealWorld_thigh+MotionSense:5+5,192,0,5,16,MotionSense,0.7998046875,0.792464129703626,0.6536458333333334,0.6247348174447238,19.993057250976562,19.993057250976562,tfc,10,100
rnn,device:RealWorld_thigh+MotionSense:5+5,192,0,5,17,RealWorld_thigh,0.6256944444444444,0.615142990915828,0.6244419642857143,0.6216987426910112,19.993057250976562,19.993057250976562,tfc,10,100
rnn,device:RealWorld_thigh+MotionSense:5+5,192,0,5,17,MotionSense,0.802734375,0.7951937753230792,0.6666666666666666,0.6394660291246304,19.993057250976562,19.993057250976562,tfc,10,100
rnn,device:RealWorld_thigh+MotionSense:5+5,192,0,5,18,RealWorld_thigh,0.628125,0.618261525330093,0.6244419642857143,0.6226483881303424,19.993057250976562,19.993057250976562,tfc,10,100
rnn,device:RealWorld_thigh+MotionSense:5+5,192,0,5,18,MotionSense,0.80859375,0.8013485217442993,0.6744791666666666,0.6464904795879264,19.993057250976562,19.993057250976562,tfc,10,100
rnn,device:RealWorld_thigh+MotionSense:5+5,192,0,5,19,RealWorld_thigh,0.63125,0.6218409707642403,0.6244419642857143,0.6231584167777012,19.993057250976562,19.993057250976562,tfc,10,100
rnn,device:RealWorld_thigh+MotionSense:5+5,192,0,5,19,MotionSense,0.8115234375,0.8045933981721042,0.6744791666666666,0.645229793798667,19.993057250976562,19.993057250976562,tfc,10,100
rnn,device:RealWorld_thigh+MotionSense:5+5,192,0,5,20,RealWorld_thigh,0.6340277777777777,0.6254209759389202,0.6283482142857143,0.6270727275853675,19.993057250976562,19.993057250976562,tfc,10,100
rnn,device:RealWorld_thigh+MotionSense:5+5,192,0,5,20,MotionSense,0.8154296875,0.8087259703707663,0.6901041666666666,0.6608942083795458,19.993057250976562,19.993057250976562,tfc,10,100
rnn,device:RealWorld_thigh+MotionSense:5+5,192,0,5,21,RealWorld_thigh,0.6385416666666667,0.6300446648841401,0.6305803571428571,0.6295009500593668,19.993057250976562,19.993057250976562,tfc,10,100
rnn,device:RealWorld_thigh+MotionSense:5+5,192,0,5,21,MotionSense,0.8154296875,0.8088965129535924,0.6901041666666666,0.6603471121808041,19.993057250976562,19.993057250976562,tfc,10,100
rnn,device:RealWorld_thigh+MotionSense:5+5,192,0,5,22,RealWorld_thigh,0.6395833333333333,0.6318063360689302,0.6322544642857143,0.6308225390365263,19.993057250976562,19.993057250976562,tfc,10,100
rnn,device:RealWorld_thigh+MotionSense:5+5,192,0,5,22,MotionSense,0.818359375,0.8116299895718462,0.6875,0.6559710236759898,19.993057250976562,19.993057250976562,tfc,10,100
rnn,device:RealWorld_thigh+MotionSense:5+5,192,0,5,23,RealWorld_thigh,0.6420138888888889,0.6348939615972672,0.6372767857142857,0.6345386370971502,19.993057250976562,19.993057250976562,tfc,10,100
rnn,device:RealWorld_thigh+MotionSense:5+5,192,0,5,23,MotionSense,0.814453125,0.8071571723120837,0.6875,0.6558505413817367,19.993057250976562,19.993057250976562,tfc,10,100
rnn,device:RealWorld_thigh+MotionSense:5+5,192,0,5,24,RealWorld_thigh,0.6416666666666667,0.6343293086351691,0.6383928571428571,0.6339792610200835,19.993057250976562,19.993057250976562,tfc,10,100
rnn,device:RealWorld_thigh+MotionSense:5+5,192,0,5,24,MotionSense,0.8125,0.8050383948597887,0.6875,0.6558827833802109,19.993057250976562,19.993057250976562,tfc,10,100
rnn,device:RealWorld_thigh+MotionSense:5+5,192,0,5,25,RealWorld_thigh,0.6440972222222222,0.637177854745169,0.6389508928571429,0.6331536855266189,19.993057250976562,19.993057250976562,tfc,10,100
rnn,device:RealWorld_thigh+MotionSense:5+5,192,0,5,25,MotionSense,0.814453125,0.8070068265993289,0.6927083333333334,0.6611873687103632,19.993057250976562,19.993057250976562,tfc,10,100
rnn,device:RealWorld_thigh+MotionSense:5+5,192,0,5,26,RealWorld_thigh,0.646875,0.6392545253452561,0.6389508928571429,0.6323084909888067,19.993057250976562,19.993057250976562,tfc,10,100
rnn,device:RealWorld_thigh+MotionSense:5+5,192,0,5,26,MotionSense,0.81640625,0.8087183397646264,0.6953125,0.66509396790283,19.993057250976562,19.993057250976562,tfc,10,100
rnn,device:RealWorld_thigh+MotionSense:5+5,192,0,5,27,RealWorld_thigh,0.6472222222222223,0.639139725738677,0.6339285714285714,0.6260768961425741,19.993057250976562,19.993057250976562,tfc,10,100
rnn,device:RealWorld_thigh+MotionSense:5+5,192,0,5,27,MotionSense,0.8173828125,0.8088173170581867,0.7109375,0.6815831170080523,19.993057250976562,19.993057250976562,tfc,10,100
rnn,device:RealWorld_thigh+MotionSense:5+5,192,0,5,28,RealWorld_thigh,0.6510416666666666,0.6424894252937516,0.6283482142857143,0.6198224371543241,19.993057250976562,19.993057250976562,tfc,10,100
rnn,device:RealWorld_thigh+MotionSense:5+5,192,0,5,28,MotionSense,0.81640625,0.8076766578123636,0.71875,0.690698318205365,19.993057250976562,19.993057250976562,tfc,10,100
rnn,device:RealWorld_thigh+MotionSense:5+5,192,0,5,29,RealWorld_thigh,0.6545138888888888,0.6454822386224079,0.62890625,0.6194154139100824,19.993057250976562,19.993057250976562,tfc,10,100
rnn,device:RealWorld_thigh+MotionSense:5+5,192,0,5,29,MotionSense,0.8154296875,0.80631405452156,0.7135416666666666,0.6859711247159916,19.993057250976562,19.993057250976562,tfc,10,100
rnn,device:RealWorld_thigh+MotionSense:5+5,192,0,5,30,RealWorld_thigh,0.6538194444444444,0.6442088842720002,0.6305803571428571,0.6204972218369101,19.993057250976562,19.993057250976562,tfc,10,100
rnn,device:RealWorld_thigh+MotionSense:5+5,192,0,5,30,MotionSense,0.8173828125,0.8085748654928003,0.7109375,0.6829862672356596,19.993057250976562,19.993057250976562,tfc,10,100
rnn,device:RealWorld_thigh+MotionSense:5+5,192,0,5,31,RealWorld_thigh,0.6565972222222223,0.6467082296047267,0.6277901785714286,0.6180504792525988,19.993057250976562,19.993057250976562,tfc,10,100
rnn,device:RealWorld_thigh+MotionSense:5+5,192,0,5,31,MotionSense,0.8115234375,0.8019502522181189,0.7135416666666666,0.6833198862229368,19.993057250976562,19.993057250976562,tfc,10,100
rnn,device:RealWorld_thigh+MotionSense:5+5,192,0,5,32,RealWorld_thigh,0.6597222222222222,0.6495525867014335,0.6283482142857143,0.618471460737766,19.993057250976562,19.993057250976562,tfc,10,100
rnn,device:RealWorld_thigh+MotionSense:5+5,192,0,5,32,MotionSense,0.8115234375,0.80209822357544,0.7161458333333334,0.6863952057326653,19.993057250976562,19.993057250976562,tfc,10,100
rnn,device:RealWorld_thigh+MotionSense:5+5,192,0,5,33,RealWorld_thigh,0.6618055555555555,0.6514959197514173,0.6294642857142857,0.6190910066381176,19.993057250976562,19.993057250976562,tfc,10,100
rnn,device:RealWorld_thigh+MotionSense:5+5,192,0,5,33,MotionSense,0.8134765625,0.8042371560001866,0.71875,0.688161625349521,19.993057250976562,19.993057250976562,tfc,10,100
rnn,device:RealWorld_thigh+MotionSense:5+5,192,0,5,34,RealWorld_thigh,0.6625,0.6518844428561034,0.62890625,0.618434415970394,19.993057250976562,19.993057250976562,tfc,10,100
rnn,device:RealWorld_thigh+MotionSense:5+5,192,0,5,34,MotionSense,0.81640625,0.8074014063116309,0.7239583333333334,0.6940111787175992,19.993057250976562,19.993057250976562,tfc,10,100
rnn,device:RealWorld_thigh+MotionSense:5+5,192,0,5,35,RealWorld_thigh,0.6649305555555556,0.6534296670863157,0.6272321428571429,0.6164691724532677,19.993057250976562,19.993057250976562,tfc,10,100
rnn,device:RealWorld_thigh+MotionSense:5+5,192,0,5,35,MotionSense,0.8173828125,0.808674004597835,0.7265625,0.6967825904510674,19.993057250976562,19.993057250976562,tfc,10,100
rnn,device:RealWorld_thigh+MotionSense:5+5,192,0,5,36,RealWorld_thigh,0.6673611111111111,0.6553813813504468,0.62890625,0.6182387744518245,19.993057250976562,19.993057250976562,tfc,10,100
rnn,device:RealWorld_thigh+MotionSense:5+5,192,0,5,36,MotionSense,0.8173828125,0.8087147816223973,0.7291666666666666,0.699146793060368,19.993057250976562,19.993057250976562,tfc,10,100
rnn,device:RealWorld_thigh+MotionSense:5+5,192,0,5,37,RealWorld_thigh,0.6680555555555555,0.6554129857553693,0.62890625,0.6170512048220801,19.993057250976562,19.993057250976562,tfc,10,100
rnn,device:RealWorld_thigh+MotionSense:5+5,192,0,5,37,MotionSense,0.8173828125,0.8088299656547324,0.734375,0.7046184225016181,19.993057250976562,19.993057250976562,tfc,10,100
rnn,device:RealWorld_thigh+MotionSense:5+5,192,0,5,38,RealWorld_thigh,0.6684027777777778,0.655574346603445,0.6272321428571429,0.614877735819471,19.993057250976562,19.993057250976562,tfc,10,100
rnn,device:RealWorld_thigh+MotionSense:5+5,192,0,5,38,MotionSense,0.822265625,0.8137250719557564,0.734375,0.7046184225016181,19.993057250976562,19.993057250976562,tfc,10,100
rnn,device:RealWorld_thigh+MotionSense:5+5,192,0,5,39,RealWorld_thigh,0.6708333333333333,0.6580353503699881,0.6272321428571429,0.6153077673086002,19.993057250976562,19.993057250976562,tfc,10,100
rnn,device:RealWorld_thigh+MotionSense:5+5,192,0,5,39,MotionSense,0.8212890625,0.812574899120582,0.734375,0.7047549005764603,19.993057250976562,19.993057250976562,tfc,10,100
rnn,device:RealWorld_thigh+MotionSense:5+5,192,0,5,40,RealWorld_thigh,0.6722222222222223,0.6593800755921904,0.6255580357142857,0.6131423499453411,19.993057250976562,19.993057250976562,tfc,10,100
rnn,device:RealWorld_thigh+MotionSense:5+5,192,0,5,40,MotionSense,0.82421875,0.8156272367171454,0.734375,0.7047549005764603,19.993057250976562,19.993057250976562,tfc,10,100
rnn,device:RealWorld_thigh+MotionSense:5+5,192,0,5,41,RealWorld_thigh,0.6729166666666667,0.6594603094427162,0.6244419642857143,0.612226674675996,19.993057250976562,19.993057250976562,tfc,10,100
rnn,device:RealWorld_thigh+MotionSense:5+5,192,0,5,41,MotionSense,0.8251953125,0.8168609023252779,0.7369791666666666,0.7072761705739402,19.993057250976562,19.993057250976562,tfc,10,100
rnn,device:RealWorld_thigh+MotionSense:5+5,192,0,5,42,RealWorld_thigh,0.6736111111111112,0.6603073931298732,0.625,0.6131447116084104,19.993057250976562,19.993057250976562,tfc,10,100
rnn,device:RealWorld_thigh+MotionSense:5+5,192,0,5,42,MotionSense,0.8251953125,0.8170923246725889,0.7369791666666666,0.7069305994544389,19.993057250976562,19.993057250976562,tfc,10,100
rnn,device:RealWorld_thigh+MotionSense:5+5,192,0,5,43,RealWorld_thigh,0.6746527777777778,0.6614084054183426,0.6233258928571429,0.6113477456623795,19.993057250976562,19.993057250976562,tfc,10,100
rnn,device:RealWorld_thigh+MotionSense:5+5,192,0,5,43,MotionSense,0.828125,0.8199014027683301,0.7369791666666666,0.7066385488377769,19.993057250976562,19.993057250976562,tfc,10,100
rnn,device:RealWorld_thigh+MotionSense:5+5,192,0,5,44,RealWorld_thigh,0.6763888888888889,0.6631653733121142,0.6261160714285714,0.614136521688922,19.993057250976562,19.993057250976562,tfc,10,100
rnn,device:RealWorld_thigh+MotionSense:5+5,192,0,5,44,MotionSense,0.828125,0.8199904961050691,0.7369791666666666,0.7066385488377769,19.993057250976562,19.993057250976562,tfc,10,100
rnn,device:RealWorld_thigh+MotionSense:5+5,192,0,5,45,RealWorld_thigh,0.678125,0.6652118069155019,0.6272321428571429,0.615231963422749,19.993057250976562,19.993057250976562,tfc,10,100
rnn,device:RealWorld_thigh+MotionSense:5+5,192,0,5,45,MotionSense,0.8271484375,0.818916281078175,0.7369791666666666,0.7066385488377769,19.993057250976562,19.993057250976562,tfc,10,100
rnn,device:RealWorld_thigh+MotionSense:5+5,192,0,5,46,RealWorld_thigh,0.6798611111111111,0.6672088414854506,0.6283482142857143,0.6158082891641423,19.993057250976562,19.993057250976562,tfc,10,100
rnn,device:RealWorld_thigh+MotionSense:5+5,192,0,5,46,MotionSense,0.8271484375,0.8185773825186152,0.7395833333333334,0.7090164538421818,19.993057250976562,19.993057250976562,tfc,10,100
rnn,device:RealWorld_thigh+MotionSense:5+5,192,0,5,47,RealWorld_thigh,0.6826388888888889,0.6704719185180866,0.6294642857142857,0.6164025255684761,19.993057250976562,19.993057250976562,tfc,10,100
rnn,device:RealWorld_thigh+MotionSense:5+5,192,0,5,47,MotionSense,0.828125,0.8194604606449554,0.7395833333333334,0.7090164538421818,19.993057250976562,19.993057250976562,tfc,10,100
rnn,device:RealWorld_thigh+MotionSense:5+5,192,0,5,48,RealWorld_thigh,0.6854166666666667,0.6735246793042293,0.6311383928571429,0.6178098703669325,19.993057250976562,19.993057250976562,tfc,10,100
rnn,device:RealWorld_thigh+MotionSense:5+5,192,0,5,48,MotionSense,0.828125,0.8194604606449554,0.7421875,0.7118410937495708,19.993057250976562,19.993057250976562,tfc,10,100
rnn,device:RealWorld_thigh+MotionSense:5+5,192,0,5,49,RealWorld_thigh,0.6850694444444444,0.6730108899555369,0.6311383928571429,0.6181080402905618,19.993057250976562,19.993057250976562,tfc,10,100
rnn,device:RealWorld_thigh+MotionSense:5+5,192,0,5,49,MotionSense,0.8251953125,0.8163568416744641,0.7421875,0.7118410937495708,19.993057250976562,19.993057250976562,tfc,10,100
rnn,device:RealWorld_thigh+MotionSense:5+5,192,0,5,50,RealWorld_thigh,0.6850694444444444,0.6728931358328204,0.6311383928571429,0.6177850814691291,19.993057250976562,19.993057250976562,tfc,10,100
rnn,device:RealWorld_thigh+MotionSense:5+5,192,0,5,50,MotionSense,0.8251953125,0.8163383486513206,0.7447916666666666,0.7145900931245168,19.993057250976562,19.993057250976562,tfc,10,100
rnn,device:RealWorld_thigh+MotionSense:5+5,192,0,5,51,RealWorld_thigh,0.6854166666666667,0.6734455592170753,0.6328125,0.6189335009087765,19.993057250976562,19.993057250976562,tfc,10,100
rnn,device:RealWorld_thigh+MotionSense:5+5,192,0,5,51,MotionSense,0.828125,0.8194169911998125,0.7473958333333334,0.7168391285312395,19.993057250976562,19.993057250976562,tfc,10,100
rnn,device:RealWorld_thigh+MotionSense:5+5,192,0,5,52,RealWorld_thigh,0.6854166666666667,0.6735164269551497,0.6344866071428571,0.620939843015067,19.993057250976562,19.993057250976562,tfc,10,100
rnn,device:RealWorld_thigh+MotionSense:5+5,192,0,5,52,MotionSense,0.828125,0.8191841969658232,0.7473958333333334,0.7168391285312395,19.993057250976562,19.993057250976562,tfc,10,100
rnn,device:RealWorld_thigh+MotionSense:5+5,192,0,5,53,RealWorld_thigh,0.6871527777777777,0.675394948533108,0.6356026785714286,0.6221236904240305,19.993057250976562,19.993057250976562,tfc,10,100
rnn,device:RealWorld_thigh+MotionSense:5+5,192,0,5,53,MotionSense,0.828125,0.8191841969658232,0.7473958333333334,0.7167030516296036,19.993057250976562,19.993057250976562,tfc,10,100
rnn,device:RealWorld_thigh+MotionSense:5+5,192,0,5,54,RealWorld_thigh,0.6878472222222223,0.6757739769926521,0.6378348214285714,0.6241277484071867,19.993057250976562,19.993057250976562,tfc,10,100
rnn,device:RealWorld_thigh+MotionSense:5+5,192,0,5,54,MotionSense,0.830078125,0.820845304067728,0.7421875,0.7098884765576602,19.993057250976562,19.993057250976562,tfc,10,100
rnn,device:RealWorld_thigh+MotionSense:5+5,192,0,5,55,RealWorld_thigh,0.6892361111111112,0.6773658119799396,0.640625,0.6273952865486266,19.993057250976562,19.993057250976562,tfc,10,100
rnn,device:RealWorld_thigh+MotionSense:5+5,192,0,5,55,MotionSense,0.828125,0.8185098757595584,0.7421875,0.7094802276680955,19.993057250976562,19.993057250976562,tfc,10,100
rnn,device:RealWorld_thigh+MotionSense:5+5,192,0,5,56,RealWorld_thigh,0.6888888888888889,0.6766061059502854,0.6422991071428571,0.6293906575938691,19.993057250976562,19.993057250976562,tfc,10,100
rnn,device:RealWorld_thigh+MotionSense:5+5,192,0,5,56,MotionSense,0.8251953125,0.8150690338593954,0.7421875,0.7094802276680955,19.993057250976562,19.993057250976562,tfc,10,100
rnn,device:RealWorld_thigh+MotionSense:5+5,192,0,5,57,RealWorld_thigh,0.690625,0.6785721774492682,0.6428571428571429,0.629731159057337,19.993057250976562,19.993057250976562,tfc,10,100
rnn,device:RealWorld_thigh+MotionSense:5+5,192,0,5,57,MotionSense,0.8251953125,0.8150690338593954,0.7447916666666666,0.7118874998776245,19.993057250976562,19.993057250976562,tfc,10,100
rnn,device:RealWorld_thigh+MotionSense:5+5,192,0,5,58,RealWorld_thigh,0.6916666666666667,0.6794810274695005,0.6439732142857143,0.6305212152658829,19.993057250976562,19.993057250976562,tfc,10,100
rnn,device:RealWorld_thigh+MotionSense:5+5,192,0,5,58,MotionSense,0.826171875,0.8157221745213125,0.7447916666666666,0.7106195267640869,19.993057250976562,19.993057250976562,tfc,10,100
rnn,device:RealWorld_thigh+MotionSense:5+5,192,0,5,59,RealWorld_thigh,0.6927083333333334,0.6804212378691178,0.6450892857142857,0.6319082252919751,19.993057250976562,19.993057250976562,tfc,10,100
rnn,device:RealWorld_thigh+MotionSense:5+5,192,0,5,59,MotionSense,0.826171875,0.8156928687483379,0.7473958333333334,0.7134872748395242,19.993057250976562,19.993057250976562,tfc,10,100
rnn,device:RealWorld_thigh+MotionSense:5+5,192,0,5,60,RealWorld_thigh,0.6934027777777778,0.6810079856043582,0.6434151785714286,0.6303570264681096,19.993057250976562,19.993057250976562,tfc,10,100
rnn,device:RealWorld_thigh+MotionSense:5+5,192,0,5,60,MotionSense,0.8251953125,0.8145114263933473,0.7473958333333334,0.713653896225158,19.993057250976562,19.993057250976562,tfc,10,100
rnn,device:RealWorld_thigh+MotionSense:5+5,192,0,5,61,RealWorld_thigh,0.6934027777777778,0.6811091427593102,0.64453125,0.6312634545800219,19.993057250976562,19.993057250976562,tfc,10,100
rnn,device:RealWorld_thigh+MotionSense:5+5,192,0,5,61,MotionSense,0.826171875,0.8153680326935141,0.75,0.71648810670486,19.993057250976562,19.993057250976562,tfc,10,100
rnn,device:RealWorld_thigh+MotionSense:5+5,192,0,5,62,RealWorld_thigh,0.69375,0.6816486493716883,0.64453125,0.6308684499632501,19.993057250976562,19.993057250976562,tfc,10,100
rnn,device:RealWorld_thigh+MotionSense:5+5,192,0,5,62,MotionSense,0.8251953125,0.8141296562544063,0.75,0.7160513774036268,19.993057250976562,19.993057250976562,tfc,10,100
rnn,device:RealWorld_thigh+MotionSense:5+5,192,0,5,63,RealWorld_thigh,0.6934027777777778,0.6813920512331068,0.64453125,0.6313242016158077,19.993057250976562,19.993057250976562,tfc,10,100
rnn,device:RealWorld_thigh+MotionSense:5+5,192,0,5,63,MotionSense,0.8251953125,0.8141296562544063,0.7473958333333334,0.7136441051940978,19.993057250976562,19.993057250976562,tfc,10,100
rnn,device:RealWorld_thigh+MotionSense:5+5,192,0,5,64,RealWorld_thigh,0.6930555555555555,0.6808672522462258,0.64453125,0.631036811340374,19.993057250976562,19.993057250976562,tfc,10,100
rnn,device:RealWorld_thigh+MotionSense:5+5,192,0,5,64,MotionSense,0.8232421875,0.8116955277057611,0.7421875,0.7038810890267494,19.993057250976562,19.993057250976562,tfc,10,100
rnn,device:RealWorld_thigh+MotionSense:5+5,192,0,5,65,RealWorld_thigh,0.69375,0.6812617384681089,0.6456473214285714,0.6318390828416587,19.993057250976562,19.993057250976562,tfc,10,100
rnn,device:RealWorld_thigh+MotionSense:5+5,192,0,5,65,MotionSense,0.8232421875,0.8116955277057611,0.7395833333333334,0.702054763257935,19.993057250976562,19.993057250976562,tfc,10,100
rnn,device:RealWorld_thigh+MotionSense:5+5,192,0,5,66,RealWorld_thigh,0.6940972222222223,0.6813517395500837,0.6456473214285714,0.631204385479288,19.993057250976562,19.993057250976562,tfc,10,100
rnn,device:RealWorld_thigh+MotionSense:5+5,192,0,5,66,MotionSense,0.8232421875,0.8116955277057611,0.7421875,0.7038810890267494,19.993057250976562,19.993057250976562,tfc,10,100
rnn,device:RealWorld_thigh+MotionSense:5+5,192,0,5,67,RealWorld_thigh,0.6940972222222223,0.6812433168327464,0.64453125,0.6296521370922347,19.993057250976562,19.993057250976562,tfc,10,100
rnn,device:RealWorld_thigh+MotionSense:5+5,192,0,5,67,MotionSense,0.82421875,0.8126369808438344,0.7395833333333334,0.702054763257935,19.993057250976562,19.993057250976562,tfc,10,100
rnn,device:RealWorld_thigh+MotionSense:5+5,192,0,5,68,RealWorld_thigh,0.69375,0.6806417816039326,0.6439732142857143,0.6290073484418859,19.993057250976562,19.993057250976562,tfc,10,100
rnn,device:RealWorld_thigh+MotionSense:5+5,192,0,5,68,MotionSense,0.82421875,0.8126577971210714,0.7369791666666666,0.699642514884626,19.993057250976562,19.993057250976562,tfc,10,100
rnn,device:RealWorld_thigh+MotionSense:5+5,192,0,5,69,RealWorld_thigh,0.6934027777777778,0.6802840084066769,0.6439732142857143,0.628475192087781,19.993057250976562,19.993057250976562,tfc,10,100
rnn,device:RealWorld_thigh+MotionSense:5+5,192,0,5,69,MotionSense,0.826171875,0.8145518385844213,0.7369791666666666,0.699642514884626,19.993057250976562,19.993057250976562,tfc,10,100
rnn,device:RealWorld_thigh+MotionSense:5+5,192,0,5,70,RealWorld_thigh,0.6930555555555555,0.6796916357251678,0.6450892857142857,0.6295077042601586,19.993057250976562,19.993057250976562,tfc,10,100
rnn,device:RealWorld_thigh+MotionSense:5+5,192,0,5,70,MotionSense,0.828125,0.8164584107815038,0.7369791666666666,0.699642514884626,19.993057250976562,19.993057250976562,tfc,10,100
rnn,device:RealWorld_thigh+MotionSense:5+5,192,0,5,71,RealWorld_thigh,0.6940972222222223,0.6811708023265028,0.6434151785714286,0.6276779776362732,19.993057250976562,19.993057250976562,tfc,10,100
rnn,device:RealWorld_thigh+MotionSense:5+5,192,0,5,71,MotionSense,0.828125,0.8161244904655902,0.7395833333333334,0.7025083059507568,19.993057250976562,19.993057250976562,tfc,10,100
rnn,device:RealWorld_thigh+MotionSense:5+5,192,0,5,72,RealWorld_thigh,0.6934027777777778,0.6805557151245077,0.64453125,0.6288253561267182,19.993057250976562,19.993057250976562,tfc,10,100
rnn,device:RealWorld_thigh+MotionSense:5+5,192,0,5,72,MotionSense,0.828125,0.8162500707568086,0.7369791666666666,0.7000511213879812,19.993057250976562,19.993057250976562,tfc,10,100
rnn,device:RealWorld_thigh+MotionSense:5+5,192,0,5,73,RealWorld_thigh,0.6940972222222223,0.6814295955604615,0.6462053571428571,0.6294115984961484,19.993057250976562,19.993057250976562,tfc,10,100
rnn,device:RealWorld_thigh+MotionSense:5+5,192,0,5,73,MotionSense,0.8291015625,0.8171911863400121,0.7369791666666666,0.7000511213879812,19.993057250976562,19.993057250976562,tfc,10,100
rnn,device:RealWorld_thigh+MotionSense:5+5,192,0,5,74,RealWorld_thigh,0.6947916666666667,0.6821213118320252,0.6456473214285714,0.6283405568639909,19.993057250976562,19.993057250976562,tfc,10,100
rnn,device:RealWorld_thigh+MotionSense:5+5,192,0,5,74,MotionSense,0.830078125,0.8186145651024699,0.7395833333333334,0.7029145487329144,19.993057250976562,19.993057250976562,tfc,10,100
rnn,device:RealWorld_thigh+MotionSense:5+5,192,0,5,75,RealWorld_thigh,0.6951388888888889,0.6824209044476476,0.64453125,0.6274100304692379,19.993057250976562,19.993057250976562,tfc,10,100
rnn,device:RealWorld_thigh+MotionSense:5+5,192,0,5,75,MotionSense,0.83203125,0.8204881998047379,0.7395833333333334,0.7027401041898105,19.993057250976562,19.993057250976562,tfc,10,100
rnn,device:RealWorld_thigh+MotionSense:5+5,192,0,5,76,RealWorld_thigh,0.6947916666666667,0.6820796524625677,0.6450892857142857,0.6281924216338663,19.993057250976562,19.993057250976562,tfc,10,100
rnn,device:RealWorld_thigh+MotionSense:5+5,192,0,5,76,MotionSense,0.830078125,0.8184096715956652,0.7395833333333334,0.7027401041898105,19.993057250976562,19.993057250976562,tfc,10,100
rnn,device:RealWorld_thigh+MotionSense:5+5,192,0,5,77,RealWorld_thigh,0.6951388888888889,0.6825034924352124,0.6473214285714286,0.6299104569906095,19.993057250976562,19.993057250976562,tfc,10,100
rnn,device:RealWorld_thigh+MotionSense:5+5,192,0,5,77,MotionSense,0.83203125,0.820276240360648,0.7395833333333334,0.7030157519053056,19.993057250976562,19.993057250976562,tfc,10,100
rnn,device:RealWorld_thigh+MotionSense:5+5,192,0,5,78,RealWorld_thigh,0.69375,0.6811748130376606,0.6439732142857143,0.6265439052894445,19.993057250976562,19.993057250976562,tfc,10,100
rnn,device:RealWorld_thigh+MotionSense:5+5,192,0,5,78,MotionSense,0.8271484375,0.8149626145729153,0.7291666666666666,0.6932660359140748,19.993057250976562,19.993057250976562,tfc,10,100
rnn,device:RealWorld_thigh+MotionSense:5+5,192,0,5,79,RealWorld_thigh,0.6947916666666667,0.6821985090882009,0.64453125,0.6272310479957104,19.993057250976562,19.993057250976562,tfc,10,100
rnn,device:RealWorld_thigh+MotionSense:5+5,192,0,5,79,MotionSense,0.830078125,0.818046608692946,0.7369791666666666,0.7005402178457909,19.993057250976562,19.993057250976562,tfc,10,100
rnn,device:RealWorld_thigh+MotionSense:5+5,192,0,5,80,RealWorld_thigh,0.6927083333333334,0.6795718203424136,0.6434151785714286,0.626340878854666,19.993057250976562,19.993057250976562,tfc,10,100
rnn,device:RealWorld_thigh+MotionSense:5+5,192,0,5,80,MotionSense,0.8271484375,0.8151375957423675,0.7291666666666666,0.6927960533951428,19.993057250976562,19.993057250976562,tfc,10,100
rnn,device:RealWorld_thigh+MotionSense:5+5,192,0,5,81,RealWorld_thigh,0.6961805555555556,0.6837161710131906,0.64453125,0.6271080339998237,19.993057250976562,19.993057250976562,tfc,10,100
rnn,device:RealWorld_thigh+MotionSense:5+5,192,0,5,81,MotionSense,0.8291015625,0.8165159294759478,0.7369791666666666,0.7005402178457909,19.993057250976562,19.993057250976562,tfc,10,100
rnn,device:RealWorld_thigh+MotionSense:5+5,192,0,5,82,RealWorld_thigh,0.6947916666666667,0.6824148764276101,0.6428571428571429,0.626036019614439,19.993057250976562,19.993057250976562,tfc,10,100
rnn,device:RealWorld_thigh+MotionSense:5+5,192,0,5,82,MotionSense,0.826171875,0.8138236306094325,0.7291666666666666,0.6927936992214873,19.993057250976562,19.993057250976562,tfc,10,100
rnn,device:RealWorld_thigh+MotionSense:5+5,192,0,5,83,RealWorld_thigh,0.6961805555555556,0.6838605900594862,0.6450892857142857,0.6273450605086526,19.993057250976562,19.993057250976562,tfc,10,100
rnn,device:RealWorld_thigh+MotionSense:5+5,192,0,5,83,MotionSense,0.826171875,0.8133351852522037,0.7317708333333334,0.6952324608904138,19.993057250976562,19.993057250976562,tfc,10,100
rnn,device:RealWorld_thigh+MotionSense:5+5,192,0,5,84,RealWorld_thigh,0.6944444444444444,0.6823554262696253,0.6428571428571429,0.6258942303999568,19.993057250976562,19.993057250976562,tfc,10,100
rnn,device:RealWorld_thigh+MotionSense:5+5,192,0,5,84,MotionSense,0.8271484375,0.8149495203246544,0.7317708333333334,0.697541489810591,19.993057250976562,19.993057250976562,tfc,10,100
rnn,device:RealWorld_thigh+MotionSense:5+5,192,0,5,85,RealWorld_thigh,0.6947916666666667,0.6822914109438263,0.6439732142857143,0.6268150022442609,19.993057250976562,19.993057250976562,tfc,10,100
rnn,device:RealWorld_thigh+MotionSense:5+5,192,0,5,85,MotionSense,0.8251953125,0.812532776572301,0.7317708333333334,0.697541489810591,19.993057250976562,19.993057250976562,tfc,10,100
rnn,device:RealWorld_thigh+MotionSense:5+5,192,0,5,86,RealWorld_thigh,0.6934027777777778,0.6803406544176479,0.6434151785714286,0.6271903092977243,19.993057250976562,19.993057250976562,tfc,10,100
rnn,device:RealWorld_thigh+MotionSense:5+5,192,0,5,86,MotionSense,0.8271484375,0.815111855688997,0.7395833333333334,0.7095510947421958,19.993057250976562,19.993057250976562,tfc,10,100
rnn,device:RealWorld_thigh+MotionSense:5+5,192,0,5,87,RealWorld_thigh,0.6947916666666667,0.6823689489028472,0.6473214285714286,0.6297686555041795,19.993057250976562,19.993057250976562,tfc,10,100
rnn,device:RealWorld_thigh+MotionSense:5+5,192,0,5,87,MotionSense,0.822265625,0.8095058683082667,0.734375,0.7002307244757336,19.993057250976562,19.993057250976562,tfc,10,100
rnn,device:RealWorld_thigh+MotionSense:5+5,192,0,5,88,RealWorld_thigh,0.6947916666666667,0.6825035238565716,0.6428571428571429,0.6265604464342941,19.993057250976562,19.993057250976562,tfc,10,100
rnn,device:RealWorld_thigh+MotionSense:5+5,192,0,5,88,MotionSense,0.82421875,0.8118866079993334,0.7395833333333334,0.7095510947421958,19.993057250976562,19.993057250976562,tfc,10,100
rnn,device:RealWorld_thigh+MotionSense:5+5,192,0,5,89,RealWorld_thigh,0.6961805555555556,0.6840548742305335,0.64453125,0.6277029168689524,19.993057250976562,19.993057250976562,tfc,10,100
rnn,device:RealWorld_thigh+MotionSense:5+5,192,0,5,89,MotionSense,0.8212890625,0.8087625814107401,0.7395833333333334,0.7072537840228836,19.993057250976562,19.993057250976562,tfc,10,100
rnn,device:RealWorld_thigh+MotionSense:5+5,192,0,5,90,RealWorld_thigh,0.6947916666666667,0.6824368431804085,0.6450892857142857,0.6281336412188538,19.993057250976562,19.993057250976562,tfc,10,100
rnn,device:RealWorld_thigh+MotionSense:5+5,192,0,5,90,MotionSense,0.8212890625,0.808966461741126,0.7395833333333334,0.7072537840228836,19.993057250976562,19.993057250976562,tfc,10,100
rnn,device:RealWorld_thigh+MotionSense:5+5,192,0,5,91,RealWorld_thigh,0.6951388888888889,0.6833367248617126,0.6462053571428571,0.629484277704535,19.993057250976562,19.993057250976562,tfc,10,100
rnn,device:RealWorld_thigh+MotionSense:5+5,192,0,5,91,MotionSense,0.818359375,0.8064916767839371,0.7447916666666666,0.7144108167320059,19.993057250976562,19.993057250976562,tfc,10,100
rnn,device:RealWorld_thigh+MotionSense:5+5,192,0,5,92,RealWorld_thigh,0.6958333333333333,0.6842388746784813,0.6501116071428571,0.6328965589867855,19.993057250976562,19.993057250976562,tfc,10,100
rnn,device:RealWorld_thigh+MotionSense:5+5,192,0,5,92,MotionSense,0.818359375,0.806327119347849,0.7473958333333334,0.717304635531223,19.993057250976562,19.993057250976562,tfc,10,100
rnn,device:RealWorld_thigh+MotionSense:5+5,192,0,5,93,RealWorld_thigh,0.6954861111111111,0.6841678507050362,0.6501116071428571,0.6329992243551692,19.993057250976562,19.993057250976562,tfc,10,100
rnn,device:RealWorld_thigh+MotionSense:5+5,192,0,5,93,MotionSense,0.8154296875,0.8030777606927212,0.7421875,0.7115243260424737,19.993057250976562,19.993057250976562,tfc,10,100
rnn,device:RealWorld_thigh+MotionSense:5+5,192,0,5,94,RealWorld_thigh,0.6961805555555556,0.6849446910382618,0.6517857142857143,0.6344845043192288,19.993057250976562,19.993057250976562,tfc,10,100
rnn,device:RealWorld_thigh+MotionSense:5+5,192,0,5,94,MotionSense,0.8154296875,0.8029137841135205,0.7473958333333334,0.716833310293286,19.993057250976562,19.993057250976562,tfc,10,100
rnn,device:RealWorld_thigh+MotionSense:5+5,192,0,5,95,RealWorld_thigh,0.6958333333333333,0.6844933409878601,0.6512276785714286,0.6337394301739866,19.993057250976562,19.993057250976562,tfc,10,100
rnn,device:RealWorld_thigh+MotionSense:5+5,192,0,5,95,MotionSense,0.8095703125,0.7965727953947469,0.7526041666666666,0.7219302602727766,19.993057250976562,19.993057250976562,tfc,10,100
rnn,device:RealWorld_thigh+MotionSense:5+5,192,0,5,96,RealWorld_thigh,0.6979166666666666,0.6869005049338607,0.6501116071428571,0.6323445634436017,19.993057250976562,19.993057250976562,tfc,10,100
rnn,device:RealWorld_thigh+MotionSense:5+5,192,0,5,96,MotionSense,0.810546875,0.7976545701456397,0.75,0.7171906763147639,19.993057250976562,19.993057250976562,tfc,10,100
rnn,device:RealWorld_thigh+MotionSense:5+5,192,0,5,97,RealWorld_thigh,0.6972222222222222,0.6861952990952066,0.6501116071428571,0.6326107188820292,19.993057250976562,19.993057250976562,tfc,10,100
rnn,device:RealWorld_thigh+MotionSense:5+5,192,0,5,97,MotionSense,0.8095703125,0.7965727953947469,0.7526041666666666,0.7196092736941936,19.993057250976562,19.993057250976562,tfc,10,100
rnn,device:RealWorld_thigh+MotionSense:5+5,192,0,5,98,RealWorld_thigh,0.6982638888888889,0.6873767214639642,0.6501116071428571,0.6322686457995125,19.993057250976562,19.993057250976562,tfc,10,100
rnn,device:RealWorld_thigh+MotionSense:5+5,192,0,5,98,MotionSense,0.8095703125,0.7966781444139263,0.7526041666666666,0.7196092736941936,19.993057250976562,19.993057250976562,tfc,10,100
rnn,device:RealWorld_thigh+MotionSense:5+5,192,0,5,99,RealWorld_thigh,0.6982638888888889,0.6875584976181756,0.6501116071428571,0.6322754303494776,19.993057250976562,19.993057250976562,tfc,10,100
rnn,device:RealWorld_thigh+MotionSense:5+5,192,0,5,99,MotionSense,0.810546875,0.7978638115041425,0.7526041666666666,0.7196092736941936,19.993057250976562,19.993057250976562,tfc,10,100
rnn,device:RealWorld_thigh+MotionSense:5+5,192,0,5,100,RealWorld_thigh,0.6993055555555555,0.6887605273410785,0.6501116071428571,0.632280756840548,19.993057250976562,19.993057250976562,tfc,10,100
rnn,device:RealWorld_thigh+MotionSense:5+5,192,0,5,100,MotionSense,0.8095703125,0.7966277542619468,0.7552083333333334,0.7224425524081451,19.993057250976562,19.993057250976562,tfc,10,100
rnn,device:RealWorld_thigh+MotionSense:5+5,192,0,5,101,RealWorld_thigh,0.6996527777777778,0.6893640601477489,0.6529017857142857,0.6346423463168328,19.993057250976562,19.993057250976562,tfc,10,100
rnn,device:RealWorld_thigh+MotionSense:5+5,192,0,5,101,MotionSense,0.8095703125,0.7966277542619468,0.7526041666666666,0.7175459265980578,19.993057250976562,19.993057250976562,tfc,10,100
rnn,device:RealWorld_thigh+MotionSense:5+5,192,0,5,102,RealWorld_thigh,0.6996527777777778,0.6893459420593663,0.65234375,0.6341212257827401,19.993057250976562,19.993057250976562,tfc,10,100
rnn,device:RealWorld_thigh+MotionSense:5+5,192,0,5,102,MotionSense,0.8095703125,0.7966277542619468,0.7552083333333334,0.7200471294461924,19.993057250976562,19.993057250976562,tfc,10,100
rnn,device:RealWorld_thigh+MotionSense:5+5,192,0,5,103,RealWorld_thigh,0.6993055555555555,0.6888678274700123,0.6529017857142857,0.6346311707009752,19.993057250976562,19.993057250976562,tfc,10,100
rnn,device:RealWorld_thigh+MotionSense:5+5,192,0,5,103,MotionSense,0.8095703125,0.7965850965336804,0.7552083333333334,0.7200471294461924,19.993057250976562,19.993057250976562,tfc,10,100
rnn,device:RealWorld_thigh+MotionSense:5+5,192,0,5,104,RealWorld_thigh,0.6989583333333333,0.6887011392775486,0.6545758928571429,0.6364093232482492,19.993057250976562,19.993057250976562,tfc,10,100
rnn,device:RealWorld_thigh+MotionSense:5+5,192,0,5,104,MotionSense,0.8095703125,0.7965850965336804,0.7552083333333334,0.7200471294461924,19.993057250976562,19.993057250976562,tfc,10,100
rnn,device:RealWorld_thigh+MotionSense:5+5,192,0,5,105,RealWorld_thigh,0.6979166666666666,0.6876627611162145,0.6545758928571429,0.6364921112883954,19.993057250976562,19.993057250976562,tfc,10,100
rnn,device:RealWorld_thigh+MotionSense:5+5,192,0,5,105,MotionSense,0.80859375,0.7953379100229935,0.7604166666666666,0.7253583023142215,19.993057250976562,19.993057250976562,tfc,10,100
rnn,device:RealWorld_thigh+MotionSense:5+5,192,0,5,106,RealWorld_thigh,0.6979166666666666,0.6876399589558532,0.65625,0.6373275688952411,19.993057250976562,19.993057250976562,tfc,10,100
rnn,device:RealWorld_thigh+MotionSense:5+5,192,0,5,106,MotionSense,0.806640625,0.792831633311451,0.7578125,0.7229057243548991,19.993057250976562,19.993057250976562,tfc,10,100
rnn,device:RealWorld_thigh+MotionSense:5+5,192,0,5,107,RealWorld_thigh,0.6979166666666666,0.6876890787841982,0.6579241071428571,0.6391313914186144,19.993057250976562,19.993057250976562,tfc,10,100
rnn,device:RealWorld_thigh+MotionSense:5+5,192,0,5,107,MotionSense,0.8076171875,0.7942597392961565,0.7578125,0.7229057243548991,19.993057250976562,19.993057250976562,tfc,10,100
rnn,device:RealWorld_thigh+MotionSense:5+5,192,0,5,108,RealWorld_thigh,0.696875,0.686629258562849,0.6590401785714286,0.6402492527941938,19.993057250976562,19.993057250976562,tfc,10,100
rnn,device:RealWorld_thigh+MotionSense:5+5,192,0,5,108,MotionSense,0.80859375,0.7953057852172442,0.75,0.7130524159178236,19.993057250976562,19.993057250976562,tfc,10,100
rnn,device:RealWorld_thigh+MotionSense:5+5,192,0,5,109,RealWorld_thigh,0.696875,0.6868315449242179,0.6584821428571429,0.6397393927296638,19.993057250976562,19.993057250976562,tfc,10,100
rnn,device:RealWorld_thigh+MotionSense:5+5,192,0,5,109,MotionSense,0.80859375,0.7953057852172442,0.75,0.712868260419297,19.993057250976562,19.993057250976562,tfc,10,100
rnn,device:RealWorld_thigh+MotionSense:5+5,192,0,5,110,RealWorld_thigh,0.6965277777777777,0.6864842269421776,0.6595982142857143,0.6407021299246902,19.993057250976562,19.993057250976562,tfc,10,100
rnn,device:RealWorld_thigh+MotionSense:5+5,192,0,5,110,MotionSense,0.8076171875,0.7940558587409422,0.75,0.712868260419297,19.993057250976562,19.993057250976562,tfc,10,100
rnn,device:RealWorld_thigh+MotionSense:5+5,192,0,5,111,RealWorld_thigh,0.6965277777777777,0.6866806247288747,0.6607142857142857,0.6415393246001625,19.993057250976562,19.993057250976562,tfc,10,100
rnn,device:RealWorld_thigh+MotionSense:5+5,192,0,5,111,MotionSense,0.8076171875,0.7940558587409422,0.7526041666666666,0.7154313798702315,19.993057250976562,19.993057250976562,tfc,10,100
rnn,device:RealWorld_thigh+MotionSense:5+5,192,0,5,112,RealWorld_thigh,0.696875,0.6869080993060795,0.6612723214285714,0.6420128795992619,19.993057250976562,19.993057250976562,tfc,10,100
rnn,device:RealWorld_thigh+MotionSense:5+5,192,0,5,112,MotionSense,0.802734375,0.788888527591538,0.7552083333333334,0.7178673968492321,19.993057250976562,19.993057250976562,tfc,10,100
rnn,device:RealWorld_thigh+MotionSense:5+5,192,0,5,113,RealWorld_thigh,0.6975694444444445,0.6875763832932279,0.6607142857142857,0.6416361675429177,19.993057250976562,19.993057250976562,tfc,10,100
rnn,device:RealWorld_thigh+MotionSense:5+5,192,0,5,113,MotionSense,0.802734375,0.788888527591538,0.7526041666666666,0.7159871350656312,19.993057250976562,19.993057250976562,tfc,10,100
rnn,device:RealWorld_thigh+MotionSense:5+5,192,0,5,114,RealWorld_thigh,0.6965277777777777,0.6864196917740898,0.6607142857142857,0.6416361675429177,19.993057250976562,19.993057250976562,tfc,10,100
rnn,device:RealWorld_thigh+MotionSense:5+5,192,0,5,114,MotionSense,0.8017578125,0.7878823477206528,0.7526041666666666,0.7157285109046717,19.993057250976562,19.993057250976562,tfc,10,100
rnn,device:RealWorld_thigh+MotionSense:5+5,192,0,5,115,RealWorld_thigh,0.6965277777777777,0.6864638403931168,0.6618303571428571,0.6423509089904563,19.993057250976562,19.993057250976562,tfc,10,100
rnn,device:RealWorld_thigh+MotionSense:5+5,192,0,5,115,MotionSense,0.80078125,0.7866668061034766,0.7552083333333334,0.7184484209357529,19.993057250976562,19.993057250976562,tfc,10,100
rnn,device:RealWorld_thigh+MotionSense:5+5,192,0,5,116,RealWorld_thigh,0.6954861111111111,0.6854025886495422,0.6635044642857143,0.6438239209695175,19.993057250976562,19.993057250976562,tfc,10,100
rnn,device:RealWorld_thigh+MotionSense:5+5,192,0,5,116,MotionSense,0.7978515625,0.7833706725237923,0.7526041666666666,0.713164925458709,19.993057250976562,19.993057250976562,tfc,10,100
rnn,device:RealWorld_thigh+MotionSense:5+5,192,0,5,117,RealWorld_thigh,0.6954861111111111,0.6851879116179501,0.6635044642857143,0.6438185402558293,19.993057250976562,19.993057250976562,tfc,10,100
rnn,device:RealWorld_thigh+MotionSense:5+5,192,0,5,117,MotionSense,0.796875,0.7822847746650647,0.7526041666666666,0.713164925458709,19.993057250976562,19.993057250976562,tfc,10,100
rnn,device:RealWorld_thigh+MotionSense:5+5,192,0,5,118,RealWorld_thigh,0.6954861111111111,0.6852066301496379,0.6629464285714286,0.6437580565929645,19.993057250976562,19.993057250976562,tfc,10,100
rnn,device:RealWorld_thigh+MotionSense:5+5,192,0,5,118,MotionSense,0.798828125,0.7844077899935367,0.75,0.7077533971579874,19.993057250976562,19.993057250976562,tfc,10,100
rnn,device:RealWorld_thigh+MotionSense:5+5,192,0,5,119,RealWorld_thigh,0.6958333333333333,0.6856186298669126,0.6646205357142857,0.6452582953235911,19.993057250976562,19.993057250976562,tfc,10,100
rnn,device:RealWorld_thigh+MotionSense:5+5,192,0,5,119,MotionSense,0.7958984375,0.7812675946051487,0.75,0.7077533971579874,19.993057250976562,19.993057250976562,tfc,10,100
rnn,device:RealWorld_thigh+MotionSense:5+5,192,0,5,120,RealWorld_thigh,0.6940972222222223,0.6835356785279464,0.6668526785714286,0.6469094819834093,19.993057250976562,19.993057250976562,tfc,10,100
rnn,device:RealWorld_thigh+MotionSense:5+5,192,0,5,120,MotionSense,0.7939453125,0.7787447564610389,0.7526041666666666,0.7101605763388387,19.993057250976562,19.993057250976562,tfc,10,100
rnn,device:RealWorld_thigh+MotionSense:5+5,192,0,5,121,RealWorld_thigh,0.6947916666666667,0.6842403644390246,0.6657366071428571,0.6462595808596717,19.993057250976562,19.993057250976562,tfc,10,100
rnn,device:RealWorld_thigh+MotionSense:5+5,192,0,5,121,MotionSense,0.7939453125,0.77888121797758,0.7526041666666666,0.7101605763388387,19.993057250976562,19.993057250976562,tfc,10,100
rnn,device:RealWorld_thigh+MotionSense:5+5,192,0,5,122,RealWorld_thigh,0.6944444444444444,0.683930013228105,0.6668526785714286,0.6470374679987766,19.993057250976562,19.993057250976562,tfc,10,100
rnn,device:RealWorld_thigh+MotionSense:5+5,192,0,5,122,MotionSense,0.7939453125,0.7787447564610389,0.75,0.7081626924208061,19.993057250976562,19.993057250976562,tfc,10,100
rnn,device:RealWorld_thigh+MotionSense:5+5,192,0,5,123,RealWorld_thigh,0.69375,0.6830177182454776,0.6674107142857143,0.6476366903111651,19.993057250976562,19.993057250976562,tfc,10,100
rnn,device:RealWorld_thigh+MotionSense:5+5,192,0,5,123,MotionSense,0.79296875,0.7780087352710421,0.75,0.7082481389634047,19.993057250976562,19.993057250976562,tfc,10,100
rnn,device:RealWorld_thigh+MotionSense:5+5,192,0,5,124,RealWorld_thigh,0.6934027777777778,0.6823240795538831,0.6662946428571429,0.6465685563295309,19.993057250976562,19.993057250976562,tfc,10,100
rnn,device:RealWorld_thigh+MotionSense:5+5,192,0,5,124,MotionSense,0.79296875,0.7779413283793434,0.7473958333333334,0.7030626907798784,19.993057250976562,19.993057250976562,tfc,10,100
rnn,device:RealWorld_thigh+MotionSense:5+5,192,0,5,125,RealWorld_thigh,0.69375,0.6826804392013823,0.6662946428571429,0.6468618582217388,19.993057250976562,19.993057250976562,tfc,10,100
rnn,device:RealWorld_thigh+MotionSense:5+5,192,0,5,125,MotionSense,0.7900390625,0.7746426246446436,0.7473958333333334,0.7062431271374746,19.993057250976562,19.993057250976562,tfc,10,100
rnn,device:RealWorld_thigh+MotionSense:5+5,192,0,5,126,RealWorld_thigh,0.6923611111111111,0.6807423862271477,0.6668526785714286,0.6466955498369891,19.993057250976562,19.993057250976562,tfc,10,100
rnn,device:RealWorld_thigh+MotionSense:5+5,192,0,5,126,MotionSense,0.79296875,0.777772888998362,0.7473958333333334,0.7030737320398307,19.993057250976562,19.993057250976562,tfc,10,100
rnn,device:RealWorld_thigh+MotionSense:5+5,192,0,5,127,RealWorld_thigh,0.69375,0.6825205022662817,0.6668526785714286,0.6471740563331663,19.993057250976562,19.993057250976562,tfc,10,100
rnn,device:RealWorld_thigh+MotionSense:5+5,192,0,5,127,MotionSense,0.7890625,0.7739912638738407,0.7473958333333334,0.7059986569938143,19.993057250976562,19.993057250976562,tfc,10,100
rnn,device:RealWorld_thigh+MotionSense:5+5,192,0,5,128,RealWorld_thigh,0.6916666666666667,0.6803425986661408,0.66796875,0.6470345225053964,19.993057250976562,19.993057250976562,tfc,10,100
rnn,device:RealWorld_thigh+MotionSense:5+5,192,0,5,128,MotionSense,0.791015625,0.7752257992905714,0.7473958333333334,0.7030737320398307,19.993057250976562,19.993057250976562,tfc,10,100
rnn,device:RealWorld_thigh+MotionSense:5+5,192,0,5,129,RealWorld_thigh,0.6930555555555555,0.6818953176327303,0.6674107142857143,0.6473309019261922,19.993057250976562,19.993057250976562,tfc,10,100
rnn,device:RealWorld_thigh+MotionSense:5+5,192,0,5,129,MotionSense,0.7939453125,0.7789748475646494,0.7473958333333334,0.7030737320398307,19.993057250976562,19.993057250976562,tfc,10,100
rnn,device:RealWorld_thigh+MotionSense:5+5,192,0,5,130,RealWorld_thigh,0.6916666666666667,0.6807929006272665,0.6690848214285714,0.6478311747239796,19.993057250976562,19.993057250976562,tfc,10,100
rnn,device:RealWorld_thigh+MotionSense:5+5,192,0,5,130,MotionSense,0.79296875,0.7781497494175426,0.75,0.705596389608715,19.993057250976562,19.993057250976562,tfc,10,100
rnn,device:RealWorld_thigh+MotionSense:5+5,192,0,5,131,RealWorld_thigh,0.6916666666666667,0.6806060139122284,0.6685267857142857,0.6473488975247046,19.993057250976562,19.993057250976562,tfc,10,100
rnn,device:RealWorld_thigh+MotionSense:5+5,192,0,5,131,MotionSense,0.7919921875,0.7768710320300417,0.75,0.705596389608715,19.993057250976562,19.993057250976562,tfc,10,100
rnn,device:RealWorld_thigh+MotionSense:5+5,192,0,5,132,RealWorld_thigh,0.6913194444444445,0.6801513023533539,0.6690848214285714,0.6470130045711778,19.993057250976562,19.993057250976562,tfc,10,100
rnn,device:RealWorld_thigh+MotionSense:5+5,192,0,5,132,MotionSense,0.7919921875,0.7766914791344691,0.7473958333333334,0.7035945946799872,19.993057250976562,19.993057250976562,tfc,10,100
rnn,device:RealWorld_thigh+MotionSense:5+5,192,0,5,133,RealWorld_thigh,0.6920138888888889,0.6811866997699542,0.6707589285714286,0.647856140695902,19.993057250976562,19.993057250976562,tfc,10,100
rnn,device:RealWorld_thigh+MotionSense:5+5,192,0,5,133,MotionSense,0.7900390625,0.7752006675836203,0.75,0.7061378385352662,19.993057250976562,19.993057250976562,tfc,10,100
rnn,device:RealWorld_thigh+MotionSense:5+5,192,0,5,134,RealWorld_thigh,0.6916666666666667,0.6805768554081157,0.6707589285714286,0.6472422025162622,19.993057250976562,19.993057250976562,tfc,10,100
rnn,device:RealWorld_thigh+MotionSense:5+5,192,0,5,134,MotionSense,0.7919921875,0.7771581095045237,0.7552083333333334,0.7112996618499557,19.993057250976562,19.993057250976562,tfc,10,100
rnn,device:RealWorld_thigh+MotionSense:5+5,192,0,5,135,RealWorld_thigh,0.6916666666666667,0.6805116614239978,0.6724330357142857,0.6492101225616206,19.993057250976562,19.993057250976562,tfc,10,100
rnn,device:RealWorld_thigh+MotionSense:5+5,192,0,5,135,MotionSense,0.7880859375,0.7735892137012651,0.7552083333333334,0.7108006399530842,19.993057250976562,19.993057250976562,tfc,10,100
rnn,device:RealWorld_thigh+MotionSense:5+5,192,0,5,136,RealWorld_thigh,0.6902777777777778,0.6790068067722038,0.6696428571428571,0.6459954426606574,19.993057250976562,19.993057250976562,tfc,10,100
rnn,device:RealWorld_thigh+MotionSense:5+5,192,0,5,136,MotionSense,0.791015625,0.7763259812711499,0.7578125,0.7100255369080061,19.993057250976562,19.993057250976562,tfc,10,100
rnn,device:RealWorld_thigh+MotionSense:5+5,192,0,5,137,RealWorld_thigh,0.6923611111111111,0.6811195769506013,0.6702008928571429,0.6463916761790239,19.993057250976562,19.993057250976562,tfc,10,100
rnn,device:RealWorld_thigh+MotionSense:5+5,192,0,5,137,MotionSense,0.7900390625,0.775727644309744,0.7526041666666666,0.7016446593635618,19.993057250976562,19.993057250976562,tfc,10,100
rnn,device:RealWorld_thigh+MotionSense:5+5,192,0,5,138,RealWorld_thigh,0.6909722222222222,0.6794835258960518,0.6713169642857143,0.6462101128668433,19.993057250976562,19.993057250976562,tfc,10,100
rnn,device:RealWorld_thigh+MotionSense:5+5,192,0,5,138,MotionSense,0.791015625,0.7765366000829803,0.7552083333333334,0.7046288168596798,19.993057250976562,19.993057250976562,tfc,10,100
rnn,device:RealWorld_thigh+MotionSense:5+5,192,0,5,139,RealWorld_thigh,0.6913194444444445,0.6798672909470476,0.6702008928571429,0.6453055582121004,19.993057250976562,19.993057250976562,tfc,10,100
rnn,device:RealWorld_thigh+MotionSense:5+5,192,0,5,139,MotionSense,0.7890625,0.7748052975851861,0.7552083333333334,0.7046288168596798,19.993057250976562,19.993057250976562,tfc,10,100
rnn,device:RealWorld_thigh+MotionSense:5+5,192,0,5,140,RealWorld_thigh,0.6913194444444445,0.6798899997066846,0.6735491071428571,0.6477192507753341,19.993057250976562,19.993057250976562,tfc,10,100
rnn,device:RealWorld_thigh+MotionSense:5+5,192,0,5,140,MotionSense,0.7890625,0.7746386503643827,0.7526041666666666,0.7026382926339235,19.993057250976562,19.993057250976562,tfc,10,100
rnn,device:RealWorld_thigh+MotionSense:5+5,192,0,5,141,RealWorld_thigh,0.6916666666666667,0.6801663872853464,0.6724330357142857,0.6468488719608348,19.993057250976562,19.993057250976562,tfc,10,100
rnn,device:RealWorld_thigh+MotionSense:5+5,192,0,5,141,MotionSense,0.783203125,0.7687551494129249,0.7526041666666666,0.7024782792252712,19.993057250976562,19.993057250976562,tfc,10,100
rnn,device:RealWorld_thigh+MotionSense:5+5,192,0,5,142,RealWorld_thigh,0.690625,0.6790348678614052,0.6729910714285714,0.646793935172563,19.993057250976562,19.993057250976562,tfc,10,100
rnn,device:RealWorld_thigh+MotionSense:5+5,192,0,5,142,MotionSense,0.7841796875,0.7698166384637259,0.7526041666666666,0.7024782792252712,19.993057250976562,19.993057250976562,tfc,10,100
rnn,device:RealWorld_thigh+MotionSense:5+5,192,0,5,143,RealWorld_thigh,0.6913194444444445,0.6796655948223115,0.6735491071428571,0.6467015859559827,19.993057250976562,19.993057250976562,tfc,10,100
rnn,device:RealWorld_thigh+MotionSense:5+5,192,0,5,143,MotionSense,0.783203125,0.7689649115744907,0.7526041666666666,0.7024782792252712,19.993057250976562,19.993057250976562,tfc,10,100
rnn,device:RealWorld_thigh+MotionSense:5+5,192,0,5,144,RealWorld_thigh,0.6913194444444445,0.6798085532436499,0.6752232142857143,0.6492165569305057,19.993057250976562,19.993057250976562,tfc,10,100
rnn,device:RealWorld_thigh+MotionSense:5+5,192,0,5,144,MotionSense,0.7841796875,0.7695999971973801,0.7552083333333334,0.7045818262821094,19.993057250976562,19.993057250976562,tfc,10,100
rnn,device:RealWorld_thigh+MotionSense:5+5,192,0,5,145,RealWorld_thigh,0.6923611111111111,0.6807933232263369,0.6746651785714286,0.64757412245599,19.993057250976562,19.993057250976562,tfc,10,100
rnn,device:RealWorld_thigh+MotionSense:5+5,192,0,5,145,MotionSense,0.783203125,0.7685936502624298,0.7526041666666666,0.7021560734832223,19.993057250976562,19.993057250976562,tfc,10,100
rnn,device:RealWorld_thigh+MotionSense:5+5,192,0,5,146,RealWorld_thigh,0.6916666666666667,0.679863676624615,0.6785714285714286,0.6521408531764029,19.993057250976562,19.993057250976562,tfc,10,100
rnn,device:RealWorld_thigh+MotionSense:5+5,192,0,5,146,MotionSense,0.7841796875,0.7695590226768304,0.7526041666666666,0.7021019899994562,19.993057250976562,19.993057250976562,tfc,10,100
rnn,device:RealWorld_thigh+MotionSense:5+5,192,0,5,147,RealWorld_thigh,0.6920138888888889,0.6804116021843094,0.6746651785714286,0.6488049903594926,19.993057250976562,19.993057250976562,tfc,10,100
rnn,device:RealWorld_thigh+MotionSense:5+5,192,0,5,147,MotionSense,0.783203125,0.7687059779566258,0.7526041666666666,0.7021019899994562,19.993057250976562,19.993057250976562,tfc,10,100
rnn,device:RealWorld_thigh+MotionSense:5+5,192,0,5,148,RealWorld_thigh,0.6923611111111111,0.6807328870124917,0.6791294642857143,0.652217439619171,19.993057250976562,19.993057250976562,tfc,10,100
rnn,device:RealWorld_thigh+MotionSense:5+5,192,0,5,148,MotionSense,0.7822265625,0.7671559836526476,0.7526041666666666,0.7021019899994562,19.993057250976562,19.993057250976562,tfc,10,100
rnn,device:RealWorld_thigh+MotionSense:5+5,192,0,5,149,RealWorld_thigh,0.6909722222222222,0.678981896150503,0.6774553571428571,0.6514912695552665,19.993057250976562,19.993057250976562,tfc,10,100
rnn,device:RealWorld_thigh+MotionSense:5+5,192,0,5,149,MotionSense,0.7822265625,0.7674259703053403,0.75,0.6997480155480013,19.993057250976562,19.993057250976562,tfc,10,100
rnn,device:RealWorld_thigh+MotionSense:5+5,192,0,5,150,RealWorld_thigh,0.6920138888888889,0.6800879871308827,0.6802455357142857,0.6529262910194457,19.993057250976562,19.993057250976562,tfc,10,100
rnn,device:RealWorld_thigh+MotionSense:5+5,192,0,5,150,MotionSense,0.779296875,0.7634023918741351,0.7578125,0.7068790632939314,19.993057250976562,19.993057250976562,tfc,10,100
