encoder,spec,budget,seed,local_epochs,round,target,test_acc,test_f1_macro,val_acc,val_f1_macro,uplink_mb,downlink_mb,method,n_shots,pretrain_rounds
tstcc,device:RealWorld_thigh+MotionSense:10+10,192,3,5,1,RealWorld_thigh,0.40625,0.321931568999756,0.3883928571428571,0.2932282121618106,561.0075378417969,561.0075378417969,tfc,2,100
tstcc,device:RealWorld_thigh+MotionSense:10+10,192,3,5,1,MotionSense,0.5263671875,0.3920486004482361,0.5677083333333334,0.4235303254573031,561.0075378417969,561.0075378417969,tfc,2,100
tstcc,device:RealWorld_thigh+MotionSense:10+10,192,3,5,2,RealWorld_thigh,0.4729166666666666,0.3850629098420898,0.4012276785714285,0.3044773008467032,561.0075378417969,561.0075378417969,tfc,2,100
tstcc,device:RealWorld_thigh+MotionSense:10+10,192,3,5,2,MotionSense,0.5732421875,0.4737619592882751,0.5859375,0.4804976137549263,561.0075378417969,561.0075378417969,tfc,2,100
tstcc,device:RealWorld_thigh+MotionSense:10+10,192,3,5,3,RealWorld_thigh,0.4760416666666666,0.3861936823263909,0.40234375,0.306498597247635,561.0075378417969,561.0075378417969,tfc,2,100
tstcc,device:RealWorld_thigh+MotionSense:10+10,192,3,5,3,MotionSense,0.6416015625,0.5777132311935375,0.6770833333333334,0.6179613489958319,561.0075378417969,561.0075378417969,tfc,2,100
tstcc,device:RealWorld_thigh+MotionSense:10+10,192,3,5,4,RealWorld_thigh,0.5583333333333333,0.5140498039811435,0.4910714285714285,0.443955719445503,561.0075378417969,561.0075378417969,tfc,2,100
tstcc,device:RealWorld_thigh+MotionSense:10+10,192,3,5,4,MotionSense,0.6806640625,0.6275895184879473,0.7057291666666666,0.6408136758239452,561.0075378417969,561.0075378417969,tfc,2,100
tstcc,device:RealWorld_thigh+MotionSense:10+10,192,3,5,5,RealWorld_thigh,0.5461805555555556,0.5001614436940415,0.4871651785714285,0.4406959542187252,561.0075378417969,561.0075378417969,tfc,2,100
tstcc,device:RealWorld_thigh+MotionSense:10+10,192,3,5,5,MotionSense,0.6826171875,0.6299763071291782,0.7005208333333334,0.6340499341428975,561.0075378417969,561.0075378417969,tfc,2,100
tstcc,device:RealWorld_thigh+MotionSense:10+10,192,3,5,6,RealWorld_thigh,0.5427083333333333,0.4960306906269747,0.4905133928571428,0.4429563683828983,561.0075378417969,561.0075378417969,tfc,2,100
tstcc,device:RealWorld_thigh+MotionSense:10+10,192,3,5,6,MotionSense,0.6943359375,0.6400255177958899,0.703125,0.6403924121619974,561.0075378417969,561.0075378417969,tfc,2,100
tstcc,device:RealWorld_thigh+MotionSense:10+10,192,3,5,7,RealWorld_thigh,0.5489583333333333,0.5053624351665954,0.4860491071428571,0.4405759155854373,561.0075378417969,561.0075378417969,tfc,2,100
tstcc,device:RealWorld_thigh+MotionSense:10+10,192,3,5,7,MotionSense,0.6953125,0.6407488517312827,0.7005208333333334,0.6403310596910421,561.0075378417969,561.0075378417969,tfc,2,100
tstcc,device:RealWorld_thigh+MotionSense:10+10,192,3,5,8,RealWorld_thigh,0.5565972222222222,0.5174961314066575,0.4799107142857143,0.4344451437971906,561.0075378417969,561.0075378417969,tfc,2,100
tstcc,device:RealWorld_thigh+MotionSense:10+10,192,3,5,8,MotionSense,0.705078125,0.6545229530163933,0.703125,0.6440603557723698,561.0075378417969,561.0075378417969,tfc,2,100
tstcc,device:RealWorld_thigh+MotionSense:10+10,192,3,5,9,RealWorld_thigh,0.553125,0.5150054073910701,0.4748883928571428,0.4283921479368173,561.0075378417969,561.0075378417969,tfc,2,100
tstcc,device:RealWorld_thigh+MotionSense:10+10,192,3,5,9,MotionSense,0.7197265625,0.6747397086528678,0.7083333333333334,0.654971753140526,561.0075378417969,561.0075378417969,tfc,2,100
tstcc,device:RealWorld_thigh+MotionSense:10+10,192,3,5,10,RealWorld_thigh,0.5368055555555555,0.4984585173178089,0.4732142857142857,0.4239203385885616,561.0075378417969,561.0075378417969,tfc,2,100
tstcc,device:RealWorld_thigh+MotionSense:10+10,192,3,5,10,MotionSense,0.7275390625,0.6854023982491588,0.7057291666666666,0.6589746359671004,561.0075378417969,561.0075378417969,tfc,2,100
tstcc,device:RealWorld_thigh+MotionSense:10+10,192,3,5,11,RealWorld_thigh,0.5027777777777778,0.4534019116531922,0.4525669642857143,0.3999073426794792,561.0075378417969,561.0075378417969,tfc,2,100
tstcc,device:RealWorld_thigh+MotionSense:10+10,192,3,5,11,MotionSense,0.7265625,0.6863568853288279,0.7083333333333334,0.6641266059313403,561.0075378417969,561.0075378417969,tfc,2,100
tstcc,device:RealWorld_thigh+MotionSense:10+10,192,3,5,12,RealWorld_thigh,0.4885416666666666,0.417573659011323,0.3917410714285714,0.3015504236546169,561.0075378417969,561.0075378417969,tfc,2,100
tstcc,device:RealWorld_thigh+MotionSense:10+10,192,3,5,12,MotionSense,0.7119140625,0.671424778936783,0.6848958333333334,0.6393856823678068,561.0075378417969,561.0075378417969,tfc,2,100
tstcc,device:RealWorld_thigh+MotionSense:10+10,192,3,5,13,RealWorld_thigh,0.49375,0.4266733073207323,0.3911830357142857,0.3011431518293418,561.0075378417969,561.0075378417969,tfc,2,100
tstcc,device:RealWorld_thigh+MotionSense:10+10,192,3,5,13,MotionSense,0.71484375,0.6762927544088577,0.6901041666666666,0.6528045388089819,561.0075378417969,561.0075378417969,tfc,2,100
tstcc,device:RealWorld_thigh+MotionSense:10+10,192,3,5,14,RealWorld_thigh,0.5,0.4334781424906659,0.3962053571428571,0.3076811100847553,561.0075378417969,561.0075378417969,tfc,2,100
tstcc,device:RealWorld_thigh+MotionSense:10+10,192,3,5,14,MotionSense,0.69921875,0.6570420386595438,0.6744791666666666,0.6371821097567575,561.0075378417969,561.0075378417969,tfc,2,100
tstcc,device:RealWorld_thigh+MotionSense:10+10,192,3,5,15,RealWorld_thigh,0.5045138888888889,0.4420943721124451,0.4012276785714285,0.3131515363960848,561.0075378417969,561.0075378417969,tfc,2,100
tstcc,device:RealWorld_thigh+MotionSense:10+10,192,3,5,15,MotionSense,0.6630859375,0.5929740107050843,0.6328125,0.5685212203631435,561.0075378417969,561.0075378417969,tfc,2,100
tstcc,device:RealWorld_thigh+MotionSense:10+10,192,3,5,16,RealWorld_thigh,0.5135416666666667,0.4576315278958376,0.4095982142857143,0.3201216170564423,561.0075378417969,561.0075378417969,tfc,2,100
tstcc,device:RealWorld_thigh+MotionSense:10+10,192,3,5,16,MotionSense,0.6708984375,0.6050809701304113,0.6432291666666666,0.5860231570950136,561.0075378417969,561.0075378417969,tfc,2,100
tstcc,device:RealWorld_thigh+MotionSense:10+10,192,3,5,17,RealWorld_thigh,0.5173611111111112,0.4661148844772824,0.4135044642857143,0.3203890151749628,561.0075378417969,561.0075378417969,tfc,2,100
tstcc,device:RealWorld_thigh+MotionSense:10+10,192,3,5,17,MotionSense,0.673828125,0.612082609327194,0.6614583333333334,0.6087066813424539,561.0075378417969,561.0075378417969,tfc,2,100
tstcc,device:RealWorld_thigh+MotionSense:10+10,192,3,5,18,RealWorld_thigh,0.5204861111111111,0.4734726571410069,0.4196428571428571,0.3213616996050774,561.0075378417969,561.0075378417969,tfc,2,100
tstcc,device:RealWorld_thigh+MotionSense:10+10,192,3,5,18,MotionSense,0.685546875,0.627340303837227,0.6744791666666666,0.6283380315535941,561.0075378417969,561.0075378417969,tfc,2,100
tstcc,device:RealWorld_thigh+MotionSense:10+10,192,3,5,19,RealWorld_thigh,0.5298611111111111,0.4842330292073251,0.421875,0.3200645712760374,561.0075378417969,561.0075378417969,tfc,2,100
tstcc,device:RealWorld_thigh+MotionSense:10+10,192,3,5,19,MotionSense,0.697265625,0.6421068403440836,0.6744791666666666,0.628773610826227,561.0075378417969,561.0075378417969,tfc,2,100
tstcc,device:RealWorld_thigh+MotionSense:10+10,192,3,5,20,RealWorld_thigh,0.5270833333333333,0.4796611529813208,0.4168526785714285,0.3107813017453609,561.0075378417969,561.0075378417969,tfc,2,100
tstcc,device:RealWorld_thigh+MotionSense:10+10,192,3,5,20,MotionSense,0.703125,0.649102497586195,0.6953125,0.6536114261252214,561.0075378417969,561.0075378417969,tfc,2,100
tstcc,device:RealWorld_thigh+MotionSense:10+10,192,3,5,21,RealWorld_thigh,0.5204861111111111,0.4701598623623425,0.4196428571428571,0.3095691474358934,561.0075378417969,561.0075378417969,tfc,2,100
tstcc,device:RealWorld_thigh+MotionSense:10+10,192,3,5,21,MotionSense,0.7158203125,0.6621963911483265,0.7005208333333334,0.6544976114010195,561.0075378417969,561.0075378417969,tfc,2,100
tstcc,device:RealWorld_thigh+MotionSense:10+10,192,3,5,22,RealWorld_thigh,0.5177083333333333,0.4642753441775903,0.421875,0.307535504012446,561.0075378417969,561.0075378417969,tfc,2,100
tstcc,device:RealWorld_thigh+MotionSense:10+10,192,3,5,22,MotionSense,0.7294921875,0.6751969204550173,0.6953125,0.6452203184093398,561.0075378417969,561.0075378417969,tfc,2,100
tstcc,device:RealWorld_thigh+MotionSense:10+10,192,3,5,23,RealWorld_thigh,0.5184027777777778,0.4615444624759242,0.4213169642857143,0.3017074287862062,561.0075378417969,561.0075378417969,tfc,2,100
tstcc,device:RealWorld_thigh+MotionSense:10+10,192,3,5,23,MotionSense,0.73046875,0.6753173810745574,0.6875,0.631755076704147,561.0075378417969,561.0075378417969,tfc,2,100
tstcc,device:RealWorld_thigh+MotionSense:10+10,192,3,5,24,RealWorld_thigh,0.5163194444444444,0.455813982763437,0.41796875,0.2951334210027226,561.0075378417969,561.0075378417969,tfc,2,100
tstcc,device:RealWorld_thigh+MotionSense:10+10,192,3,5,24,MotionSense,0.7314453125,0.6758379032098798,0.6770833333333334,0.6136109587123736,561.0075378417969,561.0075378417969,tfc,2,100
tstcc,device:RealWorld_thigh+MotionSense:10+10,192,3,5,25,RealWorld_thigh,0.5121527777777778,0.4506045318877163,0.4162946428571428,0.2935200983855621,561.0075378417969,561.0075378417969,tfc,2,100
tstcc,device:RealWorld_thigh+MotionSense:10+10,192,3,5,25,MotionSense,0.7353515625,0.6800745299196963,0.6666666666666666,0.6001033919166289,561.0075378417969,561.0075378417969,tfc,2,100
tstcc,device:RealWorld_thigh+MotionSense:10+10,192,3,5,26,RealWorld_thigh,0.5079861111111111,0.4435407682845484,0.4135044642857143,0.2884264347231194,561.0075378417969,561.0075378417969,tfc,2,100
tstcc,device:RealWorld_thigh+MotionSense:10+10,192,3,5,26,MotionSense,0.7373046875,0.6824320741617983,0.6588541666666666,0.5859477401479364,561.0075378417969,561.0075378417969,tfc,2,100
tstcc,device:RealWorld_thigh+MotionSense:10+10,192,3,5,27,RealWorld_thigh,0.5041666666666667,0.4377351743952781,0.4095982142857143,0.2824197589015718,561.0075378417969,561.0075378417969,tfc,2,100
tstcc,device:RealWorld_thigh+MotionSense:10+10,192,3,5,27,MotionSense,0.7373046875,0.682076084937065,0.6484375,0.568355742511648,561.0075378417969,561.0075378417969,tfc,2,100
tstcc,device:RealWorld_thigh+MotionSense:10+10,192,3,5,28,RealWorld_thigh,0.5017361111111112,0.4326845195454318,0.4095982142857143,0.2812293049835113,561.0075378417969,561.0075378417969,tfc,2,100
tstcc,device:RealWorld_thigh+MotionSense:10+10,192,3,5,28,MotionSense,0.7333984375,0.6779267418170406,0.6484375,0.5633457889564911,561.0075378417969,561.0075378417969,tfc,2,100
tstcc,device:RealWorld_thigh+MotionSense:10+10,192,3,5,29,RealWorld_thigh,0.5024305555555556,0.4365214504872066,0.4068080357142857,0.2799921345332574,561.0075378417969,561.0075378417969,tfc,2,100
tstcc,device:RealWorld_thigh+MotionSense:10+10,192,3,5,29,MotionSense,0.7353515625,0.6822718956256599,0.6484375,0.5633457889564911,561.0075378417969,561.0075378417969,tfc,2,100
tstcc,device:RealWorld_thigh+MotionSense:10+10,192,3,5,30,RealWorld_thigh,0.4958333333333333,0.4256882156504003,0.4034598214285714,0.2741232378386546,561.0075378417969,561.0075378417969,tfc,2,100
tstcc,device:RealWorld_thigh+MotionSense:10+10,192,3,5,30,MotionSense,0.728515625,0.6750450100675036,0.6458333333333334,0.5563642267766451,561.0075378417969,561.0075378417969,tfc,2,100
tstcc,device:RealWorld_thigh+MotionSense:10+10,192,3,5,31,RealWorld_thigh,0.4923611111111111,0.4217167982152411,0.4017857142857143,0.2722128808685508,561.0075378417969,561.0075378417969,tfc,2,100
tstcc,device:RealWorld_thigh+MotionSense:10+10,192,3,5,31,MotionSense,0.7294921875,0.6764220016298466,0.640625,0.5512350231106156,561.0075378417969,561.0075378417969,tfc,2,100
tstcc,device:RealWorld_thigh+MotionSense:10+10,192,3,5,32,RealWorld_thigh,0.4930555555555556,0.4229850738954058,0.4012276785714285,0.2716860918043966,561.0075378417969,561.0075378417969,tfc,2,100
tstcc,device:RealWorld_thigh+MotionSense:10+10,192,3,5,32,MotionSense,0.7294921875,0.6767979538812562,0.640625,0.5512350231106156,561.0075378417969,561.0075378417969,tfc,2,100
tstcc,device:RealWorld_thigh+MotionSense:10+10,192,3,5,33,RealWorld_thigh,0.4916666666666666,0.4208592257644618,0.4006696428571428,0.2710790222602439,561.0075378417969,561.0075378417969,tfc,2,100
tstcc,device:RealWorld_thigh+MotionSense:10+10,192,3,5,33,MotionSense,0.7294921875,0.6767979538812562,0.6432291666666666,0.5528545695453301,561.0075378417969,561.0075378417969,tfc,2,100
tstcc,device:RealWorld_thigh+MotionSense:10+10,192,3,5,34,RealWorld_thigh,0.4909722222222222,0.4191855332090741,0.4001116071428571,0.2692596067382522,561.0075378417969,561.0075378417969,tfc,2,100
tstcc,device:RealWorld_thigh+MotionSense:10+10,192,3,5,34,MotionSense,0.7216796875,0.6679057139069756,0.6380208333333334,0.5381303807401506,561.0075378417969,561.0075378417969,tfc,2,100
tstcc,device:RealWorld_thigh+MotionSense:10+10,192,3,5,35,RealWorld_thigh,0.4940972222222222,0.4249259044657902,0.4017857142857143,0.2719871447808284,561.0075378417969,561.0075378417969,tfc,2,100
tstcc,device:RealWorld_thigh+MotionSense:10+10,192,3,5,35,MotionSense,0.7265625,0.6738669632331454,0.6432291666666666,0.5528545695453301,561.0075378417969,561.0075378417969,tfc,2,100
tstcc,device:RealWorld_thigh+MotionSense:10+10,192,3,5,36,RealWorld_thigh,0.4944444444444444,0.4262005162259583,0.40234375,0.27396768490365,561.0075378417969,561.0075378417969,tfc,2,100
tstcc,device:RealWorld_thigh+MotionSense:10+10,192,3,5,36,MotionSense,0.7294921875,0.6773945248500848,0.6458333333333334,0.559760911689437,561.0075378417969,561.0075378417969,tfc,2,100
tstcc,device:RealWorld_thigh+MotionSense:10+10,192,3,5,37,RealWorld_thigh,0.4982638888888889,0.4319701731989264,0.40234375,0.2737228148616643,561.0075378417969,561.0075378417969,tfc,2,100
tstcc,device:RealWorld_thigh+MotionSense:10+10,192,3,5,37,MotionSense,0.7333984375,0.681760130662524,0.6458333333333334,0.559760911689437,561.0075378417969,561.0075378417969,tfc,2,100
tstcc,device:RealWorld_thigh+MotionSense:10+10,192,3,5,38,RealWorld_thigh,0.4986111111111111,0.4332692807399891,0.4029017857142857,0.2749503384312732,561.0075378417969,561.0075378417969,tfc,2,100
tstcc,device:RealWorld_thigh+MotionSense:10+10,192,3,5,38,MotionSense,0.734375,0.6824831175193545,0.6432291666666666,0.5580997159202643,561.0075378417969,561.0075378417969,tfc,2,100
tstcc,device:RealWorld_thigh+MotionSense:10+10,192,3,5,39,RealWorld_thigh,0.4961805555555555,0.4289899742449549,0.4017857142857143,0.2721472200973351,561.0075378417969,561.0075378417969,tfc,2,100
tstcc,device:RealWorld_thigh+MotionSense:10+10,192,3,5,39,MotionSense,0.7294921875,0.6776633633911816,0.6432291666666666,0.5580997159202643,561.0075378417969,561.0075378417969,tfc,2,100
tstcc,device:RealWorld_thigh+MotionSense:10+10,192,3,5,40,RealWorld_thigh,0.5034722222222222,0.4412125998096035,0.4029017857142857,0.2751643903649876,561.0075378417969,561.0075378417969,tfc,2,100
tstcc,device:RealWorld_thigh+MotionSense:10+10,192,3,5,40,MotionSense,0.736328125,0.6858703008197847,0.6510416666666666,0.5771994661604438,561.0075378417969,561.0075378417969,tfc,2,100
tstcc,device:RealWorld_thigh+MotionSense:10+10,192,3,5,41,RealWorld_thigh,0.5024305555555556,0.4382826282503602,0.4034598214285714,0.2748109546800781,561.0075378417969,561.0075378417969,tfc,2,100
tstcc,device:RealWorld_thigh+MotionSense:10+10,192,3,5,41,MotionSense,0.7314453125,0.6800394524113322,0.6432291666666666,0.5580997159202643,561.0075378417969,561.0075378417969,tfc,2,100
tstcc,device:RealWorld_thigh+MotionSense:10+10,192,3,5,42,RealWorld_thigh,0.5006944444444444,0.4368001145031607,0.4017857142857143,0.2732336393435092,561.0075378417969,561.0075378417969,tfc,2,100
tstcc,device:RealWorld_thigh+MotionSense:10+10,192,3,5,42,MotionSense,0.73046875,0.6792213724041817,0.6458333333333334,0.5647185867625725,561.0075378417969,561.0075378417969,tfc,2,100
tstcc,device:RealWorld_thigh+MotionSense:10+10,192,3,5,43,RealWorld_thigh,0.4961805555555555,0.4286043213031112,0.4012276785714285,0.2718968278931123,561.0075378417969,561.0075378417969,tfc,2,100
tstcc,device:RealWorld_thigh+MotionSense:10+10,192,3,5,43,MotionSense,0.7275390625,0.6760013209715784,0.6458333333333334,0.5597130247751322,561.0075378417969,561.0075378417969,tfc,2,100
tstcc,device:RealWorld_thigh+MotionSense:10+10,192,3,5,44,RealWorld_thigh,0.5024305555555556,0.4408883670393732,0.4034598214285714,0.2761785614143476,561.0075378417969,561.0075378417969,tfc,2,100
tstcc,device:RealWorld_thigh+MotionSense:10+10,192,3,5,44,MotionSense,0.7353515625,0.6850130880880294,0.6536458333333334,0.5788206559553972,561.0075378417969,561.0075378417969,tfc,2,100
tstcc,device:RealWorld_thigh+MotionSense:10+10,192,3,5,45,RealWorld_thigh,0.5003472222222223,0.4385637309641095,0.4034598214285714,0.2765308883078589,561.0075378417969,561.0075378417969,tfc,2,100
tstcc,device:RealWorld_thigh+MotionSense:10+10,192,3,5,45,MotionSense,0.7275390625,0.6775674670767651,0.65625,0.5847176943388036,561.0075378417969,561.0075378417969,tfc,2,100
tstcc,device:RealWorld_thigh+MotionSense:10+10,192,3,5,46,RealWorld_thigh,0.5048611111111111,0.4427405581036122,0.4045758928571428,0.2768405178115328,561.0075378417969,561.0075378417969,tfc,2,100
tstcc,device:RealWorld_thigh+MotionSense:10+10,192,3,5,46,MotionSense,0.7314453125,0.6809486197942233,0.6484375,0.5663345243635146,561.0075378417969,561.0075378417969,tfc,2,100
tstcc,device:RealWorld_thigh+MotionSense:10+10,192,3,5,47,RealWorld_thigh,0.5090277777777777,0.45085433798806,0.4068080357142857,0.2820997911622946,561.0075378417969,561.0075378417969,tfc,2,100
tstcc,device:RealWorld_thigh+MotionSense:10+10,192,3,5,47,MotionSense,0.740234375,0.6904269629604057,0.6640625,0.5985058967765734,561.0075378417969,561.0075378417969,tfc,2,100
tstcc,device:RealWorld_thigh+MotionSense:10+10,192,3,5,48,RealWorld_thigh,0.5114583333333333,0.453172637812831,0.4084821428571428,0.2843036663673949,561.0075378417969,561.0075378417969,tfc,2,100
tstcc,device:RealWorld_thigh+MotionSense:10+10,192,3,5,48,MotionSense,0.744140625,0.6945682873509581,0.671875,0.6089639954048002,561.0075378417969,561.0075378417969,tfc,2,100
tstcc,device:RealWorld_thigh+MotionSense:10+10,192,3,5,49,RealWorld_thigh,0.5079861111111111,0.4481137707157201,0.4073660714285714,0.2803909262099593,561.0075378417969,561.0075378417969,tfc,2,100
tstcc,device:RealWorld_thigh+MotionSense:10+10,192,3,5,49,MotionSense,0.7373046875,0.6871793061426952,0.671875,0.606169114962861,561.0075378417969,561.0075378417969,tfc,2,100
tstcc,device:RealWorld_thigh+MotionSense:10+10,192,3,5,50,RealWorld_thigh,0.5125,0.454283384052337,0.4084821428571428,0.2829913533013746,561.0075378417969,561.0075378417969,tfc,2,100
tstcc,device:RealWorld_thigh+MotionSense:10+10,192,3,5,50,MotionSense,0.7373046875,0.6874729480465813,0.6770833333333334,0.6153463595701265,561.0075378417969,561.0075378417969,tfc,2,100
tstcc,device:RealWorld_thigh+MotionSense:10+10,192,3,5,51,RealWorld_thigh,0.5111111111111111,0.4528771596734194,0.4090401785714285,0.2835426028554602,561.0075378417969,561.0075378417969,tfc,2,100
tstcc,device:RealWorld_thigh+MotionSense:10+10,192,3,5,51,MotionSense,0.7373046875,0.6874729480465813,0.671875,0.606169114962861,561.0075378417969,561.0075378417969,tfc,2,100
tstcc,device:RealWorld_thigh+MotionSense:10+10,192,3,5,52,RealWorld_thigh,0.5135416666666667,0.4559106516523783,0.4135044642857143,0.2903199311933827,561.0075378417969,561.0075378417969,tfc,2,100
tstcc,device:RealWorld_thigh+MotionSense:10+10,192,3,5,52,MotionSense,0.7431640625,0.6929807376740068,0.6770833333333334,0.6153463595701265,561.0075378417969,561.0075378417969,tfc,2,100
tstcc,device:RealWorld_thigh+MotionSense:10+10,192,3,5,53,RealWorld_thigh,0.5166666666666667,0.459033831733333,0.4135044642857143,0.2903562153929526,561.0075378417969,561.0075378417969,tfc,2,100
tstcc,device:RealWorld_thigh+MotionSense:10+10,192,3,5,53,MotionSense,0.744140625,0.693409546107953,0.6822916666666666,0.6216425561247794,561.0075378417969,561.0075378417969,tfc,2,100
tstcc,device:RealWorld_thigh+MotionSense:10+10,192,3,5,54,RealWorld_thigh,0.5163194444444444,0.4587583462232248,0.4129464285714285,0.2904006607115417,561.0075378417969,561.0075378417969,tfc,2,100
tstcc,device:RealWorld_thigh+MotionSense:10+10,192,3,5,54,MotionSense,0.7421875,0.6914244420403977,0.6796875,0.6191584081934959,561.0075378417969,561.0075378417969,tfc,2,100
tstcc,device:RealWorld_thigh+MotionSense:10+10,192,3,5,55,RealWorld_thigh,0.5166666666666667,0.461470532680741,0.4135044642857143,0.292269420114772,561.0075378417969,561.0075378417969,tfc,2,100
tstcc,device:RealWorld_thigh+MotionSense:10+10,192,3,5,55,MotionSense,0.7431640625,0.6928606609189648,0.6875,0.6309771094858814,561.0075378417969,561.0075378417969,tfc,2,100
tstcc,device:RealWorld_thigh+MotionSense:10+10,192,3,5,56,RealWorld_thigh,0.5149305555555556,0.4575950696724036,0.4129464285714285,0.2913431396623148,561.0075378417969,561.0075378417969,tfc,2,100
tstcc,device:RealWorld_thigh+MotionSense:10+10,192,3,5,56,MotionSense,0.736328125,0.687261736279289,0.6848958333333334,0.6289932106934719,561.0075378417969,561.0075378417969,tfc,2,100
tstcc,device:RealWorld_thigh+MotionSense:10+10,192,3,5,57,RealWorld_thigh,0.5177083333333333,0.4608924587521464,0.4157366071428571,0.2952664432907275,561.0075378417969,561.0075378417969,tfc,2,100
tstcc,device:RealWorld_thigh+MotionSense:10+10,192,3,5,57,MotionSense,0.740234375,0.6903167776715669,0.6901041666666666,0.6326118782259132,561.0075378417969,561.0075378417969,tfc,2,100
tstcc,device:RealWorld_thigh+MotionSense:10+10,192,3,5,58,RealWorld_thigh,0.5163194444444444,0.4602854757262016,0.4140625,0.2936143416642073,561.0075378417969,561.0075378417969,tfc,2,100
tstcc,device:RealWorld_thigh+MotionSense:10+10,192,3,5,58,MotionSense,0.7431640625,0.693513660561427,0.6875,0.6322928261241786,561.0075378417969,561.0075378417969,tfc,2,100
tstcc,device:RealWorld_thigh+MotionSense:10+10,192,3,5,59,RealWorld_thigh,0.5222222222222223,0.4676672132267541,0.4168526785714285,0.2967681618085467,561.0075378417969,561.0075378417969,tfc,2,100
tstcc,device:RealWorld_thigh+MotionSense:10+10,192,3,5,59,MotionSense,0.7431640625,0.6924033529387538,0.6927083333333334,0.6372747744058008,561.0075378417969,561.0075378417969,tfc,2,100
tstcc,device:RealWorld_thigh+MotionSense:10+10,192,3,5,60,RealWorld_thigh,0.5267361111111111,0.4726528960786371,0.4174107142857143,0.297149239912624,561.0075378417969,561.0075378417969,tfc,2,100
tstcc,device:RealWorld_thigh+MotionSense:10+10,192,3,5,60,MotionSense,0.748046875,0.6978911678959686,0.6953125,0.6418387692474549,561.0075378417969,561.0075378417969,tfc,2,100
tstcc,device:RealWorld_thigh+MotionSense:10+10,192,3,5,61,RealWorld_thigh,0.5197916666666667,0.4647269628288534,0.4135044642857143,0.2925987703180254,561.0075378417969,561.0075378417969,tfc,2,100
tstcc,device:RealWorld_thigh+MotionSense:10+10,192,3,5,61,MotionSense,0.740234375,0.6902165678990754,0.6848958333333334,0.6277715536126295,561.0075378417969,561.0075378417969,tfc,2,100
tstcc,device:RealWorld_thigh+MotionSense:10+10,192,3,5,62,RealWorld_thigh,0.525,0.4706102898481972,0.4162946428571428,0.295533053244496,561.0075378417969,561.0075378417969,tfc,2,100
tstcc,device:RealWorld_thigh+MotionSense:10+10,192,3,5,62,MotionSense,0.740234375,0.68976819378267,0.6927083333333334,0.6372747744058008,561.0075378417969,561.0075378417969,tfc,2,100
tstcc,device:RealWorld_thigh+MotionSense:10+10,192,3,5,63,RealWorld_thigh,0.5243055555555556,0.4712605568564536,0.4190848214285714,0.3011301695904193,561.0075378417969,561.0075378417969,tfc,2,100
tstcc,device:RealWorld_thigh+MotionSense:10+10,192,3,5,63,MotionSense,0.7431640625,0.6926659922166608,0.6953125,0.6416452876207751,561.0075378417969,561.0075378417969,tfc,2,100
tstcc,device:RealWorld_thigh+MotionSense:10+10,192,3,5,64,RealWorld_thigh,0.5305555555555556,0.4785812220473858,0.4185267857142857,0.3023567508688076,561.0075378417969,561.0075378417969,tfc,2,100
tstcc,device:RealWorld_thigh+MotionSense:10+10,192,3,5,64,MotionSense,0.7470703125,0.6968054963376521,0.703125,0.6513232341161308,561.0075378417969,561.0075378417969,tfc,2,100
tstcc,device:RealWorld_thigh+MotionSense:10+10,192,3,5,65,RealWorld_thigh,0.5267361111111111,0.4744501211935394,0.4185267857142857,0.3006101726186274,561.0075378417969,561.0075378417969,tfc,2,100
tstcc,device:RealWorld_thigh+MotionSense:10+10,192,3,5,65,MotionSense,0.7451171875,0.6946411697208216,0.6953125,0.6416452876207751,561.0075378417969,561.0075378417969,tfc,2,100
tstcc,device:RealWorld_thigh+MotionSense:10+10,192,3,5,66,RealWorld_thigh,0.5263888888888889,0.4715520185666493,0.4174107142857143,0.2955202500031014,561.0075378417969,561.0075378417969,tfc,2,100
tstcc,device:RealWorld_thigh+MotionSense:10+10,192,3,5,66,MotionSense,0.744140625,0.6931833188228586,0.6927083333333334,0.6372747744058008,561.0075378417969,561.0075378417969,tfc,2,100
tstcc,device:RealWorld_thigh+MotionSense:10+10,192,3,5,67,RealWorld_thigh,0.5263888888888889,0.4723532770592593,0.4168526785714285,0.2961473965325241,561.0075378417969,561.0075378417969,tfc,2,100
tstcc,device:RealWorld_thigh+MotionSense:10+10,192,3,5,67,MotionSense,0.744140625,0.693272596484173,0.6953125,0.6416452876207751,561.0075378417969,561.0075378417969,tfc,2,100
tstcc,device:RealWorld_thigh+MotionSense:10+10,192,3,5,68,RealWorld_thigh,0.5270833333333333,0.4756423528193869,0.4190848214285714,0.3015454229076881,561.0075378417969,561.0075378417969,tfc,2,100
tstcc,device:RealWorld_thigh+MotionSense:10+10,192,3,5,68,MotionSense,0.7421875,0.6918328989501007,0.7005208333333334,0.6465940218138302,561.0075378417969,561.0075378417969,tfc,2,100
tstcc,device:RealWorld_thigh+MotionSense:10+10,192,3,5,69,RealWorld_thigh,0.5274305555555555,0.4749316445178219,0.4185267857142857,0.3014419838606059,561.0075378417969,561.0075378417969,tfc,2,100
tstcc,device:RealWorld_thigh+MotionSense:10+10,192,3,5,69,MotionSense,0.7373046875,0.6872959672096542,0.6979166666666666,0.6446779877538935,561.0075378417969,561.0075378417969,tfc,2,100
tstcc,device:RealWorld_thigh+MotionSense:10+10,192,3,5,70,RealWorld_thigh,0.5315972222222223,0.4782341835785955,0.4196428571428571,0.3016496240842167,561.0075378417969,561.0075378417969,tfc,2,100
tstcc,device:RealWorld_thigh+MotionSense:10+10,192,3,5,70,MotionSense,0.7431640625,0.6922737851717463,0.703125,0.6490351107053226,561.0075378417969,561.0075378417969,tfc,2,100
tstcc,device:RealWorld_thigh+MotionSense:10+10,192,3,5,71,RealWorld_thigh,0.5364583333333334,0.4816402744800085,0.4196428571428571,0.3016700654565745,561.0075378417969,561.0075378417969,tfc,2,100
tstcc,device:RealWorld_thigh+MotionSense:10+10,192,3,5,71,MotionSense,0.736328125,0.6860557749743464,0.703125,0.6490351107053226,561.0075378417969,561.0075378417969,tfc,2,100
tstcc,device:RealWorld_thigh+MotionSense:10+10,192,3,5,72,RealWorld_thigh,0.5388888888888889,0.4871835912647218,0.4202008928571428,0.3062617165061155,561.0075378417969,561.0075378417969,tfc,2,100
tstcc,device:RealWorld_thigh+MotionSense:10+10,192,3,5,72,MotionSense,0.7421875,0.6915565308861861,0.7109375,0.6614173269358308,561.0075378417969,561.0075378417969,tfc,2,100
tstcc,device:RealWorld_thigh+MotionSense:10+10,192,3,5,73,RealWorld_thigh,0.5364583333333334,0.4829454893034486,0.4190848214285714,0.3016186516785353,561.0075378417969,561.0075378417969,tfc,2,100
tstcc,device:RealWorld_thigh+MotionSense:10+10,192,3,5,73,MotionSense,0.734375,0.6841019699845651,0.7083333333333334,0.6560306749780435,561.0075378417969,561.0075378417969,tfc,2,100
tstcc,device:RealWorld_thigh+MotionSense:10+10,192,3,5,74,RealWorld_thigh,0.54375,0.49105334400818,0.4235491071428571,0.3092031424451834,561.0075378417969,561.0075378417969,tfc,2,100
tstcc,device:RealWorld_thigh+MotionSense:10+10,192,3,5,74,MotionSense,0.7412109375,0.6913294523979895,0.7213541666666666,0.6735008818342152,561.0075378417969,561.0075378417969,tfc,2,100
tstcc,device:RealWorld_thigh+MotionSense:10+10,192,3,5,75,RealWorld_thigh,0.5402777777777777,0.4873975885900855,0.4185267857142857,0.302690672028877,561.0075378417969,561.0075378417969,tfc,2,100
tstcc,device:RealWorld_thigh+MotionSense:10+10,192,3,5,75,MotionSense,0.7412109375,0.6905689303630843,0.7135416666666666,0.6640620869400912,561.0075378417969,561.0075378417969,tfc,2,100
tstcc,device:RealWorld_thigh+MotionSense:10+10,192,3,5,76,RealWorld_thigh,0.5413194444444445,0.4907416468028646,0.4196428571428571,0.3066989759778311,561.0075378417969,561.0075378417969,tfc,2,100
tstcc,device:RealWorld_thigh+MotionSense:10+10,192,3,5,76,MotionSense,0.744140625,0.6935649248673532,0.7135416666666666,0.6661068258269354,561.0075378417969,561.0075378417969,tfc,2,100
tstcc,device:RealWorld_thigh+MotionSense:10+10,192,3,5,77,RealWorld_thigh,0.5392361111111111,0.4881739906410993,0.4196428571428571,0.3061004320573228,561.0075378417969,561.0075378417969,tfc,2,100
tstcc,device:RealWorld_thigh+MotionSense:10+10,192,3,5,77,MotionSense,0.740234375,0.6898690350712758,0.7161458333333334,0.6685698656167299,561.0075378417969,561.0075378417969,tfc,2,100
tstcc,device:RealWorld_thigh+MotionSense:10+10,192,3,5,78,RealWorld_thigh,0.5413194444444445,0.4902017786754403,0.4185267857142857,0.3062416381825205,561.0075378417969,561.0075378417969,tfc,2,100
tstcc,device:RealWorld_thigh+MotionSense:10+10,192,3,5,78,MotionSense,0.7392578125,0.688919443617472,0.7083333333333334,0.6586052008579805,561.0075378417969,561.0075378417969,tfc,2,100
tstcc,device:RealWorld_thigh+MotionSense:10+10,192,3,5,79,RealWorld_thigh,0.5440972222222222,0.4924758795973579,0.4213169642857143,0.3081956483185845,561.0075378417969,561.0075378417969,tfc,2,100
tstcc,device:RealWorld_thigh+MotionSense:10+10,192,3,5,79,MotionSense,0.7431640625,0.6926503910083887,0.7239583333333334,0.6764431188014258,561.0075378417969,561.0075378417969,tfc,2,100
tstcc,device:RealWorld_thigh+MotionSense:10+10,192,3,5,80,RealWorld_thigh,0.5461805555555556,0.4945525604718261,0.4213169642857143,0.3104861696201821,561.0075378417969,561.0075378417969,tfc,2,100
tstcc,device:RealWorld_thigh+MotionSense:10+10,192,3,5,80,MotionSense,0.7451171875,0.6949213537602041,0.7291666666666666,0.6822174385015914,561.0075378417969,561.0075378417969,tfc,2,100
tstcc,device:RealWorld_thigh+MotionSense:10+10,192,3,5,81,RealWorld_thigh,0.5472222222222223,0.495765379239292,0.4229910714285714,0.3142662748089007,561.0075378417969,561.0075378417969,tfc,2,100
tstcc,device:RealWorld_thigh+MotionSense:10+10,192,3,5,81,MotionSense,0.7421875,0.6919463698340826,0.7213541666666666,0.6734227062228743,561.0075378417969,561.0075378417969,tfc,2,100
tstcc,device:RealWorld_thigh+MotionSense:10+10,192,3,5,82,RealWorld_thigh,0.5489583333333333,0.4986967151160288,0.42578125,0.3213130869913604,561.0075378417969,561.0075378417969,tfc,2,100
tstcc,device:RealWorld_thigh+MotionSense:10+10,192,3,5,82,MotionSense,0.7431640625,0.6927035438082371,0.7213541666666666,0.6725626717760584,561.0075378417969,561.0075378417969,tfc,2,100
tstcc,device:RealWorld_thigh+MotionSense:10+10,192,3,5,83,RealWorld_thigh,0.5465277777777777,0.4944791663856645,0.4213169642857143,0.3129778678819407,561.0075378417969,561.0075378417969,tfc,2,100
tstcc,device:RealWorld_thigh+MotionSense:10+10,192,3,5,83,MotionSense,0.736328125,0.6856321684859444,0.7161458333333334,0.6649731367232651,561.0075378417969,561.0075378417969,tfc,2,100
tstcc,device:RealWorld_thigh+MotionSense:10+10,192,3,5,84,RealWorld_thigh,0.5489583333333333,0.4984893640935311,0.4252232142857143,0.3208241951853104,561.0075378417969,561.0075378417969,tfc,2,100
tstcc,device:RealWorld_thigh+MotionSense:10+10,192,3,5,84,MotionSense,0.744140625,0.6939915266210073,0.7213541666666666,0.6731029411764706,561.0075378417969,561.0075378417969,tfc,2,100
tstcc,device:RealWorld_thigh+MotionSense:10+10,192,3,5,85,RealWorld_thigh,0.5503472222222222,0.500108604793646,0.4246651785714285,0.3221269202504939,561.0075378417969,561.0075378417969,tfc,2,100
tstcc,device:RealWorld_thigh+MotionSense:10+10,192,3,5,85,MotionSense,0.7353515625,0.6846522257547889,0.71875,0.6693805941520735,561.0075378417969,561.0075378417969,tfc,2,100
tstcc,device:RealWorld_thigh+MotionSense:10+10,192,3,5,86,RealWorld_thigh,0.5496527777777778,0.4989104487002334,0.4246651785714285,0.3218919606477057,561.0075378417969,561.0075378417969,tfc,2,100
tstcc,device:RealWorld_thigh+MotionSense:10+10,192,3,5,86,MotionSense,0.7373046875,0.686870266707787,0.7213541666666666,0.6725905983969492,561.0075378417969,561.0075378417969,tfc,2,100
tstcc,device:RealWorld_thigh+MotionSense:10+10,192,3,5,87,RealWorld_thigh,0.5548611111111111,0.5060224870319714,0.4241071428571428,0.3245734279270865,561.0075378417969,561.0075378417969,tfc,2,100
tstcc,device:RealWorld_thigh+MotionSense:10+10,192,3,5,87,MotionSense,0.736328125,0.6857890111042354,0.7161458333333334,0.6666742227304593,561.0075378417969,561.0075378417969,tfc,2,100
tstcc,device:RealWorld_thigh+MotionSense:10+10,192,3,5,88,RealWorld_thigh,0.5506944444444445,0.5007412028142697,0.4235491071428571,0.3231105666988773,561.0075378417969,561.0075378417969,tfc,2,100
tstcc,device:RealWorld_thigh+MotionSense:10+10,192,3,5,88,MotionSense,0.7392578125,0.6891464902307277,0.7213541666666666,0.6726676005773183,561.0075378417969,561.0075378417969,tfc,2,100
tstcc,device:RealWorld_thigh+MotionSense:10+10,192,3,5,89,RealWorld_thigh,0.55625,0.5067085269666576,0.42578125,0.3259304072240763,561.0075378417969,561.0075378417969,tfc,2,100
tstcc,device:RealWorld_thigh+MotionSense:10+10,192,3,5,89,MotionSense,0.7373046875,0.6870271235721853,0.71875,0.6694165247879832,561.0075378417969,561.0075378417969,tfc,2,100
tstcc,device:RealWorld_thigh+MotionSense:10+10,192,3,5,90,RealWorld_thigh,0.5479166666666667,0.4979346765965569,0.4235491071428571,0.3235441711010657,561.0075378417969,561.0075378417969,tfc,2,100
tstcc,device:RealWorld_thigh+MotionSense:10+10,192,3,5,90,MotionSense,0.7373046875,0.6870074045027482,0.7239583333333334,0.6758354567988866,561.0075378417969,561.0075378417969,tfc,2,100
tstcc,device:RealWorld_thigh+MotionSense:10+10,192,3,5,91,RealWorld_thigh,0.5555555555555556,0.5074665967443536,0.4207589285714285,0.3229118644333903,561.0075378417969,561.0075378417969,tfc,2,100
tstcc,device:RealWorld_thigh+MotionSense:10+10,192,3,5,91,MotionSense,0.7412109375,0.6903567191246568,0.7109375,0.66043776106934,561.0075378417969,561.0075378417969,tfc,2,100
tstcc,device:RealWorld_thigh+MotionSense:10+10,192,3,5,92,RealWorld_thigh,0.5534722222222223,0.5039723728944839,0.4207589285714285,0.3244047171466432,561.0075378417969,561.0075378417969,tfc,2,100
tstcc,device:RealWorld_thigh+MotionSense:10+10,192,3,5,92,MotionSense,0.7294921875,0.678859428738694,0.7161458333333334,0.6669882291662121,561.0075378417969,561.0075378417969,tfc,2,100
tstcc,device:RealWorld_thigh+MotionSense:10+10,192,3,5,93,RealWorld_thigh,0.5527777777777778,0.5028192533456468,0.4229910714285714,0.3263420099644137,561.0075378417969,561.0075378417969,tfc,2,100
tstcc,device:RealWorld_thigh+MotionSense:10+10,192,3,5,93,MotionSense,0.7216796875,0.6704786748397563,0.7135416666666666,0.6638951203310851,561.0075378417969,561.0075378417969,tfc,2,100
tstcc,device:RealWorld_thigh+MotionSense:10+10,192,3,5,94,RealWorld_thigh,0.5555555555555556,0.5055940818344439,0.4224330357142857,0.3294317951522361,561.0075378417969,561.0075378417969,tfc,2,100
tstcc,device:RealWorld_thigh+MotionSense:10+10,192,3,5,94,MotionSense,0.7099609375,0.6575991535977315,0.7083333333333334,0.6564105732449834,561.0075378417969,561.0075378417969,tfc,2,100
tstcc,device:RealWorld_thigh+MotionSense:10+10,192,3,5,95,RealWorld_thigh,0.5541666666666667,0.504525775019009,0.4224330357142857,0.3310003721459132,561.0075378417969,561.0075378417969,tfc,2,100
tstcc,device:RealWorld_thigh+MotionSense:10+10,192,3,5,95,MotionSense,0.7255859375,0.6739477911954945,0.7109375,0.6598137892149818,561.0075378417969,561.0075378417969,tfc,2,100
tstcc,device:RealWorld_thigh+MotionSense:10+10,192,3,5,96,RealWorld_thigh,0.5545138888888889,0.5044443925514954,0.4174107142857143,0.32911727926535,561.0075378417969,561.0075378417969,tfc,2,100
tstcc,device:RealWorld_thigh+MotionSense:10+10,192,3,5,96,MotionSense,0.7216796875,0.6698484686571597,0.71875,0.6685848841194764,561.0075378417969,561.0075378417969,tfc,2,100
tstcc,device:RealWorld_thigh+MotionSense:10+10,192,3,5,97,RealWorld_thigh,0.5513888888888889,0.5013778598766968,0.4207589285714285,0.3269070357189694,561.0075378417969,561.0075378417969,tfc,2,100
tstcc,device:RealWorld_thigh+MotionSense:10+10,192,3,5,97,MotionSense,0.72265625,0.6715233152712,0.7161458333333334,0.6676791453999401,561.0075378417969,561.0075378417969,tfc,2,100
tstcc,device:RealWorld_thigh+MotionSense:10+10,192,3,5,98,RealWorld_thigh,0.5496527777777778,0.4999633719225142,0.4202008928571428,0.3270571110983035,561.0075378417969,561.0075378417969,tfc,2,100
tstcc,device:RealWorld_thigh+MotionSense:10+10,192,3,5,98,MotionSense,0.7236328125,0.6724374279804692,0.7109375,0.6619317734037656,561.0075378417969,561.0075378417969,tfc,2,100
tstcc,device:RealWorld_thigh+MotionSense:10+10,192,3,5,99,RealWorld_thigh,0.5493055555555556,0.4994361591092959,0.4151785714285714,0.3241346264714395,561.0075378417969,561.0075378417969,tfc,2,100
tstcc,device:RealWorld_thigh+MotionSense:10+10,192,3,5,99,MotionSense,0.7236328125,0.6723785228576832,0.7109375,0.6617309258364009,561.0075378417969,561.0075378417969,tfc,2,100
tstcc,device:RealWorld_thigh+MotionSense:10+10,192,3,5,100,RealWorld_thigh,0.5472222222222223,0.4972479447798011,0.4140625,0.3222406919062496,561.0075378417969,561.0075378417969,tfc,2,100
tstcc,device:RealWorld_thigh+MotionSense:10+10,192,3,5,100,MotionSense,0.7216796875,0.6704383447612168,0.7135416666666666,0.6627687406936763,561.0075378417969,561.0075378417969,tfc,2,100
tstcc,device:RealWorld_thigh+MotionSense:10+10,192,3,5,101,RealWorld_thigh,0.5420138888888889,0.4928966891001387,0.4174107142857143,0.3219821062913743,561.0075378417969,561.0075378417969,tfc,2,100
tstcc,device:RealWorld_thigh+MotionSense:10+10,192,3,5,101,MotionSense,0.7197265625,0.668839524423935,0.703125,0.6527361958066694,561.0075378417969,561.0075378417969,tfc,2,100
tstcc,device:RealWorld_thigh+MotionSense:10+10,192,3,5,102,RealWorld_thigh,0.5486111111111112,0.4994463766298243,0.4146205357142857,0.3219349528664375,561.0075378417969,561.0075378417969,tfc,2,100
tstcc,device:RealWorld_thigh+MotionSense:10+10,192,3,5,102,MotionSense,0.716796875,0.6652336783336156,0.703125,0.6515117574685374,561.0075378417969,561.0075378417969,tfc,2,100
tstcc,device:RealWorld_thigh+MotionSense:10+10,192,3,5,103,RealWorld_thigh,0.5444444444444444,0.495435929968695,0.4168526785714285,0.3227225367507741,561.0075378417969,561.0075378417969,tfc,2,100
tstcc,device:RealWorld_thigh+MotionSense:10+10,192,3,5,103,MotionSense,0.7255859375,0.6745202384709712,0.7057291666666666,0.6573428207598961,561.0075378417969,561.0075378417969,tfc,2,100
tstcc,device:RealWorld_thigh+MotionSense:10+10,192,3,5,104,RealWorld_thigh,0.5493055555555556,0.4996622881236072,0.4123883928571428,0.3242158594859944,561.0075378417969,561.0075378417969,tfc,2,100
tstcc,device:RealWorld_thigh+MotionSense:10+10,192,3,5,104,MotionSense,0.7255859375,0.6738804887866947,0.7135416666666666,0.6627026035165445,561.0075378417969,561.0075378417969,tfc,2,100
tstcc,device:RealWorld_thigh+MotionSense:10+10,192,3,5,105,RealWorld_thigh,0.5444444444444444,0.4955380882118453,0.4129464285714285,0.3267700537864803,561.0075378417969,561.0075378417969,tfc,2,100
tstcc,device:RealWorld_thigh+MotionSense:10+10,192,3,5,105,MotionSense,0.720703125,0.6691749329373932,0.7005208333333334,0.649861834424894,561.0075378417969,561.0075378417969,tfc,2,100
tstcc,device:RealWorld_thigh+MotionSense:10+10,192,3,5,106,RealWorld_thigh,0.5409722222222222,0.4921101426051851,0.4079241071428571,0.319551946389504,561.0075378417969,561.0075378417969,tfc,2,100
tstcc,device:RealWorld_thigh+MotionSense:10+10,192,3,5,106,MotionSense,0.7216796875,0.6704564392452612,0.7083333333333334,0.658462270177041,561.0075378417969,561.0075378417969,tfc,2,100
tstcc,device:RealWorld_thigh+MotionSense:10+10,192,3,5,107,RealWorld_thigh,0.5395833333333333,0.490979121530178,0.4079241071428571,0.3222309833556059,561.0075378417969,561.0075378417969,tfc,2,100
tstcc,device:RealWorld_thigh+MotionSense:10+10,192,3,5,107,MotionSense,0.720703125,0.6692904840898782,0.7005208333333334,0.6495639099565144,561.0075378417969,561.0075378417969,tfc,2,100
tstcc,device:RealWorld_thigh+MotionSense:10+10,192,3,5,108,RealWorld_thigh,0.5395833333333333,0.4909017217473504,0.4073660714285714,0.3194758422189644,561.0075378417969,561.0075378417969,tfc,2,100
tstcc,device:RealWorld_thigh+MotionSense:10+10,192,3,5,108,MotionSense,0.720703125,0.669431467449127,0.703125,0.651609738632295,561.0075378417969,561.0075378417969,tfc,2,100
tstcc,device:RealWorld_thigh+MotionSense:10+10,192,3,5,109,RealWorld_thigh,0.5392361111111111,0.490657227214738,0.40625,0.320742002420687,561.0075378417969,561.0075378417969,tfc,2,100
tstcc,device:RealWorld_thigh+MotionSense:10+10,192,3,5,109,MotionSense,0.7158203125,0.6639486366475725,0.7005208333333334,0.6495639099565144,561.0075378417969,561.0075378417969,tfc,2,100
tstcc,device:RealWorld_thigh+MotionSense:10+10,192,3,5,110,RealWorld_thigh,0.5347222222222222,0.4860006157214385,0.40625,0.3198968137751117,561.0075378417969,561.0075378417969,tfc,2,100
tstcc,device:RealWorld_thigh+MotionSense:10+10,192,3,5,110,MotionSense,0.716796875,0.6650886396402395,0.703125,0.6514199068119207,561.0075378417969,561.0075378417969,tfc,2,100
tstcc,device:RealWorld_thigh+MotionSense:10+10,192,3,5,111,RealWorld_thigh,0.5350694444444445,0.4862014967684557,0.4068080357142857,0.3175326165702133,561.0075378417969,561.0075378417969,tfc,2,100
tstcc,device:RealWorld_thigh+MotionSense:10+10,192,3,5,111,MotionSense,0.7158203125,0.6645989033185954,0.6979166666666666,0.6480026591345726,561.0075378417969,561.0075378417969,tfc,2,100
tstcc,device:RealWorld_thigh+MotionSense:10+10,192,3,5,112,RealWorld_thigh,0.5326388888888889,0.4846919004936568,0.4045758928571428,0.3170788562210955,561.0075378417969,561.0075378417969,tfc,2,100
tstcc,device:RealWorld_thigh+MotionSense:10+10,192,3,5,112,MotionSense,0.71875,0.6674557020242377,0.6979166666666666,0.6471220360973184,561.0075378417969,561.0075378417969,tfc,2,100
tstcc,device:RealWorld_thigh+MotionSense:10+10,192,3,5,113,RealWorld_thigh,0.5354166666666667,0.4872939101953914,0.40234375,0.3149626525726691,561.0075378417969,561.0075378417969,tfc,2,100
tstcc,device:RealWorld_thigh+MotionSense:10+10,192,3,5,113,MotionSense,0.71875,0.6674598724510034,0.7005208333333334,0.6496316660845771,561.0075378417969,561.0075378417969,tfc,2,100
tstcc,device:RealWorld_thigh+MotionSense:10+10,192,3,5,114,RealWorld_thigh,0.53125,0.48363426720798,0.4012276785714285,0.3167267583550501,561.0075378417969,561.0075378417969,tfc,2,100
tstcc,device:RealWorld_thigh+MotionSense:10+10,192,3,5,114,MotionSense,0.7197265625,0.6684192372066996,0.6979166666666666,0.6472053310262431,561.0075378417969,561.0075378417969,tfc,2,100
tstcc,device:RealWorld_thigh+MotionSense:10+10,192,3,5,115,RealWorld_thigh,0.5371527777777778,0.4884865772572782,0.4068080357142857,0.3255989594071669,561.0075378417969,561.0075378417969,tfc,2,100
tstcc,device:RealWorld_thigh+MotionSense:10+10,192,3,5,115,MotionSense,0.71484375,0.6617866071036844,0.6875,0.6381469487556443,561.0075378417969,561.0075378417969,tfc,2,100
tstcc,device:RealWorld_thigh+MotionSense:10+10,192,3,5,116,RealWorld_thigh,0.5381944444444444,0.4898086149304839,0.4068080357142857,0.3237224806163397,561.0075378417969,561.0075378417969,tfc,2,100
tstcc,device:RealWorld_thigh+MotionSense:10+10,192,3,5,116,MotionSense,0.7197265625,0.6674127988542115,0.6901041666666666,0.6392074276674363,561.0075378417969,561.0075378417969,tfc,2,100
tstcc,device:RealWorld_thigh+MotionSense:10+10,192,3,5,117,RealWorld_thigh,0.5378472222222223,0.4892922495817739,0.4073660714285714,0.3233765756109351,561.0075378417969,561.0075378417969,tfc,2,100
tstcc,device:RealWorld_thigh+MotionSense:10+10,192,3,5,117,MotionSense,0.7177734375,0.6657873507865147,0.6927083333333334,0.6423418584545345,561.0075378417969,561.0075378417969,tfc,2,100
tstcc,device:RealWorld_thigh+MotionSense:10+10,192,3,5,118,RealWorld_thigh,0.5329861111111112,0.4849312800278463,0.4045758928571428,0.3219755895254048,561.0075378417969,561.0075378417969,tfc,2,100
tstcc,device:RealWorld_thigh+MotionSense:10+10,192,3,5,118,MotionSense,0.720703125,0.6693628908902781,0.6979166666666666,0.6480117669142059,561.0075378417969,561.0075378417969,tfc,2,100
tstcc,device:RealWorld_thigh+MotionSense:10+10,192,3,5,119,RealWorld_thigh,0.53125,0.4835444069710352,0.4006696428571428,0.3156791115180644,561.0075378417969,561.0075378417969,tfc,2,100
tstcc,device:RealWorld_thigh+MotionSense:10+10,192,3,5,119,MotionSense,0.7197265625,0.6685742767492511,0.7005208333333334,0.6510684769582118,561.0075378417969,561.0075378417969,tfc,2,100
tstcc,device:RealWorld_thigh+MotionSense:10+10,192,3,5,120,RealWorld_thigh,0.5322916666666667,0.4842800698497076,0.40234375,0.318335850370184,561.0075378417969,561.0075378417969,tfc,2,100
tstcc,device:RealWorld_thigh+MotionSense:10+10,192,3,5,120,MotionSense,0.7197265625,0.6683077891057545,0.6953125,0.6441630509966673,561.0075378417969,561.0075378417969,tfc,2,100
tstcc,device:RealWorld_thigh+MotionSense:10+10,192,3,5,121,RealWorld_thigh,0.5298611111111111,0.4818453715698738,0.4029017857142857,0.3198104185285486,561.0075378417969,561.0075378417969,tfc,2,100
tstcc,device:RealWorld_thigh+MotionSense:10+10,192,3,5,121,MotionSense,0.716796875,0.6653024050204853,0.6953125,0.6453857276986262,561.0075378417969,561.0075378417969,tfc,2,100
tstcc,device:RealWorld_thigh+MotionSense:10+10,192,3,5,122,RealWorld_thigh,0.5319444444444444,0.4839278164130073,0.4017857142857143,0.3183426988837233,561.0075378417969,561.0075378417969,tfc,2,100
tstcc,device:RealWorld_thigh+MotionSense:10+10,192,3,5,122,MotionSense,0.7158203125,0.6646320774604403,0.6979166666666666,0.6480117669142059,561.0075378417969,561.0075378417969,tfc,2,100
tstcc,device:RealWorld_thigh+MotionSense:10+10,192,3,5,123,RealWorld_thigh,0.525,0.4770054334342045,0.3995535714285714,0.3116401654628221,561.0075378417969,561.0075378417969,tfc,2,100
tstcc,device:RealWorld_thigh+MotionSense:10+10,192,3,5,123,MotionSense,0.72265625,0.671696772764497,0.6953125,0.6467985794013191,561.0075378417969,561.0075378417969,tfc,2,100
tstcc,device:RealWorld_thigh+MotionSense:10+10,192,3,5,124,RealWorld_thigh,0.5291666666666667,0.4812917830136003,0.3989955357142857,0.3137546573759934,561.0075378417969,561.0075378417969,tfc,2,100
tstcc,device:RealWorld_thigh+MotionSense:10+10,192,3,5,124,MotionSense,0.7138671875,0.6628646144289535,0.6953125,0.6443591705786218,561.0075378417969,561.0075378417969,tfc,2,100
tstcc,device:RealWorld_thigh+MotionSense:10+10,192,3,5,125,RealWorld_thigh,0.5288194444444444,0.4818555633120138,0.3973214285714285,0.3141688089925008,561.0075378417969,561.0075378417969,tfc,2,100
tstcc,device:RealWorld_thigh+MotionSense:10+10,192,3,5,125,MotionSense,0.7138671875,0.6625544525379428,0.6953125,0.6453255864249332,561.0075378417969,561.0075378417969,tfc,2,100
tstcc,device:RealWorld_thigh+MotionSense:10+10,192,3,5,126,RealWorld_thigh,0.5277777777777778,0.4801340929058209,0.4001116071428571,0.3190018783660802,561.0075378417969,561.0075378417969,tfc,2,100
tstcc,device:RealWorld_thigh+MotionSense:10+10,192,3,5,126,MotionSense,0.7109375,0.6592806216454378,0.6848958333333334,0.6344640662976826,561.0075378417969,561.0075378417969,tfc,2,100
tstcc,device:RealWorld_thigh+MotionSense:10+10,192,3,5,127,RealWorld_thigh,0.5246527777777777,0.4776107365739948,0.3962053571428571,0.3145907704585579,561.0075378417969,561.0075378417969,tfc,2,100
tstcc,device:RealWorld_thigh+MotionSense:10+10,192,3,5,127,MotionSense,0.7119140625,0.6604427996770307,0.6822916666666666,0.6325509433663385,561.0075378417969,561.0075378417969,tfc,2,100
tstcc,device:RealWorld_thigh+MotionSense:10+10,192,3,5,128,RealWorld_thigh,0.5229166666666667,0.4758471460720037,0.3934151785714285,0.3125351178853927,561.0075378417969,561.0075378417969,tfc,2,100
tstcc,device:RealWorld_thigh+MotionSense:10+10,192,3,5,128,MotionSense,0.705078125,0.6535608409126241,0.6796875,0.6298596531145093,561.0075378417969,561.0075378417969,tfc,2,100
tstcc,device:RealWorld_thigh+MotionSense:10+10,192,3,5,129,RealWorld_thigh,0.5222222222222223,0.4752658827312456,0.3956473214285714,0.3177086539448034,561.0075378417969,561.0075378417969,tfc,2,100
tstcc,device:RealWorld_thigh+MotionSense:10+10,192,3,5,129,MotionSense,0.7080078125,0.6559020499037586,0.6901041666666666,0.6430751678277283,561.0075378417969,561.0075378417969,tfc,2,100
tstcc,device:RealWorld_thigh+MotionSense:10+10,192,3,5,130,RealWorld_thigh,0.5229166666666667,0.4754918054041969,0.3956473214285714,0.3210862071025046,561.0075378417969,561.0075378417969,tfc,2,100
tstcc,device:RealWorld_thigh+MotionSense:10+10,192,3,5,130,MotionSense,0.7021484375,0.6486417390626816,0.6822916666666666,0.6339630435542554,561.0075378417969,561.0075378417969,tfc,2,100
tstcc,device:RealWorld_thigh+MotionSense:10+10,192,3,5,131,RealWorld_thigh,0.5263888888888889,0.4788049355722489,0.3995535714285714,0.3197831516652408,561.0075378417969,561.0075378417969,tfc,2,100
tstcc,device:RealWorld_thigh+MotionSense:10+10,192,3,5,131,MotionSense,0.703125,0.6504197315243283,0.6822916666666666,0.6330091987188935,561.0075378417969,561.0075378417969,tfc,2,100
tstcc,device:RealWorld_thigh+MotionSense:10+10,192,3,5,132,RealWorld_thigh,0.5263888888888889,0.479138792070566,0.3989955357142857,0.3178446749841192,561.0075378417969,561.0075378417969,tfc,2,100
tstcc,device:RealWorld_thigh+MotionSense:10+10,192,3,5,132,MotionSense,0.7119140625,0.6601493780354682,0.6822916666666666,0.6340845067706831,561.0075378417969,561.0075378417969,tfc,2,100
tstcc,device:RealWorld_thigh+MotionSense:10+10,192,3,5,133,RealWorld_thigh,0.525,0.4770604015324506,0.3967633928571428,0.311828304341027,561.0075378417969,561.0075378417969,tfc,2,100
tstcc,device:RealWorld_thigh+MotionSense:10+10,192,3,5,133,MotionSense,0.7109375,0.65865492395045,0.6796875,0.6309473622953247,561.0075378417969,561.0075378417969,tfc,2,100
tstcc,device:RealWorld_thigh+MotionSense:10+10,192,3,5,134,RealWorld_thigh,0.5274305555555555,0.4799918791023665,0.3984375,0.3162969841660903,561.0075378417969,561.0075378417969,tfc,2,100
tstcc,device:RealWorld_thigh+MotionSense:10+10,192,3,5,134,MotionSense,0.7119140625,0.6588098213999821,0.6848958333333334,0.6361949602144649,561.0075378417969,561.0075378417969,tfc,2,100
tstcc,device:RealWorld_thigh+MotionSense:10+10,192,3,5,135,RealWorld_thigh,0.5253472222222222,0.4779561321607161,0.3978794642857143,0.3160115053889736,561.0075378417969,561.0075378417969,tfc,2,100
tstcc,device:RealWorld_thigh+MotionSense:10+10,192,3,5,135,MotionSense,0.7041015625,0.6517027547007733,0.6796875,0.630750384463543,561.0075378417969,561.0075378417969,tfc,2,100
tstcc,device:RealWorld_thigh+MotionSense:10+10,192,3,5,136,RealWorld_thigh,0.5197916666666667,0.4727134743254768,0.3973214285714285,0.3163731667940009,561.0075378417969,561.0075378417969,tfc,2,100
tstcc,device:RealWorld_thigh+MotionSense:10+10,192,3,5,136,MotionSense,0.7119140625,0.6599135923313718,0.6848958333333334,0.6367107604239188,561.0075378417969,561.0075378417969,tfc,2,100
tstcc,device:RealWorld_thigh+MotionSense:10+10,192,3,5,137,RealWorld_thigh,0.5222222222222223,0.4745345195457265,0.3967633928571428,0.3194788959874016,561.0075378417969,561.0075378417969,tfc,2,100
tstcc,device:RealWorld_thigh+MotionSense:10+10,192,3,5,137,MotionSense,0.705078125,0.6518694129335866,0.6822916666666666,0.63229421550069,561.0075378417969,561.0075378417969,tfc,2,100
tstcc,device:RealWorld_thigh+MotionSense:10+10,192,3,5,138,RealWorld_thigh,0.5180555555555556,0.4707694051814906,0.3934151785714285,0.3173620387115948,561.0075378417969,561.0075378417969,tfc,2,100
tstcc,device:RealWorld_thigh+MotionSense:10+10,192,3,5,138,MotionSense,0.693359375,0.6407599245501664,0.6666666666666666,0.6168327030454087,561.0075378417969,561.0075378417969,tfc,2,100
tstcc,device:RealWorld_thigh+MotionSense:10+10,192,3,5,139,RealWorld_thigh,0.5180555555555556,0.4709253296461906,0.3917410714285714,0.3120920243659987,561.0075378417969,561.0075378417969,tfc,2,100
tstcc,device:RealWorld_thigh+MotionSense:10+10,192,3,5,139,MotionSense,0.6923828125,0.6400697295443835,0.6666666666666666,0.6158632104269248,561.0075378417969,561.0075378417969,tfc,2,100
tstcc,device:RealWorld_thigh+MotionSense:10+10,192,3,5,140,RealWorld_thigh,0.5138888888888888,0.4670770907343893,0.3883928571428571,0.3113367305169428,561.0075378417969,561.0075378417969,tfc,2,100
tstcc,device:RealWorld_thigh+MotionSense:10+10,192,3,5,140,MotionSense,0.701171875,0.6492479041395058,0.6744791666666666,0.6251804442235064,561.0075378417969,561.0075378417969,tfc,2,100
tstcc,device:RealWorld_thigh+MotionSense:10+10,192,3,5,141,RealWorld_thigh,0.5222222222222223,0.4748185138914471,0.3939732142857143,0.3164956298866721,561.0075378417969,561.0075378417969,tfc,2,100
tstcc,device:RealWorld_thigh+MotionSense:10+10,192,3,5,141,MotionSense,0.69921875,0.6459154664923329,0.6770833333333334,0.6273271541867367,561.0075378417969,561.0075378417969,tfc,2,100
tstcc,device:RealWorld_thigh+MotionSense:10+10,192,3,5,142,RealWorld_thigh,0.51875,0.4717795136672759,0.3956473214285714,0.3159214603136061,561.0075378417969,561.0075378417969,tfc,2,100
tstcc,device:RealWorld_thigh+MotionSense:10+10,192,3,5,142,MotionSense,0.7099609375,0.6576984342400518,0.6848958333333334,0.6359011015148904,561.0075378417969,561.0075378417969,tfc,2,100
tstcc,device:RealWorld_thigh+MotionSense:10+10,192,3,5,143,RealWorld_thigh,0.5177083333333333,0.4706622352507041,0.3967633928571428,0.3170841415364043,561.0075378417969,561.0075378417969,tfc,2,100
tstcc,device:RealWorld_thigh+MotionSense:10+10,192,3,5,143,MotionSense,0.70703125,0.6556191776946949,0.6822916666666666,0.6342908958455177,561.0075378417969,561.0075378417969,tfc,2,100
tstcc,device:RealWorld_thigh+MotionSense:10+10,192,3,5,144,RealWorld_thigh,0.5180555555555556,0.4706189181697597,0.3956473214285714,0.3219056214348088,561.0075378417969,561.0075378417969,tfc,2,100
tstcc,device:RealWorld_thigh+MotionSense:10+10,192,3,5,144,MotionSense,0.7001953125,0.6467678826756821,0.6744791666666666,0.6246523026775886,561.0075378417969,561.0075378417969,tfc,2,100
tstcc,device:RealWorld_thigh+MotionSense:10+10,192,3,5,145,RealWorld_thigh,0.5194444444444445,0.4719289056857481,0.3950892857142857,0.319556053556994,561.0075378417969,561.0075378417969,tfc,2,100
tstcc,device:RealWorld_thigh+MotionSense:10+10,192,3,5,145,MotionSense,0.7001953125,0.6467678826756821,0.6822916666666666,0.6328639465826162,561.0075378417969,561.0075378417969,tfc,2,100
tstcc,device:RealWorld_thigh+MotionSense:10+10,192,3,5,146,RealWorld_thigh,0.5159722222222223,0.4686850314789072,0.3922991071428571,0.3137034192719479,561.0075378417969,561.0075378417969,tfc,2,100
tstcc,device:RealWorld_thigh+MotionSense:10+10,192,3,5,146,MotionSense,0.703125,0.650962891369887,0.6796875,0.6317158641169048,561.0075378417969,561.0075378417969,tfc,2,100
tstcc,device:RealWorld_thigh+MotionSense:10+10,192,3,5,147,RealWorld_thigh,0.5204861111111111,0.4731983272618916,0.3962053571428571,0.3194891114793608,561.0075378417969,561.0075378417969,tfc,2,100
tstcc,device:RealWorld_thigh+MotionSense:10+10,192,3,5,147,MotionSense,0.705078125,0.652464091811602,0.6796875,0.630347854598533,561.0075378417969,561.0075378417969,tfc,2,100
tstcc,device:RealWorld_thigh+MotionSense:10+10,192,3,5,148,RealWorld_thigh,0.5170138888888889,0.4701220512089161,0.3950892857142857,0.3149681383501031,561.0075378417969,561.0075378417969,tfc,2,100
tstcc,device:RealWorld_thigh+MotionSense:10+10,192,3,5,148,MotionSense,0.7099609375,0.6581221095921564,0.6796875,0.6320382156474872,561.0075378417969,561.0075378417969,tfc,2,100
tstcc,device:RealWorld_thigh+MotionSense:10+10,192,3,5,149,RealWorld_thigh,0.5163194444444444,0.4697060056096389,0.3928571428571428,0.3140539608841639,561.0075378417969,561.0075378417969,tfc,2,100
tstcc,device:RealWorld_thigh+MotionSense:10+10,192,3,5,149,MotionSense,0.7099609375,0.6584424347384662,0.6822916666666666,0.6350250626566416,561.0075378417969,561.0075378417969,tfc,2,100
tstcc,device:RealWorld_thigh+MotionSense:10+10,192,3,5,150,RealWorld_thigh,0.5145833333333333,0.4679732395419277,0.3934151785714285,0.3213045730333507,561.0075378417969,561.0075378417969,tfc,2,100
tstcc,device:RealWorld_thigh+MotionSense:10+10,192,3,5,150,MotionSense,0.6982421875,0.6456642029035379,0.6744791666666666,0.6256282510767355,561.0075378417969,561.0075378417969,tfc,2,100
tstcc,device:RealWorld_thigh+MotionSense:10+10,192,3,5,1,RealWorld_thigh,0.40625,0.321931568999756,0.38839285714285715,0.2932282121618106,561.0075378417969,561.0075378417969,tfc,2,100
tstcc,device:RealWorld_thigh+MotionSense:10+10,192,3,5,1,MotionSense,0.5263671875,0.39204860044823614,0.5677083333333334,0.4235303254573031,561.0075378417969,561.0075378417969,tfc,2,100
tstcc,device:RealWorld_thigh+MotionSense:10+10,192,3,5,2,RealWorld_thigh,0.47291666666666665,0.38506290984208985,0.40122767857142855,0.3044773008467032,561.0075378417969,561.0075378417969,tfc,2,100
tstcc,device:RealWorld_thigh+MotionSense:10+10,192,3,5,2,MotionSense,0.5732421875,0.4737619592882751,0.5859375,0.48049761375492633,561.0075378417969,561.0075378417969,tfc,2,100
tstcc,device:RealWorld_thigh+MotionSense:10+10,192,3,5,3,RealWorld_thigh,0.47604166666666664,0.3861936823263909,0.40234375,0.30649859724763506,561.0075378417969,561.0075378417969,tfc,2,100
tstcc,device:RealWorld_thigh+MotionSense:10+10,192,3,5,3,MotionSense,0.6416015625,0.5777132311935375,0.6770833333333334,0.6179613489958319,561.0075378417969,561.0075378417969,tfc,2,100
tstcc,device:RealWorld_thigh+MotionSense:10+10,192,3,5,4,RealWorld_thigh,0.5583333333333333,0.5140498039811435,0.49107142857142855,0.44395571944550305,561.0075378417969,561.0075378417969,tfc,2,100
tstcc,device:RealWorld_thigh+MotionSense:10+10,192,3,5,4,MotionSense,0.6806640625,0.6275895184879473,0.7057291666666666,0.6408136758239452,561.0075378417969,561.0075378417969,tfc,2,100
tstcc,device:RealWorld_thigh+MotionSense:10+10,192,3,5,5,RealWorld_thigh,0.5461805555555556,0.5001614436940415,0.48716517857142855,0.44069595421872526,561.0075378417969,561.0075378417969,tfc,2,100
tstcc,device:RealWorld_thigh+MotionSense:10+10,192,3,5,5,MotionSense,0.6826171875,0.6299763071291782,0.7005208333333334,0.6340499341428975,561.0075378417969,561.0075378417969,tfc,2,100
tstcc,device:RealWorld_thigh+MotionSense:10+10,192,3,5,6,RealWorld_thigh,0.5427083333333333,0.49603069062697475,0.49051339285714285,0.4429563683828983,561.0075378417969,561.0075378417969,tfc,2,100
tstcc,device:RealWorld_thigh+MotionSense:10+10,192,3,5,6,MotionSense,0.6943359375,0.6400255177958899,0.703125,0.6403924121619974,561.0075378417969,561.0075378417969,tfc,2,100
tstcc,device:RealWorld_thigh+MotionSense:10+10,192,3,5,7,RealWorld_thigh,0.5489583333333333,0.5053624351665954,0.48604910714285715,0.44057591558543735,561.0075378417969,561.0075378417969,tfc,2,100
tstcc,device:RealWorld_thigh+MotionSense:10+10,192,3,5,7,MotionSense,0.6953125,0.6407488517312827,0.7005208333333334,0.6403310596910421,561.0075378417969,561.0075378417969,tfc,2,100
tstcc,device:RealWorld_thigh+MotionSense:10+10,192,3,5,8,RealWorld_thigh,0.5565972222222222,0.5174961314066575,0.4799107142857143,0.4344451437971906,561.0075378417969,561.0075378417969,tfc,2,100
tstcc,device:RealWorld_thigh+MotionSense:10+10,192,3,5,8,MotionSense,0.705078125,0.6545229530163933,0.703125,0.6440603557723698,561.0075378417969,561.0075378417969,tfc,2,100
tstcc,device:RealWorld_thigh+MotionSense:10+10,192,3,5,9,RealWorld_thigh,0.5534722222222223,0.5153898749510778,0.47488839285714285,0.4283921479368173,561.0075378417969,561.0075378417969,tfc,2,100
tstcc,device:RealWorld_thigh+MotionSense:10+10,192,3,5,9,MotionSense,0.7197265625,0.6747397086528678,0.7083333333333334,0.654971753140526,561.0075378417969,561.0075378417969,tfc,2,100
tstcc,device:RealWorld_thigh+MotionSense:10+10,192,3,5,10,RealWorld_thigh,0.5375,0.499444615232739,0.47265625,0.42337625081673735,561.0075378417969,561.0075378417969,tfc,2,100
tstcc,device:RealWorld_thigh+MotionSense:10+10,192,3,5,10,MotionSense,0.7275390625,0.6854023982491588,0.7057291666666666,0.6589746359671004,561.0075378417969,561.0075378417969,tfc,2,100
tstcc,device:RealWorld_thigh+MotionSense:10+10,192,3,5,11,RealWorld_thigh,0.5069444444444444,0.46018970396329434,0.45479910714285715,0.40267372397158,561.0075378417969,561.0075378417969,tfc,2,100
tstcc,device:RealWorld_thigh+MotionSense:10+10,192,3,5,11,MotionSense,0.7275390625,0.6874033986446099,0.7083333333333334,0.6641266059313403,561.0075378417969,561.0075378417969,tfc,2,100
tstcc,device:RealWorld_thigh+MotionSense:10+10,192,3,5,12,RealWorld_thigh,0.4888888888888889,0.41772515756476963,0.39174107142857145,0.3015504236546169,561.0075378417969,561.0075378417969,tfc,2,100
tstcc,device:RealWorld_thigh+MotionSense:10+10,192,3,5,12,MotionSense,0.7109375,0.6702285792623351,0.6848958333333334,0.6393856823678068,561.0075378417969,561.0075378417969,tfc,2,100
tstcc,device:RealWorld_thigh+MotionSense:10+10,192,3,5,13,RealWorld_thigh,0.4934027777777778,0.42642476818190067,0.3911830357142857,0.3011077713471703,561.0075378417969,561.0075378417969,tfc,2,100
tstcc,device:RealWorld_thigh+MotionSense:10+10,192,3,5,13,MotionSense,0.71484375,0.6762927544088577,0.6901041666666666,0.6528045388089819,561.0075378417969,561.0075378417969,tfc,2,100
tstcc,device:RealWorld_thigh+MotionSense:10+10,192,3,5,14,RealWorld_thigh,0.5,0.43347814249066596,0.39620535714285715,0.30762336742097146,561.0075378417969,561.0075378417969,tfc,2,100
tstcc,device:RealWorld_thigh+MotionSense:10+10,192,3,5,14,MotionSense,0.69921875,0.6570420386595438,0.671875,0.6336458982884575,561.0075378417969,561.0075378417969,tfc,2,100
tstcc,device:RealWorld_thigh+MotionSense:10+10,192,3,5,15,RealWorld_thigh,0.5045138888888889,0.4420943721124451,0.40122767857142855,0.3131515363960848,561.0075378417969,561.0075378417969,tfc,2,100
tstcc,device:RealWorld_thigh+MotionSense:10+10,192,3,5,15,MotionSense,0.66015625,0.5867895198623505,0.6328125,0.5685212203631435,561.0075378417969,561.0075378417969,tfc,2,100
tstcc,device:RealWorld_thigh+MotionSense:10+10,192,3,5,16,RealWorld_thigh,0.5135416666666667,0.4576366350404675,0.4095982142857143,0.32009753772944755,561.0075378417969,561.0075378417969,tfc,2,100
tstcc,device:RealWorld_thigh+MotionSense:10+10,192,3,5,16,MotionSense,0.6708984375,0.6050809701304113,0.6432291666666666,0.5860231570950136,561.0075378417969,561.0075378417969,tfc,2,100
tstcc,device:RealWorld_thigh+MotionSense:10+10,192,3,5,17,RealWorld_thigh,0.5173611111111112,0.46617130608401247,0.4135044642857143,0.3203665449649014,561.0075378417969,561.0075378417969,tfc,2,100
tstcc,device:RealWorld_thigh+MotionSense:10+10,192,3,5,17,MotionSense,0.673828125,0.612082609327194,0.6614583333333334,0.6087066813424539,561.0075378417969,561.0075378417969,tfc,2,100
tstcc,device:RealWorld_thigh+MotionSense:10+10,192,3,5,18,RealWorld_thigh,0.5204861111111111,0.4734726571410069,0.41964285714285715,0.3213658034536679,561.0075378417969,561.0075378417969,tfc,2,100
tstcc,device:RealWorld_thigh+MotionSense:10+10,192,3,5,18,MotionSense,0.685546875,0.627340303837227,0.671875,0.6260361011419354,561.0075378417969,561.0075378417969,tfc,2,100
tstcc,device:RealWorld_thigh+MotionSense:10+10,192,3,5,19,RealWorld_thigh,0.5298611111111111,0.48423302920732514,0.421875,0.3200645712760374,561.0075378417969,561.0075378417969,tfc,2,100
tstcc,device:RealWorld_thigh+MotionSense:10+10,192,3,5,19,MotionSense,0.697265625,0.6421068403440836,0.6770833333333334,0.6321662057984277,561.0075378417969,561.0075378417969,tfc,2,100
tstcc,device:RealWorld_thigh+MotionSense:10+10,192,3,5,20,RealWorld_thigh,0.5270833333333333,0.4797709607449872,0.4174107142857143,0.31174974916723913,561.0075378417969,561.0075378417969,tfc,2,100
tstcc,device:RealWorld_thigh+MotionSense:10+10,192,3,5,20,MotionSense,0.7041015625,0.6502610244099548,0.6953125,0.6536114261252214,561.0075378417969,561.0075378417969,tfc,2,100
tstcc,device:RealWorld_thigh+MotionSense:10+10,192,3,5,21,RealWorld_thigh,0.5204861111111111,0.4701598623623425,0.41964285714285715,0.3095548794998306,561.0075378417969,561.0075378417969,tfc,2,100
tstcc,device:RealWorld_thigh+MotionSense:10+10,192,3,5,21,MotionSense,0.7158203125,0.6621963911483265,0.7005208333333334,0.6544976114010195,561.0075378417969,561.0075378417969,tfc,2,100
tstcc,device:RealWorld_thigh+MotionSense:10+10,192,3,5,22,RealWorld_thigh,0.5166666666666667,0.46296884305281844,0.4224330357142857,0.30796792914536397,561.0075378417969,561.0075378417969,tfc,2,100
tstcc,device:RealWorld_thigh+MotionSense:10+10,192,3,5,22,MotionSense,0.7294921875,0.6751969204550173,0.6953125,0.6452203184093398,561.0075378417969,561.0075378417969,tfc,2,100
tstcc,device:RealWorld_thigh+MotionSense:10+10,192,3,5,23,RealWorld_thigh,0.5180555555555556,0.4610485080540312,0.42020089285714285,0.3009221946059514,561.0075378417969,561.0075378417969,tfc,2,100
tstcc,device:RealWorld_thigh+MotionSense:10+10,192,3,5,23,MotionSense,0.7294921875,0.6740768439755692,0.6875,0.631755076704147,561.0075378417969,561.0075378417969,tfc,2,100
tstcc,device:RealWorld_thigh+MotionSense:10+10,192,3,5,24,RealWorld_thigh,0.5152777777777777,0.4548254892535096,0.41796875,0.2951334210027226,561.0075378417969,561.0075378417969,tfc,2,100
tstcc,device:RealWorld_thigh+MotionSense:10+10,192,3,5,24,MotionSense,0.732421875,0.6767608390645187,0.6770833333333334,0.6136109587123736,561.0075378417969,561.0075378417969,tfc,2,100
tstcc,device:RealWorld_thigh+MotionSense:10+10,192,3,5,25,RealWorld_thigh,0.5121527777777778,0.4508104175841892,0.41629464285714285,0.2932419006671502,561.0075378417969,561.0075378417969,tfc,2,100
tstcc,device:RealWorld_thigh+MotionSense:10+10,192,3,5,25,MotionSense,0.7353515625,0.6800745299196963,0.6666666666666666,0.6001033919166289,561.0075378417969,561.0075378417969,tfc,2,100
tstcc,device:RealWorld_thigh+MotionSense:10+10,192,3,5,26,RealWorld_thigh,0.5079861111111111,0.44361927575152366,0.4135044642857143,0.28839109034098453,561.0075378417969,561.0075378417969,tfc,2,100
tstcc,device:RealWorld_thigh+MotionSense:10+10,192,3,5,26,MotionSense,0.7373046875,0.6824320741617983,0.6588541666666666,0.5859477401479364,561.0075378417969,561.0075378417969,tfc,2,100
tstcc,device:RealWorld_thigh+MotionSense:10+10,192,3,5,27,RealWorld_thigh,0.5048611111111111,0.4389484868278217,0.4095982142857143,0.28241975890157184,561.0075378417969,561.0075378417969,tfc,2,100
tstcc,device:RealWorld_thigh+MotionSense:10+10,192,3,5,27,MotionSense,0.7373046875,0.682076084937065,0.6484375,0.568355742511648,561.0075378417969,561.0075378417969,tfc,2,100
tstcc,device:RealWorld_thigh+MotionSense:10+10,192,3,5,28,RealWorld_thigh,0.5020833333333333,0.43287052982692936,0.40904017857142855,0.2809948840888544,561.0075378417969,561.0075378417969,tfc,2,100
tstcc,device:RealWorld_thigh+MotionSense:10+10,192,3,5,28,MotionSense,0.7333984375,0.6779267418170406,0.6484375,0.5633457889564911,561.0075378417969,561.0075378417969,tfc,2,100
tstcc,device:RealWorld_thigh+MotionSense:10+10,192,3,5,29,RealWorld_thigh,0.5027777777777778,0.4367258240821383,0.4068080357142857,0.27999213453325744,561.0075378417969,561.0075378417969,tfc,2,100
tstcc,device:RealWorld_thigh+MotionSense:10+10,192,3,5,29,MotionSense,0.736328125,0.6834865064764978,0.6484375,0.5633457889564911,561.0075378417969,561.0075378417969,tfc,2,100
tstcc,device:RealWorld_thigh+MotionSense:10+10,192,3,5,30,RealWorld_thigh,0.49618055555555557,0.426325451916212,0.40345982142857145,0.2741232378386546,561.0075378417969,561.0075378417969,tfc,2,100
tstcc,device:RealWorld_thigh+MotionSense:10+10,192,3,5,30,MotionSense,0.728515625,0.6750450100675036,0.6458333333333334,0.5563642267766451,561.0075378417969,561.0075378417969,tfc,2,100
tstcc,device:RealWorld_thigh+MotionSense:10+10,192,3,5,31,RealWorld_thigh,0.49375,0.42347829092205425,0.4017857142857143,0.2721742671735022,561.0075378417969,561.0075378417969,tfc,2,100
tstcc,device:RealWorld_thigh+MotionSense:10+10,192,3,5,31,MotionSense,0.7294921875,0.6764220016298466,0.640625,0.5512350231106156,561.0075378417969,561.0075378417969,tfc,2,100
tstcc,device:RealWorld_thigh+MotionSense:10+10,192,3,5,32,RealWorld_thigh,0.4934027777777778,0.4233531193017676,0.40122767857142855,0.2716860918043966,561.0075378417969,561.0075378417969,tfc,2,100
tstcc,device:RealWorld_thigh+MotionSense:10+10,192,3,5,32,MotionSense,0.73046875,0.6780165130614421,0.640625,0.5512350231106156,561.0075378417969,561.0075378417969,tfc,2,100
tstcc,device:RealWorld_thigh+MotionSense:10+10,192,3,5,33,RealWorld_thigh,0.4913194444444444,0.42030083062091866,0.40011160714285715,0.2704293922059104,561.0075378417969,561.0075378417969,tfc,2,100
tstcc,device:RealWorld_thigh+MotionSense:10+10,192,3,5,33,MotionSense,0.728515625,0.6755724558520667,0.6432291666666666,0.5528545695453301,561.0075378417969,561.0075378417969,tfc,2,100
tstcc,device:RealWorld_thigh+MotionSense:10+10,192,3,5,34,RealWorld_thigh,0.4909722222222222,0.4191855332090741,0.40011160714285715,0.2692596067382522,561.0075378417969,561.0075378417969,tfc,2,100
tstcc,device:RealWorld_thigh+MotionSense:10+10,192,3,5,34,MotionSense,0.72265625,0.6691659482410345,0.6380208333333334,0.5381303807401506,561.0075378417969,561.0075378417969,tfc,2,100
tstcc,device:RealWorld_thigh+MotionSense:10+10,192,3,5,35,RealWorld_thigh,0.4947916666666667,0.42618004022880746,0.4017857142857143,0.27198714478082847,561.0075378417969,561.0075378417969,tfc,2,100
tstcc,device:RealWorld_thigh+MotionSense:10+10,192,3,5,35,MotionSense,0.7294921875,0.6775149025834545,0.6432291666666666,0.5528545695453301,561.0075378417969,561.0075378417969,tfc,2,100
tstcc,device:RealWorld_thigh+MotionSense:10+10,192,3,5,36,RealWorld_thigh,0.49583333333333335,0.42818969580259586,0.40234375,0.27396768490365,561.0075378417969,561.0075378417969,tfc,2,100
tstcc,device:RealWorld_thigh+MotionSense:10+10,192,3,5,36,MotionSense,0.7314453125,0.6797889167586941,0.6458333333333334,0.559760911689437,561.0075378417969,561.0075378417969,tfc,2,100
tstcc,device:RealWorld_thigh+MotionSense:10+10,192,3,5,37,RealWorld_thigh,0.49895833333333334,0.43317070561208365,0.4017857142857143,0.27238590902686644,561.0075378417969,561.0075378417969,tfc,2,100
tstcc,device:RealWorld_thigh+MotionSense:10+10,192,3,5,37,MotionSense,0.732421875,0.6813064080638926,0.6510416666666666,0.5727634003440994,561.0075378417969,561.0075378417969,tfc,2,100
tstcc,device:RealWorld_thigh+MotionSense:10+10,192,3,5,38,RealWorld_thigh,0.5,0.43522985402790343,0.4029017857142857,0.27490990573852486,561.0075378417969,561.0075378417969,tfc,2,100
tstcc,device:RealWorld_thigh+MotionSense:10+10,192,3,5,38,MotionSense,0.732421875,0.6813064080638926,0.6484375,0.5663431428357385,561.0075378417969,561.0075378417969,tfc,2,100
tstcc,device:RealWorld_thigh+MotionSense:10+10,192,3,5,39,RealWorld_thigh,0.4951388888888889,0.4278576470334842,0.4017857142857143,0.27211774790378074,561.0075378417969,561.0075378417969,tfc,2,100
tstcc,device:RealWorld_thigh+MotionSense:10+10,192,3,5,39,MotionSense,0.7294921875,0.6776633633911816,0.6432291666666666,0.5580997159202643,561.0075378417969,561.0075378417969,tfc,2,100
tstcc,device:RealWorld_thigh+MotionSense:10+10,192,3,5,40,RealWorld_thigh,0.5020833333333333,0.43887503063866196,0.4029017857142857,0.2748113446249147,561.0075378417969,561.0075378417969,tfc,2,100
tstcc,device:RealWorld_thigh+MotionSense:10+10,192,3,5,40,MotionSense,0.736328125,0.6858703008197847,0.6510416666666666,0.5771994661604438,561.0075378417969,561.0075378417969,tfc,2,100
tstcc,device:RealWorld_thigh+MotionSense:10+10,192,3,5,41,RealWorld_thigh,0.5017361111111112,0.43749787416904423,0.40345982142857145,0.2747704154096156,561.0075378417969,561.0075378417969,tfc,2,100
tstcc,device:RealWorld_thigh+MotionSense:10+10,192,3,5,41,MotionSense,0.7314453125,0.6800394524113322,0.6458333333333334,0.5647185867625725,561.0075378417969,561.0075378417969,tfc,2,100
tstcc,device:RealWorld_thigh+MotionSense:10+10,192,3,5,42,RealWorld_thigh,0.5024305555555556,0.439581615661297,0.40234375,0.2738778666429916,561.0075378417969,561.0075378417969,tfc,2,100
tstcc,device:RealWorld_thigh+MotionSense:10+10,192,3,5,42,MotionSense,0.7353515625,0.6847452362697538,0.6484375,0.5710795356413668,561.0075378417969,561.0075378417969,tfc,2,100
tstcc,device:RealWorld_thigh+MotionSense:10+10,192,3,5,43,RealWorld_thigh,0.496875,0.4295827186142671,0.4017857142857143,0.2721973169597532,561.0075378417969,561.0075378417969,tfc,2,100
tstcc,device:RealWorld_thigh+MotionSense:10+10,192,3,5,43,MotionSense,0.7294921875,0.6780378758002502,0.6458333333333334,0.5597130247751322,561.0075378417969,561.0075378417969,tfc,2,100
tstcc,device:RealWorld_thigh+MotionSense:10+10,192,3,5,44,RealWorld_thigh,0.5041666666666667,0.4427749224271698,0.40401785714285715,0.2768230862938232,561.0075378417969,561.0075378417969,tfc,2,100
tstcc,device:RealWorld_thigh+MotionSense:10+10,192,3,5,44,MotionSense,0.73828125,0.6878087159462668,0.65625,0.5847176943388036,561.0075378417969,561.0075378417969,tfc,2,100
tstcc,device:RealWorld_thigh+MotionSense:10+10,192,3,5,45,RealWorld_thigh,0.5010416666666667,0.4400382882663119,0.40345982142857145,0.27550570884408004,561.0075378417969,561.0075378417969,tfc,2,100
tstcc,device:RealWorld_thigh+MotionSense:10+10,192,3,5,45,MotionSense,0.73046875,0.6810009501063875,0.6588541666666666,0.5904034618695101,561.0075378417969,561.0075378417969,tfc,2,100
tstcc,device:RealWorld_thigh+MotionSense:10+10,192,3,5,46,RealWorld_thigh,0.5065972222222223,0.44545644596020173,0.40457589285714285,0.2768405178115328,561.0075378417969,561.0075378417969,tfc,2,100
tstcc,device:RealWorld_thigh+MotionSense:10+10,192,3,5,46,MotionSense,0.7333984375,0.6832573362106166,0.6510416666666666,0.5726981003706936,561.0075378417969,561.0075378417969,tfc,2,100
tstcc,device:RealWorld_thigh+MotionSense:10+10,192,3,5,47,RealWorld_thigh,0.5100694444444445,0.4516708492577371,0.40625,0.2806806370117362,561.0075378417969,561.0075378417969,tfc,2,100
tstcc,device:RealWorld_thigh+MotionSense:10+10,192,3,5,47,MotionSense,0.7421875,0.692663042648613,0.6666666666666666,0.6010897803783689,561.0075378417969,561.0075378417969,tfc,2,100
tstcc,device:RealWorld_thigh+MotionSense:10+10,192,3,5,48,RealWorld_thigh,0.5114583333333333,0.4532485336704694,0.40904017857142855,0.28556630098652086,561.0075378417969,561.0075378417969,tfc,2,100
tstcc,device:RealWorld_thigh+MotionSense:10+10,192,3,5,48,MotionSense,0.7421875,0.6927866462250547,0.671875,0.6089639954048002,561.0075378417969,561.0075378417969,tfc,2,100
tstcc,device:RealWorld_thigh+MotionSense:10+10,192,3,5,49,RealWorld_thigh,0.509375,0.44993729188741577,0.40736607142857145,0.2803909262099593,561.0075378417969,561.0075378417969,tfc,2,100
tstcc,device:RealWorld_thigh+MotionSense:10+10,192,3,5,49,MotionSense,0.7373046875,0.6871793061426952,0.671875,0.606169114962861,561.0075378417969,561.0075378417969,tfc,2,100
tstcc,device:RealWorld_thigh+MotionSense:10+10,192,3,5,50,RealWorld_thigh,0.5107638888888889,0.4525048681154384,0.40736607142857145,0.2810822057752248,561.0075378417969,561.0075378417969,tfc,2,100
tstcc,device:RealWorld_thigh+MotionSense:10+10,192,3,5,50,MotionSense,0.736328125,0.6866207180189893,0.6744791666666666,0.6114956795265103,561.0075378417969,561.0075378417969,tfc,2,100
tstcc,device:RealWorld_thigh+MotionSense:10+10,192,3,5,51,RealWorld_thigh,0.5118055555555555,0.45379635660589973,0.40904017857142855,0.283406340984362,561.0075378417969,561.0075378417969,tfc,2,100
tstcc,device:RealWorld_thigh+MotionSense:10+10,192,3,5,51,MotionSense,0.7412109375,0.6914140907051681,0.6744791666666666,0.6114956795265103,561.0075378417969,561.0075378417969,tfc,2,100
tstcc,device:RealWorld_thigh+MotionSense:10+10,192,3,5,52,RealWorld_thigh,0.5131944444444444,0.4552575249097879,0.41294642857142855,0.2897166077053373,561.0075378417969,561.0075378417969,tfc,2,100
tstcc,device:RealWorld_thigh+MotionSense:10+10,192,3,5,52,MotionSense,0.7412109375,0.6912826092701024,0.6770833333333334,0.6166477479052109,561.0075378417969,561.0075378417969,tfc,2,100
tstcc,device:RealWorld_thigh+MotionSense:10+10,192,3,5,53,RealWorld_thigh,0.5163194444444444,0.45890541240340316,0.41294642857142855,0.29040066071154175,561.0075378417969,561.0075378417969,tfc,2,100
tstcc,device:RealWorld_thigh+MotionSense:10+10,192,3,5,53,MotionSense,0.744140625,0.693409546107953,0.6822916666666666,0.6216425561247794,561.0075378417969,561.0075378417969,tfc,2,100
tstcc,device:RealWorld_thigh+MotionSense:10+10,192,3,5,54,RealWorld_thigh,0.5145833333333333,0.4570404544614874,0.41183035714285715,0.2886830507997229,561.0075378417969,561.0075378417969,tfc,2,100
tstcc,device:RealWorld_thigh+MotionSense:10+10,192,3,5,54,MotionSense,0.740234375,0.6897183364727462,0.6744791666666666,0.6114956795265103,561.0075378417969,561.0075378417969,tfc,2,100
tstcc,device:RealWorld_thigh+MotionSense:10+10,192,3,5,55,RealWorld_thigh,0.5159722222222223,0.4605136012468645,0.41294642857142855,0.2916626312905012,561.0075378417969,561.0075378417969,tfc,2,100
tstcc,device:RealWorld_thigh+MotionSense:10+10,192,3,5,55,MotionSense,0.744140625,0.693884764060141,0.6875,0.6309771094858814,561.0075378417969,561.0075378417969,tfc,2,100
tstcc,device:RealWorld_thigh+MotionSense:10+10,192,3,5,56,RealWorld_thigh,0.5149305555555556,0.458825702113631,0.4146205357142857,0.29438576344752826,561.0075378417969,561.0075378417969,tfc,2,100
tstcc,device:RealWorld_thigh+MotionSense:10+10,192,3,5,56,MotionSense,0.7373046875,0.6881122602672246,0.6848958333333334,0.6276272355477721,561.0075378417969,561.0075378417969,tfc,2,100
tstcc,device:RealWorld_thigh+MotionSense:10+10,192,3,5,57,RealWorld_thigh,0.5232638888888889,0.4678470539431981,0.41517857142857145,0.2944840868096928,561.0075378417969,561.0075378417969,tfc,2,100
tstcc,device:RealWorld_thigh+MotionSense:10+10,192,3,5,57,MotionSense,0.7431640625,0.6930491870927695,0.6953125,0.6418387692474549,561.0075378417969,561.0075378417969,tfc,2,100
tstcc,device:RealWorld_thigh+MotionSense:10+10,192,3,5,58,RealWorld_thigh,0.5170138888888889,0.46025749157436247,0.4140625,0.2929997323689458,561.0075378417969,561.0075378417969,tfc,2,100
tstcc,device:RealWorld_thigh+MotionSense:10+10,192,3,5,58,MotionSense,0.7421875,0.69213146349807,0.6848958333333334,0.6276272355477721,561.0075378417969,561.0075378417969,tfc,2,100
tstcc,device:RealWorld_thigh+MotionSense:10+10,192,3,5,59,RealWorld_thigh,0.5222222222222223,0.4674951891215596,0.41629464285714285,0.2961826240117465,561.0075378417969,561.0075378417969,tfc,2,100
tstcc,device:RealWorld_thigh+MotionSense:10+10,192,3,5,59,MotionSense,0.7431640625,0.6922009185330955,0.6953125,0.6405127999199385,561.0075378417969,561.0075378417969,tfc,2,100
tstcc,device:RealWorld_thigh+MotionSense:10+10,192,3,5,60,RealWorld_thigh,0.5270833333333333,0.47352896703576186,0.41908482142857145,0.30072782062405107,561.0075378417969,561.0075378417969,tfc,2,100
tstcc,device:RealWorld_thigh+MotionSense:10+10,192,3,5,60,MotionSense,0.7451171875,0.6947391000331588,0.6953125,0.6405127999199385,561.0075378417969,561.0075378417969,tfc,2,100
tstcc,device:RealWorld_thigh+MotionSense:10+10,192,3,5,61,RealWorld_thigh,0.5215277777777778,0.46743469341856253,0.4146205357142857,0.29421569424310534,561.0075378417969,561.0075378417969,tfc,2,100
tstcc,device:RealWorld_thigh+MotionSense:10+10,192,3,5,61,MotionSense,0.7421875,0.6918716981293335,0.6875,0.6322461772719405,561.0075378417969,561.0075378417969,tfc,2,100
tstcc,device:RealWorld_thigh+MotionSense:10+10,192,3,5,62,RealWorld_thigh,0.5239583333333333,0.469429333005738,0.41629464285714285,0.295533053244496,561.0075378417969,561.0075378417969,tfc,2,100
tstcc,device:RealWorld_thigh+MotionSense:10+10,192,3,5,62,MotionSense,0.740234375,0.6893071668968588,0.6927083333333334,0.6372747744058008,561.0075378417969,561.0075378417969,tfc,2,100
tstcc,device:RealWorld_thigh+MotionSense:10+10,192,3,5,63,RealWorld_thigh,0.5267361111111111,0.4738049826183117,0.41908482142857145,0.3010057461168047,561.0075378417969,561.0075378417969,tfc,2,100
tstcc,device:RealWorld_thigh+MotionSense:10+10,192,3,5,63,MotionSense,0.744140625,0.6934522412505361,0.6953125,0.6416452876207751,561.0075378417969,561.0075378417969,tfc,2,100
tstcc,device:RealWorld_thigh+MotionSense:10+10,192,3,5,64,RealWorld_thigh,0.5319444444444444,0.47988226191591593,0.42020089285714285,0.3056497512585232,561.0075378417969,561.0075378417969,tfc,2,100
tstcc,device:RealWorld_thigh+MotionSense:10+10,192,3,5,64,MotionSense,0.74609375,0.6955972219934033,0.7083333333333334,0.6574926930529014,561.0075378417969,561.0075378417969,tfc,2,100
tstcc,device:RealWorld_thigh+MotionSense:10+10,192,3,5,65,RealWorld_thigh,0.5288194444444444,0.47628159222793043,0.4185267857142857,0.30061017261862744,561.0075378417969,561.0075378417969,tfc,2,100
tstcc,device:RealWorld_thigh+MotionSense:10+10,192,3,5,65,MotionSense,0.744140625,0.693553708062837,0.6979166666666666,0.6441310540425947,561.0075378417969,561.0075378417969,tfc,2,100
tstcc,device:RealWorld_thigh+MotionSense:10+10,192,3,5,66,RealWorld_thigh,0.528125,0.47296980377922937,0.41796875,0.2960976902513332,561.0075378417969,561.0075378417969,tfc,2,100
tstcc,device:RealWorld_thigh+MotionSense:10+10,192,3,5,66,MotionSense,0.7431640625,0.6921903200839172,0.6927083333333334,0.6372747744058008,561.0075378417969,561.0075378417969,tfc,2,100
tstcc,device:RealWorld_thigh+MotionSense:10+10,192,3,5,67,RealWorld_thigh,0.5277777777777778,0.47385883863811795,0.41685267857142855,0.29705448081360936,561.0075378417969,561.0075378417969,tfc,2,100
tstcc,device:RealWorld_thigh+MotionSense:10+10,192,3,5,67,MotionSense,0.7392578125,0.6884455735284501,0.6979166666666666,0.6441310540425947,561.0075378417969,561.0075378417969,tfc,2,100
tstcc,device:RealWorld_thigh+MotionSense:10+10,192,3,5,68,RealWorld_thigh,0.5263888888888889,0.47458962697386436,0.42020089285714285,0.30382520377184596,561.0075378417969,561.0075378417969,tfc,2,100
tstcc,device:RealWorld_thigh+MotionSense:10+10,192,3,5,68,MotionSense,0.7431640625,0.6927899501161024,0.6979166666666666,0.6441310540425947,561.0075378417969,561.0075378417969,tfc,2,100
tstcc,device:RealWorld_thigh+MotionSense:10+10,192,3,5,69,RealWorld_thigh,0.5263888888888889,0.47386062186955996,0.41964285714285715,0.30375009298785194,561.0075378417969,561.0075378417969,tfc,2,100
tstcc,device:RealWorld_thigh+MotionSense:10+10,192,3,5,69,MotionSense,0.7392578125,0.6892664091294493,0.6979166666666666,0.6446779877538935,561.0075378417969,561.0075378417969,tfc,2,100
tstcc,device:RealWorld_thigh+MotionSense:10+10,192,3,5,70,RealWorld_thigh,0.5322916666666667,0.4785830727137645,0.41964285714285715,0.3003694165448418,561.0075378417969,561.0075378417969,tfc,2,100
tstcc,device:RealWorld_thigh+MotionSense:10+10,192,3,5,70,MotionSense,0.7431640625,0.6924360081314376,0.703125,0.6490351107053226,561.0075378417969,561.0075378417969,tfc,2,100
tstcc,device:RealWorld_thigh+MotionSense:10+10,192,3,5,71,RealWorld_thigh,0.5364583333333334,0.48192646474542805,0.42020089285714285,0.30241820788713614,561.0075378417969,561.0075378417969,tfc,2,100
tstcc,device:RealWorld_thigh+MotionSense:10+10,192,3,5,71,MotionSense,0.7373046875,0.6869426744240839,0.703125,0.6490351107053226,561.0075378417969,561.0075378417969,tfc,2,100
tstcc,device:RealWorld_thigh+MotionSense:10+10,192,3,5,72,RealWorld_thigh,0.5388888888888889,0.4871279266539313,0.4224330357142857,0.30863976667464227,561.0075378417969,561.0075378417969,tfc,2,100
tstcc,device:RealWorld_thigh+MotionSense:10+10,192,3,5,72,MotionSense,0.7421875,0.6914792056041135,0.7135416666666666,0.6646889091547814,561.0075378417969,561.0075378417969,tfc,2,100
tstcc,device:RealWorld_thigh+MotionSense:10+10,192,3,5,73,RealWorld_thigh,0.5375,0.4848700432038365,0.42075892857142855,0.3057045415834889,561.0075378417969,561.0075378417969,tfc,2,100
tstcc,device:RealWorld_thigh+MotionSense:10+10,192,3,5,73,MotionSense,0.7353515625,0.6850355154385315,0.7109375,0.6607197121170175,561.0075378417969,561.0075378417969,tfc,2,100
tstcc,device:RealWorld_thigh+MotionSense:10+10,192,3,5,74,RealWorld_thigh,0.54375,0.49079139381576625,0.42299107142857145,0.30814859185181737,561.0075378417969,561.0075378417969,tfc,2,100
tstcc,device:RealWorld_thigh+MotionSense:10+10,192,3,5,74,MotionSense,0.73828125,0.688465484881168,0.71875,0.671639270660863,561.0075378417969,561.0075378417969,tfc,2,100
tstcc,device:RealWorld_thigh+MotionSense:10+10,192,3,5,75,RealWorld_thigh,0.5409722222222222,0.4889778851613998,0.42075892857142855,0.3065542324592801,561.0075378417969,561.0075378417969,tfc,2,100
tstcc,device:RealWorld_thigh+MotionSense:10+10,192,3,5,75,MotionSense,0.7421875,0.6915565308861861,0.7135416666666666,0.6640620869400912,561.0075378417969,561.0075378417969,tfc,2,100
tstcc,device:RealWorld_thigh+MotionSense:10+10,192,3,5,76,RealWorld_thigh,0.5423611111111111,0.491664345864048,0.42020089285714285,0.30747417741334027,561.0075378417969,561.0075378417969,tfc,2,100
tstcc,device:RealWorld_thigh+MotionSense:10+10,192,3,5,76,MotionSense,0.7412109375,0.690664377683477,0.7161458333333334,0.6698950060767047,561.0075378417969,561.0075378417969,tfc,2,100
tstcc,device:RealWorld_thigh+MotionSense:10+10,192,3,5,77,RealWorld_thigh,0.5395833333333333,0.4887285831496065,0.41964285714285715,0.30628437141345105,561.0075378417969,561.0075378417969,tfc,2,100
tstcc,device:RealWorld_thigh+MotionSense:10+10,192,3,5,77,MotionSense,0.7421875,0.6917022691760981,0.71875,0.6723670862566039,561.0075378417969,561.0075378417969,tfc,2,100
tstcc,device:RealWorld_thigh+MotionSense:10+10,192,3,5,78,RealWorld_thigh,0.5430555555555555,0.49173305937667505,0.41964285714285715,0.3068956839793755,561.0075378417969,561.0075378417969,tfc,2,100
tstcc,device:RealWorld_thigh+MotionSense:10+10,192,3,5,78,MotionSense,0.7392578125,0.6888473236177574,0.7057291666666666,0.654874434191706,561.0075378417969,561.0075378417969,tfc,2,100
tstcc,device:RealWorld_thigh+MotionSense:10+10,192,3,5,79,RealWorld_thigh,0.5451388888888888,0.4934573841052186,0.4224330357142857,0.3087560295895115,561.0075378417969,561.0075378417969,tfc,2,100
tstcc,device:RealWorld_thigh+MotionSense:10+10,192,3,5,79,MotionSense,0.7412109375,0.6908107831132567,0.7239583333333334,0.6763155510960602,561.0075378417969,561.0075378417969,tfc,2,100
tstcc,device:RealWorld_thigh+MotionSense:10+10,192,3,5,80,RealWorld_thigh,0.546875,0.49547776595176485,0.42299107142857145,0.3135096111388213,561.0075378417969,561.0075378417969,tfc,2,100
tstcc,device:RealWorld_thigh+MotionSense:10+10,192,3,5,80,MotionSense,0.7421875,0.6916153267334965,0.7239583333333334,0.6775655381796947,561.0075378417969,561.0075378417969,tfc,2,100
tstcc,device:RealWorld_thigh+MotionSense:10+10,192,3,5,81,RealWorld_thigh,0.5465277777777777,0.4950896040076984,0.42410714285714285,0.31729049048911806,561.0075378417969,561.0075378417969,tfc,2,100
tstcc,device:RealWorld_thigh+MotionSense:10+10,192,3,5,81,MotionSense,0.740234375,0.6898768708693597,0.7239583333333334,0.6758087770763362,561.0075378417969,561.0075378417969,tfc,2,100
tstcc,device:RealWorld_thigh+MotionSense:10+10,192,3,5,82,RealWorld_thigh,0.5517361111111111,0.5016059180375013,0.42410714285714285,0.32057969063927355,561.0075378417969,561.0075378417969,tfc,2,100
tstcc,device:RealWorld_thigh+MotionSense:10+10,192,3,5,82,MotionSense,0.7421875,0.6915656848964047,0.71875,0.6693512506012506,561.0075378417969,561.0075378417969,tfc,2,100
tstcc,device:RealWorld_thigh+MotionSense:10+10,192,3,5,83,RealWorld_thigh,0.546875,0.4946742948979473,0.4224330357142857,0.31662113546429865,561.0075378417969,561.0075378417969,tfc,2,100
tstcc,device:RealWorld_thigh+MotionSense:10+10,192,3,5,83,MotionSense,0.7373046875,0.6867131328595208,0.7161458333333334,0.6649731367232651,561.0075378417969,561.0075378417969,tfc,2,100
tstcc,device:RealWorld_thigh+MotionSense:10+10,192,3,5,84,RealWorld_thigh,0.5489583333333333,0.49860624283540306,0.4252232142857143,0.3207644423765919,561.0075378417969,561.0075378417969,tfc,2,100
tstcc,device:RealWorld_thigh+MotionSense:10+10,192,3,5,84,MotionSense,0.7412109375,0.690928843422022,0.7239583333333334,0.6754995918702912,561.0075378417969,561.0075378417969,tfc,2,100
tstcc,device:RealWorld_thigh+MotionSense:10+10,192,3,5,85,RealWorld_thigh,0.55,0.4995650170244474,0.4263392857142857,0.32321300411339254,561.0075378417969,561.0075378417969,tfc,2,100
tstcc,device:RealWorld_thigh+MotionSense:10+10,192,3,5,85,MotionSense,0.7373046875,0.6866688257102633,0.71875,0.6693805941520735,561.0075378417969,561.0075378417969,tfc,2,100
tstcc,device:RealWorld_thigh+MotionSense:10+10,192,3,5,86,RealWorld_thigh,0.5513888888888889,0.5010676035166649,0.4252232142857143,0.3228821377860939,561.0075378417969,561.0075378417969,tfc,2,100
tstcc,device:RealWorld_thigh+MotionSense:10+10,192,3,5,86,MotionSense,0.734375,0.6838614889108096,0.7161458333333334,0.6659866172632309,561.0075378417969,561.0075378417969,tfc,2,100
tstcc,device:RealWorld_thigh+MotionSense:10+10,192,3,5,87,RealWorld_thigh,0.5555555555555556,0.505874151211951,0.42354910714285715,0.32416930078941475,561.0075378417969,561.0075378417969,tfc,2,100
tstcc,device:RealWorld_thigh+MotionSense:10+10,192,3,5,87,MotionSense,0.7333984375,0.6828026094083244,0.7161458333333334,0.667016116139162,561.0075378417969,561.0075378417969,tfc,2,100
tstcc,device:RealWorld_thigh+MotionSense:10+10,192,3,5,88,RealWorld_thigh,0.5520833333333334,0.5021025139530476,0.42299107142857145,0.3229294859111616,561.0075378417969,561.0075378417969,tfc,2,100
tstcc,device:RealWorld_thigh+MotionSense:10+10,192,3,5,88,MotionSense,0.736328125,0.6859471613573008,0.7239583333333334,0.6764371840201225,561.0075378417969,561.0075378417969,tfc,2,100
tstcc,device:RealWorld_thigh+MotionSense:10+10,192,3,5,89,RealWorld_thigh,0.5559027777777777,0.506235129651481,0.42578125,0.3264135035067481,561.0075378417969,561.0075378417969,tfc,2,100
tstcc,device:RealWorld_thigh+MotionSense:10+10,192,3,5,89,MotionSense,0.734375,0.6837727076632122,0.7161458333333334,0.6661681263826438,561.0075378417969,561.0075378417969,tfc,2,100
tstcc,device:RealWorld_thigh+MotionSense:10+10,192,3,5,90,RealWorld_thigh,0.5520833333333334,0.50220783005615,0.4213169642857143,0.32234867678796814,561.0075378417969,561.0075378417969,tfc,2,100
tstcc,device:RealWorld_thigh+MotionSense:10+10,192,3,5,90,MotionSense,0.734375,0.6837105608942976,0.7239583333333334,0.6756354650166,561.0075378417969,561.0075378417969,tfc,2,100
tstcc,device:RealWorld_thigh+MotionSense:10+10,192,3,5,91,RealWorld_thigh,0.5552083333333333,0.5065975549010929,0.421875,0.32366066264371346,561.0075378417969,561.0075378417969,tfc,2,100
tstcc,device:RealWorld_thigh+MotionSense:10+10,192,3,5,91,MotionSense,0.736328125,0.6851140257668243,0.7161458333333334,0.6666742227304593,561.0075378417969,561.0075378417969,tfc,2,100
tstcc,device:RealWorld_thigh+MotionSense:10+10,192,3,5,92,RealWorld_thigh,0.5534722222222223,0.5040844354565825,0.421875,0.32493784151732835,561.0075378417969,561.0075378417969,tfc,2,100
tstcc,device:RealWorld_thigh+MotionSense:10+10,192,3,5,92,MotionSense,0.7265625,0.6754323097056285,0.7135416666666666,0.6639561511150492,561.0075378417969,561.0075378417969,tfc,2,100
tstcc,device:RealWorld_thigh+MotionSense:10+10,192,3,5,93,RealWorld_thigh,0.5510416666666667,0.5012122580396933,0.42075892857142855,0.3260795764834571,561.0075378417969,561.0075378417969,tfc,2,100
tstcc,device:RealWorld_thigh+MotionSense:10+10,192,3,5,93,MotionSense,0.71875,0.6671278107441981,0.7057291666666666,0.654883549869724,561.0075378417969,561.0075378417969,tfc,2,100
tstcc,device:RealWorld_thigh+MotionSense:10+10,192,3,5,94,RealWorld_thigh,0.5541666666666667,0.5038008062224187,0.421875,0.3289019352541733,561.0075378417969,561.0075378417969,tfc,2,100
tstcc,device:RealWorld_thigh+MotionSense:10+10,192,3,5,94,MotionSense,0.7109375,0.658642363324331,0.7083333333333334,0.6564105732449834,561.0075378417969,561.0075378417969,tfc,2,100
tstcc,device:RealWorld_thigh+MotionSense:10+10,192,3,5,95,RealWorld_thigh,0.5527777777777778,0.5032467496485382,0.41964285714285715,0.330329111708559,561.0075378417969,561.0075378417969,tfc,2,100
tstcc,device:RealWorld_thigh+MotionSense:10+10,192,3,5,95,MotionSense,0.7177734375,0.6656082087504317,0.7109375,0.6592948092163747,561.0075378417969,561.0075378417969,tfc,2,100
tstcc,device:RealWorld_thigh+MotionSense:10+10,192,3,5,96,RealWorld_thigh,0.5524305555555555,0.5022341094178262,0.4146205357142857,0.32480429437933844,561.0075378417969,561.0075378417969,tfc,2,100
tstcc,device:RealWorld_thigh+MotionSense:10+10,192,3,5,96,MotionSense,0.7236328125,0.6718774242787419,0.7161458333333334,0.6647327253858392,561.0075378417969,561.0075378417969,tfc,2,100
tstcc,device:RealWorld_thigh+MotionSense:10+10,192,3,5,97,RealWorld_thigh,0.5489583333333333,0.49838871924607614,0.4174107142857143,0.3240530183901775,561.0075378417969,561.0075378417969,tfc,2,100
tstcc,device:RealWorld_thigh+MotionSense:10+10,192,3,5,97,MotionSense,0.7236328125,0.6721347872564828,0.7109375,0.661076204429372,561.0075378417969,561.0075378417969,tfc,2,100
tstcc,device:RealWorld_thigh+MotionSense:10+10,192,3,5,98,RealWorld_thigh,0.5489583333333333,0.4993009729429067,0.4185267857142857,0.3246915888019617,561.0075378417969,561.0075378417969,tfc,2,100
tstcc,device:RealWorld_thigh+MotionSense:10+10,192,3,5,98,MotionSense,0.7216796875,0.6704127377189429,0.7083333333333334,0.6588824195526194,561.0075378417969,561.0075378417969,tfc,2,100
tstcc,device:RealWorld_thigh+MotionSense:10+10,192,3,5,99,RealWorld_thigh,0.5482638888888889,0.4985373251068766,0.41294642857142855,0.3230842720497962,561.0075378417969,561.0075378417969,tfc,2,100
tstcc,device:RealWorld_thigh+MotionSense:10+10,192,3,5,99,MotionSense,0.7197265625,0.6683545055299218,0.7109375,0.6610701086849814,561.0075378417969,561.0075378417969,tfc,2,100
tstcc,device:RealWorld_thigh+MotionSense:10+10,192,3,5,100,RealWorld_thigh,0.5458333333333333,0.49598085236993494,0.41183035714285715,0.32101324444892887,561.0075378417969,561.0075378417969,tfc,2,100
tstcc,device:RealWorld_thigh+MotionSense:10+10,192,3,5,100,MotionSense,0.7216796875,0.6702395513897926,0.7109375,0.6608892709129027,561.0075378417969,561.0075378417969,tfc,2,100
tstcc,device:RealWorld_thigh+MotionSense:10+10,192,3,5,101,RealWorld_thigh,0.5413194444444445,0.4919587686125053,0.4107142857142857,0.31742743797260337,561.0075378417969,561.0075378417969,tfc,2,100
tstcc,device:RealWorld_thigh+MotionSense:10+10,192,3,5,101,MotionSense,0.7197265625,0.6686085614325519,0.703125,0.6527361958066694,561.0075378417969,561.0075378417969,tfc,2,100
tstcc,device:RealWorld_thigh+MotionSense:10+10,192,3,5,102,RealWorld_thigh,0.546875,0.4972696179985716,0.4107142857142857,0.3200055338370558,561.0075378417969,561.0075378417969,tfc,2,100
tstcc,device:RealWorld_thigh+MotionSense:10+10,192,3,5,102,MotionSense,0.7197265625,0.6679793932880217,0.7057291666666666,0.6550310194410253,561.0075378417969,561.0075378417969,tfc,2,100
tstcc,device:RealWorld_thigh+MotionSense:10+10,192,3,5,103,RealWorld_thigh,0.5440972222222222,0.49515021272625154,0.41127232142857145,0.3197144154082911,561.0075378417969,561.0075378417969,tfc,2,100
tstcc,device:RealWorld_thigh+MotionSense:10+10,192,3,5,103,MotionSense,0.7236328125,0.6721768501691098,0.703125,0.6527506711058804,561.0075378417969,561.0075378417969,tfc,2,100
tstcc,device:RealWorld_thigh+MotionSense:10+10,192,3,5,104,RealWorld_thigh,0.5465277777777777,0.4970333065254536,0.40848214285714285,0.3204658442958508,561.0075378417969,561.0075378417969,tfc,2,100
tstcc,device:RealWorld_thigh+MotionSense:10+10,192,3,5,104,MotionSense,0.7236328125,0.672041292014164,0.7083333333333334,0.6581003292455776,561.0075378417969,561.0075378417969,tfc,2,100
tstcc,device:RealWorld_thigh+MotionSense:10+10,192,3,5,105,RealWorld_thigh,0.5430555555555555,0.4942606009607577,0.40904017857142855,0.32384736899965477,561.0075378417969,561.0075378417969,tfc,2,100
tstcc,device:RealWorld_thigh+MotionSense:10+10,192,3,5,105,MotionSense,0.7216796875,0.6699261674933776,0.7005208333333334,0.649861834424894,561.0075378417969,561.0075378417969,tfc,2,100
tstcc,device:RealWorld_thigh+MotionSense:10+10,192,3,5,106,RealWorld_thigh,0.5375,0.4887613328345943,0.40457589285714285,0.31825789892977374,561.0075378417969,561.0075378417969,tfc,2,100
tstcc,device:RealWorld_thigh+MotionSense:10+10,192,3,5,106,MotionSense,0.7216796875,0.6703296240997304,0.7005208333333334,0.64964964279828,561.0075378417969,561.0075378417969,tfc,2,100
tstcc,device:RealWorld_thigh+MotionSense:10+10,192,3,5,107,RealWorld_thigh,0.5375,0.4890462341906625,0.40625,0.3218581666398496,561.0075378417969,561.0075378417969,tfc,2,100
tstcc,device:RealWorld_thigh+MotionSense:10+10,192,3,5,107,MotionSense,0.7158203125,0.6639293774657674,0.6953125,0.6438428059395801,561.0075378417969,561.0075378417969,tfc,2,100
tstcc,device:RealWorld_thigh+MotionSense:10+10,192,3,5,108,RealWorld_thigh,0.5385416666666667,0.4898397136957102,0.40513392857142855,0.3192270977337925,561.0075378417969,561.0075378417969,tfc,2,100
tstcc,device:RealWorld_thigh+MotionSense:10+10,192,3,5,108,MotionSense,0.7197265625,0.6681158148825469,0.7005208333333334,0.6486480855521951,561.0075378417969,561.0075378417969,tfc,2,100
tstcc,device:RealWorld_thigh+MotionSense:10+10,192,3,5,109,RealWorld_thigh,0.5378472222222223,0.4889959442829102,0.4056919642857143,0.32192411789993514,561.0075378417969,561.0075378417969,tfc,2,100
tstcc,device:RealWorld_thigh+MotionSense:10+10,192,3,5,109,MotionSense,0.7080078125,0.6550369618048686,0.6927083333333334,0.6408287951696501,561.0075378417969,561.0075378417969,tfc,2,100
tstcc,device:RealWorld_thigh+MotionSense:10+10,192,3,5,110,RealWorld_thigh,0.5364583333333334,0.4880562062941675,0.40625,0.3233929838310239,561.0075378417969,561.0075378417969,tfc,2,100
tstcc,device:RealWorld_thigh+MotionSense:10+10,192,3,5,110,MotionSense,0.7177734375,0.6653103937724442,0.6901041666666666,0.6387526480611587,561.0075378417969,561.0075378417969,tfc,2,100
tstcc,device:RealWorld_thigh+MotionSense:10+10,192,3,5,111,RealWorld_thigh,0.5333333333333333,0.48469394566806306,0.40625,0.3189966326308069,561.0075378417969,561.0075378417969,tfc,2,100
tstcc,device:RealWorld_thigh+MotionSense:10+10,192,3,5,111,MotionSense,0.7119140625,0.659951933211966,0.7005208333333334,0.6504780186575984,561.0075378417969,561.0075378417969,tfc,2,100
tstcc,device:RealWorld_thigh+MotionSense:10+10,192,3,5,112,RealWorld_thigh,0.5309027777777777,0.4830028070078533,0.4029017857142857,0.31821283747750134,561.0075378417969,561.0075378417969,tfc,2,100
tstcc,device:RealWorld_thigh+MotionSense:10+10,192,3,5,112,MotionSense,0.7158203125,0.6639780261425609,0.6979166666666666,0.6472053310262431,561.0075378417969,561.0075378417969,tfc,2,100
tstcc,device:RealWorld_thigh+MotionSense:10+10,192,3,5,113,RealWorld_thigh,0.5333333333333333,0.485172001005391,0.40122767857142855,0.3154452891513105,561.0075378417969,561.0075378417969,tfc,2,100
tstcc,device:RealWorld_thigh+MotionSense:10+10,192,3,5,113,MotionSense,0.71484375,0.6630637212116054,0.6927083333333334,0.6401397612959214,561.0075378417969,561.0075378417969,tfc,2,100
tstcc,device:RealWorld_thigh+MotionSense:10+10,192,3,5,114,RealWorld_thigh,0.53125,0.48362616153656757,0.3989955357142857,0.31577358167020514,561.0075378417969,561.0075378417969,tfc,2,100
tstcc,device:RealWorld_thigh+MotionSense:10+10,192,3,5,114,MotionSense,0.7158203125,0.6642907674590067,0.6901041666666666,0.6388288384256127,561.0075378417969,561.0075378417969,tfc,2,100
tstcc,device:RealWorld_thigh+MotionSense:10+10,192,3,5,115,RealWorld_thigh,0.5392361111111111,0.48991993091236075,0.40234375,0.32184409735061364,561.0075378417969,561.0075378417969,tfc,2,100
tstcc,device:RealWorld_thigh+MotionSense:10+10,192,3,5,115,MotionSense,0.7080078125,0.6539634606907562,0.6953125,0.645736239824367,561.0075378417969,561.0075378417969,tfc,2,100
tstcc,device:RealWorld_thigh+MotionSense:10+10,192,3,5,116,RealWorld_thigh,0.5399305555555556,0.4910264320160142,0.40848214285714285,0.3265191909167459,561.0075378417969,561.0075378417969,tfc,2,100
tstcc,device:RealWorld_thigh+MotionSense:10+10,192,3,5,116,MotionSense,0.7158203125,0.6628459772829304,0.6979166666666666,0.6478252959559181,561.0075378417969,561.0075378417969,tfc,2,100
tstcc,device:RealWorld_thigh+MotionSense:10+10,192,3,5,117,RealWorld_thigh,0.5381944444444444,0.48894484756540485,0.40625,0.32377272656799144,561.0075378417969,561.0075378417969,tfc,2,100
tstcc,device:RealWorld_thigh+MotionSense:10+10,192,3,5,117,MotionSense,0.7119140625,0.6586871301043549,0.6979166666666666,0.6462009184151597,561.0075378417969,561.0075378417969,tfc,2,100
tstcc,device:RealWorld_thigh+MotionSense:10+10,192,3,5,118,RealWorld_thigh,0.5326388888888889,0.4845241894969599,0.40736607142857145,0.32602105676252935,561.0075378417969,561.0075378417969,tfc,2,100
tstcc,device:RealWorld_thigh+MotionSense:10+10,192,3,5,118,MotionSense,0.71484375,0.6622539370530481,0.6875,0.6384845535748251,561.0075378417969,561.0075378417969,tfc,2,100
tstcc,device:RealWorld_thigh+MotionSense:10+10,192,3,5,119,RealWorld_thigh,0.5319444444444444,0.48401487912302327,0.4029017857142857,0.3201655837653846,561.0075378417969,561.0075378417969,tfc,2,100
tstcc,device:RealWorld_thigh+MotionSense:10+10,192,3,5,119,MotionSense,0.712890625,0.6605535486648283,0.6953125,0.6457992844736927,561.0075378417969,561.0075378417969,tfc,2,100
tstcc,device:RealWorld_thigh+MotionSense:10+10,192,3,5,120,RealWorld_thigh,0.5295138888888888,0.4814211434344875,0.3984375,0.3159796453049209,561.0075378417969,561.0075378417969,tfc,2,100
tstcc,device:RealWorld_thigh+MotionSense:10+10,192,3,5,120,MotionSense,0.7138671875,0.6619691054921887,0.6875,0.6367661483447274,561.0075378417969,561.0075378417969,tfc,2,100
tstcc,device:RealWorld_thigh+MotionSense:10+10,192,3,5,121,RealWorld_thigh,0.5267361111111111,0.47893195265759325,0.39955357142857145,0.3177051102316006,561.0075378417969,561.0075378417969,tfc,2,100
tstcc,device:RealWorld_thigh+MotionSense:10+10,192,3,5,121,MotionSense,0.712890625,0.6613075165345349,0.6901041666666666,0.6397082066869301,561.0075378417969,561.0075378417969,tfc,2,100
tstcc,device:RealWorld_thigh+MotionSense:10+10,192,3,5,122,RealWorld_thigh,0.5277777777777778,0.48010446958855574,0.3984375,0.31636464983696105,561.0075378417969,561.0075378417969,tfc,2,100
tstcc,device:RealWorld_thigh+MotionSense:10+10,192,3,5,122,MotionSense,0.7109375,0.6591372926295582,0.6901041666666666,0.6392074276674363,561.0075378417969,561.0075378417969,tfc,2,100
tstcc,device:RealWorld_thigh+MotionSense:10+10,192,3,5,123,RealWorld_thigh,0.5236111111111111,0.4763101248202595,0.3984375,0.31225509783477995,561.0075378417969,561.0075378417969,tfc,2,100
tstcc,device:RealWorld_thigh+MotionSense:10+10,192,3,5,123,MotionSense,0.716796875,0.6658715911647631,0.6953125,0.6458389029689277,561.0075378417969,561.0075378417969,tfc,2,100
tstcc,device:RealWorld_thigh+MotionSense:10+10,192,3,5,124,RealWorld_thigh,0.5256944444444445,0.47798090032350943,0.3978794642857143,0.31418333785700575,561.0075378417969,561.0075378417969,tfc,2,100
tstcc,device:RealWorld_thigh+MotionSense:10+10,192,3,5,124,MotionSense,0.7099609375,0.6585739916250624,0.6953125,0.6447713538417763,561.0075378417969,561.0075378417969,tfc,2,100
tstcc,device:RealWorld_thigh+MotionSense:10+10,192,3,5,125,RealWorld_thigh,0.5243055555555556,0.47749478265497874,0.3939732142857143,0.3131819842812195,561.0075378417969,561.0075378417969,tfc,2,100
tstcc,device:RealWorld_thigh+MotionSense:10+10,192,3,5,125,MotionSense,0.7099609375,0.658699487646856,0.6901041666666666,0.6404387529465053,561.0075378417969,561.0075378417969,tfc,2,100
tstcc,device:RealWorld_thigh+MotionSense:10+10,192,3,5,126,RealWorld_thigh,0.525,0.4776553341323712,0.39676339285714285,0.31586494844586815,561.0075378417969,561.0075378417969,tfc,2,100
tstcc,device:RealWorld_thigh+MotionSense:10+10,192,3,5,126,MotionSense,0.7080078125,0.6564376253428188,0.6848958333333334,0.6354553631972987,561.0075378417969,561.0075378417969,tfc,2,100
tstcc,device:RealWorld_thigh+MotionSense:10+10,192,3,5,127,RealWorld_thigh,0.5197916666666667,0.4731762212427866,0.39174107142857145,0.31363740711950777,561.0075378417969,561.0075378417969,tfc,2,100
tstcc,device:RealWorld_thigh+MotionSense:10+10,192,3,5,127,MotionSense,0.7041015625,0.6522526581492165,0.6848958333333334,0.6360667020600222,561.0075378417969,561.0075378417969,tfc,2,100
tstcc,device:RealWorld_thigh+MotionSense:10+10,192,3,5,128,RealWorld_thigh,0.5222222222222223,0.475095592661059,0.3911830357142857,0.3139729328973668,561.0075378417969,561.0075378417969,tfc,2,100
tstcc,device:RealWorld_thigh+MotionSense:10+10,192,3,5,128,MotionSense,0.6962890625,0.6443719417537518,0.6770833333333334,0.6271503255335005,561.0075378417969,561.0075378417969,tfc,2,100
tstcc,device:RealWorld_thigh+MotionSense:10+10,192,3,5,129,RealWorld_thigh,0.5190972222222222,0.4719968116882973,0.39229910714285715,0.3179472873323671,561.0075378417969,561.0075378417969,tfc,2,100
tstcc,device:RealWorld_thigh+MotionSense:10+10,192,3,5,129,MotionSense,0.7001953125,0.6474929363617591,0.6822916666666666,0.634725152276563,561.0075378417969,561.0075378417969,tfc,2,100
tstcc,device:RealWorld_thigh+MotionSense:10+10,192,3,5,130,RealWorld_thigh,0.5190972222222222,0.4718520760728166,0.39174107142857145,0.3202323201905328,561.0075378417969,561.0075378417969,tfc,2,100
tstcc,device:RealWorld_thigh+MotionSense:10+10,192,3,5,130,MotionSense,0.6953125,0.6414436536031988,0.6822916666666666,0.6347246539337158,561.0075378417969,561.0075378417969,tfc,2,100
tstcc,device:RealWorld_thigh+MotionSense:10+10,192,3,5,131,RealWorld_thigh,0.5225694444444444,0.47484793295594524,0.39341517857142855,0.31637955459181816,561.0075378417969,561.0075378417969,tfc,2,100
tstcc,device:RealWorld_thigh+MotionSense:10+10,192,3,5,131,MotionSense,0.69921875,0.6464553991584968,0.6770833333333334,0.6268969264525915,561.0075378417969,561.0075378417969,tfc,2,100
tstcc,device:RealWorld_thigh+MotionSense:10+10,192,3,5,132,RealWorld_thigh,0.5194444444444445,0.47275096168365544,0.39285714285714285,0.3154796225635219,561.0075378417969,561.0075378417969,tfc,2,100
tstcc,device:RealWorld_thigh+MotionSense:10+10,192,3,5,132,MotionSense,0.7021484375,0.6499788916571683,0.6770833333333334,0.62768851686646,561.0075378417969,561.0075378417969,tfc,2,100
tstcc,device:RealWorld_thigh+MotionSense:10+10,192,3,5,133,RealWorld_thigh,0.5190972222222222,0.4718389229531225,0.390625,0.3082158506771954,561.0075378417969,561.0075378417969,tfc,2,100
tstcc,device:RealWorld_thigh+MotionSense:10+10,192,3,5,133,MotionSense,0.7197265625,0.6853252128484645,0.6953125,0.6625929891133653,561.0075378417969,561.0075378417969,tfc,2,100
tstcc,device:RealWorld_thigh+MotionSense:10+10,192,3,5,134,RealWorld_thigh,0.5225694444444444,0.4754175429134359,0.3939732142857143,0.3144434109122128,561.0075378417969,561.0075378417969,tfc,2,100
tstcc,device:RealWorld_thigh+MotionSense:10+10,192,3,5,134,MotionSense,0.7001953125,0.6467971219018112,0.6848958333333334,0.6361949602144649,561.0075378417969,561.0075378417969,tfc,2,100
tstcc,device:RealWorld_thigh+MotionSense:10+10,192,3,5,135,RealWorld_thigh,0.5211805555555555,0.4741456099904837,0.39285714285714285,0.31262193393878235,561.0075378417969,561.0075378417969,tfc,2,100
tstcc,device:RealWorld_thigh+MotionSense:10+10,192,3,5,135,MotionSense,0.6982421875,0.6456862860025335,0.671875,0.6215254087094038,561.0075378417969,561.0075378417969,tfc,2,100
tstcc,device:RealWorld_thigh+MotionSense:10+10,192,3,5,136,RealWorld_thigh,0.5208333333333334,0.4737239845023257,0.39620535714285715,0.31679217339064325,561.0075378417969,561.0075378417969,tfc,2,100
tstcc,device:RealWorld_thigh+MotionSense:10+10,192,3,5,136,MotionSense,0.7060546875,0.6533713961718346,0.6848958333333334,0.6366698556297582,561.0075378417969,561.0075378417969,tfc,2,100
tstcc,device:RealWorld_thigh+MotionSense:10+10,192,3,5,137,RealWorld_thigh,0.5204861111111111,0.47270127767186104,0.39453125,0.31717193088038603,561.0075378417969,561.0075378417969,tfc,2,100
tstcc,device:RealWorld_thigh+MotionSense:10+10,192,3,5,137,MotionSense,0.6982421875,0.6444973675930691,0.6875,0.6372414075770892,561.0075378417969,561.0075378417969,tfc,2,100
tstcc,device:RealWorld_thigh+MotionSense:10+10,192,3,5,138,RealWorld_thigh,0.5170138888888889,0.4699723878554596,0.38950892857142855,0.31525239808970756,561.0075378417969,561.0075378417969,tfc,2,100
tstcc,device:RealWorld_thigh+MotionSense:10+10,192,3,5,138,MotionSense,0.6865234375,0.633130094392532,0.6744791666666666,0.6256076196828922,561.0075378417969,561.0075378417969,tfc,2,100
tstcc,device:RealWorld_thigh+MotionSense:10+10,192,3,5,139,RealWorld_thigh,0.5184027777777778,0.4714042425658875,0.38895089285714285,0.3128876944770617,561.0075378417969,561.0075378417969,tfc,2,100
tstcc,device:RealWorld_thigh+MotionSense:10+10,192,3,5,139,MotionSense,0.6806640625,0.6270918422593414,0.6640625,0.6126601058120434,561.0075378417969,561.0075378417969,tfc,2,100
tstcc,device:RealWorld_thigh+MotionSense:10+10,192,3,5,140,RealWorld_thigh,0.5180555555555556,0.47143007289794747,0.38671875,0.3104708056868243,561.0075378417969,561.0075378417969,tfc,2,100
tstcc,device:RealWorld_thigh+MotionSense:10+10,192,3,5,140,MotionSense,0.6923828125,0.6391895130949213,0.6744791666666666,0.6248283417962833,561.0075378417969,561.0075378417969,tfc,2,100
tstcc,device:RealWorld_thigh+MotionSense:10+10,192,3,5,141,RealWorld_thigh,0.5208333333333334,0.47324708968792734,0.390625,0.3158979713122326,561.0075378417969,561.0075378417969,tfc,2,100
tstcc,device:RealWorld_thigh+MotionSense:10+10,192,3,5,141,MotionSense,0.69140625,0.6370516331664976,0.6770833333333334,0.626629191111693,561.0075378417969,561.0075378417969,tfc,2,100
tstcc,device:RealWorld_thigh+MotionSense:10+10,192,3,5,142,RealWorld_thigh,0.51875,0.4720107378017149,0.39174107142857145,0.31520990569582635,561.0075378417969,561.0075378417969,tfc,2,100
tstcc,device:RealWorld_thigh+MotionSense:10+10,192,3,5,142,MotionSense,0.7041015625,0.6511862817895873,0.6770833333333334,0.6276861208472878,561.0075378417969,561.0075378417969,tfc,2,100
tstcc,device:RealWorld_thigh+MotionSense:10+10,192,3,5,143,RealWorld_thigh,0.5184027777777778,0.47164522884061083,0.3911830357142857,0.3132997551872445,561.0075378417969,561.0075378417969,tfc,2,100
tstcc,device:RealWorld_thigh+MotionSense:10+10,192,3,5,143,MotionSense,0.7001953125,0.6482951082902252,0.6770833333333334,0.6288487192925233,561.0075378417969,561.0075378417969,tfc,2,100
tstcc,device:RealWorld_thigh+MotionSense:10+10,192,3,5,144,RealWorld_thigh,0.5163194444444444,0.468753353708711,0.39174107142857145,0.3200968207858419,561.0075378417969,561.0075378417969,tfc,2,100
tstcc,device:RealWorld_thigh+MotionSense:10+10,192,3,5,144,MotionSense,0.6875,0.6320688891134789,0.6770833333333334,0.6282748889101697,561.0075378417969,561.0075378417969,tfc,2,100
tstcc,device:RealWorld_thigh+MotionSense:10+10,192,3,5,145,RealWorld_thigh,0.5173611111111112,0.4698348394539756,0.3911830357142857,0.31728859379910385,561.0075378417969,561.0075378417969,tfc,2,100
tstcc,device:RealWorld_thigh+MotionSense:10+10,192,3,5,145,MotionSense,0.69140625,0.6370533286544905,0.6796875,0.6313615160783895,561.0075378417969,561.0075378417969,tfc,2,100
tstcc,device:RealWorld_thigh+MotionSense:10+10,192,3,5,146,RealWorld_thigh,0.51875,0.4710915278393762,0.39229910714285715,0.3170581749278046,561.0075378417969,561.0075378417969,tfc,2,100
tstcc,device:RealWorld_thigh+MotionSense:10+10,192,3,5,146,MotionSense,0.6904296875,0.6361380035281186,0.6744791666666666,0.6245018422437777,561.0075378417969,561.0075378417969,tfc,2,100
tstcc,device:RealWorld_thigh+MotionSense:10+10,192,3,5,147,RealWorld_thigh,0.5177083333333333,0.4705832924459097,0.39285714285714285,0.3172544570589364,561.0075378417969,561.0075378417969,tfc,2,100
tstcc,device:RealWorld_thigh+MotionSense:10+10,192,3,5,147,MotionSense,0.69921875,0.6459531578506587,0.6744791666666666,0.6246523026775886,561.0075378417969,561.0075378417969,tfc,2,100
tstcc,device:RealWorld_thigh+MotionSense:10+10,192,3,5,148,RealWorld_thigh,0.5177083333333333,0.4706813350694792,0.3939732142857143,0.31443648376746963,561.0075378417969,561.0075378417969,tfc,2,100
tstcc,device:RealWorld_thigh+MotionSense:10+10,192,3,5,148,MotionSense,0.703125,0.650575120308103,0.6796875,0.63017091346418,561.0075378417969,561.0075378417969,tfc,2,100
tstcc,device:RealWorld_thigh+MotionSense:10+10,192,3,5,149,RealWorld_thigh,0.5197916666666667,0.47298722289648737,0.39453125,0.3160531813382012,561.0075378417969,561.0075378417969,tfc,2,100
tstcc,device:RealWorld_thigh+MotionSense:10+10,192,3,5,149,MotionSense,0.7060546875,0.6538602418402437,0.6770833333333334,0.6288487192925233,561.0075378417969,561.0075378417969,tfc,2,100
tstcc,device:RealWorld_thigh+MotionSense:10+10,192,3,5,150,RealWorld_thigh,0.5138888888888888,0.46685627820794534,0.38895089285714285,0.31550775658466007,561.0075378417969,561.0075378417969,tfc,2,100
tstcc,device:RealWorld_thigh+MotionSense:10+10,192,3,5,150,MotionSense,0.6982421875,0.6450112091462029,0.6796875,0.631029932165687,561.0075378417969,561.0075378417969,tfc,2,100
