encoder,spec,budget,seed,local_epochs,round,target,test_acc,test_f1_macro,uplink_mb,downlink_mb
resnetse5,device:MotionSense:10,192,0,1,1,MotionSense,0.09375,0.0526851594380865,5.230560302734375,5.230560302734375
resnetse5,device:MotionSense:10,192,0,1,2,MotionSense,0.1884765625,0.1535575768631568,5.230560302734375,5.230560302734375
resnetse5,device:MotionSense:10,192,0,1,3,MotionSense,0.2099609375,0.1392473875196694,5.230560302734375,5.230560302734375
resnetse5,device:MotionSense:10,192,0,1,4,MotionSense,0.35546875,0.2057388727491372,5.230560302734375,5.230560302734375
resnetse5,device:MotionSense:10,192,0,1,5,MotionSense,0.3671875,0.2251927588809056,5.230560302734375,5.230560302734375
resnetse5,device:MotionSense:10,192,0,1,6,MotionSense,0.3955078125,0.2678879759860974,5.230560302734375,5.230560302734375
resnetse5,device:MotionSense:10,192,0,1,7,MotionSense,0.4248046875,0.3063786905489256,5.230560302734375,5.230560302734375
resnetse5,device:MotionSense:10,192,0,1,8,MotionSense,0.4501953125,0.3382041144348216,5.230560302734375,5.230560302734375
resnetse5,device:MotionSense:10,192,0,1,9,MotionSense,0.486328125,0.3862495794199931,5.230560302734375,5.230560302734375
resnetse5,device:MotionSense:10,192,0,1,10,MotionSense,0.5205078125,0.4252042852220852,5.230560302734375,5.230560302734375
resnetse5,device:MotionSense:10,192,0,1,11,MotionSense,0.5458984375,0.4541692929372038,5.230560302734375,5.230560302734375
resnetse5,device:MotionSense:10,192,0,1,12,MotionSense,0.568359375,0.4824788346116326,5.230560302734375,5.230560302734375
resnetse5,device:MotionSense:10,192,0,1,13,MotionSense,0.5791015625,0.4927996070701018,5.230560302734375,5.230560302734375
resnetse5,device:MotionSense:10,192,0,1,14,MotionSense,0.5927734375,0.51278521531503,5.230560302734375,5.230560302734375
resnetse5,device:MotionSense:10,192,0,1,15,MotionSense,0.615234375,0.5398832116019497,5.230560302734375,5.230560302734375
resnetse5,device:MotionSense:10,192,0,1,16,MotionSense,0.62890625,0.5648986545668828,5.230560302734375,5.230560302734375
resnetse5,device:MotionSense:10,192,0,1,17,MotionSense,0.6435546875,0.5806736166211451,5.230560302734375,5.230560302734375
resnetse5,device:MotionSense:10,192,0,1,18,MotionSense,0.6484375,0.5836004787231074,5.230560302734375,5.230560302734375
resnetse5,device:MotionSense:10,192,0,1,19,MotionSense,0.6552734375,0.5922397903714397,5.230560302734375,5.230560302734375
resnetse5,device:MotionSense:10,192,0,1,20,MotionSense,0.66796875,0.6086750911776563,5.230560302734375,5.230560302734375
resnetse5,device:MotionSense:10,192,0,1,21,MotionSense,0.673828125,0.6159633248360444,5.230560302734375,5.230560302734375
resnetse5,device:MotionSense:10,192,0,1,22,MotionSense,0.677734375,0.6205120765821733,5.230560302734375,5.230560302734375
resnetse5,device:MotionSense:10,192,0,1,23,MotionSense,0.6806640625,0.624243836440075,5.230560302734375,5.230560302734375
resnetse5,device:MotionSense:10,192,0,1,24,MotionSense,0.689453125,0.6356783159058289,5.230560302734375,5.230560302734375
resnetse5,device:MotionSense:10,192,0,1,25,MotionSense,0.6943359375,0.6419315381729214,5.230560302734375,5.230560302734375
resnetse5,device:MotionSense:10,192,0,1,26,MotionSense,0.6962890625,0.6437336217426087,5.230560302734375,5.230560302734375
resnetse5,device:MotionSense:10,192,0,1,27,MotionSense,0.703125,0.651275097857004,5.230560302734375,5.230560302734375
resnetse5,device:MotionSense:10,192,0,1,28,MotionSense,0.7138671875,0.6636806249125089,5.230560302734375,5.230560302734375
resnetse5,device:MotionSense:10,192,0,1,29,MotionSense,0.720703125,0.6713583152380608,5.230560302734375,5.230560302734375
resnetse5,device:MotionSense:10,192,0,1,30,MotionSense,0.724609375,0.6757429006212391,5.230560302734375,5.230560302734375
resnetse5,device:MotionSense:10,192,0,1,31,MotionSense,0.732421875,0.6843931309036276,5.230560302734375,5.230560302734375
resnetse5,device:MotionSense:10,192,0,1,32,MotionSense,0.7353515625,0.6877167971808501,5.230560302734375,5.230560302734375
resnetse5,device:MotionSense:10,192,0,1,33,MotionSense,0.736328125,0.6887747563552997,5.230560302734375,5.230560302734375
resnetse5,device:MotionSense:10,192,0,1,34,MotionSense,0.7392578125,0.6920937432046594,5.230560302734375,5.230560302734375
resnetse5,device:MotionSense:10,192,0,1,35,MotionSense,0.740234375,0.6930855766181853,5.230560302734375,5.230560302734375
resnetse5,device:MotionSense:10,192,0,1,36,MotionSense,0.744140625,0.697186326184704,5.230560302734375,5.230560302734375
resnetse5,device:MotionSense:10,192,0,1,37,MotionSense,0.7470703125,0.7003717081987356,5.230560302734375,5.230560302734375
resnetse5,device:MotionSense:10,192,0,1,38,MotionSense,0.755859375,0.7151225141589058,5.230560302734375,5.230560302734375
resnetse5,device:MotionSense:10,192,0,1,39,MotionSense,0.7724609375,0.7455007296322217,5.230560302734375,5.230560302734375
resnetse5,device:MotionSense:10,192,0,1,40,MotionSense,0.767578125,0.7320985127888172,5.230560302734375,5.230560302734375
resnetse5,device:MotionSense:10,192,0,1,41,MotionSense,0.763671875,0.7234673721332513,5.230560302734375,5.230560302734375
resnetse5,device:MotionSense:10,192,0,1,42,MotionSense,0.759765625,0.7167126482876331,5.230560302734375,5.230560302734375
resnetse5,device:MotionSense:10,192,0,1,43,MotionSense,0.76171875,0.7178105399959499,5.230560302734375,5.230560302734375
resnetse5,device:MotionSense:10,192,0,1,44,MotionSense,0.76171875,0.7186076032984342,5.230560302734375,5.230560302734375
resnetse5,device:MotionSense:10,192,0,1,45,MotionSense,0.7666015625,0.7240095522244122,5.230560302734375,5.230560302734375
resnetse5,device:MotionSense:10,192,0,1,46,MotionSense,0.765625,0.7237900325695342,5.230560302734375,5.230560302734375
resnetse5,device:MotionSense:10,192,0,1,47,MotionSense,0.765625,0.7229945274492019,5.230560302734375,5.230560302734375
resnetse5,device:MotionSense:10,192,0,1,48,MotionSense,0.7705078125,0.7316286146715938,5.230560302734375,5.230560302734375
resnetse5,device:MotionSense:10,192,0,1,49,MotionSense,0.771484375,0.7325220903697326,5.230560302734375,5.230560302734375
resnetse5,device:MotionSense:10,192,0,1,50,MotionSense,0.775390625,0.7367378843772431,5.230560302734375,5.230560302734375
resnetse5,device:MotionSense:10,192,0,1,51,MotionSense,0.837890625,0.8360520629810803,5.230560302734375,5.230560302734375
resnetse5,device:MotionSense:10,192,0,1,52,MotionSense,0.8447265625,0.8450296804868773,5.230560302734375,5.230560302734375
resnetse5,device:MotionSense:10,192,0,1,53,MotionSense,0.7841796875,0.7511870659815502,5.230560302734375,5.230560302734375
resnetse5,device:MotionSense:10,192,0,1,54,MotionSense,0.81640625,0.8052373443371771,5.230560302734375,5.230560302734375
resnetse5,device:MotionSense:10,192,0,1,55,MotionSense,0.802734375,0.7845726130255782,5.230560302734375,5.230560302734375
resnetse5,device:MotionSense:10,192,0,1,56,MotionSense,0.783203125,0.7486942601400698,5.230560302734375,5.230560302734375
resnetse5,device:MotionSense:10,192,0,1,57,MotionSense,0.7763671875,0.7334093441471956,5.230560302734375,5.230560302734375
resnetse5,device:MotionSense:10,192,0,1,58,MotionSense,0.7802734375,0.7410601380535439,5.230560302734375,5.230560302734375
resnetse5,device:MotionSense:10,192,0,1,59,MotionSense,0.79296875,0.7652244011008421,5.230560302734375,5.230560302734375
resnetse5,device:MotionSense:10,192,0,1,60,MotionSense,0.77734375,0.7362024188982513,5.230560302734375,5.230560302734375
resnetse5,device:MotionSense:10,192,0,1,61,MotionSense,0.783203125,0.7463377995590244,5.230560302734375,5.230560302734375
resnetse5,device:MotionSense:10,192,0,1,62,MotionSense,0.8076171875,0.790898288180701,5.230560302734375,5.230560302734375
resnetse5,device:MotionSense:10,192,0,1,63,MotionSense,0.783203125,0.7463011636298069,5.230560302734375,5.230560302734375
resnetse5,device:MotionSense:10,192,0,1,64,MotionSense,0.7802734375,0.7393212428818287,5.230560302734375,5.230560302734375
resnetse5,device:MotionSense:10,192,0,1,65,MotionSense,0.78515625,0.7498761114018803,5.230560302734375,5.230560302734375
resnetse5,device:MotionSense:10,192,0,1,66,MotionSense,0.845703125,0.8459886390552985,5.230560302734375,5.230560302734375
resnetse5,device:MotionSense:10,192,0,1,67,MotionSense,0.794921875,0.7666113548726036,5.230560302734375,5.230560302734375
resnetse5,device:MotionSense:10,192,0,1,68,MotionSense,0.8291015625,0.8214422726295205,5.230560302734375,5.230560302734375
resnetse5,device:MotionSense:10,192,0,1,69,MotionSense,0.7822265625,0.7402296562131134,5.230560302734375,5.230560302734375
resnetse5,device:MotionSense:10,192,0,1,70,MotionSense,0.7763671875,0.7260458994019229,5.230560302734375,5.230560302734375
resnetse5,device:MotionSense:10,192,0,1,71,MotionSense,0.7763671875,0.7260458994019229,5.230560302734375,5.230560302734375
resnetse5,device:MotionSense:10,192,0,1,72,MotionSense,0.8388671875,0.8353307197543889,5.230560302734375,5.230560302734375
resnetse5,device:MotionSense:10,192,0,1,73,MotionSense,0.79296875,0.7630934023881902,5.230560302734375,5.230560302734375
resnetse5,device:MotionSense:10,192,0,1,74,MotionSense,0.845703125,0.8476887681274278,5.230560302734375,5.230560302734375
resnetse5,device:MotionSense:10,192,0,1,75,MotionSense,0.837890625,0.834609847460878,5.230560302734375,5.230560302734375
resnetse5,device:MotionSense:10,192,0,1,76,MotionSense,0.7919921875,0.7621284262088706,5.230560302734375,5.230560302734375
resnetse5,device:MotionSense:10,192,0,1,77,MotionSense,0.7998046875,0.778825439364684,5.230560302734375,5.230560302734375
resnetse5,device:MotionSense:10,192,0,1,78,MotionSense,0.7841796875,0.7503842708327403,5.230560302734375,5.230560302734375
resnetse5,device:MotionSense:10,192,0,1,79,MotionSense,0.7861328125,0.7560512416210355,5.230560302734375,5.230560302734375
resnetse5,device:MotionSense:10,192,0,1,80,MotionSense,0.779296875,0.7444814863965514,5.230560302734375,5.230560302734375
resnetse5,device:MotionSense:10,192,0,1,81,MotionSense,0.7802734375,0.7447239925569568,5.230560302734375,5.230560302734375
resnetse5,device:MotionSense:10,192,0,1,82,MotionSense,0.775390625,0.7363727881730416,5.230560302734375,5.230560302734375
resnetse5,device:MotionSense:10,192,0,1,83,MotionSense,0.7763671875,0.7350943446999086,5.230560302734375,5.230560302734375
resnetse5,device:MotionSense:10,192,0,1,84,MotionSense,0.7763671875,0.7350891190649933,5.230560302734375,5.230560302734375
resnetse5,device:MotionSense:10,192,0,1,85,MotionSense,0.7783203125,0.7370163168272662,5.230560302734375,5.230560302734375
resnetse5,device:MotionSense:10,192,0,1,86,MotionSense,0.779296875,0.7429938893814437,5.230560302734375,5.230560302734375
resnetse5,device:MotionSense:10,192,0,1,87,MotionSense,0.8017578125,0.7830459542786112,5.230560302734375,5.230560302734375
resnetse5,device:MotionSense:10,192,0,1,88,MotionSense,0.783203125,0.7513280010506648,5.230560302734375,5.230560302734375
resnetse5,device:MotionSense:10,192,0,1,89,MotionSense,0.779296875,0.742984669023324,5.230560302734375,5.230560302734375
resnetse5,device:MotionSense:10,192,0,1,90,MotionSense,0.783203125,0.7467250479925372,5.230560302734375,5.230560302734375
resnetse5,device:MotionSense:10,192,0,1,91,MotionSense,0.771484375,0.7305301972136465,5.230560302734375,5.230560302734375
resnetse5,device:MotionSense:10,192,0,1,92,MotionSense,0.779296875,0.7403198852933417,5.230560302734375,5.230560302734375
resnetse5,device:MotionSense:10,192,0,1,93,MotionSense,0.787109375,0.7571317902712105,5.230560302734375,5.230560302734375
resnetse5,device:MotionSense:10,192,0,1,94,MotionSense,0.794921875,0.7689366373797033,5.230560302734375,5.230560302734375
resnetse5,device:MotionSense:10,192,0,1,95,MotionSense,0.78125,0.7465471525310172,5.230560302734375,5.230560302734375
resnetse5,device:MotionSense:10,192,0,1,96,MotionSense,0.818359375,0.8102707046996934,5.230560302734375,5.230560302734375
resnetse5,device:MotionSense:10,192,0,1,97,MotionSense,0.8017578125,0.7881224238123269,5.230560302734375,5.230560302734375
resnetse5,device:MotionSense:10,192,0,1,98,MotionSense,0.78125,0.7560098772707741,5.230560302734375,5.230560302734375
resnetse5,device:MotionSense:10,192,0,1,99,MotionSense,0.796875,0.7786694719243835,5.230560302734375,5.230560302734375
resnetse5,device:MotionSense:10,192,0,1,100,MotionSense,0.8056640625,0.7923523300263272,5.230560302734375,5.230560302734375
resnetse5,device:MotionSense:10,192,1,1,1,MotionSense,0.173828125,0.0512037628549597,5.230560302734375,5.230560302734375
resnetse5,device:MotionSense:10,192,1,1,2,MotionSense,0.185546875,0.072316493348323,5.230560302734375,5.230560302734375
resnetse5,device:MotionSense:10,192,1,1,3,MotionSense,0.3447265625,0.1803945929938702,5.230560302734375,5.230560302734375
resnetse5,device:MotionSense:10,192,1,1,4,MotionSense,0.345703125,0.1806422083577738,5.230560302734375,5.230560302734375
resnetse5,device:MotionSense:10,192,1,1,5,MotionSense,0.345703125,0.1806422083577738,5.230560302734375,5.230560302734375
resnetse5,device:MotionSense:10,192,1,1,6,MotionSense,0.345703125,0.1805166690720161,5.230560302734375,5.230560302734375
resnetse5,device:MotionSense:10,192,1,1,7,MotionSense,0.345703125,0.1805166690720161,5.230560302734375,5.230560302734375
resnetse5,device:MotionSense:10,192,1,1,8,MotionSense,0.3564453125,0.2009228679311346,5.230560302734375,5.230560302734375
resnetse5,device:MotionSense:10,192,1,1,9,MotionSense,0.3828125,0.241836026228703,5.230560302734375,5.230560302734375
resnetse5,device:MotionSense:10,192,1,1,10,MotionSense,0.4248046875,0.2909264465644547,5.230560302734375,5.230560302734375
resnetse5,device:MotionSense:10,192,1,1,11,MotionSense,0.4873046875,0.368440912457935,5.230560302734375,5.230560302734375
resnetse5,device:MotionSense:10,192,1,1,12,MotionSense,0.54296875,0.4484679642969795,5.230560302734375,5.230560302734375
resnetse5,device:MotionSense:10,192,1,1,13,MotionSense,0.5966796875,0.5165768671716492,5.230560302734375,5.230560302734375
resnetse5,device:MotionSense:10,192,1,1,14,MotionSense,0.6240234375,0.5480371139728611,5.230560302734375,5.230560302734375
resnetse5,device:MotionSense:10,192,1,1,15,MotionSense,0.65625,0.5865881480588365,5.230560302734375,5.230560302734375
resnetse5,device:MotionSense:10,192,1,1,16,MotionSense,0.662109375,0.5947635427939874,5.230560302734375,5.230560302734375
resnetse5,device:MotionSense:10,192,1,1,17,MotionSense,0.677734375,0.6133255199305717,5.230560302734375,5.230560302734375
resnetse5,device:MotionSense:10,192,1,1,18,MotionSense,0.685546875,0.6228805961776985,5.230560302734375,5.230560302734375
resnetse5,device:MotionSense:10,192,1,1,19,MotionSense,0.697265625,0.6362655096433528,5.230560302734375,5.230560302734375
resnetse5,device:MotionSense:10,192,1,1,20,MotionSense,0.705078125,0.644738410758333,5.230560302734375,5.230560302734375
resnetse5,device:MotionSense:10,192,1,1,21,MotionSense,0.720703125,0.6624255221689476,5.230560302734375,5.230560302734375
resnetse5,device:MotionSense:10,192,1,1,22,MotionSense,0.7265625,0.669152646966432,5.230560302734375,5.230560302734375
resnetse5,device:MotionSense:10,192,1,1,23,MotionSense,0.7333984375,0.6766310343152914,5.230560302734375,5.230560302734375
resnetse5,device:MotionSense:10,192,1,1,24,MotionSense,0.73828125,0.6816988030778384,5.230560302734375,5.230560302734375
resnetse5,device:MotionSense:10,192,1,1,25,MotionSense,0.7431640625,0.6872696119748868,5.230560302734375,5.230560302734375
resnetse5,device:MotionSense:10,192,1,1,26,MotionSense,0.7421875,0.6859891435209914,5.230560302734375,5.230560302734375
resnetse5,device:MotionSense:10,192,1,1,27,MotionSense,0.74609375,0.69062127084976,5.230560302734375,5.230560302734375
resnetse5,device:MotionSense:10,192,1,1,28,MotionSense,0.75,0.6951522143364003,5.230560302734375,5.230560302734375
resnetse5,device:MotionSense:10,192,1,1,29,MotionSense,0.751953125,0.6974375246983398,5.230560302734375,5.230560302734375
resnetse5,device:MotionSense:10,192,1,1,30,MotionSense,0.751953125,0.6974375246983398,5.230560302734375,5.230560302734375
resnetse5,device:MotionSense:10,192,1,1,31,MotionSense,0.75390625,0.6998649017785833,5.230560302734375,5.230560302734375
resnetse5,device:MotionSense:10,192,1,1,32,MotionSense,0.7568359375,0.7031932530564751,5.230560302734375,5.230560302734375
resnetse5,device:MotionSense:10,192,1,1,33,MotionSense,0.7587890625,0.7053735539289744,5.230560302734375,5.230560302734375
resnetse5,device:MotionSense:10,192,1,1,34,MotionSense,0.76171875,0.7086551100461511,5.230560302734375,5.230560302734375
resnetse5,device:MotionSense:10,192,1,1,35,MotionSense,0.7646484375,0.7118894550853138,5.230560302734375,5.230560302734375
resnetse5,device:MotionSense:10,192,1,1,36,MotionSense,0.767578125,0.715132863936763,5.230560302734375,5.230560302734375
resnetse5,device:MotionSense:10,192,1,1,37,MotionSense,0.76953125,0.7172771670495757,5.230560302734375,5.230560302734375
resnetse5,device:MotionSense:10,192,1,1,38,MotionSense,0.7724609375,0.7204540513144194,5.230560302734375,5.230560302734375
resnetse5,device:MotionSense:10,192,1,1,39,MotionSense,0.771484375,0.7194258276684312,5.230560302734375,5.230560302734375
resnetse5,device:MotionSense:10,192,1,1,40,MotionSense,0.7734375,0.721523679542857,5.230560302734375,5.230560302734375
resnetse5,device:MotionSense:10,192,1,1,41,MotionSense,0.7724609375,0.7204540513144194,5.230560302734375,5.230560302734375
resnetse5,device:MotionSense:10,192,1,1,42,MotionSense,0.7734375,0.721523679542857,5.230560302734375,5.230560302734375
resnetse5,device:MotionSense:10,192,1,1,43,MotionSense,0.7763671875,0.7245898109661866,5.230560302734375,5.230560302734375
resnetse5,device:MotionSense:10,192,1,1,44,MotionSense,0.77734375,0.7256095733330267,5.230560302734375,5.230560302734375
resnetse5,device:MotionSense:10,192,1,1,45,MotionSense,0.779296875,0.7277186445029006,5.230560302734375,5.230560302734375
resnetse5,device:MotionSense:10,192,1,1,46,MotionSense,0.775390625,0.7235311277070439,5.230560302734375,5.230560302734375
resnetse5,device:MotionSense:10,192,1,1,47,MotionSense,0.77734375,0.7255767304468659,5.230560302734375,5.230560302734375
resnetse5,device:MotionSense:10,192,1,1,48,MotionSense,0.7822265625,0.73078836514006,5.230560302734375,5.230560302734375
resnetse5,device:MotionSense:10,192,1,1,49,MotionSense,0.7822265625,0.7307275972765982,5.230560302734375,5.230560302734375
resnetse5,device:MotionSense:10,192,1,1,50,MotionSense,0.78125,0.7297070261190198,5.230560302734375,5.230560302734375
resnetse5,device:MotionSense:10,192,1,1,51,MotionSense,0.7841796875,0.7328005943207568,5.230560302734375,5.230560302734375
resnetse5,device:MotionSense:10,192,1,1,52,MotionSense,0.783203125,0.7317366714386618,5.230560302734375,5.230560302734375
resnetse5,device:MotionSense:10,192,1,1,53,MotionSense,0.7841796875,0.7328005943207568,5.230560302734375,5.230560302734375
resnetse5,device:MotionSense:10,192,1,1,54,MotionSense,0.7841796875,0.7328005943207568,5.230560302734375,5.230560302734375
resnetse5,device:MotionSense:10,192,1,1,55,MotionSense,0.783203125,0.731851882902903,5.230560302734375,5.230560302734375
resnetse5,device:MotionSense:10,192,1,1,56,MotionSense,0.7841796875,0.7328005943207568,5.230560302734375,5.230560302734375
resnetse5,device:MotionSense:10,192,1,1,57,MotionSense,0.78125,0.7296867626106245,5.230560302734375,5.230560302734375
resnetse5,device:MotionSense:10,192,1,1,58,MotionSense,0.7802734375,0.728645656996545,5.230560302734375,5.230560302734375
resnetse5,device:MotionSense:10,192,1,1,59,MotionSense,0.7822265625,0.730699225242605,5.230560302734375,5.230560302734375
resnetse5,device:MotionSense:10,192,1,1,60,MotionSense,0.7822265625,0.7307275972765982,5.230560302734375,5.230560302734375
resnetse5,device:MotionSense:10,192,1,1,61,MotionSense,0.78515625,0.7338110918321935,5.230560302734375,5.230560302734375
resnetse5,device:MotionSense:10,192,1,1,62,MotionSense,0.783203125,0.7317601147300916,5.230560302734375,5.230560302734375
resnetse5,device:MotionSense:10,192,1,1,63,MotionSense,0.78515625,0.733840989871202,5.230560302734375,5.230560302734375
resnetse5,device:MotionSense:10,192,1,1,64,MotionSense,0.7861328125,0.7349259548463484,5.230560302734375,5.230560302734375
resnetse5,device:MotionSense:10,192,1,1,65,MotionSense,0.7900390625,0.7390750872644555,5.230560302734375,5.230560302734375
resnetse5,device:MotionSense:10,192,1,1,66,MotionSense,0.7822265625,0.7307510405680278,5.230560302734375,5.230560302734375
resnetse5,device:MotionSense:10,192,1,1,67,MotionSense,0.7841796875,0.7328076346105382,5.230560302734375,5.230560302734375
resnetse5,device:MotionSense:10,192,1,1,68,MotionSense,0.787109375,0.7449356806472512,5.230560302734375,5.230560302734375
resnetse5,device:MotionSense:10,192,1,1,69,MotionSense,0.79296875,0.7542527392759948,5.230560302734375,5.230560302734375
resnetse5,device:MotionSense:10,192,1,1,70,MotionSense,0.8447265625,0.8410529955976633,5.230560302734375,5.230560302734375
resnetse5,device:MotionSense:10,192,1,1,71,MotionSense,0.861328125,0.8600862493158418,5.230560302734375,5.230560302734375
resnetse5,device:MotionSense:10,192,1,1,72,MotionSense,0.8662109375,0.8662316315951929,5.230560302734375,5.230560302734375
resnetse5,device:MotionSense:10,192,1,1,73,MotionSense,0.7861328125,0.7349125985831032,5.230560302734375,5.230560302734375
resnetse5,device:MotionSense:10,192,1,1,74,MotionSense,0.7890625,0.7380342749339763,5.230560302734375,5.230560302734375
resnetse5,device:MotionSense:10,192,1,1,75,MotionSense,0.7890625,0.7380342749339763,5.230560302734375,5.230560302734375
resnetse5,device:MotionSense:10,192,1,1,76,MotionSense,0.791015625,0.7401068329951207,5.230560302734375,5.230560302734375
resnetse5,device:MotionSense:10,192,1,1,77,MotionSense,0.7900390625,0.7390594549007158,5.230560302734375,5.230560302734375
resnetse5,device:MotionSense:10,192,1,1,78,MotionSense,0.7900390625,0.7391007109074813,5.230560302734375,5.230560302734375
resnetse5,device:MotionSense:10,192,1,1,79,MotionSense,0.86328125,0.8600256816262029,5.230560302734375,5.230560302734375
resnetse5,device:MotionSense:10,192,1,1,80,MotionSense,0.7880859375,0.7368943678049282,5.230560302734375,5.230560302734375
resnetse5,device:MotionSense:10,192,1,1,81,MotionSense,0.8671875,0.8682778584405456,5.230560302734375,5.230560302734375
resnetse5,device:MotionSense:10,192,1,1,82,MotionSense,0.7978515625,0.7609502411485817,5.230560302734375,5.230560302734375
resnetse5,device:MotionSense:10,192,1,1,83,MotionSense,0.8251953125,0.8110708237266241,5.230560302734375,5.230560302734375
resnetse5,device:MotionSense:10,192,1,1,84,MotionSense,0.7939453125,0.7553811729984795,5.230560302734375,5.230560302734375
resnetse5,device:MotionSense:10,192,1,1,85,MotionSense,0.845703125,0.8403261484117458,5.230560302734375,5.230560302734375
resnetse5,device:MotionSense:10,192,1,1,86,MotionSense,0.796875,0.7591149653004722,5.230560302734375,5.230560302734375
resnetse5,device:MotionSense:10,192,1,1,87,MotionSense,0.7958984375,0.7572693848002361,5.230560302734375,5.230560302734375
resnetse5,device:MotionSense:10,192,1,1,88,MotionSense,0.7939453125,0.7526542276638933,5.230560302734375,5.230560302734375
resnetse5,device:MotionSense:10,192,1,1,89,MotionSense,0.7978515625,0.7601349080589811,5.230560302734375,5.230560302734375
resnetse5,device:MotionSense:10,192,1,1,90,MotionSense,0.80078125,0.7705470922598773,5.230560302734375,5.230560302734375
resnetse5,device:MotionSense:10,192,1,1,91,MotionSense,0.8408203125,0.8403579355418437,5.230560302734375,5.230560302734375
resnetse5,device:MotionSense:10,192,1,1,92,MotionSense,0.849609375,0.8508643758242055,5.230560302734375,5.230560302734375
resnetse5,device:MotionSense:10,192,1,1,93,MotionSense,0.8447265625,0.8399025665127476,5.230560302734375,5.230560302734375
resnetse5,device:MotionSense:10,192,1,1,94,MotionSense,0.8447265625,0.8412042271966079,5.230560302734375,5.230560302734375
resnetse5,device:MotionSense:10,192,1,1,95,MotionSense,0.798828125,0.7619567125797845,5.230560302734375,5.230560302734375
resnetse5,device:MotionSense:10,192,1,1,96,MotionSense,0.830078125,0.8177246522677732,5.230560302734375,5.230560302734375
resnetse5,device:MotionSense:10,192,1,1,97,MotionSense,0.8623046875,0.8637290631537834,5.230560302734375,5.230560302734375
resnetse5,device:MotionSense:10,192,1,1,98,MotionSense,0.84765625,0.8485513318219029,5.230560302734375,5.230560302734375
resnetse5,device:MotionSense:10,192,1,1,99,MotionSense,0.7880859375,0.7369736324380046,5.230560302734375,5.230560302734375
resnetse5,device:MotionSense:10,192,1,1,100,MotionSense,0.845703125,0.8409188905895805,5.230560302734375,5.230560302734375
resnetse5,device:MotionSense:10,192,2,1,1,MotionSense,0.0,0.0,5.230560302734375,5.230560302734375
resnetse5,device:MotionSense:10,192,2,1,2,MotionSense,0.0419921875,0.0513953212810616,5.230560302734375,5.230560302734375
resnetse5,device:MotionSense:10,192,2,1,3,MotionSense,0.349609375,0.186142080558033,5.230560302734375,5.230560302734375
resnetse5,device:MotionSense:10,192,2,1,4,MotionSense,0.3486328125,0.1870990202866249,5.230560302734375,5.230560302734375
resnetse5,device:MotionSense:10,192,2,1,5,MotionSense,0.34765625,0.1884190370198365,5.230560302734375,5.230560302734375
resnetse5,device:MotionSense:10,192,2,1,6,MotionSense,0.3486328125,0.1944657575901267,5.230560302734375,5.230560302734375
resnetse5,device:MotionSense:10,192,2,1,7,MotionSense,0.35546875,0.208334580811645,5.230560302734375,5.230560302734375
resnetse5,device:MotionSense:10,192,2,1,8,MotionSense,0.36328125,0.2219599730969241,5.230560302734375,5.230560302734375
resnetse5,device:MotionSense:10,192,2,1,9,MotionSense,0.384765625,0.2566343205997077,5.230560302734375,5.230560302734375
resnetse5,device:MotionSense:10,192,2,1,10,MotionSense,0.41796875,0.3061570729481177,5.230560302734375,5.230560302734375
resnetse5,device:MotionSense:10,192,2,1,11,MotionSense,0.4453125,0.3416982344901096,5.230560302734375,5.230560302734375
resnetse5,device:MotionSense:10,192,2,1,12,MotionSense,0.4658203125,0.3630555923653527,5.230560302734375,5.230560302734375
resnetse5,device:MotionSense:10,192,2,1,13,MotionSense,0.48828125,0.3853210949803763,5.230560302734375,5.230560302734375
resnetse5,device:MotionSense:10,192,2,1,14,MotionSense,0.51171875,0.4050170734880211,5.230560302734375,5.230560302734375
resnetse5,device:MotionSense:10,192,2,1,15,MotionSense,0.53125,0.4218064511529968,5.230560302734375,5.230560302734375
resnetse5,device:MotionSense:10,192,2,1,16,MotionSense,0.5380859375,0.4285778597717977,5.230560302734375,5.230560302734375
resnetse5,device:MotionSense:10,192,2,1,17,MotionSense,0.5546875,0.4433692056436437,5.230560302734375,5.230560302734375
resnetse5,device:MotionSense:10,192,2,1,18,MotionSense,0.5625,0.4506076377487578,5.230560302734375,5.230560302734375
resnetse5,device:MotionSense:10,192,2,1,19,MotionSense,0.5673828125,0.4554584974429421,5.230560302734375,5.230560302734375
resnetse5,device:MotionSense:10,192,2,1,20,MotionSense,0.57421875,0.4623041485621792,5.230560302734375,5.230560302734375
resnetse5,device:MotionSense:10,192,2,1,21,MotionSense,0.5830078125,0.4704195812538501,5.230560302734375,5.230560302734375
resnetse5,device:MotionSense:10,192,2,1,22,MotionSense,0.591796875,0.4793175469826945,5.230560302734375,5.230560302734375
resnetse5,device:MotionSense:10,192,2,1,23,MotionSense,0.5986328125,0.4863453741750406,5.230560302734375,5.230560302734375
resnetse5,device:MotionSense:10,192,2,1,24,MotionSense,0.6044921875,0.4917788870045631,5.230560302734375,5.230560302734375
resnetse5,device:MotionSense:10,192,2,1,25,MotionSense,0.611328125,0.4979223757355394,5.230560302734375,5.230560302734375
resnetse5,device:MotionSense:10,192,2,1,26,MotionSense,0.61328125,0.4994304641765204,5.230560302734375,5.230560302734375
resnetse5,device:MotionSense:10,192,2,1,27,MotionSense,0.6201171875,0.50551709427641,5.230560302734375,5.230560302734375
resnetse5,device:MotionSense:10,192,2,1,28,MotionSense,0.62109375,0.506375810884046,5.230560302734375,5.230560302734375
resnetse5,device:MotionSense:10,192,2,1,29,MotionSense,0.6259765625,0.5108858459141765,5.230560302734375,5.230560302734375
resnetse5,device:MotionSense:10,192,2,1,30,MotionSense,0.62890625,0.5149989412522479,5.230560302734375,5.230560302734375
resnetse5,device:MotionSense:10,192,2,1,31,MotionSense,0.6279296875,0.5422895421770358,5.230560302734375,5.230560302734375
resnetse5,device:MotionSense:10,192,2,1,32,MotionSense,0.630859375,0.5214268138638732,5.230560302734375,5.230560302734375
resnetse5,device:MotionSense:10,192,2,1,33,MotionSense,0.6357421875,0.5416318639320332,5.230560302734375,5.230560302734375
resnetse5,device:MotionSense:10,192,2,1,34,MotionSense,0.6455078125,0.548151945872076,5.230560302734375,5.230560302734375
resnetse5,device:MotionSense:10,192,2,1,35,MotionSense,0.6474609375,0.5471971682230976,5.230560302734375,5.230560302734375
resnetse5,device:MotionSense:10,192,2,1,36,MotionSense,0.6533203125,0.5595827577490607,5.230560302734375,5.230560302734375
resnetse5,device:MotionSense:10,192,2,1,37,MotionSense,0.6640625,0.579408074160382,5.230560302734375,5.230560302734375
resnetse5,device:MotionSense:10,192,2,1,38,MotionSense,0.66796875,0.5890379824613879,5.230560302734375,5.230560302734375
resnetse5,device:MotionSense:10,192,2,1,39,MotionSense,0.673828125,0.595972706746725,5.230560302734375,5.230560302734375
resnetse5,device:MotionSense:10,192,2,1,40,MotionSense,0.6865234375,0.6158855583148335,5.230560302734375,5.230560302734375
resnetse5,device:MotionSense:10,192,2,1,41,MotionSense,0.6943359375,0.6270490505437093,5.230560302734375,5.230560302734375
resnetse5,device:MotionSense:10,192,2,1,42,MotionSense,0.7001953125,0.6348391971377746,5.230560302734375,5.230560302734375
resnetse5,device:MotionSense:10,192,2,1,43,MotionSense,0.7109375,0.6513931541726191,5.230560302734375,5.230560302734375
resnetse5,device:MotionSense:10,192,2,1,44,MotionSense,0.7177734375,0.660342398335854,5.230560302734375,5.230560302734375
resnetse5,device:MotionSense:10,192,2,1,45,MotionSense,0.7236328125,0.6755319085767173,5.230560302734375,5.230560302734375
resnetse5,device:MotionSense:10,192,2,1,46,MotionSense,0.73046875,0.6753373806262931,5.230560302734375,5.230560302734375
resnetse5,device:MotionSense:10,192,2,1,47,MotionSense,0.740234375,0.6867583723624554,5.230560302734375,5.230560302734375
resnetse5,device:MotionSense:10,192,2,1,48,MotionSense,0.7412109375,0.6890790465063169,5.230560302734375,5.230560302734375
resnetse5,device:MotionSense:10,192,2,1,49,MotionSense,0.7470703125,0.6955499825860315,5.230560302734375,5.230560302734375
resnetse5,device:MotionSense:10,192,2,1,50,MotionSense,0.826171875,0.8189832767464967,5.230560302734375,5.230560302734375
resnetse5,device:MotionSense:10,192,2,1,51,MotionSense,0.7763671875,0.7375702217455093,5.230560302734375,5.230560302734375
resnetse5,device:MotionSense:10,192,2,1,52,MotionSense,0.767578125,0.7180149736310657,5.230560302734375,5.230560302734375
resnetse5,device:MotionSense:10,192,2,1,53,MotionSense,0.7685546875,0.7191003706439919,5.230560302734375,5.230560302734375
resnetse5,device:MotionSense:10,192,2,1,54,MotionSense,0.7705078125,0.7211249116187971,5.230560302734375,5.230560302734375
resnetse5,device:MotionSense:10,192,2,1,55,MotionSense,0.775390625,0.7263985201624701,5.230560302734375,5.230560302734375
resnetse5,device:MotionSense:10,192,2,1,56,MotionSense,0.7724609375,0.7236590352760998,5.230560302734375,5.230560302734375
resnetse5,device:MotionSense:10,192,2,1,57,MotionSense,0.771484375,0.7225551178887883,5.230560302734375,5.230560302734375
resnetse5,device:MotionSense:10,192,2,1,58,MotionSense,0.775390625,0.7255140583147099,5.230560302734375,5.230560302734375
resnetse5,device:MotionSense:10,192,2,1,59,MotionSense,0.779296875,0.7298748822046295,5.230560302734375,5.230560302734375
resnetse5,device:MotionSense:10,192,2,1,60,MotionSense,0.7861328125,0.7428392900248267,5.230560302734375,5.230560302734375
resnetse5,device:MotionSense:10,192,2,1,61,MotionSense,0.7978515625,0.765063169598906,5.230560302734375,5.230560302734375
resnetse5,device:MotionSense:10,192,2,1,62,MotionSense,0.8515625,0.8515786134246399,5.230560302734375,5.230560302734375
resnetse5,device:MotionSense:10,192,2,1,63,MotionSense,0.826171875,0.8166157207167236,5.230560302734375,5.230560302734375
resnetse5,device:MotionSense:10,192,2,1,64,MotionSense,0.78515625,0.7358265943160186,5.230560302734375,5.230560302734375
resnetse5,device:MotionSense:10,192,2,1,65,MotionSense,0.796875,0.759287480671979,5.230560302734375,5.230560302734375
resnetse5,device:MotionSense:10,192,2,1,66,MotionSense,0.78515625,0.7358265943160186,5.230560302734375,5.230560302734375
resnetse5,device:MotionSense:10,192,2,1,67,MotionSense,0.865234375,0.867389501431363,5.230560302734375,5.230560302734375
resnetse5,device:MotionSense:10,192,2,1,68,MotionSense,0.796875,0.7609763571624298,5.230560302734375,5.230560302734375
resnetse5,device:MotionSense:10,192,2,1,69,MotionSense,0.8330078125,0.8236166616088069,5.230560302734375,5.230560302734375
resnetse5,device:MotionSense:10,192,2,1,70,MotionSense,0.7978515625,0.7645821407674349,5.230560302734375,5.230560302734375
resnetse5,device:MotionSense:10,192,2,1,71,MotionSense,0.787109375,0.7388629169157394,5.230560302734375,5.230560302734375
resnetse5,device:MotionSense:10,192,2,1,72,MotionSense,0.7900390625,0.7409654368467389,5.230560302734375,5.230560302734375
resnetse5,device:MotionSense:10,192,2,1,73,MotionSense,0.7919921875,0.7460205801121496,5.230560302734375,5.230560302734375
resnetse5,device:MotionSense:10,192,2,1,74,MotionSense,0.7919921875,0.7460205801121496,5.230560302734375,5.230560302734375
resnetse5,device:MotionSense:10,192,2,1,75,MotionSense,0.7900390625,0.7410388843972204,5.230560302734375,5.230560302734375
resnetse5,device:MotionSense:10,192,2,1,76,MotionSense,0.7900390625,0.7410388843972204,5.230560302734375,5.230560302734375
resnetse5,device:MotionSense:10,192,2,1,77,MotionSense,0.794921875,0.7511064498856593,5.230560302734375,5.230560302734375
resnetse5,device:MotionSense:10,192,2,1,78,MotionSense,0.8017578125,0.7669859332850208,5.230560302734375,5.230560302734375
resnetse5,device:MotionSense:10,192,2,1,79,MotionSense,0.84375,0.8401788502481279,5.230560302734375,5.230560302734375
resnetse5,device:MotionSense:10,192,2,1,80,MotionSense,0.7958984375,0.7545044321609676,5.230560302734375,5.230560302734375
resnetse5,device:MotionSense:10,192,2,1,81,MotionSense,0.7939453125,0.7491307007914053,5.230560302734375,5.230560302734375
resnetse5,device:MotionSense:10,192,2,1,82,MotionSense,0.7958984375,0.7535927307826471,5.230560302734375,5.230560302734375
resnetse5,device:MotionSense:10,192,2,1,83,MotionSense,0.8115234375,0.7898020421737836,5.230560302734375,5.230560302734375
resnetse5,device:MotionSense:10,192,2,1,84,MotionSense,0.7890625,0.739357933808638,5.230560302734375,5.230560302734375
resnetse5,device:MotionSense:10,192,2,1,85,MotionSense,0.8232421875,0.8051607114932241,5.230560302734375,5.230560302734375
resnetse5,device:MotionSense:10,192,2,1,86,MotionSense,0.798828125,0.7606843893794807,5.230560302734375,5.230560302734375
resnetse5,device:MotionSense:10,192,2,1,87,MotionSense,0.8388671875,0.8346805556580511,5.230560302734375,5.230560302734375
resnetse5,device:MotionSense:10,192,2,1,88,MotionSense,0.8271484375,0.8137070873270208,5.230560302734375,5.230560302734375
resnetse5,device:MotionSense:10,192,2,1,89,MotionSense,0.802734375,0.7680045700856905,5.230560302734375,5.230560302734375
resnetse5,device:MotionSense:10,192,2,1,90,MotionSense,0.8193359375,0.8015632444945072,5.230560302734375,5.230560302734375
resnetse5,device:MotionSense:10,192,2,1,91,MotionSense,0.8037109375,0.774814262825532,5.230560302734375,5.230560302734375
resnetse5,device:MotionSense:10,192,2,1,92,MotionSense,0.7939453125,0.7516873458946843,5.230560302734375,5.230560302734375
resnetse5,device:MotionSense:10,192,2,1,93,MotionSense,0.7958984375,0.7577931500431584,5.230560302734375,5.230560302734375
resnetse5,device:MotionSense:10,192,2,1,94,MotionSense,0.7958984375,0.7546538462584068,5.230560302734375,5.230560302734375
resnetse5,device:MotionSense:10,192,2,1,95,MotionSense,0.7939453125,0.7506921742391857,5.230560302734375,5.230560302734375
resnetse5,device:MotionSense:10,192,2,1,96,MotionSense,0.8037109375,0.7759712397126899,5.230560302734375,5.230560302734375
resnetse5,device:MotionSense:10,192,2,1,97,MotionSense,0.8447265625,0.8435684052467128,5.230560302734375,5.230560302734375
resnetse5,device:MotionSense:10,192,2,1,98,MotionSense,0.80078125,0.7674064627254339,5.230560302734375,5.230560302734375
resnetse5,device:MotionSense:10,192,2,1,99,MotionSense,0.8115234375,0.7889329418023409,5.230560302734375,5.230560302734375
resnetse5,device:MotionSense:10,192,2,1,100,MotionSense,0.8251953125,0.8118987584818811,5.230560302734375,5.230560302734375
resnetse5,device:MotionSense:10,192,3,1,1,MotionSense,0.2314453125,0.1232664717248926,5.230560302734375,5.230560302734375
resnetse5,device:MotionSense:10,192,3,1,2,MotionSense,0.1875,0.0849331975290452,5.230560302734375,5.230560302734375
resnetse5,device:MotionSense:10,192,3,1,3,MotionSense,0.177734375,0.0760291408147188,5.230560302734375,5.230560302734375
resnetse5,device:MotionSense:10,192,3,1,4,MotionSense,0.1787109375,0.0769527316043099,5.230560302734375,5.230560302734375
resnetse5,device:MotionSense:10,192,3,1,5,MotionSense,0.185546875,0.0908727806838972,5.230560302734375,5.230560302734375
resnetse5,device:MotionSense:10,192,3,1,6,MotionSense,0.2109375,0.1243144506993736,5.230560302734375,5.230560302734375
resnetse5,device:MotionSense:10,192,3,1,7,MotionSense,0.2431640625,0.1569638386263589,5.230560302734375,5.230560302734375
resnetse5,device:MotionSense:10,192,3,1,8,MotionSense,0.431640625,0.2802355105725118,5.230560302734375,5.230560302734375
resnetse5,device:MotionSense:10,192,3,1,9,MotionSense,0.4423828125,0.2871029417454442,5.230560302734375,5.230560302734375
resnetse5,device:MotionSense:10,192,3,1,10,MotionSense,0.462890625,0.310672406355834,5.230560302734375,5.230560302734375
resnetse5,device:MotionSense:10,192,3,1,11,MotionSense,0.484375,0.3457442795047723,5.230560302734375,5.230560302734375
resnetse5,device:MotionSense:10,192,3,1,12,MotionSense,0.51953125,0.4056282253650674,5.230560302734375,5.230560302734375
resnetse5,device:MotionSense:10,192,3,1,13,MotionSense,0.529296875,0.422409162288228,5.230560302734375,5.230560302734375
resnetse5,device:MotionSense:10,192,3,1,14,MotionSense,0.54296875,0.4444190355763764,5.230560302734375,5.230560302734375
resnetse5,device:MotionSense:10,192,3,1,15,MotionSense,0.54296875,0.4503207591572731,5.230560302734375,5.230560302734375
resnetse5,device:MotionSense:10,192,3,1,16,MotionSense,0.54296875,0.4563325247536541,5.230560302734375,5.230560302734375
resnetse5,device:MotionSense:10,192,3,1,17,MotionSense,0.5478515625,0.4638897914622028,5.230560302734375,5.230560302734375
resnetse5,device:MotionSense:10,192,3,1,18,MotionSense,0.5576171875,0.4766988881489844,5.230560302734375,5.230560302734375
resnetse5,device:MotionSense:10,192,3,1,19,MotionSense,0.564453125,0.4868256095443748,5.230560302734375,5.230560302734375
resnetse5,device:MotionSense:10,192,3,1,20,MotionSense,0.5703125,0.4950518425934594,5.230560302734375,5.230560302734375
resnetse5,device:MotionSense:10,192,3,1,21,MotionSense,0.580078125,0.5081696595182091,5.230560302734375,5.230560302734375
resnetse5,device:MotionSense:10,192,3,1,22,MotionSense,0.591796875,0.5212527923199011,5.230560302734375,5.230560302734375
resnetse5,device:MotionSense:10,192,3,1,23,MotionSense,0.6025390625,0.5351525809106588,5.230560302734375,5.230560302734375
resnetse5,device:MotionSense:10,192,3,1,24,MotionSense,0.609375,0.5429526856082889,5.230560302734375,5.230560302734375
resnetse5,device:MotionSense:10,192,3,1,25,MotionSense,0.6240234375,0.5604903037373304,5.230560302734375,5.230560302734375
resnetse5,device:MotionSense:10,192,3,1,26,MotionSense,0.6474609375,0.5878528175829447,5.230560302734375,5.230560302734375
resnetse5,device:MotionSense:10,192,3,1,27,MotionSense,0.6630859375,0.6054110349346812,5.230560302734375,5.230560302734375
resnetse5,device:MotionSense:10,192,3,1,28,MotionSense,0.677734375,0.6256748403806696,5.230560302734375,5.230560302734375
resnetse5,device:MotionSense:10,192,3,1,29,MotionSense,0.689453125,0.6341463846738468,5.230560302734375,5.230560302734375
resnetse5,device:MotionSense:10,192,3,1,30,MotionSense,0.701171875,0.6466071362464854,5.230560302734375,5.230560302734375
resnetse5,device:MotionSense:10,192,3,1,31,MotionSense,0.71875,0.6755748618615002,5.230560302734375,5.230560302734375
resnetse5,device:MotionSense:10,192,3,1,32,MotionSense,0.7294921875,0.6811893604159472,5.230560302734375,5.230560302734375
resnetse5,device:MotionSense:10,192,3,1,33,MotionSense,0.7275390625,0.6747932895444487,5.230560302734375,5.230560302734375
resnetse5,device:MotionSense:10,192,3,1,34,MotionSense,0.7353515625,0.6843551744077426,5.230560302734375,5.230560302734375
resnetse5,device:MotionSense:10,192,3,1,35,MotionSense,0.7822265625,0.7648664247692541,5.230560302734375,5.230560302734375
resnetse5,device:MotionSense:10,192,3,1,36,MotionSense,0.7861328125,0.7696627435456663,5.230560302734375,5.230560302734375
resnetse5,device:MotionSense:10,192,3,1,37,MotionSense,0.7744140625,0.7439814902538414,5.230560302734375,5.230560302734375
resnetse5,device:MotionSense:10,192,3,1,38,MotionSense,0.7607421875,0.7127922491401688,5.230560302734375,5.230560302734375
resnetse5,device:MotionSense:10,192,3,1,39,MotionSense,0.765625,0.7178191569016605,5.230560302734375,5.230560302734375
resnetse5,device:MotionSense:10,192,3,1,40,MotionSense,0.767578125,0.7205891564869358,5.230560302734375,5.230560302734375
resnetse5,device:MotionSense:10,192,3,1,41,MotionSense,0.7763671875,0.736528358678358,5.230560302734375,5.230560302734375
resnetse5,device:MotionSense:10,192,3,1,42,MotionSense,0.7744140625,0.7292625840602635,5.230560302734375,5.230560302734375
resnetse5,device:MotionSense:10,192,3,1,43,MotionSense,0.7744140625,0.7283243262665694,5.230560302734375,5.230560302734375
resnetse5,device:MotionSense:10,192,3,1,44,MotionSense,0.8232421875,0.8250283506802564,5.230560302734375,5.230560302734375
resnetse5,device:MotionSense:10,192,3,1,45,MotionSense,0.822265625,0.8143127640114974,5.230560302734375,5.230560302734375
resnetse5,device:MotionSense:10,192,3,1,46,MotionSense,0.7734375,0.7257650832392644,5.230560302734375,5.230560302734375
resnetse5,device:MotionSense:10,192,3,1,47,MotionSense,0.7734375,0.7247973284529386,5.230560302734375,5.230560302734375
resnetse5,device:MotionSense:10,192,3,1,48,MotionSense,0.7734375,0.7247973284529386,5.230560302734375,5.230560302734375
resnetse5,device:MotionSense:10,192,3,1,49,MotionSense,0.7744140625,0.7258876983778383,5.230560302734375,5.230560302734375
resnetse5,device:MotionSense:10,192,3,1,50,MotionSense,0.7763671875,0.7289999965313932,5.230560302734375,5.230560302734375
resnetse5,device:MotionSense:10,192,3,1,51,MotionSense,0.77734375,0.7300690496216902,5.230560302734375,5.230560302734375
resnetse5,device:MotionSense:10,192,3,1,52,MotionSense,0.8525390625,0.8549977839748975,5.230560302734375,5.230560302734375
resnetse5,device:MotionSense:10,192,3,1,53,MotionSense,0.78125,0.7357309345373868,5.230560302734375,5.230560302734375
resnetse5,device:MotionSense:10,192,3,1,54,MotionSense,0.779296875,0.7316853626383231,5.230560302734375,5.230560302734375
resnetse5,device:MotionSense:10,192,3,1,55,MotionSense,0.7939453125,0.7600815948338867,5.230560302734375,5.230560302734375
resnetse5,device:MotionSense:10,192,3,1,56,MotionSense,0.7802734375,0.7331984586034025,5.230560302734375,5.230560302734375
resnetse5,device:MotionSense:10,192,3,1,57,MotionSense,0.8212890625,0.8092636125754668,5.230560302734375,5.230560302734375
resnetse5,device:MotionSense:10,192,3,1,58,MotionSense,0.78125,0.7341489622488867,5.230560302734375,5.230560302734375
resnetse5,device:MotionSense:10,192,3,1,59,MotionSense,0.7802734375,0.7331984586034025,5.230560302734375,5.230560302734375
resnetse5,device:MotionSense:10,192,3,1,60,MotionSense,0.779296875,0.7311477049884648,5.230560302734375,5.230560302734375
resnetse5,device:MotionSense:10,192,3,1,61,MotionSense,0.7802734375,0.7322312243062253,5.230560302734375,5.230560302734375
resnetse5,device:MotionSense:10,192,3,1,62,MotionSense,0.7802734375,0.7322312243062253,5.230560302734375,5.230560302734375
resnetse5,device:MotionSense:10,192,3,1,63,MotionSense,0.779296875,0.7311477049884648,5.230560302734375,5.230560302734375
resnetse5,device:MotionSense:10,192,3,1,64,MotionSense,0.7802734375,0.7322312243062253,5.230560302734375,5.230560302734375
resnetse5,device:MotionSense:10,192,3,1,65,MotionSense,0.7861328125,0.7462581758249507,5.230560302734375,5.230560302734375
resnetse5,device:MotionSense:10,192,3,1,66,MotionSense,0.78515625,0.7442545368726757,5.230560302734375,5.230560302734375
resnetse5,device:MotionSense:10,192,3,1,67,MotionSense,0.78515625,0.7434471664761606,5.230560302734375,5.230560302734375
resnetse5,device:MotionSense:10,192,3,1,68,MotionSense,0.8046875,0.7809068852253366,5.230560302734375,5.230560302734375
resnetse5,device:MotionSense:10,192,3,1,69,MotionSense,0.7841796875,0.7399174427678207,5.230560302734375,5.230560302734375
resnetse5,device:MotionSense:10,192,3,1,70,MotionSense,0.78515625,0.7443452621594459,5.230560302734375,5.230560302734375
resnetse5,device:MotionSense:10,192,3,1,71,MotionSense,0.7802734375,0.7329316569157736,5.230560302734375,5.230560302734375
resnetse5,device:MotionSense:10,192,3,1,72,MotionSense,0.783203125,0.7389715307898835,5.230560302734375,5.230560302734375
resnetse5,device:MotionSense:10,192,3,1,73,MotionSense,0.7783203125,0.7341896887506788,5.230560302734375,5.230560302734375
resnetse5,device:MotionSense:10,192,3,1,74,MotionSense,0.7783203125,0.7364998359547347,5.230560302734375,5.230560302734375
resnetse5,device:MotionSense:10,192,3,1,75,MotionSense,0.77734375,0.7330564427641625,5.230560302734375,5.230560302734375
resnetse5,device:MotionSense:10,192,3,1,76,MotionSense,0.7802734375,0.7394915085441406,5.230560302734375,5.230560302734375
resnetse5,device:MotionSense:10,192,3,1,77,MotionSense,0.7783203125,0.7341177771745784,5.230560302734375,5.230560302734375
resnetse5,device:MotionSense:10,192,3,1,78,MotionSense,0.779296875,0.7351276372005486,5.230560302734375,5.230560302734375
resnetse5,device:MotionSense:10,192,3,1,79,MotionSense,0.775390625,0.7292662742989954,5.230560302734375,5.230560302734375
resnetse5,device:MotionSense:10,192,3,1,80,MotionSense,0.77734375,0.7332506997284787,5.230560302734375,5.230560302734375
resnetse5,device:MotionSense:10,192,3,1,81,MotionSense,0.80859375,0.7948676262876019,5.230560302734375,5.230560302734375
resnetse5,device:MotionSense:10,192,3,1,82,MotionSense,0.830078125,0.8327682521686274,5.230560302734375,5.230560302734375
resnetse5,device:MotionSense:10,192,3,1,83,MotionSense,0.7705078125,0.7217871677882023,5.230560302734375,5.230560302734375
resnetse5,device:MotionSense:10,192,3,1,84,MotionSense,0.8369140625,0.8398176735130143,5.230560302734375,5.230560302734375
resnetse5,device:MotionSense:10,192,3,1,85,MotionSense,0.7666015625,0.7177422584753396,5.230560302734375,5.230560302734375
resnetse5,device:MotionSense:10,192,3,1,86,MotionSense,0.8232421875,0.8171073467852491,5.230560302734375,5.230560302734375
resnetse5,device:MotionSense:10,192,3,1,87,MotionSense,0.7978515625,0.7797813844476855,5.230560302734375,5.230560302734375
resnetse5,device:MotionSense:10,192,3,1,88,MotionSense,0.8251953125,0.8198668807778923,5.230560302734375,5.230560302734375
resnetse5,device:MotionSense:10,192,3,1,89,MotionSense,0.82421875,0.8184643857323812,5.230560302734375,5.230560302734375
resnetse5,device:MotionSense:10,192,3,1,90,MotionSense,0.7998046875,0.7827307889604169,5.230560302734375,5.230560302734375
resnetse5,device:MotionSense:10,192,3,1,91,MotionSense,0.8037109375,0.7905275100344035,5.230560302734375,5.230560302734375
resnetse5,device:MotionSense:10,192,3,1,92,MotionSense,0.8095703125,0.7992364474520622,5.230560302734375,5.230560302734375
resnetse5,device:MotionSense:10,192,3,1,93,MotionSense,0.783203125,0.7534897316107131,5.230560302734375,5.230560302734375
resnetse5,device:MotionSense:10,192,3,1,94,MotionSense,0.7744140625,0.7362999668384494,5.230560302734375,5.230560302734375
resnetse5,device:MotionSense:10,192,3,1,95,MotionSense,0.7744140625,0.7376275931524017,5.230560302734375,5.230560302734375
resnetse5,device:MotionSense:10,192,3,1,96,MotionSense,0.7705078125,0.72968522471202,5.230560302734375,5.230560302734375
resnetse5,device:MotionSense:10,192,3,1,97,MotionSense,0.7705078125,0.729557590131162,5.230560302734375,5.230560302734375
resnetse5,device:MotionSense:10,192,3,1,98,MotionSense,0.7685546875,0.7308270998021736,5.230560302734375,5.230560302734375
resnetse5,device:MotionSense:10,192,3,1,99,MotionSense,0.783203125,0.7595928559253545,5.230560302734375,5.230560302734375
resnetse5,device:MotionSense:10,192,3,1,100,MotionSense,0.783203125,0.7614158939628775,5.230560302734375,5.230560302734375
resnetse5,device:MotionSense:10,192,0,5,1,MotionSense,0.36328125,0.2182267608499105,5.230560302734375,5.230560302734375
resnetse5,device:MotionSense:10,192,0,5,2,MotionSense,0.5048828125,0.4055216892666641,5.230560302734375,5.230560302734375
resnetse5,device:MotionSense:10,192,0,5,3,MotionSense,0.6123046875,0.5329439635035746,5.230560302734375,5.230560302734375
resnetse5,device:MotionSense:10,192,0,5,4,MotionSense,0.662109375,0.6016460390612076,5.230560302734375,5.230560302734375
resnetse5,device:MotionSense:10,192,0,5,5,MotionSense,0.703125,0.6525761179711392,5.230560302734375,5.230560302734375
resnetse5,device:MotionSense:10,192,0,5,6,MotionSense,0.7451171875,0.6990321519286319,5.230560302734375,5.230560302734375
resnetse5,device:MotionSense:10,192,0,5,7,MotionSense,0.7607421875,0.7193635390307302,5.230560302734375,5.230560302734375
resnetse5,device:MotionSense:10,192,0,5,8,MotionSense,0.7685546875,0.7264719840770922,5.230560302734375,5.230560302734375
resnetse5,device:MotionSense:10,192,0,5,9,MotionSense,0.775390625,0.7378456542540678,5.230560302734375,5.230560302734375
resnetse5,device:MotionSense:10,192,0,5,10,MotionSense,0.7939453125,0.7741551358701351,5.230560302734375,5.230560302734375
resnetse5,device:MotionSense:10,192,0,5,11,MotionSense,0.76953125,0.7267225406541331,5.230560302734375,5.230560302734375
resnetse5,device:MotionSense:10,192,0,5,12,MotionSense,0.7763671875,0.7356568171406853,5.230560302734375,5.230560302734375
resnetse5,device:MotionSense:10,192,0,5,13,MotionSense,0.771484375,0.7324415113861518,5.230560302734375,5.230560302734375
resnetse5,device:MotionSense:10,192,0,5,14,MotionSense,0.7763671875,0.7394880003845176,5.230560302734375,5.230560302734375
resnetse5,device:MotionSense:10,192,0,5,15,MotionSense,0.771484375,0.7352758625214503,5.230560302734375,5.230560302734375
resnetse5,device:MotionSense:10,192,0,5,16,MotionSense,0.7744140625,0.7462617081500942,5.230560302734375,5.230560302734375
resnetse5,device:MotionSense:10,192,0,5,17,MotionSense,0.7802734375,0.7607748843314011,5.230560302734375,5.230560302734375
resnetse5,device:MotionSense:10,192,0,5,18,MotionSense,0.783203125,0.7630410290465891,5.230560302734375,5.230560302734375
resnetse5,device:MotionSense:10,192,0,5,19,MotionSense,0.7646484375,0.7331684340801906,5.230560302734375,5.230560302734375
resnetse5,device:MotionSense:10,192,0,5,20,MotionSense,0.791015625,0.7775341869979776,5.230560302734375,5.230560302734375
resnetse5,device:MotionSense:10,192,0,5,21,MotionSense,0.783203125,0.7663313441855196,5.230560302734375,5.230560302734375
resnetse5,device:MotionSense:10,192,0,5,22,MotionSense,0.80078125,0.7923460424322087,5.230560302734375,5.230560302734375
resnetse5,device:MotionSense:10,192,0,5,23,MotionSense,0.8037109375,0.7979528196764472,5.230560302734375,5.230560302734375
resnetse5,device:MotionSense:10,192,0,5,24,MotionSense,0.810546875,0.8032475791640558,5.230560302734375,5.230560302734375
resnetse5,device:MotionSense:10,192,0,5,25,MotionSense,0.7998046875,0.7952755580800566,5.230560302734375,5.230560302734375
resnetse5,device:MotionSense:10,192,0,5,26,MotionSense,0.8056640625,0.7987649343051166,5.230560302734375,5.230560302734375
resnetse5,device:MotionSense:10,192,0,5,27,MotionSense,0.8046875,0.7999582299569702,5.230560302734375,5.230560302734375
resnetse5,device:MotionSense:10,192,0,5,28,MotionSense,0.8193359375,0.8179920507236824,5.230560302734375,5.230560302734375
resnetse5,device:MotionSense:10,192,0,5,29,MotionSense,0.826171875,0.8271448940887267,5.230560302734375,5.230560302734375
resnetse5,device:MotionSense:10,192,0,5,30,MotionSense,0.826171875,0.8253492936825144,5.230560302734375,5.230560302734375
resnetse5,device:MotionSense:10,192,0,5,31,MotionSense,0.8212890625,0.8217906273441274,5.230560302734375,5.230560302734375
resnetse5,device:MotionSense:10,192,0,5,32,MotionSense,0.830078125,0.8304890174654495,5.230560302734375,5.230560302734375
resnetse5,device:MotionSense:10,192,0,5,33,MotionSense,0.826171875,0.8263645060445902,5.230560302734375,5.230560302734375
resnetse5,device:MotionSense:10,192,0,5,34,MotionSense,0.830078125,0.8293571742389562,5.230560302734375,5.230560302734375
resnetse5,device:MotionSense:10,192,0,5,35,MotionSense,0.7900390625,0.7713913391001208,5.230560302734375,5.230560302734375
resnetse5,device:MotionSense:10,192,0,5,36,MotionSense,0.814453125,0.8078926062741719,5.230560302734375,5.230560302734375
resnetse5,device:MotionSense:10,192,0,5,37,MotionSense,0.7314453125,0.6783937354860542,5.230560302734375,5.230560302734375
resnetse5,device:MotionSense:10,192,0,5,38,MotionSense,0.7333984375,0.6795359103349946,5.230560302734375,5.230560302734375
resnetse5,device:MotionSense:10,192,0,5,39,MotionSense,0.7333984375,0.6790726595567027,5.230560302734375,5.230560302734375
resnetse5,device:MotionSense:10,192,0,5,40,MotionSense,0.734375,0.6801734276960719,5.230560302734375,5.230560302734375
resnetse5,device:MotionSense:10,192,0,5,41,MotionSense,0.740234375,0.688495014448555,5.230560302734375,5.230560302734375
resnetse5,device:MotionSense:10,192,0,5,42,MotionSense,0.728515625,0.6749534999122297,5.230560302734375,5.230560302734375
resnetse5,device:MotionSense:10,192,0,5,43,MotionSense,0.7333984375,0.6801682365245246,5.230560302734375,5.230560302734375
resnetse5,device:MotionSense:10,192,0,5,44,MotionSense,0.728515625,0.6747486706531941,5.230560302734375,5.230560302734375
resnetse5,device:MotionSense:10,192,0,5,45,MotionSense,0.7353515625,0.6827320489585529,5.230560302734375,5.230560302734375
resnetse5,device:MotionSense:10,192,0,5,46,MotionSense,0.7373046875,0.6835735105814731,5.230560302734375,5.230560302734375
resnetse5,device:MotionSense:10,192,0,5,47,MotionSense,0.732421875,0.6785073147137108,5.230560302734375,5.230560302734375
resnetse5,device:MotionSense:10,192,0,5,48,MotionSense,0.7333984375,0.6777495797049085,5.230560302734375,5.230560302734375
resnetse5,device:MotionSense:10,192,0,5,49,MotionSense,0.7421875,0.6887146348127285,5.230560302734375,5.230560302734375
resnetse5,device:MotionSense:10,192,0,5,50,MotionSense,0.7373046875,0.6844168584768536,5.230560302734375,5.230560302734375
resnetse5,device:MotionSense:10,192,0,5,51,MotionSense,0.740234375,0.6861339032022514,5.230560302734375,5.230560302734375
resnetse5,device:MotionSense:10,192,0,5,52,MotionSense,0.7353515625,0.6827607583758,5.230560302734375,5.230560302734375
resnetse5,device:MotionSense:10,192,0,5,53,MotionSense,0.740234375,0.687888638272328,5.230560302734375,5.230560302734375
resnetse5,device:MotionSense:10,192,0,5,54,MotionSense,0.744140625,0.6914088031427915,5.230560302734375,5.230560302734375
resnetse5,device:MotionSense:10,192,0,5,55,MotionSense,0.7529296875,0.701690680057685,5.230560302734375,5.230560302734375
resnetse5,device:MotionSense:10,192,0,5,56,MotionSense,0.744140625,0.6904407815042045,5.230560302734375,5.230560302734375
resnetse5,device:MotionSense:10,192,0,5,57,MotionSense,0.7333984375,0.6842234332180781,5.230560302734375,5.230560302734375
resnetse5,device:MotionSense:10,192,0,5,58,MotionSense,0.7451171875,0.6931560853331159,5.230560302734375,5.230560302734375
resnetse5,device:MotionSense:10,192,0,5,59,MotionSense,0.7236328125,0.6694140976994544,5.230560302734375,5.230560302734375
resnetse5,device:MotionSense:10,192,0,5,60,MotionSense,0.7470703125,0.6972928988514244,5.230560302734375,5.230560302734375
resnetse5,device:MotionSense:10,192,0,5,61,MotionSense,0.740234375,0.6898475515588233,5.230560302734375,5.230560302734375
resnetse5,device:MotionSense:10,192,0,5,62,MotionSense,0.7421875,0.6901006951037999,5.230560302734375,5.230560302734375
resnetse5,device:MotionSense:10,192,0,5,63,MotionSense,0.73828125,0.6901201890640701,5.230560302734375,5.230560302734375
resnetse5,device:MotionSense:10,192,0,5,64,MotionSense,0.736328125,0.6857300265400154,5.230560302734375,5.230560302734375
resnetse5,device:MotionSense:10,192,0,5,65,MotionSense,0.736328125,0.6868908207228923,5.230560302734375,5.230560302734375
resnetse5,device:MotionSense:10,192,0,5,66,MotionSense,0.7548828125,0.705350646550802,5.230560302734375,5.230560302734375
resnetse5,device:MotionSense:10,192,0,5,67,MotionSense,0.724609375,0.6726970586842755,5.230560302734375,5.230560302734375
resnetse5,device:MotionSense:10,192,0,5,68,MotionSense,0.7412109375,0.69155515201474,5.230560302734375,5.230560302734375
resnetse5,device:MotionSense:10,192,0,5,69,MotionSense,0.73828125,0.688721615790076,5.230560302734375,5.230560302734375
resnetse5,device:MotionSense:10,192,0,5,70,MotionSense,0.7265625,0.676936193493579,5.230560302734375,5.230560302734375
resnetse5,device:MotionSense:10,192,0,5,71,MotionSense,0.7392578125,0.6894790701483973,5.230560302734375,5.230560302734375
resnetse5,device:MotionSense:10,192,0,5,72,MotionSense,0.7373046875,0.6870470655203859,5.230560302734375,5.230560302734375
resnetse5,device:MotionSense:10,192,0,5,73,MotionSense,0.74609375,0.6972570469124291,5.230560302734375,5.230560302734375
resnetse5,device:MotionSense:10,192,0,5,74,MotionSense,0.734375,0.6868543608333568,5.230560302734375,5.230560302734375
resnetse5,device:MotionSense:10,192,0,5,75,MotionSense,0.7470703125,0.7003424713658148,5.230560302734375,5.230560302734375
resnetse5,device:MotionSense:10,192,0,5,76,MotionSense,0.7568359375,0.7236789355095447,5.230560302734375,5.230560302734375
resnetse5,device:MotionSense:10,192,0,5,77,MotionSense,0.7353515625,0.6848317511141403,5.230560302734375,5.230560302734375
resnetse5,device:MotionSense:10,192,0,5,78,MotionSense,0.7509765625,0.7038697436779668,5.230560302734375,5.230560302734375
resnetse5,device:MotionSense:10,192,0,5,79,MotionSense,0.748046875,0.6996443626548401,5.230560302734375,5.230560302734375
resnetse5,device:MotionSense:10,192,0,5,80,MotionSense,0.740234375,0.689596790319698,5.230560302734375,5.230560302734375
resnetse5,device:MotionSense:10,192,0,5,81,MotionSense,0.7412109375,0.696609450479268,5.230560302734375,5.230560302734375
resnetse5,device:MotionSense:10,192,0,5,82,MotionSense,0.7373046875,0.6881878874005397,5.230560302734375,5.230560302734375
resnetse5,device:MotionSense:10,192,0,5,83,MotionSense,0.7529296875,0.7099408489530119,5.230560302734375,5.230560302734375
resnetse5,device:MotionSense:10,192,0,5,84,MotionSense,0.7470703125,0.7033213052597617,5.230560302734375,5.230560302734375
resnetse5,device:MotionSense:10,192,0,5,85,MotionSense,0.7509765625,0.7078215254855481,5.230560302734375,5.230560302734375
resnetse5,device:MotionSense:10,192,0,5,86,MotionSense,0.7431640625,0.6955096006763148,5.230560302734375,5.230560302734375
resnetse5,device:MotionSense:10,192,0,5,87,MotionSense,0.7392578125,0.6898067275163261,5.230560302734375,5.230560302734375
resnetse5,device:MotionSense:10,192,0,5,88,MotionSense,0.7529296875,0.7106573625673542,5.230560302734375,5.230560302734375
resnetse5,device:MotionSense:10,192,0,5,89,MotionSense,0.740234375,0.6907298283099701,5.230560302734375,5.230560302734375
resnetse5,device:MotionSense:10,192,0,5,90,MotionSense,0.73828125,0.6889387061618195,5.230560302734375,5.230560302734375
resnetse5,device:MotionSense:10,192,0,5,91,MotionSense,0.7392578125,0.6890192146933893,5.230560302734375,5.230560302734375
resnetse5,device:MotionSense:10,192,0,5,92,MotionSense,0.73046875,0.6802786822696607,5.230560302734375,5.230560302734375
resnetse5,device:MotionSense:10,192,0,5,93,MotionSense,0.7373046875,0.6868408292538392,5.230560302734375,5.230560302734375
resnetse5,device:MotionSense:10,192,0,5,94,MotionSense,0.7490234375,0.7116949660832744,5.230560302734375,5.230560302734375
resnetse5,device:MotionSense:10,192,0,5,95,MotionSense,0.75390625,0.7134136093832568,5.230560302734375,5.230560302734375
resnetse5,device:MotionSense:10,192,0,5,96,MotionSense,0.7275390625,0.6771030376268744,5.230560302734375,5.230560302734375
resnetse5,device:MotionSense:10,192,0,5,97,MotionSense,0.740234375,0.691658171563251,5.230560302734375,5.230560302734375
resnetse5,device:MotionSense:10,192,0,5,98,MotionSense,0.7421875,0.6933796100564438,5.230560302734375,5.230560302734375
resnetse5,device:MotionSense:10,192,0,5,99,MotionSense,0.732421875,0.6807904887628816,5.230560302734375,5.230560302734375
resnetse5,device:MotionSense:10,192,0,5,100,MotionSense,0.7451171875,0.6961987466934515,5.230560302734375,5.230560302734375
resnetse5,device:MotionSense:10,192,1,5,1,MotionSense,0.345703125,0.1806422083577738,5.230560302734375,5.230560302734375
resnetse5,device:MotionSense:10,192,1,5,2,MotionSense,0.4013671875,0.2662286269980251,5.230560302734375,5.230560302734375
resnetse5,device:MotionSense:10,192,1,5,3,MotionSense,0.66015625,0.5908411566898185,5.230560302734375,5.230560302734375
resnetse5,device:MotionSense:10,192,1,5,4,MotionSense,0.7138671875,0.6556380689933886,5.230560302734375,5.230560302734375
resnetse5,device:MotionSense:10,192,1,5,5,MotionSense,0.7529296875,0.6988340918580925,5.230560302734375,5.230560302734375
resnetse5,device:MotionSense:10,192,1,5,6,MotionSense,0.76953125,0.7171479479735989,5.230560302734375,5.230560302734375
resnetse5,device:MotionSense:10,192,1,5,7,MotionSense,0.7763671875,0.7246886514822911,5.230560302734375,5.230560302734375
resnetse5,device:MotionSense:10,192,1,5,8,MotionSense,0.7822265625,0.7308116974485928,5.230560302734375,5.230560302734375
resnetse5,device:MotionSense:10,192,1,5,9,MotionSense,0.7822265625,0.7308116974485928,5.230560302734375,5.230560302734375
resnetse5,device:MotionSense:10,192,1,5,10,MotionSense,0.783203125,0.731851882902903,5.230560302734375,5.230560302734375
resnetse5,device:MotionSense:10,192,1,5,11,MotionSense,0.7841796875,0.7328330922111531,5.230560302734375,5.230560302734375
resnetse5,device:MotionSense:10,192,1,5,12,MotionSense,0.7822265625,0.7308383770645217,5.230560302734375,5.230560302734375
resnetse5,device:MotionSense:10,192,1,5,13,MotionSense,0.794921875,0.758052255817461,5.230560302734375,5.230560302734375
resnetse5,device:MotionSense:10,192,1,5,14,MotionSense,0.8427734375,0.8396787403416894,5.230560302734375,5.230560302734375
resnetse5,device:MotionSense:10,192,1,5,15,MotionSense,0.787109375,0.7359675442563871,5.230560302734375,5.230560302734375
resnetse5,device:MotionSense:10,192,1,5,16,MotionSense,0.830078125,0.8176798129139886,5.230560302734375,5.230560302734375
resnetse5,device:MotionSense:10,192,1,5,17,MotionSense,0.833984375,0.8234972686371754,5.230560302734375,5.230560302734375
resnetse5,device:MotionSense:10,192,1,5,18,MotionSense,0.8486328125,0.8504319774228412,5.230560302734375,5.230560302734375
resnetse5,device:MotionSense:10,192,1,5,19,MotionSense,0.828125,0.8169928501865237,5.230560302734375,5.230560302734375
resnetse5,device:MotionSense:10,192,1,5,20,MotionSense,0.7919921875,0.7557527610392455,5.230560302734375,5.230560302734375
resnetse5,device:MotionSense:10,192,1,5,21,MotionSense,0.8037109375,0.774801787733901,5.230560302734375,5.230560302734375
resnetse5,device:MotionSense:10,192,1,5,22,MotionSense,0.80078125,0.7738015753677626,5.230560302734375,5.230560302734375
resnetse5,device:MotionSense:10,192,1,5,23,MotionSense,0.798828125,0.7704756022411804,5.230560302734375,5.230560302734375
resnetse5,device:MotionSense:10,192,1,5,24,MotionSense,0.8037109375,0.7834561199219401,5.230560302734375,5.230560302734375
resnetse5,device:MotionSense:10,192,1,5,25,MotionSense,0.8154296875,0.7988404410785789,5.230560302734375,5.230560302734375
resnetse5,device:MotionSense:10,192,1,5,26,MotionSense,0.8095703125,0.792402563762054,5.230560302734375,5.230560302734375
resnetse5,device:MotionSense:10,192,1,5,27,MotionSense,0.810546875,0.7903866617182226,5.230560302734375,5.230560302734375
resnetse5,device:MotionSense:10,192,1,5,28,MotionSense,0.8212890625,0.8084197265003735,5.230560302734375,5.230560302734375
resnetse5,device:MotionSense:10,192,1,5,29,MotionSense,0.82421875,0.8131629931344654,5.230560302734375,5.230560302734375
resnetse5,device:MotionSense:10,192,1,5,30,MotionSense,0.8330078125,0.823990333259596,5.230560302734375,5.230560302734375
resnetse5,device:MotionSense:10,192,1,5,31,MotionSense,0.83203125,0.8245150028458905,5.230560302734375,5.230560302734375
resnetse5,device:MotionSense:10,192,1,5,32,MotionSense,0.8359375,0.8313412054515368,5.230560302734375,5.230560302734375
resnetse5,device:MotionSense:10,192,1,5,33,MotionSense,0.8388671875,0.8347576446409817,5.230560302734375,5.230560302734375
resnetse5,device:MotionSense:10,192,1,5,34,MotionSense,0.8369140625,0.836077708410544,5.230560302734375,5.230560302734375
resnetse5,device:MotionSense:10,192,1,5,35,MotionSense,0.845703125,0.8460353255947789,5.230560302734375,5.230560302734375
resnetse5,device:MotionSense:10,192,1,5,36,MotionSense,0.8525390625,0.8535846176541785,5.230560302734375,5.230560302734375
resnetse5,device:MotionSense:10,192,1,5,37,MotionSense,0.8583984375,0.8590085066106665,5.230560302734375,5.230560302734375
resnetse5,device:MotionSense:10,192,1,5,38,MotionSense,0.859375,0.8594088574751214,5.230560302734375,5.230560302734375
resnetse5,device:MotionSense:10,192,1,5,39,MotionSense,0.859375,0.8598804205730431,5.230560302734375,5.230560302734375
resnetse5,device:MotionSense:10,192,1,5,40,MotionSense,0.8681640625,0.8681387672895841,5.230560302734375,5.230560302734375
resnetse5,device:MotionSense:10,192,1,5,41,MotionSense,0.8720703125,0.8718795597117227,5.230560302734375,5.230560302734375
resnetse5,device:MotionSense:10,192,1,5,42,MotionSense,0.8740234375,0.8728247966473778,5.230560302734375,5.230560302734375
resnetse5,device:MotionSense:10,192,1,5,43,MotionSense,0.849609375,0.8420989136350966,5.230560302734375,5.230560302734375
resnetse5,device:MotionSense:10,192,1,5,44,MotionSense,0.8583984375,0.8527240798240111,5.230560302734375,5.230560302734375
resnetse5,device:MotionSense:10,192,1,5,45,MotionSense,0.7783203125,0.7265251840020551,5.230560302734375,5.230560302734375
resnetse5,device:MotionSense:10,192,1,5,46,MotionSense,0.78125,0.7295476173774967,5.230560302734375,5.230560302734375
resnetse5,device:MotionSense:10,192,1,5,47,MotionSense,0.7802734375,0.7283557357532412,5.230560302734375,5.230560302734375
resnetse5,device:MotionSense:10,192,1,5,48,MotionSense,0.7783203125,0.7263739372228063,5.230560302734375,5.230560302734375
resnetse5,device:MotionSense:10,192,1,5,49,MotionSense,0.77734375,0.7248856381151857,5.230560302734375,5.230560302734375
resnetse5,device:MotionSense:10,192,1,5,50,MotionSense,0.7763671875,0.7246146771085571,5.230560302734375,5.230560302734375
resnetse5,device:MotionSense:10,192,1,5,51,MotionSense,0.77734375,0.7252905782180807,5.230560302734375,5.230560302734375
resnetse5,device:MotionSense:10,192,1,5,52,MotionSense,0.7783203125,0.7267272604487934,5.230560302734375,5.230560302734375
resnetse5,device:MotionSense:10,192,1,5,53,MotionSense,0.7763671875,0.7247330739864902,5.230560302734375,5.230560302734375
resnetse5,device:MotionSense:10,192,1,5,54,MotionSense,0.77734375,0.7256666910652418,5.230560302734375,5.230560302734375
resnetse5,device:MotionSense:10,192,1,5,55,MotionSense,0.77734375,0.7256111468400138,5.230560302734375,5.230560302734375
resnetse5,device:MotionSense:10,192,1,5,56,MotionSense,0.77734375,0.7262173137775152,5.230560302734375,5.230560302734375
resnetse5,device:MotionSense:10,192,1,5,57,MotionSense,0.7763671875,0.7250356022822414,5.230560302734375,5.230560302734375
resnetse5,device:MotionSense:10,192,1,5,58,MotionSense,0.7763671875,0.7250343022152649,5.230560302734375,5.230560302734375
resnetse5,device:MotionSense:10,192,1,5,59,MotionSense,0.775390625,0.7243237877169534,5.230560302734375,5.230560302734375
resnetse5,device:MotionSense:10,192,1,5,60,MotionSense,0.77734375,0.72727588434834,5.230560302734375,5.230560302734375
resnetse5,device:MotionSense:10,192,1,5,61,MotionSense,0.775390625,0.7254078127193027,5.230560302734375,5.230560302734375
resnetse5,device:MotionSense:10,192,1,5,62,MotionSense,0.775390625,0.7242761491205724,5.230560302734375,5.230560302734375
resnetse5,device:MotionSense:10,192,1,5,63,MotionSense,0.7724609375,0.7227790956241275,5.230560302734375,5.230560302734375
resnetse5,device:MotionSense:10,192,1,5,64,MotionSense,0.77734375,0.7272847656902056,5.230560302734375,5.230560302734375
resnetse5,device:MotionSense:10,192,1,5,65,MotionSense,0.7763671875,0.7265725617413161,5.230560302734375,5.230560302734375
resnetse5,device:MotionSense:10,192,1,5,66,MotionSense,0.775390625,0.7254057317606443,5.230560302734375,5.230560302734375
resnetse5,device:MotionSense:10,192,1,5,67,MotionSense,0.7724609375,0.7237605688176737,5.230560302734375,5.230560302734375
resnetse5,device:MotionSense:10,192,1,5,68,MotionSense,0.7734375,0.7242317459510227,5.230560302734375,5.230560302734375
resnetse5,device:MotionSense:10,192,1,5,69,MotionSense,0.7734375,0.7245785206699394,5.230560302734375,5.230560302734375
resnetse5,device:MotionSense:10,192,1,5,70,MotionSense,0.7724609375,0.7224811257761007,5.230560302734375,5.230560302734375
resnetse5,device:MotionSense:10,192,1,5,71,MotionSense,0.7783203125,0.7354146587882354,5.230560302734375,5.230560302734375
resnetse5,device:MotionSense:10,192,1,5,72,MotionSense,0.7705078125,0.7223544841534508,5.230560302734375,5.230560302734375
resnetse5,device:MotionSense:10,192,1,5,73,MotionSense,0.771484375,0.7245289674949403,5.230560302734375,5.230560302734375
resnetse5,device:MotionSense:10,192,1,5,74,MotionSense,0.7744140625,0.7264968295609279,5.230560302734375,5.230560302734375
resnetse5,device:MotionSense:10,192,1,5,75,MotionSense,0.7744140625,0.7264935972491164,5.230560302734375,5.230560302734375
resnetse5,device:MotionSense:10,192,1,5,76,MotionSense,0.775390625,0.7284967049383657,5.230560302734375,5.230560302734375
resnetse5,device:MotionSense:10,192,1,5,77,MotionSense,0.771484375,0.7235400175890039,5.230560302734375,5.230560302734375
resnetse5,device:MotionSense:10,192,1,5,78,MotionSense,0.77734375,0.7314912253069621,5.230560302734375,5.230560302734375
resnetse5,device:MotionSense:10,192,1,5,79,MotionSense,0.8134765625,0.7932101409175932,5.230560302734375,5.230560302734375
resnetse5,device:MotionSense:10,192,1,5,80,MotionSense,0.77734375,0.7315709285784707,5.230560302734375,5.230560302734375
resnetse5,device:MotionSense:10,192,1,5,81,MotionSense,0.77734375,0.7314147152827225,5.230560302734375,5.230560302734375
resnetse5,device:MotionSense:10,192,1,5,82,MotionSense,0.775390625,0.7296504458605532,5.230560302734375,5.230560302734375
resnetse5,device:MotionSense:10,192,1,5,83,MotionSense,0.79296875,0.7617245282243689,5.230560302734375,5.230560302734375
resnetse5,device:MotionSense:10,192,1,5,84,MotionSense,0.779296875,0.7353735908912812,5.230560302734375,5.230560302734375
resnetse5,device:MotionSense:10,192,1,5,85,MotionSense,0.7744140625,0.7339529657215794,5.230560302734375,5.230560302734375
resnetse5,device:MotionSense:10,192,1,5,86,MotionSense,0.779296875,0.735418665882968,5.230560302734375,5.230560302734375
resnetse5,device:MotionSense:10,192,1,5,87,MotionSense,0.771484375,0.7271600576254293,5.230560302734375,5.230560302734375
resnetse5,device:MotionSense:10,192,1,5,88,MotionSense,0.9248046875,0.9228135679868328,5.230560302734375,5.230560302734375
resnetse5,device:MotionSense:10,192,1,5,89,MotionSense,0.775390625,0.7314343506476931,5.230560302734375,5.230560302734375
resnetse5,device:MotionSense:10,192,1,5,90,MotionSense,0.7763671875,0.7361761939920736,5.230560302734375,5.230560302734375
resnetse5,device:MotionSense:10,192,1,5,91,MotionSense,0.7724609375,0.7283633225766649,5.230560302734375,5.230560302734375
resnetse5,device:MotionSense:10,192,1,5,92,MotionSense,0.9189453125,0.9172150592925729,5.230560302734375,5.230560302734375
resnetse5,device:MotionSense:10,192,1,5,93,MotionSense,0.7734375,0.7293603365725182,5.230560302734375,5.230560302734375
resnetse5,device:MotionSense:10,192,1,5,94,MotionSense,0.9248046875,0.9228108377710448,5.230560302734375,5.230560302734375
resnetse5,device:MotionSense:10,192,1,5,95,MotionSense,0.7724609375,0.7281391666876295,5.230560302734375,5.230560302734375
resnetse5,device:MotionSense:10,192,1,5,96,MotionSense,0.7744140625,0.7304316246449671,5.230560302734375,5.230560302734375
resnetse5,device:MotionSense:10,192,1,5,97,MotionSense,0.783203125,0.7507800368660446,5.230560302734375,5.230560302734375
resnetse5,device:MotionSense:10,192,1,5,98,MotionSense,0.779296875,0.7430367525263349,5.230560302734375,5.230560302734375
resnetse5,device:MotionSense:10,192,1,5,99,MotionSense,0.7724609375,0.7246904667898216,5.230560302734375,5.230560302734375
resnetse5,device:MotionSense:10,192,1,5,100,MotionSense,0.7841796875,0.7481144487127048,5.230560302734375,5.230560302734375
resnetse5,device:MotionSense:10,192,2,5,1,MotionSense,0.34765625,0.187961228607828,5.230560302734375,5.230560302734375
resnetse5,device:MotionSense:10,192,2,5,2,MotionSense,0.4033203125,0.2859753213788248,5.230560302734375,5.230560302734375
resnetse5,device:MotionSense:10,192,2,5,3,MotionSense,0.515625,0.4079721585408231,5.230560302734375,5.230560302734375
resnetse5,device:MotionSense:10,192,2,5,4,MotionSense,0.572265625,0.4595670528592512,5.230560302734375,5.230560302734375
resnetse5,device:MotionSense:10,192,2,5,5,MotionSense,0.6123046875,0.4986159055171675,5.230560302734375,5.230560302734375
resnetse5,device:MotionSense:10,192,2,5,6,MotionSense,0.630859375,0.517656469466818,5.230560302734375,5.230560302734375
resnetse5,device:MotionSense:10,192,2,5,7,MotionSense,0.666015625,0.5831444749445341,5.230560302734375,5.230560302734375
resnetse5,device:MotionSense:10,192,2,5,8,MotionSense,0.703125,0.6426470160027081,5.230560302734375,5.230560302734375
resnetse5,device:MotionSense:10,192,2,5,9,MotionSense,0.740234375,0.705856215868551,5.230560302734375,5.230560302734375
resnetse5,device:MotionSense:10,192,2,5,10,MotionSense,0.767578125,0.733115408642163,5.230560302734375,5.230560302734375
resnetse5,device:MotionSense:10,192,2,5,11,MotionSense,0.7802734375,0.7317312209674748,5.230560302734375,5.230560302734375
resnetse5,device:MotionSense:10,192,2,5,12,MotionSense,0.8056640625,0.7772442999852641,5.230560302734375,5.230560302734375
resnetse5,device:MotionSense:10,192,2,5,13,MotionSense,0.8037109375,0.7742058030661028,5.230560302734375,5.230560302734375
resnetse5,device:MotionSense:10,192,2,5,14,MotionSense,0.794921875,0.7511550285469929,5.230560302734375,5.230560302734375
resnetse5,device:MotionSense:10,192,2,5,15,MotionSense,0.845703125,0.8433641955354599,5.230560302734375,5.230560302734375
resnetse5,device:MotionSense:10,192,2,5,16,MotionSense,0.7900390625,0.7474340688764305,5.230560302734375,5.230560302734375
resnetse5,device:MotionSense:10,192,2,5,17,MotionSense,0.7939453125,0.7537857152895876,5.230560302734375,5.230560302734375
resnetse5,device:MotionSense:10,192,2,5,18,MotionSense,0.794921875,0.7551826010974393,5.230560302734375,5.230560302734375
resnetse5,device:MotionSense:10,192,2,5,19,MotionSense,0.79296875,0.7532768048029338,5.230560302734375,5.230560302734375
resnetse5,device:MotionSense:10,192,2,5,20,MotionSense,0.80078125,0.7732110949983987,5.230560302734375,5.230560302734375
resnetse5,device:MotionSense:10,192,2,5,21,MotionSense,0.794921875,0.7585857777741739,5.230560302734375,5.230560302734375
resnetse5,device:MotionSense:10,192,2,5,22,MotionSense,0.802734375,0.7771889629322982,5.230560302734375,5.230560302734375
resnetse5,device:MotionSense:10,192,2,5,23,MotionSense,0.7900390625,0.7601971328909857,5.230560302734375,5.230560302734375
resnetse5,device:MotionSense:10,192,2,5,24,MotionSense,0.802734375,0.7808554414435712,5.230560302734375,5.230560302734375
resnetse5,device:MotionSense:10,192,2,5,25,MotionSense,0.802734375,0.7820311988041587,5.230560302734375,5.230560302734375
resnetse5,device:MotionSense:10,192,2,5,26,MotionSense,0.8076171875,0.7890086771395916,5.230560302734375,5.230560302734375
resnetse5,device:MotionSense:10,192,2,5,27,MotionSense,0.81640625,0.8037201725478466,5.230560302734375,5.230560302734375
resnetse5,device:MotionSense:10,192,2,5,28,MotionSense,0.8271484375,0.8198446175042275,5.230560302734375,5.230560302734375
resnetse5,device:MotionSense:10,192,2,5,29,MotionSense,0.8359375,0.8315442589472132,5.230560302734375,5.230560302734375
resnetse5,device:MotionSense:10,192,2,5,30,MotionSense,0.833984375,0.8306680738141133,5.230560302734375,5.230560302734375
resnetse5,device:MotionSense:10,192,2,5,31,MotionSense,0.8369140625,0.8369053664704564,5.230560302734375,5.230560302734375
resnetse5,device:MotionSense:10,192,2,5,32,MotionSense,0.8408203125,0.8435866216980311,5.230560302734375,5.230560302734375
resnetse5,device:MotionSense:10,192,2,5,33,MotionSense,0.8447265625,0.8475376983881223,5.230560302734375,5.230560302734375
resnetse5,device:MotionSense:10,192,2,5,34,MotionSense,0.859375,0.8615373371809155,5.230560302734375,5.230560302734375
resnetse5,device:MotionSense:10,192,2,5,35,MotionSense,0.853515625,0.8534469094547839,5.230560302734375,5.230560302734375
resnetse5,device:MotionSense:10,192,2,5,36,MotionSense,0.8486328125,0.8460901435753375,5.230560302734375,5.230560302734375
resnetse5,device:MotionSense:10,192,2,5,37,MotionSense,0.8564453125,0.8562254350064218,5.230560302734375,5.230560302734375
resnetse5,device:MotionSense:10,192,2,5,38,MotionSense,0.83984375,0.8336585004895393,5.230560302734375,5.230560302734375
resnetse5,device:MotionSense:10,192,2,5,39,MotionSense,0.77734375,0.7282040881954378,5.230560302734375,5.230560302734375
resnetse5,device:MotionSense:10,192,2,5,40,MotionSense,0.771484375,0.7224278209413332,5.230560302734375,5.230560302734375
resnetse5,device:MotionSense:10,192,2,5,41,MotionSense,0.77734375,0.7282977372622154,5.230560302734375,5.230560302734375
resnetse5,device:MotionSense:10,192,2,5,42,MotionSense,0.77734375,0.7281610917882059,5.230560302734375,5.230560302734375
resnetse5,device:MotionSense:10,192,2,5,43,MotionSense,0.7744140625,0.7258362897079795,5.230560302734375,5.230560302734375
resnetse5,device:MotionSense:10,192,2,5,44,MotionSense,0.775390625,0.7266270417518254,5.230560302734375,5.230560302734375
resnetse5,device:MotionSense:10,192,2,5,45,MotionSense,0.7744140625,0.7253205703245663,5.230560302734375,5.230560302734375
resnetse5,device:MotionSense:10,192,2,5,46,MotionSense,0.7802734375,0.7311561739491244,5.230560302734375,5.230560302734375
resnetse5,device:MotionSense:10,192,2,5,47,MotionSense,0.7685546875,0.7198775546959185,5.230560302734375,5.230560302734375
resnetse5,device:MotionSense:10,192,2,5,48,MotionSense,0.77734375,0.7283051263681698,5.230560302734375,5.230560302734375
resnetse5,device:MotionSense:10,192,2,5,49,MotionSense,0.77734375,0.728236429372167,5.230560302734375,5.230560302734375
resnetse5,device:MotionSense:10,192,2,5,50,MotionSense,0.7724609375,0.7235952216522045,5.230560302734375,5.230560302734375
resnetse5,device:MotionSense:10,192,2,5,51,MotionSense,0.7802734375,0.7311804933004139,5.230560302734375,5.230560302734375
resnetse5,device:MotionSense:10,192,2,5,52,MotionSense,0.771484375,0.7234159406669077,5.230560302734375,5.230560302734375
resnetse5,device:MotionSense:10,192,2,5,53,MotionSense,0.921875,0.9230962205916136,5.230560302734375,5.230560302734375
resnetse5,device:MotionSense:10,192,2,5,54,MotionSense,0.7783203125,0.7298144230214434,5.230560302734375,5.230560302734375
resnetse5,device:MotionSense:10,192,2,5,55,MotionSense,0.775390625,0.7272769272033694,5.230560302734375,5.230560302734375
resnetse5,device:MotionSense:10,192,2,5,56,MotionSense,0.7763671875,0.7277566811117745,5.230560302734375,5.230560302734375
resnetse5,device:MotionSense:10,192,2,5,57,MotionSense,0.7734375,0.725125161990262,5.230560302734375,5.230560302734375
resnetse5,device:MotionSense:10,192,2,5,58,MotionSense,0.7802734375,0.7318028567536587,5.230560302734375,5.230560302734375
resnetse5,device:MotionSense:10,192,2,5,59,MotionSense,0.7744140625,0.725518574163773,5.230560302734375,5.230560302734375
resnetse5,device:MotionSense:10,192,2,5,60,MotionSense,0.7744140625,0.7261898920232491,5.230560302734375,5.230560302734375
resnetse5,device:MotionSense:10,192,2,5,61,MotionSense,0.77734375,0.7290034988759965,5.230560302734375,5.230560302734375
resnetse5,device:MotionSense:10,192,2,5,62,MotionSense,0.775390625,0.7267029601363614,5.230560302734375,5.230560302734375
resnetse5,device:MotionSense:10,192,2,5,63,MotionSense,0.7744140625,0.7259279402143713,5.230560302734375,5.230560302734375
resnetse5,device:MotionSense:10,192,2,5,64,MotionSense,0.771484375,0.722599682123481,5.230560302734375,5.230560302734375
resnetse5,device:MotionSense:10,192,2,5,65,MotionSense,0.78125,0.7330207644177081,5.230560302734375,5.230560302734375
resnetse5,device:MotionSense:10,192,2,5,66,MotionSense,0.7783203125,0.7297931470890521,5.230560302734375,5.230560302734375
resnetse5,device:MotionSense:10,192,2,5,67,MotionSense,0.77734375,0.7284949668983899,5.230560302734375,5.230560302734375
resnetse5,device:MotionSense:10,192,2,5,68,MotionSense,0.767578125,0.7206512355928533,5.230560302734375,5.230560302734375
resnetse5,device:MotionSense:10,192,2,5,69,MotionSense,0.7802734375,0.7330808233559746,5.230560302734375,5.230560302734375
resnetse5,device:MotionSense:10,192,2,5,70,MotionSense,0.78125,0.7337275076552822,5.230560302734375,5.230560302734375
resnetse5,device:MotionSense:10,192,2,5,71,MotionSense,0.7802734375,0.731861660325023,5.230560302734375,5.230560302734375
resnetse5,device:MotionSense:10,192,2,5,72,MotionSense,0.775390625,0.7268769320635506,5.230560302734375,5.230560302734375
resnetse5,device:MotionSense:10,192,2,5,73,MotionSense,0.7783203125,0.7300837746227389,5.230560302734375,5.230560302734375
resnetse5,device:MotionSense:10,192,2,5,74,MotionSense,0.775390625,0.7265457277260379,5.230560302734375,5.230560302734375
resnetse5,device:MotionSense:10,192,2,5,75,MotionSense,0.783203125,0.7393154940988641,5.230560302734375,5.230560302734375
resnetse5,device:MotionSense:10,192,2,5,76,MotionSense,0.77734375,0.7333966697849067,5.230560302734375,5.230560302734375
resnetse5,device:MotionSense:10,192,2,5,77,MotionSense,0.7900390625,0.7526949825747762,5.230560302734375,5.230560302734375
resnetse5,device:MotionSense:10,192,2,5,78,MotionSense,0.78125,0.7349921800560716,5.230560302734375,5.230560302734375
resnetse5,device:MotionSense:10,192,2,5,79,MotionSense,0.7822265625,0.7370489393854438,5.230560302734375,5.230560302734375
resnetse5,device:MotionSense:10,192,2,5,80,MotionSense,0.79296875,0.76027366283728,5.230560302734375,5.230560302734375
resnetse5,device:MotionSense:10,192,2,5,81,MotionSense,0.78515625,0.7464380296457443,5.230560302734375,5.230560302734375
resnetse5,device:MotionSense:10,192,2,5,82,MotionSense,0.8779296875,0.8778092087988876,5.230560302734375,5.230560302734375
resnetse5,device:MotionSense:10,192,2,5,83,MotionSense,0.78125,0.7381343325962216,5.230560302734375,5.230560302734375
resnetse5,device:MotionSense:10,192,2,5,84,MotionSense,0.78515625,0.7496561635459553,5.230560302734375,5.230560302734375
resnetse5,device:MotionSense:10,192,2,5,85,MotionSense,0.93359375,0.934236399299886,5.230560302734375,5.230560302734375
resnetse5,device:MotionSense:10,192,2,5,86,MotionSense,0.8046875,0.7802580430205487,5.230560302734375,5.230560302734375
resnetse5,device:MotionSense:10,192,2,5,87,MotionSense,0.783203125,0.7393224294669603,5.230560302734375,5.230560302734375
resnetse5,device:MotionSense:10,192,2,5,88,MotionSense,0.77734375,0.7307721611753212,5.230560302734375,5.230560302734375
resnetse5,device:MotionSense:10,192,2,5,89,MotionSense,0.7900390625,0.7526607995472147,5.230560302734375,5.230560302734375
resnetse5,device:MotionSense:10,192,2,5,90,MotionSense,0.8115234375,0.7964219897582536,5.230560302734375,5.230560302734375
resnetse5,device:MotionSense:10,192,2,5,91,MotionSense,0.7958984375,0.7656003690984373,5.230560302734375,5.230560302734375
resnetse5,device:MotionSense:10,192,2,5,92,MotionSense,0.9287109375,0.92958065489206,5.230560302734375,5.230560302734375
resnetse5,device:MotionSense:10,192,2,5,93,MotionSense,0.798828125,0.7698809694547792,5.230560302734375,5.230560302734375
resnetse5,device:MotionSense:10,192,2,5,94,MotionSense,0.7822265625,0.7409910173138284,5.230560302734375,5.230560302734375
resnetse5,device:MotionSense:10,192,2,5,95,MotionSense,0.787109375,0.7477644479263647,5.230560302734375,5.230560302734375
resnetse5,device:MotionSense:10,192,2,5,96,MotionSense,0.9287109375,0.9295212397178932,5.230560302734375,5.230560302734375
resnetse5,device:MotionSense:10,192,2,5,97,MotionSense,0.794921875,0.7625528352488992,5.230560302734375,5.230560302734375
resnetse5,device:MotionSense:10,192,2,5,98,MotionSense,0.8115234375,0.7928935707967377,5.230560302734375,5.230560302734375
resnetse5,device:MotionSense:10,192,2,5,99,MotionSense,0.8212890625,0.8071971833840235,5.230560302734375,5.230560302734375
resnetse5,device:MotionSense:10,192,2,5,100,MotionSense,0.78125,0.738088642635744,5.230560302734375,5.230560302734375
resnetse5,device:MotionSense:10,192,3,5,1,MotionSense,0.1826171875,0.0825811093668236,5.230560302734375,5.230560302734375
resnetse5,device:MotionSense:10,192,3,5,2,MotionSense,0.455078125,0.2990876689446208,5.230560302734375,5.230560302734375
resnetse5,device:MotionSense:10,192,3,5,3,MotionSense,0.5537109375,0.4592316564845105,5.230560302734375,5.230560302734375
resnetse5,device:MotionSense:10,192,3,5,4,MotionSense,0.580078125,0.5027107942699823,5.230560302734375,5.230560302734375
resnetse5,device:MotionSense:10,192,3,5,5,MotionSense,0.6357421875,0.571516391531542,5.230560302734375,5.230560302734375
resnetse5,device:MotionSense:10,192,3,5,6,MotionSense,0.71484375,0.6651971394618453,5.230560302734375,5.230560302734375
resnetse5,device:MotionSense:10,192,3,5,7,MotionSense,0.7587890625,0.7121011620292327,5.230560302734375,5.230560302734375
resnetse5,device:MotionSense:10,192,3,5,8,MotionSense,0.77734375,0.734865224173499,5.230560302734375,5.230560302734375
resnetse5,device:MotionSense:10,192,3,5,9,MotionSense,0.783203125,0.7401839706884625,5.230560302734375,5.230560302734375
resnetse5,device:MotionSense:10,192,3,5,10,MotionSense,0.7802734375,0.7373395901532552,5.230560302734375,5.230560302734375
resnetse5,device:MotionSense:10,192,3,5,11,MotionSense,0.783203125,0.7413934186231441,5.230560302734375,5.230560302734375
resnetse5,device:MotionSense:10,192,3,5,12,MotionSense,0.7841796875,0.7408133789779568,5.230560302734375,5.230560302734375
resnetse5,device:MotionSense:10,192,3,5,13,MotionSense,0.78125,0.7376171599551871,5.230560302734375,5.230560302734375
resnetse5,device:MotionSense:10,192,3,5,14,MotionSense,0.80859375,0.7910960305440323,5.230560302734375,5.230560302734375
resnetse5,device:MotionSense:10,192,3,5,15,MotionSense,0.78125,0.740771352702429,5.230560302734375,5.230560302734375
resnetse5,device:MotionSense:10,192,3,5,16,MotionSense,0.78515625,0.7481978194316627,5.230560302734375,5.230560302734375
resnetse5,device:MotionSense:10,192,3,5,17,MotionSense,0.78515625,0.7483338209737435,5.230560302734375,5.230560302734375
resnetse5,device:MotionSense:10,192,3,5,18,MotionSense,0.7763671875,0.7392321578839841,5.230560302734375,5.230560302734375
resnetse5,device:MotionSense:10,192,3,5,19,MotionSense,0.775390625,0.7373248772433453,5.230560302734375,5.230560302734375
resnetse5,device:MotionSense:10,192,3,5,20,MotionSense,0.771484375,0.7356034861637611,5.230560302734375,5.230560302734375
resnetse5,device:MotionSense:10,192,3,5,21,MotionSense,0.7744140625,0.7393441500591775,5.230560302734375,5.230560302734375
resnetse5,device:MotionSense:10,192,3,5,22,MotionSense,0.7822265625,0.7564473564910941,5.230560302734375,5.230560302734375
resnetse5,device:MotionSense:10,192,3,5,23,MotionSense,0.7763671875,0.7521386899612246,5.230560302734375,5.230560302734375
resnetse5,device:MotionSense:10,192,3,5,24,MotionSense,0.791015625,0.7748329229390575,5.230560302734375,5.230560302734375
resnetse5,device:MotionSense:10,192,3,5,25,MotionSense,0.818359375,0.8111839523087099,5.230560302734375,5.230560302734375
resnetse5,device:MotionSense:10,192,3,5,26,MotionSense,0.8134765625,0.8076601951512662,5.230560302734375,5.230560302734375
resnetse5,device:MotionSense:10,192,3,5,27,MotionSense,0.822265625,0.8205716083451265,5.230560302734375,5.230560302734375
resnetse5,device:MotionSense:10,192,3,5,28,MotionSense,0.830078125,0.8307593258166722,5.230560302734375,5.230560302734375
resnetse5,device:MotionSense:10,192,3,5,29,MotionSense,0.828125,0.8297800246274992,5.230560302734375,5.230560302734375
resnetse5,device:MotionSense:10,192,3,5,30,MotionSense,0.8330078125,0.8355321976618498,5.230560302734375,5.230560302734375
resnetse5,device:MotionSense:10,192,3,5,31,MotionSense,0.8408203125,0.8409781281101155,5.230560302734375,5.230560302734375
resnetse5,device:MotionSense:10,192,3,5,32,MotionSense,0.8212890625,0.8243510861595497,5.230560302734375,5.230560302734375
resnetse5,device:MotionSense:10,192,3,5,33,MotionSense,0.830078125,0.8285056001404031,5.230560302734375,5.230560302734375
resnetse5,device:MotionSense:10,192,3,5,34,MotionSense,0.841796875,0.8437881319369333,5.230560302734375,5.230560302734375
resnetse5,device:MotionSense:10,192,3,5,35,MotionSense,0.830078125,0.8268139861791904,5.230560302734375,5.230560302734375
resnetse5,device:MotionSense:10,192,3,5,36,MotionSense,0.7978515625,0.7843450860198721,5.230560302734375,5.230560302734375
resnetse5,device:MotionSense:10,192,3,5,37,MotionSense,0.822265625,0.8178091906408861,5.230560302734375,5.230560302734375
resnetse5,device:MotionSense:10,192,3,5,38,MotionSense,0.7529296875,0.7095204294569442,5.230560302734375,5.230560302734375
resnetse5,device:MotionSense:10,192,3,5,39,MotionSense,0.798828125,0.7856353092260875,5.230560302734375,5.230560302734375
resnetse5,device:MotionSense:10,192,3,5,40,MotionSense,0.8046875,0.7930395174476502,5.230560302734375,5.230560302734375
resnetse5,device:MotionSense:10,192,3,5,41,MotionSense,0.8271484375,0.8251588729046029,5.230560302734375,5.230560302734375
resnetse5,device:MotionSense:10,192,3,5,42,MotionSense,0.744140625,0.69719069467374,5.230560302734375,5.230560302734375
resnetse5,device:MotionSense:10,192,3,5,43,MotionSense,0.7744140625,0.7549590154162074,5.230560302734375,5.230560302734375
resnetse5,device:MotionSense:10,192,3,5,44,MotionSense,0.7470703125,0.6989258575755534,5.230560302734375,5.230560302734375
resnetse5,device:MotionSense:10,192,3,5,45,MotionSense,0.8232421875,0.821506662828495,5.230560302734375,5.230560302734375
resnetse5,device:MotionSense:10,192,3,5,46,MotionSense,0.7353515625,0.68619940316653,5.230560302734375,5.230560302734375
resnetse5,device:MotionSense:10,192,3,5,47,MotionSense,0.7490234375,0.7007282639375333,5.230560302734375,5.230560302734375
resnetse5,device:MotionSense:10,192,3,5,48,MotionSense,0.7431640625,0.6947760233923658,5.230560302734375,5.230560302734375
resnetse5,device:MotionSense:10,192,3,5,49,MotionSense,0.7470703125,0.7011971270906138,5.230560302734375,5.230560302734375
resnetse5,device:MotionSense:10,192,3,5,50,MotionSense,0.73828125,0.6900845951270719,5.230560302734375,5.230560302734375
resnetse5,device:MotionSense:10,192,3,5,51,MotionSense,0.740234375,0.6914286643151143,5.230560302734375,5.230560302734375
resnetse5,device:MotionSense:10,192,3,5,52,MotionSense,0.7431640625,0.695084056829156,5.230560302734375,5.230560302734375
resnetse5,device:MotionSense:10,192,3,5,53,MotionSense,0.7490234375,0.7038686913812665,5.230560302734375,5.230560302734375
resnetse5,device:MotionSense:10,192,3,5,54,MotionSense,0.740234375,0.6957126697602964,5.230560302734375,5.230560302734375
resnetse5,device:MotionSense:10,192,3,5,55,MotionSense,0.7314453125,0.6839665446401423,5.230560302734375,5.230560302734375
resnetse5,device:MotionSense:10,192,3,5,56,MotionSense,0.7421875,0.6955281260678033,5.230560302734375,5.230560302734375
resnetse5,device:MotionSense:10,192,3,5,57,MotionSense,0.732421875,0.6873393525244235,5.230560302734375,5.230560302734375
resnetse5,device:MotionSense:10,192,3,5,58,MotionSense,0.7431640625,0.6949519517405348,5.230560302734375,5.230560302734375
resnetse5,device:MotionSense:10,192,3,5,59,MotionSense,0.7470703125,0.7005536052451028,5.230560302734375,5.230560302734375
resnetse5,device:MotionSense:10,192,3,5,60,MotionSense,0.7412109375,0.6964394075907213,5.230560302734375,5.230560302734375
resnetse5,device:MotionSense:10,192,3,5,61,MotionSense,0.751953125,0.7069509938210689,5.230560302734375,5.230560302734375
resnetse5,device:MotionSense:10,192,3,5,62,MotionSense,0.7294921875,0.683807184366828,5.230560302734375,5.230560302734375
resnetse5,device:MotionSense:10,192,3,5,63,MotionSense,0.755859375,0.7098679861218451,5.230560302734375,5.230560302734375
resnetse5,device:MotionSense:10,192,3,5,64,MotionSense,0.73828125,0.6940030963465494,5.230560302734375,5.230560302734375
resnetse5,device:MotionSense:10,192,3,5,65,MotionSense,0.75,0.7049872155308111,5.230560302734375,5.230560302734375
resnetse5,device:MotionSense:10,192,3,5,66,MotionSense,0.7529296875,0.7080497918236546,5.230560302734375,5.230560302734375
resnetse5,device:MotionSense:10,192,3,5,67,MotionSense,0.7509765625,0.70725977565745,5.230560302734375,5.230560302734375
resnetse5,device:MotionSense:10,192,3,5,68,MotionSense,0.7470703125,0.7159197586429537,5.230560302734375,5.230560302734375
resnetse5,device:MotionSense:10,192,3,5,69,MotionSense,0.796875,0.787267365380847,5.230560302734375,5.230560302734375
resnetse5,device:MotionSense:10,192,3,5,70,MotionSense,0.8486328125,0.8473362709632323,5.230560302734375,5.230560302734375
resnetse5,device:MotionSense:10,192,3,5,71,MotionSense,0.84375,0.8430522765659926,5.230560302734375,5.230560302734375
resnetse5,device:MotionSense:10,192,3,5,72,MotionSense,0.76953125,0.7472399984236402,5.230560302734375,5.230560302734375
resnetse5,device:MotionSense:10,192,3,5,73,MotionSense,0.88671875,0.8876629065000925,5.230560302734375,5.230560302734375
resnetse5,device:MotionSense:10,192,3,5,74,MotionSense,0.7587890625,0.7269184745717334,5.230560302734375,5.230560302734375
resnetse5,device:MotionSense:10,192,3,5,75,MotionSense,0.84375,0.8419427914137095,5.230560302734375,5.230560302734375
resnetse5,device:MotionSense:10,192,3,5,76,MotionSense,0.8603515625,0.860551028185624,5.230560302734375,5.230560302734375
resnetse5,device:MotionSense:10,192,3,5,77,MotionSense,0.74609375,0.7117633508071157,5.230560302734375,5.230560302734375
resnetse5,device:MotionSense:10,192,3,5,78,MotionSense,0.8349609375,0.8331889459420494,5.230560302734375,5.230560302734375
resnetse5,device:MotionSense:10,192,3,5,79,MotionSense,0.857421875,0.8572450483807925,5.230560302734375,5.230560302734375
resnetse5,device:MotionSense:10,192,3,5,80,MotionSense,0.875,0.8755761548694511,5.230560302734375,5.230560302734375
resnetse5,device:MotionSense:10,192,3,5,81,MotionSense,0.890625,0.8913318663681439,5.230560302734375,5.230560302734375
resnetse5,device:MotionSense:10,192,3,5,82,MotionSense,0.7783203125,0.7511042661832875,5.230560302734375,5.230560302734375
resnetse5,device:MotionSense:10,192,3,5,83,MotionSense,0.8681640625,0.8687754473323556,5.230560302734375,5.230560302734375
resnetse5,device:MotionSense:10,192,3,5,84,MotionSense,0.8798828125,0.8802673478705886,5.230560302734375,5.230560302734375
resnetse5,device:MotionSense:10,192,3,5,85,MotionSense,0.884765625,0.8854368228675277,5.230560302734375,5.230560302734375
resnetse5,device:MotionSense:10,192,3,5,86,MotionSense,0.8603515625,0.8609705743438666,5.230560302734375,5.230560302734375
resnetse5,device:MotionSense:10,192,3,5,87,MotionSense,0.86328125,0.8632201912267989,5.230560302734375,5.230560302734375
resnetse5,device:MotionSense:10,192,3,5,88,MotionSense,0.8935546875,0.8940008506684988,5.230560302734375,5.230560302734375
resnetse5,device:MotionSense:10,192,3,5,89,MotionSense,0.8740234375,0.8746938458145181,5.230560302734375,5.230560302734375
resnetse5,device:MotionSense:10,192,3,5,90,MotionSense,0.888671875,0.8889907905410491,5.230560302734375,5.230560302734375
resnetse5,device:MotionSense:10,192,3,5,91,MotionSense,0.8701171875,0.8708999092456696,5.230560302734375,5.230560302734375
resnetse5,device:MotionSense:10,192,3,5,92,MotionSense,0.7890625,0.7747450642308689,5.230560302734375,5.230560302734375
resnetse5,device:MotionSense:10,192,3,5,93,MotionSense,0.853515625,0.8538795082726991,5.230560302734375,5.230560302734375
resnetse5,device:MotionSense:10,192,3,5,94,MotionSense,0.841796875,0.8414786897000276,5.230560302734375,5.230560302734375
resnetse5,device:MotionSense:10,192,3,5,95,MotionSense,0.75,0.7062496696201678,5.230560302734375,5.230560302734375
resnetse5,device:MotionSense:10,192,3,5,96,MotionSense,0.7607421875,0.7281431737306935,5.230560302734375,5.230560302734375
resnetse5,device:MotionSense:10,192,3,5,97,MotionSense,0.8818359375,0.8819281906519403,5.230560302734375,5.230560302734375
resnetse5,device:MotionSense:10,192,3,5,98,MotionSense,0.85546875,0.855806440850829,5.230560302734375,5.230560302734375
resnetse5,device:MotionSense:10,192,3,5,99,MotionSense,0.7490234375,0.7121314616569853,5.230560302734375,5.230560302734375
resnetse5,device:MotionSense:10,192,3,5,100,MotionSense,0.8828125,0.8833370853063117,5.230560302734375,5.230560302734375
resnetse5,device:RealWorld_thigh+MotionSense:10+10,192,0,1,1,RealWorld_thigh,0.1267361111111111,0.0815076307264523,10.46112060546875,10.46112060546875
resnetse5,device:RealWorld_thigh+MotionSense:10+10,192,0,1,1,MotionSense,0.08984375,0.0513575971133631,10.46112060546875,10.46112060546875
resnetse5,device:RealWorld_thigh+MotionSense:10+10,192,0,1,2,RealWorld_thigh,0.1333333333333333,0.1003949382319939,10.46112060546875,10.46112060546875
resnetse5,device:RealWorld_thigh+MotionSense:10+10,192,0,1,2,MotionSense,0.150390625,0.1242642434091798,10.46112060546875,10.46112060546875
resnetse5,device:RealWorld_thigh+MotionSense:10+10,192,0,1,3,RealWorld_thigh,0.2611111111111111,0.1988472302045407,10.46112060546875,10.46112060546875
resnetse5,device:RealWorld_thigh+MotionSense:10+10,192,0,1,3,MotionSense,0.2470703125,0.1820512633656662,10.46112060546875,10.46112060546875
resnetse5,device:RealWorld_thigh+MotionSense:10+10,192,0,1,4,RealWorld_thigh,0.3256944444444444,0.2071138080579142,10.46112060546875,10.46112060546875
resnetse5,device:RealWorld_thigh+MotionSense:10+10,192,0,1,4,MotionSense,0.357421875,0.2106328253724928,10.46112060546875,10.46112060546875
resnetse5,device:RealWorld_thigh+MotionSense:10+10,192,0,1,5,RealWorld_thigh,0.3253472222222222,0.2043515411473814,10.46112060546875,10.46112060546875
resnetse5,device:RealWorld_thigh+MotionSense:10+10,192,0,1,5,MotionSense,0.36328125,0.2174744815449771,10.46112060546875,10.46112060546875
resnetse5,device:RealWorld_thigh+MotionSense:10+10,192,0,1,6,RealWorld_thigh,0.3434027777777778,0.2326255236757433,10.46112060546875,10.46112060546875
resnetse5,device:RealWorld_thigh+MotionSense:10+10,192,0,1,6,MotionSense,0.376953125,0.2378872568954851,10.46112060546875,10.46112060546875
resnetse5,device:RealWorld_thigh+MotionSense:10+10,192,0,1,7,RealWorld_thigh,0.365625,0.2652844619453984,10.46112060546875,10.46112060546875
resnetse5,device:RealWorld_thigh+MotionSense:10+10,192,0,1,7,MotionSense,0.4013671875,0.2723896841648186,10.46112060546875,10.46112060546875
resnetse5,device:RealWorld_thigh+MotionSense:10+10,192,0,1,8,RealWorld_thigh,0.3947916666666666,0.3025181243446186,10.46112060546875,10.46112060546875
resnetse5,device:RealWorld_thigh+MotionSense:10+10,192,0,1,8,MotionSense,0.4228515625,0.2989586136239169,10.46112060546875,10.46112060546875
resnetse5,device:RealWorld_thigh+MotionSense:10+10,192,0,1,9,RealWorld_thigh,0.4076388888888889,0.3161693746208789,10.46112060546875,10.46112060546875
resnetse5,device:RealWorld_thigh+MotionSense:10+10,192,0,1,9,MotionSense,0.4453125,0.3266779309774645,10.46112060546875,10.46112060546875
resnetse5,device:RealWorld_thigh+MotionSense:10+10,192,0,1,10,RealWorld_thigh,0.4180555555555555,0.3266160199079959,10.46112060546875,10.46112060546875
resnetse5,device:RealWorld_thigh+MotionSense:10+10,192,0,1,10,MotionSense,0.466796875,0.3494015978522298,10.46112060546875,10.46112060546875
resnetse5,device:RealWorld_thigh+MotionSense:10+10,192,0,1,11,RealWorld_thigh,0.4291666666666666,0.337780490063649,10.46112060546875,10.46112060546875
resnetse5,device:RealWorld_thigh+MotionSense:10+10,192,0,1,11,MotionSense,0.484375,0.3683216125930661,10.46112060546875,10.46112060546875
resnetse5,device:RealWorld_thigh+MotionSense:10+10,192,0,1,12,RealWorld_thigh,0.4083333333333333,0.3391272185874789,10.46112060546875,10.46112060546875
resnetse5,device:RealWorld_thigh+MotionSense:10+10,192,0,1,12,MotionSense,0.5869140625,0.524177580763043,10.46112060546875,10.46112060546875
resnetse5,device:RealWorld_thigh+MotionSense:10+10,192,0,1,13,RealWorld_thigh,0.4732638888888889,0.4170168285485111,10.46112060546875,10.46112060546875
resnetse5,device:RealWorld_thigh+MotionSense:10+10,192,0,1,13,MotionSense,0.51171875,0.4108514798171481,10.46112060546875,10.46112060546875
resnetse5,device:RealWorld_thigh+MotionSense:10+10,192,0,1,14,RealWorld_thigh,0.4770833333333333,0.4175848164751865,10.46112060546875,10.46112060546875
resnetse5,device:RealWorld_thigh+MotionSense:10+10,192,0,1,14,MotionSense,0.529296875,0.4300006308919328,10.46112060546875,10.46112060546875
resnetse5,device:RealWorld_thigh+MotionSense:10+10,192,0,1,15,RealWorld_thigh,0.4833333333333333,0.4218740826209499,10.46112060546875,10.46112060546875
resnetse5,device:RealWorld_thigh+MotionSense:10+10,192,0,1,15,MotionSense,0.5341796875,0.4320233632532888,10.46112060546875,10.46112060546875
resnetse5,device:RealWorld_thigh+MotionSense:10+10,192,0,1,16,RealWorld_thigh,0.5034722222222222,0.447403139838291,10.46112060546875,10.46112060546875
resnetse5,device:RealWorld_thigh+MotionSense:10+10,192,0,1,16,MotionSense,0.546875,0.4450436674989102,10.46112060546875,10.46112060546875
resnetse5,device:RealWorld_thigh+MotionSense:10+10,192,0,1,17,RealWorld_thigh,0.5194444444444445,0.465073940749579,10.46112060546875,10.46112060546875
resnetse5,device:RealWorld_thigh+MotionSense:10+10,192,0,1,17,MotionSense,0.560546875,0.462372959708874,10.46112060546875,10.46112060546875
resnetse5,device:RealWorld_thigh+MotionSense:10+10,192,0,1,18,RealWorld_thigh,0.5291666666666667,0.472448418090774,10.46112060546875,10.46112060546875
resnetse5,device:RealWorld_thigh+MotionSense:10+10,192,0,1,18,MotionSense,0.5654296875,0.4662250098389639,10.46112060546875,10.46112060546875
resnetse5,device:RealWorld_thigh+MotionSense:10+10,192,0,1,19,RealWorld_thigh,0.53125,0.4747017610002969,10.46112060546875,10.46112060546875
resnetse5,device:RealWorld_thigh+MotionSense:10+10,192,0,1,19,MotionSense,0.578125,0.4804871040490826,10.46112060546875,10.46112060546875
resnetse5,device:RealWorld_thigh+MotionSense:10+10,192,0,1,20,RealWorld_thigh,0.5388888888888889,0.4836491894462764,10.46112060546875,10.46112060546875
resnetse5,device:RealWorld_thigh+MotionSense:10+10,192,0,1,20,MotionSense,0.5869140625,0.4949262234846356,10.46112060546875,10.46112060546875
resnetse5,device:RealWorld_thigh+MotionSense:10+10,192,0,1,21,RealWorld_thigh,0.5444444444444444,0.4917292108080375,10.46112060546875,10.46112060546875
resnetse5,device:RealWorld_thigh+MotionSense:10+10,192,0,1,21,MotionSense,0.587890625,0.4967225221911829,10.46112060546875,10.46112060546875
resnetse5,device:RealWorld_thigh+MotionSense:10+10,192,0,1,22,RealWorld_thigh,0.5444444444444444,0.4905760979784583,10.46112060546875,10.46112060546875
resnetse5,device:RealWorld_thigh+MotionSense:10+10,192,0,1,22,MotionSense,0.59375,0.5038271556504376,10.46112060546875,10.46112060546875
resnetse5,device:RealWorld_thigh+MotionSense:10+10,192,0,1,23,RealWorld_thigh,0.5434027777777778,0.4862053973340829,10.46112060546875,10.46112060546875
resnetse5,device:RealWorld_thigh+MotionSense:10+10,192,0,1,23,MotionSense,0.5966796875,0.5085160896281077,10.46112060546875,10.46112060546875
resnetse5,device:RealWorld_thigh+MotionSense:10+10,192,0,1,24,RealWorld_thigh,0.5454861111111111,0.4900277083371442,10.46112060546875,10.46112060546875
resnetse5,device:RealWorld_thigh+MotionSense:10+10,192,0,1,24,MotionSense,0.60546875,0.5218785977934929,10.46112060546875,10.46112060546875
resnetse5,device:RealWorld_thigh+MotionSense:10+10,192,0,1,25,RealWorld_thigh,0.5447916666666667,0.4888218133463955,10.46112060546875,10.46112060546875
resnetse5,device:RealWorld_thigh+MotionSense:10+10,192,0,1,25,MotionSense,0.607421875,0.5240114072382526,10.46112060546875,10.46112060546875
resnetse5,device:RealWorld_thigh+MotionSense:10+10,192,0,1,26,RealWorld_thigh,0.5461805555555556,0.4923300361269995,10.46112060546875,10.46112060546875
resnetse5,device:RealWorld_thigh+MotionSense:10+10,192,0,1,26,MotionSense,0.61328125,0.5322284382111143,10.46112060546875,10.46112060546875
resnetse5,device:RealWorld_thigh+MotionSense:10+10,192,0,1,27,RealWorld_thigh,0.5461805555555556,0.4922691620154284,10.46112060546875,10.46112060546875
resnetse5,device:RealWorld_thigh+MotionSense:10+10,192,0,1,27,MotionSense,0.615234375,0.5350117695089546,10.46112060546875,10.46112060546875
resnetse5,device:RealWorld_thigh+MotionSense:10+10,192,0,1,28,RealWorld_thigh,0.5489583333333333,0.4991398902020226,10.46112060546875,10.46112060546875
resnetse5,device:RealWorld_thigh+MotionSense:10+10,192,0,1,28,MotionSense,0.6171875,0.5384341973776275,10.46112060546875,10.46112060546875
resnetse5,device:RealWorld_thigh+MotionSense:10+10,192,0,1,29,RealWorld_thigh,0.5569444444444445,0.5145641904817694,10.46112060546875,10.46112060546875
resnetse5,device:RealWorld_thigh+MotionSense:10+10,192,0,1,29,MotionSense,0.626953125,0.5523863136422548,10.46112060546875,10.46112060546875
resnetse5,device:RealWorld_thigh+MotionSense:10+10,192,0,1,30,RealWorld_thigh,0.5513888888888889,0.5041408543044913,10.46112060546875,10.46112060546875
resnetse5,device:RealWorld_thigh+MotionSense:10+10,192,0,1,30,MotionSense,0.6298828125,0.5561848835004731,10.46112060546875,10.46112060546875
resnetse5,device:RealWorld_thigh+MotionSense:10+10,192,0,1,31,RealWorld_thigh,0.5506944444444445,0.5045686174998314,10.46112060546875,10.46112060546875
resnetse5,device:RealWorld_thigh+MotionSense:10+10,192,0,1,31,MotionSense,0.63671875,0.5666544904872657,10.46112060546875,10.46112060546875
resnetse5,device:RealWorld_thigh+MotionSense:10+10,192,0,1,32,RealWorld_thigh,0.553125,0.5108505912462787,10.46112060546875,10.46112060546875
resnetse5,device:RealWorld_thigh+MotionSense:10+10,192,0,1,32,MotionSense,0.642578125,0.5736273747082975,10.46112060546875,10.46112060546875
resnetse5,device:RealWorld_thigh+MotionSense:10+10,192,0,1,33,RealWorld_thigh,0.5506944444444445,0.5081726162809079,10.46112060546875,10.46112060546875
resnetse5,device:RealWorld_thigh+MotionSense:10+10,192,0,1,33,MotionSense,0.6484375,0.5813162499285677,10.46112060546875,10.46112060546875
resnetse5,device:RealWorld_thigh+MotionSense:10+10,192,0,1,34,RealWorld_thigh,0.5583333333333333,0.520801660094704,10.46112060546875,10.46112060546875
resnetse5,device:RealWorld_thigh+MotionSense:10+10,192,0,1,34,MotionSense,0.6513671875,0.5862760995844931,10.46112060546875,10.46112060546875
resnetse5,device:RealWorld_thigh+MotionSense:10+10,192,0,1,35,RealWorld_thigh,0.5510416666666667,0.5107668850423832,10.46112060546875,10.46112060546875
resnetse5,device:RealWorld_thigh+MotionSense:10+10,192,0,1,35,MotionSense,0.6513671875,0.5868276980282551,10.46112060546875,10.46112060546875
resnetse5,device:RealWorld_thigh+MotionSense:10+10,192,0,1,36,RealWorld_thigh,0.5625,0.5320670567597925,10.46112060546875,10.46112060546875
resnetse5,device:RealWorld_thigh+MotionSense:10+10,192,0,1,36,MotionSense,0.6611328125,0.603357657127939,10.46112060546875,10.46112060546875
resnetse5,device:RealWorld_thigh+MotionSense:10+10,192,0,1,37,RealWorld_thigh,0.59375,0.5772831144901373,10.46112060546875,10.46112060546875
resnetse5,device:RealWorld_thigh+MotionSense:10+10,192,0,1,37,MotionSense,0.6708984375,0.6259153897620053,10.46112060546875,10.46112060546875
resnetse5,device:RealWorld_thigh+MotionSense:10+10,192,0,1,38,RealWorld_thigh,0.571875,0.5447160534971784,10.46112060546875,10.46112060546875
resnetse5,device:RealWorld_thigh+MotionSense:10+10,192,0,1,38,MotionSense,0.6728515625,0.6182349584167294,10.46112060546875,10.46112060546875
resnetse5,device:RealWorld_thigh+MotionSense:10+10,192,0,1,39,RealWorld_thigh,0.5920138888888888,0.57648226731825,10.46112060546875,10.46112060546875
resnetse5,device:RealWorld_thigh+MotionSense:10+10,192,0,1,39,MotionSense,0.6806640625,0.6367710655821318,10.46112060546875,10.46112060546875
resnetse5,device:RealWorld_thigh+MotionSense:10+10,192,0,1,40,RealWorld_thigh,0.5940972222222223,0.5787456763899431,10.46112060546875,10.46112060546875
resnetse5,device:RealWorld_thigh+MotionSense:10+10,192,0,1,40,MotionSense,0.689453125,0.6454009220848083,10.46112060546875,10.46112060546875
resnetse5,device:RealWorld_thigh+MotionSense:10+10,192,0,1,41,RealWorld_thigh,0.5822916666666667,0.5596395142989773,10.46112060546875,10.46112060546875
resnetse5,device:RealWorld_thigh+MotionSense:10+10,192,0,1,41,MotionSense,0.6982421875,0.6485285539458815,10.46112060546875,10.46112060546875
resnetse5,device:RealWorld_thigh+MotionSense:10+10,192,0,1,42,RealWorld_thigh,0.5913194444444444,0.5744809911364723,10.46112060546875,10.46112060546875
resnetse5,device:RealWorld_thigh+MotionSense:10+10,192,0,1,42,MotionSense,0.7021484375,0.6589669207916503,10.46112060546875,10.46112060546875
resnetse5,device:RealWorld_thigh+MotionSense:10+10,192,0,1,43,RealWorld_thigh,0.5833333333333334,0.5584534122800162,10.46112060546875,10.46112060546875
resnetse5,device:RealWorld_thigh+MotionSense:10+10,192,0,1,43,MotionSense,0.703125,0.6550598871361198,10.46112060546875,10.46112060546875
resnetse5,device:RealWorld_thigh+MotionSense:10+10,192,0,1,44,RealWorld_thigh,0.5861111111111111,0.5628337261289585,10.46112060546875,10.46112060546875
resnetse5,device:RealWorld_thigh+MotionSense:10+10,192,0,1,44,MotionSense,0.703125,0.6549452767604216,10.46112060546875,10.46112060546875
resnetse5,device:RealWorld_thigh+MotionSense:10+10,192,0,1,45,RealWorld_thigh,0.5961805555555556,0.5803737457379397,10.46112060546875,10.46112060546875
resnetse5,device:RealWorld_thigh+MotionSense:10+10,192,0,1,45,MotionSense,0.71484375,0.6720925735769695,10.46112060546875,10.46112060546875
resnetse5,device:RealWorld_thigh+MotionSense:10+10,192,0,1,46,RealWorld_thigh,0.6322916666666667,0.6293676592922522,10.46112060546875,10.46112060546875
resnetse5,device:RealWorld_thigh+MotionSense:10+10,192,0,1,46,MotionSense,0.732421875,0.7091224050233675,10.46112060546875,10.46112060546875
resnetse5,device:RealWorld_thigh+MotionSense:10+10,192,0,1,47,RealWorld_thigh,0.6020833333333333,0.5867646163567203,10.46112060546875,10.46112060546875
resnetse5,device:RealWorld_thigh+MotionSense:10+10,192,0,1,47,MotionSense,0.7294921875,0.6890287484916553,10.46112060546875,10.46112060546875
resnetse5,device:RealWorld_thigh+MotionSense:10+10,192,0,1,48,RealWorld_thigh,0.60625,0.5913311266000388,10.46112060546875,10.46112060546875
resnetse5,device:RealWorld_thigh+MotionSense:10+10,192,0,1,48,MotionSense,0.73046875,0.6883920543981663,10.46112060546875,10.46112060546875
resnetse5,device:RealWorld_thigh+MotionSense:10+10,192,0,1,49,RealWorld_thigh,0.6059027777777778,0.5857285748252422,10.46112060546875,10.46112060546875
resnetse5,device:RealWorld_thigh+MotionSense:10+10,192,0,1,49,MotionSense,0.7353515625,0.6910064000462289,10.46112060546875,10.46112060546875
resnetse5,device:RealWorld_thigh+MotionSense:10+10,192,0,1,50,RealWorld_thigh,0.6038194444444445,0.5817557502896378,10.46112060546875,10.46112060546875
resnetse5,device:RealWorld_thigh+MotionSense:10+10,192,0,1,50,MotionSense,0.7333984375,0.6879862953795474,10.46112060546875,10.46112060546875
resnetse5,device:RealWorld_thigh+MotionSense:10+10,192,0,1,51,RealWorld_thigh,0.5920138888888888,0.5473185038301868,10.46112060546875,10.46112060546875
resnetse5,device:RealWorld_thigh+MotionSense:10+10,192,0,1,51,MotionSense,0.7333984375,0.6810463827107006,10.46112060546875,10.46112060546875
resnetse5,device:RealWorld_thigh+MotionSense:10+10,192,0,1,52,RealWorld_thigh,0.5930555555555556,0.5472707996108838,10.46112060546875,10.46112060546875
resnetse5,device:RealWorld_thigh+MotionSense:10+10,192,0,1,52,MotionSense,0.732421875,0.6800977971739862,10.46112060546875,10.46112060546875
resnetse5,device:RealWorld_thigh+MotionSense:10+10,192,0,1,53,RealWorld_thigh,0.6493055555555556,0.6486846291312519,10.46112060546875,10.46112060546875
resnetse5,device:RealWorld_thigh+MotionSense:10+10,192,0,1,53,MotionSense,0.7646484375,0.7470186426316591,10.46112060546875,10.46112060546875
resnetse5,device:RealWorld_thigh+MotionSense:10+10,192,0,1,54,RealWorld_thigh,0.6107638888888889,0.5987909378456443,10.46112060546875,10.46112060546875
resnetse5,device:RealWorld_thigh+MotionSense:10+10,192,0,1,54,MotionSense,0.724609375,0.6785916840402756,10.46112060546875,10.46112060546875
resnetse5,device:RealWorld_thigh+MotionSense:10+10,192,0,1,55,RealWorld_thigh,0.625,0.612860511309402,10.46112060546875,10.46112060546875
resnetse5,device:RealWorld_thigh+MotionSense:10+10,192,0,1,55,MotionSense,0.7451171875,0.7067164841370873,10.46112060546875,10.46112060546875
resnetse5,device:RealWorld_thigh+MotionSense:10+10,192,0,1,56,RealWorld_thigh,0.625,0.612693852918925,10.46112060546875,10.46112060546875
resnetse5,device:RealWorld_thigh+MotionSense:10+10,192,0,1,56,MotionSense,0.7490234375,0.7117054224511911,10.46112060546875,10.46112060546875
resnetse5,device:RealWorld_thigh+MotionSense:10+10,192,0,1,57,RealWorld_thigh,0.6177083333333333,0.598083879734319,10.46112060546875,10.46112060546875
resnetse5,device:RealWorld_thigh+MotionSense:10+10,192,0,1,57,MotionSense,0.744140625,0.7009274205076563,10.46112060546875,10.46112060546875
resnetse5,device:RealWorld_thigh+MotionSense:10+10,192,0,1,58,RealWorld_thigh,0.6253472222222223,0.610250036532951,10.46112060546875,10.46112060546875
resnetse5,device:RealWorld_thigh+MotionSense:10+10,192,0,1,58,MotionSense,0.7421875,0.7002159180844966,10.46112060546875,10.46112060546875
resnetse5,device:RealWorld_thigh+MotionSense:10+10,192,0,1,59,RealWorld_thigh,0.6545138888888888,0.6548354957504853,10.46112060546875,10.46112060546875
resnetse5,device:RealWorld_thigh+MotionSense:10+10,192,0,1,59,MotionSense,0.7724609375,0.761532730538122,10.46112060546875,10.46112060546875
resnetse5,device:RealWorld_thigh+MotionSense:10+10,192,0,1,60,RealWorld_thigh,0.6038194444444445,0.5586369716774945,10.46112060546875,10.46112060546875
resnetse5,device:RealWorld_thigh+MotionSense:10+10,192,0,1,60,MotionSense,0.734375,0.6822525669490016,10.46112060546875,10.46112060546875
resnetse5,device:RealWorld_thigh+MotionSense:10+10,192,0,1,61,RealWorld_thigh,0.6045138888888889,0.5593347202290674,10.46112060546875,10.46112060546875
resnetse5,device:RealWorld_thigh+MotionSense:10+10,192,0,1,61,MotionSense,0.736328125,0.6843470006670751,10.46112060546875,10.46112060546875
resnetse5,device:RealWorld_thigh+MotionSense:10+10,192,0,1,62,RealWorld_thigh,0.6065972222222222,0.5612115966847272,10.46112060546875,10.46112060546875
resnetse5,device:RealWorld_thigh+MotionSense:10+10,192,0,1,62,MotionSense,0.7353515625,0.6833482720617452,10.46112060546875,10.46112060546875
resnetse5,device:RealWorld_thigh+MotionSense:10+10,192,0,1,63,RealWorld_thigh,0.6298611111111111,0.6178691609885961,10.46112060546875,10.46112060546875
resnetse5,device:RealWorld_thigh+MotionSense:10+10,192,0,1,63,MotionSense,0.748046875,0.7116258058379933,10.46112060546875,10.46112060546875
resnetse5,device:RealWorld_thigh+MotionSense:10+10,192,0,1,64,RealWorld_thigh,0.6159722222222223,0.6149028560474604,10.46112060546875,10.46112060546875
resnetse5,device:RealWorld_thigh+MotionSense:10+10,192,0,1,64,MotionSense,0.8046875,0.8036495643464369,10.46112060546875,10.46112060546875
resnetse5,device:RealWorld_thigh+MotionSense:10+10,192,0,1,65,RealWorld_thigh,0.6548611111111111,0.6594203688528636,10.46112060546875,10.46112060546875
resnetse5,device:RealWorld_thigh+MotionSense:10+10,192,0,1,65,MotionSense,0.796875,0.7980229249395743,10.46112060546875,10.46112060546875
resnetse5,device:RealWorld_thigh+MotionSense:10+10,192,0,1,66,RealWorld_thigh,0.6465277777777778,0.642087609168945,10.46112060546875,10.46112060546875
resnetse5,device:RealWorld_thigh+MotionSense:10+10,192,0,1,66,MotionSense,0.77734375,0.7625623974677801,10.46112060546875,10.46112060546875
resnetse5,device:RealWorld_thigh+MotionSense:10+10,192,0,1,67,RealWorld_thigh,0.6388888888888888,0.6270511311936744,10.46112060546875,10.46112060546875
resnetse5,device:RealWorld_thigh+MotionSense:10+10,192,0,1,67,MotionSense,0.75390625,0.718990126924885,10.46112060546875,10.46112060546875
resnetse5,device:RealWorld_thigh+MotionSense:10+10,192,0,1,68,RealWorld_thigh,0.6368055555555555,0.6207165064585743,10.46112060546875,10.46112060546875
resnetse5,device:RealWorld_thigh+MotionSense:10+10,192,0,1,68,MotionSense,0.748046875,0.7072866022701249,10.46112060546875,10.46112060546875
resnetse5,device:RealWorld_thigh+MotionSense:10+10,192,0,1,69,RealWorld_thigh,0.6416666666666667,0.6315708768645225,10.46112060546875,10.46112060546875
resnetse5,device:RealWorld_thigh+MotionSense:10+10,192,0,1,69,MotionSense,0.7646484375,0.7339470577122437,10.46112060546875,10.46112060546875
resnetse5,device:RealWorld_thigh+MotionSense:10+10,192,0,1,70,RealWorld_thigh,0.6368055555555555,0.624722908900334,10.46112060546875,10.46112060546875
resnetse5,device:RealWorld_thigh+MotionSense:10+10,192,0,1,70,MotionSense,0.7626953125,0.7291844735153615,10.46112060546875,10.46112060546875
resnetse5,device:RealWorld_thigh+MotionSense:10+10,192,0,1,71,RealWorld_thigh,0.6402777777777777,0.6303650666294355,10.46112060546875,10.46112060546875
resnetse5,device:RealWorld_thigh+MotionSense:10+10,192,0,1,71,MotionSense,0.765625,0.7362637062057978,10.46112060546875,10.46112060546875
resnetse5,device:RealWorld_thigh+MotionSense:10+10,192,0,1,72,RealWorld_thigh,0.6454861111111111,0.638075450819424,10.46112060546875,10.46112060546875
resnetse5,device:RealWorld_thigh+MotionSense:10+10,192,0,1,72,MotionSense,0.7744140625,0.7505386257508971,10.46112060546875,10.46112060546875
resnetse5,device:RealWorld_thigh+MotionSense:10+10,192,0,1,73,RealWorld_thigh,0.6559027777777777,0.6530251275497067,10.46112060546875,10.46112060546875
resnetse5,device:RealWorld_thigh+MotionSense:10+10,192,0,1,73,MotionSense,0.7958984375,0.7859879095386105,10.46112060546875,10.46112060546875
resnetse5,device:RealWorld_thigh+MotionSense:10+10,192,0,1,74,RealWorld_thigh,0.6576388888888889,0.6549698822193607,10.46112060546875,10.46112060546875
resnetse5,device:RealWorld_thigh+MotionSense:10+10,192,0,1,74,MotionSense,0.7939453125,0.7844892653935395,10.46112060546875,10.46112060546875
resnetse5,device:RealWorld_thigh+MotionSense:10+10,192,0,1,75,RealWorld_thigh,0.6552083333333333,0.6525455120853517,10.46112060546875,10.46112060546875
resnetse5,device:RealWorld_thigh+MotionSense:10+10,192,0,1,75,MotionSense,0.798828125,0.7895129064296295,10.46112060546875,10.46112060546875
resnetse5,device:RealWorld_thigh+MotionSense:10+10,192,0,1,76,RealWorld_thigh,0.646875,0.6400223387828544,10.46112060546875,10.46112060546875
resnetse5,device:RealWorld_thigh+MotionSense:10+10,192,0,1,76,MotionSense,0.77734375,0.7538356106303402,10.46112060546875,10.46112060546875
resnetse5,device:RealWorld_thigh+MotionSense:10+10,192,0,1,77,RealWorld_thigh,0.64375,0.636137529366382,10.46112060546875,10.46112060546875
resnetse5,device:RealWorld_thigh+MotionSense:10+10,192,0,1,77,MotionSense,0.77734375,0.7538356106303402,10.46112060546875,10.46112060546875
resnetse5,device:RealWorld_thigh+MotionSense:10+10,192,0,1,78,RealWorld_thigh,0.6399305555555556,0.6219636932839792,10.46112060546875,10.46112060546875
resnetse5,device:RealWorld_thigh+MotionSense:10+10,192,0,1,78,MotionSense,0.755859375,0.7139064995095438,10.46112060546875,10.46112060546875
resnetse5,device:RealWorld_thigh+MotionSense:10+10,192,0,1,79,RealWorld_thigh,0.6368055555555555,0.6184293455807064,10.46112060546875,10.46112060546875
resnetse5,device:RealWorld_thigh+MotionSense:10+10,192,0,1,79,MotionSense,0.7578125,0.715995249100696,10.46112060546875,10.46112060546875
resnetse5,device:RealWorld_thigh+MotionSense:10+10,192,0,1,80,RealWorld_thigh,0.6364583333333333,0.6166281033577935,10.46112060546875,10.46112060546875
resnetse5,device:RealWorld_thigh+MotionSense:10+10,192,0,1,80,MotionSense,0.7568359375,0.7149145198027567,10.46112060546875,10.46112060546875
resnetse5,device:RealWorld_thigh+MotionSense:10+10,192,0,1,81,RealWorld_thigh,0.6388888888888888,0.620421774206066,10.46112060546875,10.46112060546875
resnetse5,device:RealWorld_thigh+MotionSense:10+10,192,0,1,81,MotionSense,0.7587890625,0.7170058999681782,10.46112060546875,10.46112060546875
resnetse5,device:RealWorld_thigh+MotionSense:10+10,192,0,1,82,RealWorld_thigh,0.6454861111111111,0.6315500596381437,10.46112060546875,10.46112060546875
resnetse5,device:RealWorld_thigh+MotionSense:10+10,192,0,1,82,MotionSense,0.76171875,0.7247395601949028,10.46112060546875,10.46112060546875
resnetse5,device:RealWorld_thigh+MotionSense:10+10,192,0,1,83,RealWorld_thigh,0.6489583333333333,0.637981127337265,10.46112060546875,10.46112060546875
resnetse5,device:RealWorld_thigh+MotionSense:10+10,192,0,1,83,MotionSense,0.7685546875,0.737211046112468,10.46112060546875,10.46112060546875
resnetse5,device:RealWorld_thigh+MotionSense:10+10,192,0,1,84,RealWorld_thigh,0.6454861111111111,0.6334631454006742,10.46112060546875,10.46112060546875
resnetse5,device:RealWorld_thigh+MotionSense:10+10,192,0,1,84,MotionSense,0.771484375,0.7382973310224665,10.46112060546875,10.46112060546875
resnetse5,device:RealWorld_thigh+MotionSense:10+10,192,0,1,85,RealWorld_thigh,0.6440972222222222,0.6297457339730188,10.46112060546875,10.46112060546875
resnetse5,device:RealWorld_thigh+MotionSense:10+10,192,0,1,85,MotionSense,0.7666015625,0.73009015623177,10.46112060546875,10.46112060546875
resnetse5,device:RealWorld_thigh+MotionSense:10+10,192,0,1,86,RealWorld_thigh,0.6517361111111111,0.6440477933484985,10.46112060546875,10.46112060546875
resnetse5,device:RealWorld_thigh+MotionSense:10+10,192,0,1,86,MotionSense,0.7841796875,0.7609516098768382,10.46112060546875,10.46112060546875
resnetse5,device:RealWorld_thigh+MotionSense:10+10,192,0,1,87,RealWorld_thigh,0.6479166666666667,0.6361530499966565,10.46112060546875,10.46112060546875
resnetse5,device:RealWorld_thigh+MotionSense:10+10,192,0,1,87,MotionSense,0.77734375,0.7480907055317938,10.46112060546875,10.46112060546875
resnetse5,device:RealWorld_thigh+MotionSense:10+10,192,0,1,88,RealWorld_thigh,0.6409722222222223,0.6263259171303313,10.46112060546875,10.46112060546875
resnetse5,device:RealWorld_thigh+MotionSense:10+10,192,0,1,88,MotionSense,0.7705078125,0.7341189080138978,10.46112060546875,10.46112060546875
resnetse5,device:RealWorld_thigh+MotionSense:10+10,192,0,1,89,RealWorld_thigh,0.6395833333333333,0.6216151148732899,10.46112060546875,10.46112060546875
resnetse5,device:RealWorld_thigh+MotionSense:10+10,192,0,1,89,MotionSense,0.7666015625,0.7261689838648636,10.46112060546875,10.46112060546875
resnetse5,device:RealWorld_thigh+MotionSense:10+10,192,0,1,90,RealWorld_thigh,0.640625,0.6245650646700455,10.46112060546875,10.46112060546875
resnetse5,device:RealWorld_thigh+MotionSense:10+10,192,0,1,90,MotionSense,0.7646484375,0.7246876716640211,10.46112060546875,10.46112060546875
resnetse5,device:RealWorld_thigh+MotionSense:10+10,192,0,1,91,RealWorld_thigh,0.6510416666666666,0.6389110575856022,10.46112060546875,10.46112060546875
resnetse5,device:RealWorld_thigh+MotionSense:10+10,192,0,1,91,MotionSense,0.7734375,0.7411359722479339,10.46112060546875,10.46112060546875
resnetse5,device:RealWorld_thigh+MotionSense:10+10,192,0,1,92,RealWorld_thigh,0.6520833333333333,0.6412196068321251,10.46112060546875,10.46112060546875
resnetse5,device:RealWorld_thigh+MotionSense:10+10,192,0,1,92,MotionSense,0.7783203125,0.7494686943722577,10.46112060546875,10.46112060546875
resnetse5,device:RealWorld_thigh+MotionSense:10+10,192,0,1,93,RealWorld_thigh,0.6538194444444444,0.6431966842230686,10.46112060546875,10.46112060546875
resnetse5,device:RealWorld_thigh+MotionSense:10+10,192,0,1,93,MotionSense,0.78515625,0.7593808258716045,10.46112060546875,10.46112060546875
resnetse5,device:RealWorld_thigh+MotionSense:10+10,192,0,1,94,RealWorld_thigh,0.6513888888888889,0.6425878001062452,10.46112060546875,10.46112060546875
resnetse5,device:RealWorld_thigh+MotionSense:10+10,192,0,1,94,MotionSense,0.787109375,0.7634566106704592,10.46112060546875,10.46112060546875
resnetse5,device:RealWorld_thigh+MotionSense:10+10,192,0,1,95,RealWorld_thigh,0.6527777777777778,0.6434112054036414,10.46112060546875,10.46112060546875
resnetse5,device:RealWorld_thigh+MotionSense:10+10,192,0,1,95,MotionSense,0.7890625,0.7656304234072557,10.46112060546875,10.46112060546875
resnetse5,device:RealWorld_thigh+MotionSense:10+10,192,0,1,96,RealWorld_thigh,0.6482638888888889,0.6366990084788254,10.46112060546875,10.46112060546875
resnetse5,device:RealWorld_thigh+MotionSense:10+10,192,0,1,96,MotionSense,0.78515625,0.7569949843270871,10.46112060546875,10.46112060546875
resnetse5,device:RealWorld_thigh+MotionSense:10+10,192,0,1,97,RealWorld_thigh,0.6451388888888889,0.6294169341982058,10.46112060546875,10.46112060546875
resnetse5,device:RealWorld_thigh+MotionSense:10+10,192,0,1,97,MotionSense,0.775390625,0.7399202404395381,10.46112060546875,10.46112060546875
resnetse5,device:RealWorld_thigh+MotionSense:10+10,192,0,1,98,RealWorld_thigh,0.6486111111111111,0.6391176396456836,10.46112060546875,10.46112060546875
resnetse5,device:RealWorld_thigh+MotionSense:10+10,192,0,1,98,MotionSense,0.7939453125,0.7711114950150418,10.46112060546875,10.46112060546875
resnetse5,device:RealWorld_thigh+MotionSense:10+10,192,0,1,99,RealWorld_thigh,0.653125,0.6453499965385558,10.46112060546875,10.46112060546875
resnetse5,device:RealWorld_thigh+MotionSense:10+10,192,0,1,99,MotionSense,0.7919921875,0.7696806624244615,10.46112060546875,10.46112060546875
resnetse5,device:RealWorld_thigh+MotionSense:10+10,192,0,1,100,RealWorld_thigh,0.6548611111111111,0.6423534414823225,10.46112060546875,10.46112060546875
resnetse5,device:RealWorld_thigh+MotionSense:10+10,192,0,1,100,MotionSense,0.78125,0.7504198986074674,10.46112060546875,10.46112060546875
resnetse5,device:RealWorld_thigh+MotionSense:10+10,192,1,1,1,RealWorld_thigh,0.1666666666666666,0.0483974126041649,10.46112060546875,10.46112060546875
resnetse5,device:RealWorld_thigh+MotionSense:10+10,192,1,1,1,MotionSense,0.173828125,0.0511625505711845,10.46112060546875,10.46112060546875
resnetse5,device:RealWorld_thigh+MotionSense:10+10,192,1,1,2,RealWorld_thigh,0.16875,0.0512128026257824,10.46112060546875,10.46112060546875
resnetse5,device:RealWorld_thigh+MotionSense:10+10,192,1,1,2,MotionSense,0.177734375,0.0584886128364389,10.46112060546875,10.46112060546875
resnetse5,device:RealWorld_thigh+MotionSense:10+10,192,1,1,3,RealWorld_thigh,0.296875,0.1567786264866938,10.46112060546875,10.46112060546875
resnetse5,device:RealWorld_thigh+MotionSense:10+10,192,1,1,3,MotionSense,0.3427734375,0.1793871257611873,10.46112060546875,10.46112060546875
resnetse5,device:RealWorld_thigh+MotionSense:10+10,192,1,1,4,RealWorld_thigh,0.3034722222222222,0.1598277307914354,10.46112060546875,10.46112060546875
resnetse5,device:RealWorld_thigh+MotionSense:10+10,192,1,1,4,MotionSense,0.345703125,0.1806422083577738,10.46112060546875,10.46112060546875
resnetse5,device:RealWorld_thigh+MotionSense:10+10,192,1,1,5,RealWorld_thigh,0.3052083333333333,0.1605313219793311,10.46112060546875,10.46112060546875
resnetse5,device:RealWorld_thigh+MotionSense:10+10,192,1,1,5,MotionSense,0.345703125,0.1806422083577738,10.46112060546875,10.46112060546875
resnetse5,device:RealWorld_thigh+MotionSense:10+10,192,1,1,6,RealWorld_thigh,0.3048611111111111,0.1602133151947174,10.46112060546875,10.46112060546875
resnetse5,device:RealWorld_thigh+MotionSense:10+10,192,1,1,6,MotionSense,0.345703125,0.1806422083577738,10.46112060546875,10.46112060546875
resnetse5,device:RealWorld_thigh+MotionSense:10+10,192,1,1,7,RealWorld_thigh,0.3048611111111111,0.1605712510375707,10.46112060546875,10.46112060546875
resnetse5,device:RealWorld_thigh+MotionSense:10+10,192,1,1,7,MotionSense,0.345703125,0.1805166690720161,10.46112060546875,10.46112060546875
resnetse5,device:RealWorld_thigh+MotionSense:10+10,192,1,1,8,RealWorld_thigh,0.3055555555555556,0.1633880491127466,10.46112060546875,10.46112060546875
resnetse5,device:RealWorld_thigh+MotionSense:10+10,192,1,1,8,MotionSense,0.3505859375,0.1900897882605199,10.46112060546875,10.46112060546875
resnetse5,device:RealWorld_thigh+MotionSense:10+10,192,1,1,9,RealWorld_thigh,0.3402777777777778,0.2215383801163928,10.46112060546875,10.46112060546875
resnetse5,device:RealWorld_thigh+MotionSense:10+10,192,1,1,9,MotionSense,0.376953125,0.2337019737715024,10.46112060546875,10.46112060546875
resnetse5,device:RealWorld_thigh+MotionSense:10+10,192,1,1,10,RealWorld_thigh,0.3597222222222222,0.2462760776609582,10.46112060546875,10.46112060546875
resnetse5,device:RealWorld_thigh+MotionSense:10+10,192,1,1,10,MotionSense,0.4111328125,0.2735674930921822,10.46112060546875,10.46112060546875
resnetse5,device:RealWorld_thigh+MotionSense:10+10,192,1,1,11,RealWorld_thigh,0.3899305555555555,0.2933236328390916,10.46112060546875,10.46112060546875
resnetse5,device:RealWorld_thigh+MotionSense:10+10,192,1,1,11,MotionSense,0.46875,0.3376743007704994,10.46112060546875,10.46112060546875
resnetse5,device:RealWorld_thigh+MotionSense:10+10,192,1,1,12,RealWorld_thigh,0.4211805555555555,0.3388582642353512,10.46112060546875,10.46112060546875
resnetse5,device:RealWorld_thigh+MotionSense:10+10,192,1,1,12,MotionSense,0.5166015625,0.4013866479945321,10.46112060546875,10.46112060546875
resnetse5,device:RealWorld_thigh+MotionSense:10+10,192,1,1,13,RealWorld_thigh,0.4527777777777778,0.3807804222970746,10.46112060546875,10.46112060546875
resnetse5,device:RealWorld_thigh+MotionSense:10+10,192,1,1,13,MotionSense,0.5732421875,0.4790622722063178,10.46112060546875,10.46112060546875
resnetse5,device:RealWorld_thigh+MotionSense:10+10,192,1,1,14,RealWorld_thigh,0.4798611111111111,0.4128400482121985,10.46112060546875,10.46112060546875
resnetse5,device:RealWorld_thigh+MotionSense:10+10,192,1,1,14,MotionSense,0.61328125,0.5315853787764598,10.46112060546875,10.46112060546875
resnetse5,device:RealWorld_thigh+MotionSense:10+10,192,1,1,15,RealWorld_thigh,0.5114583333333333,0.4479015555925498,10.46112060546875,10.46112060546875
resnetse5,device:RealWorld_thigh+MotionSense:10+10,192,1,1,15,MotionSense,0.6318359375,0.5576059411945119,10.46112060546875,10.46112060546875
resnetse5,device:RealWorld_thigh+MotionSense:10+10,192,1,1,16,RealWorld_thigh,0.5329861111111112,0.4700453059491289,10.46112060546875,10.46112060546875
resnetse5,device:RealWorld_thigh+MotionSense:10+10,192,1,1,16,MotionSense,0.64453125,0.5741780509378827,10.46112060546875,10.46112060546875
resnetse5,device:RealWorld_thigh+MotionSense:10+10,192,1,1,17,RealWorld_thigh,0.5506944444444445,0.4895941472957166,10.46112060546875,10.46112060546875
resnetse5,device:RealWorld_thigh+MotionSense:10+10,192,1,1,17,MotionSense,0.6611328125,0.5953828696702108,10.46112060546875,10.46112060546875
resnetse5,device:RealWorld_thigh+MotionSense:10+10,192,1,1,18,RealWorld_thigh,0.5572916666666666,0.4962414724426046,10.46112060546875,10.46112060546875
resnetse5,device:RealWorld_thigh+MotionSense:10+10,192,1,1,18,MotionSense,0.6669921875,0.6023814696501105,10.46112060546875,10.46112060546875
resnetse5,device:RealWorld_thigh+MotionSense:10+10,192,1,1,19,RealWorld_thigh,0.565625,0.5082040257603787,10.46112060546875,10.46112060546875
resnetse5,device:RealWorld_thigh+MotionSense:10+10,192,1,1,19,MotionSense,0.6728515625,0.61040591384475,10.46112060546875,10.46112060546875
resnetse5,device:RealWorld_thigh+MotionSense:10+10,192,1,1,20,RealWorld_thigh,0.5704861111111111,0.5155623057305524,10.46112060546875,10.46112060546875
resnetse5,device:RealWorld_thigh+MotionSense:10+10,192,1,1,20,MotionSense,0.677734375,0.6155760477651799,10.46112060546875,10.46112060546875
resnetse5,device:RealWorld_thigh+MotionSense:10+10,192,1,1,21,RealWorld_thigh,0.5701388888888889,0.5162848230653356,10.46112060546875,10.46112060546875
resnetse5,device:RealWorld_thigh+MotionSense:10+10,192,1,1,21,MotionSense,0.685546875,0.6246442175987479,10.46112060546875,10.46112060546875
resnetse5,device:RealWorld_thigh+MotionSense:10+10,192,1,1,22,RealWorld_thigh,0.5694444444444444,0.5163679780312893,10.46112060546875,10.46112060546875
resnetse5,device:RealWorld_thigh+MotionSense:10+10,192,1,1,22,MotionSense,0.69140625,0.6315309557149699,10.46112060546875,10.46112060546875
resnetse5,device:RealWorld_thigh+MotionSense:10+10,192,1,1,23,RealWorld_thigh,0.5701388888888889,0.5180002701506847,10.46112060546875,10.46112060546875
resnetse5,device:RealWorld_thigh+MotionSense:10+10,192,1,1,23,MotionSense,0.703125,0.644915726619902,10.46112060546875,10.46112060546875
resnetse5,device:RealWorld_thigh+MotionSense:10+10,192,1,1,24,RealWorld_thigh,0.5690972222222223,0.5154552859519658,10.46112060546875,10.46112060546875
resnetse5,device:RealWorld_thigh+MotionSense:10+10,192,1,1,24,MotionSense,0.7041015625,0.645646292766502,10.46112060546875,10.46112060546875
resnetse5,device:RealWorld_thigh+MotionSense:10+10,192,1,1,25,RealWorld_thigh,0.5722222222222222,0.5206114376984873,10.46112060546875,10.46112060546875
resnetse5,device:RealWorld_thigh+MotionSense:10+10,192,1,1,25,MotionSense,0.712890625,0.6553982895814436,10.46112060546875,10.46112060546875
resnetse5,device:RealWorld_thigh+MotionSense:10+10,192,1,1,26,RealWorld_thigh,0.5725694444444445,0.5199121608340339,10.46112060546875,10.46112060546875
resnetse5,device:RealWorld_thigh+MotionSense:10+10,192,1,1,26,MotionSense,0.7197265625,0.6623444580480132,10.46112060546875,10.46112060546875
resnetse5,device:RealWorld_thigh+MotionSense:10+10,192,1,1,27,RealWorld_thigh,0.5753472222222222,0.5232443554229302,10.46112060546875,10.46112060546875
resnetse5,device:RealWorld_thigh+MotionSense:10+10,192,1,1,27,MotionSense,0.7255859375,0.6688615989654441,10.46112060546875,10.46112060546875
resnetse5,device:RealWorld_thigh+MotionSense:10+10,192,1,1,28,RealWorld_thigh,0.5798611111111112,0.527242623190124,10.46112060546875,10.46112060546875
resnetse5,device:RealWorld_thigh+MotionSense:10+10,192,1,1,28,MotionSense,0.7265625,0.6694283703100745,10.46112060546875,10.46112060546875
resnetse5,device:RealWorld_thigh+MotionSense:10+10,192,1,1,29,RealWorld_thigh,0.5850694444444444,0.5343779550541957,10.46112060546875,10.46112060546875
resnetse5,device:RealWorld_thigh+MotionSense:10+10,192,1,1,29,MotionSense,0.734375,0.6784814730974253,10.46112060546875,10.46112060546875
resnetse5,device:RealWorld_thigh+MotionSense:10+10,192,1,1,30,RealWorld_thigh,0.5899305555555555,0.540315629419439,10.46112060546875,10.46112060546875
resnetse5,device:RealWorld_thigh+MotionSense:10+10,192,1,1,30,MotionSense,0.7373046875,0.6818356585295288,10.46112060546875,10.46112060546875
resnetse5,device:RealWorld_thigh+MotionSense:10+10,192,1,1,31,RealWorld_thigh,0.5947916666666667,0.5454516747535818,10.46112060546875,10.46112060546875
resnetse5,device:RealWorld_thigh+MotionSense:10+10,192,1,1,31,MotionSense,0.7431640625,0.6880172272179772,10.46112060546875,10.46112060546875
resnetse5,device:RealWorld_thigh+MotionSense:10+10,192,1,1,32,RealWorld_thigh,0.5996527777777778,0.5499985400634663,10.46112060546875,10.46112060546875
resnetse5,device:RealWorld_thigh+MotionSense:10+10,192,1,1,32,MotionSense,0.74609375,0.691178687064821,10.46112060546875,10.46112060546875
resnetse5,device:RealWorld_thigh+MotionSense:10+10,192,1,1,33,RealWorld_thigh,0.6072916666666667,0.5585808594608271,10.46112060546875,10.46112060546875
resnetse5,device:RealWorld_thigh+MotionSense:10+10,192,1,1,33,MotionSense,0.7490234375,0.6941616452553486,10.46112060546875,10.46112060546875
resnetse5,device:RealWorld_thigh+MotionSense:10+10,192,1,1,34,RealWorld_thigh,0.6065972222222222,0.5566042344159645,10.46112060546875,10.46112060546875
resnetse5,device:RealWorld_thigh+MotionSense:10+10,192,1,1,34,MotionSense,0.7490234375,0.6941451405874882,10.46112060546875,10.46112060546875
resnetse5,device:RealWorld_thigh+MotionSense:10+10,192,1,1,35,RealWorld_thigh,0.6152777777777778,0.5663086232057651,10.46112060546875,10.46112060546875
resnetse5,device:RealWorld_thigh+MotionSense:10+10,192,1,1,35,MotionSense,0.75,0.6952586309821934,10.46112060546875,10.46112060546875
resnetse5,device:RealWorld_thigh+MotionSense:10+10,192,1,1,36,RealWorld_thigh,0.6215277777777778,0.5739442246501829,10.46112060546875,10.46112060546875
resnetse5,device:RealWorld_thigh+MotionSense:10+10,192,1,1,36,MotionSense,0.7568359375,0.7033037839927602,10.46112060546875,10.46112060546875
resnetse5,device:RealWorld_thigh+MotionSense:10+10,192,1,1,37,RealWorld_thigh,0.6201388888888889,0.5715310496703351,10.46112060546875,10.46112060546875
resnetse5,device:RealWorld_thigh+MotionSense:10+10,192,1,1,37,MotionSense,0.7578125,0.7042589567889195,10.46112060546875,10.46112060546875
resnetse5,device:RealWorld_thigh+MotionSense:10+10,192,1,1,38,RealWorld_thigh,0.6229166666666667,0.5740728134079248,10.46112060546875,10.46112060546875
resnetse5,device:RealWorld_thigh+MotionSense:10+10,192,1,1,38,MotionSense,0.7568359375,0.7031038056642703,10.46112060546875,10.46112060546875
resnetse5,device:RealWorld_thigh+MotionSense:10+10,192,1,1,39,RealWorld_thigh,0.6277777777777778,0.5798215687357869,10.46112060546875,10.46112060546875
resnetse5,device:RealWorld_thigh+MotionSense:10+10,192,1,1,39,MotionSense,0.7626953125,0.7097026600189237,10.46112060546875,10.46112060546875
resnetse5,device:RealWorld_thigh+MotionSense:10+10,192,1,1,40,RealWorld_thigh,0.6354166666666666,0.5887035648437681,10.46112060546875,10.46112060546875
resnetse5,device:RealWorld_thigh+MotionSense:10+10,192,1,1,40,MotionSense,0.7646484375,0.7118969889179961,10.46112060546875,10.46112060546875
resnetse5,device:RealWorld_thigh+MotionSense:10+10,192,1,1,41,RealWorld_thigh,0.6375,0.5909354475856609,10.46112060546875,10.46112060546875
resnetse5,device:RealWorld_thigh+MotionSense:10+10,192,1,1,41,MotionSense,0.7646484375,0.7118969889179961,10.46112060546875,10.46112060546875
resnetse5,device:RealWorld_thigh+MotionSense:10+10,192,1,1,42,RealWorld_thigh,0.6371527777777778,0.5907056633090835,10.46112060546875,10.46112060546875
resnetse5,device:RealWorld_thigh+MotionSense:10+10,192,1,1,42,MotionSense,0.765625,0.7129431187351543,10.46112060546875,10.46112060546875
resnetse5,device:RealWorld_thigh+MotionSense:10+10,192,1,1,43,RealWorld_thigh,0.6423611111111112,0.5960409405441326,10.46112060546875,10.46112060546875
resnetse5,device:RealWorld_thigh+MotionSense:10+10,192,1,1,43,MotionSense,0.7666015625,0.7140467589456643,10.46112060546875,10.46112060546875
resnetse5,device:RealWorld_thigh+MotionSense:10+10,192,1,1,44,RealWorld_thigh,0.6458333333333334,0.5997520651593535,10.46112060546875,10.46112060546875
resnetse5,device:RealWorld_thigh+MotionSense:10+10,192,1,1,44,MotionSense,0.767578125,0.7150871588048607,10.46112060546875,10.46112060546875
resnetse5,device:RealWorld_thigh+MotionSense:10+10,192,1,1,45,RealWorld_thigh,0.6465277777777778,0.6005088843857013,10.46112060546875,10.46112060546875
resnetse5,device:RealWorld_thigh+MotionSense:10+10,192,1,1,45,MotionSense,0.7685546875,0.716125913797124,10.46112060546875,10.46112060546875
resnetse5,device:RealWorld_thigh+MotionSense:10+10,192,1,1,46,RealWorld_thigh,0.6454861111111111,0.5993425249416562,10.46112060546875,10.46112060546875
resnetse5,device:RealWorld_thigh+MotionSense:10+10,192,1,1,46,MotionSense,0.767578125,0.7150596002233015,10.46112060546875,10.46112060546875
resnetse5,device:RealWorld_thigh+MotionSense:10+10,192,1,1,47,RealWorld_thigh,0.6510416666666666,0.605187423682398,10.46112060546875,10.46112060546875
resnetse5,device:RealWorld_thigh+MotionSense:10+10,192,1,1,47,MotionSense,0.767578125,0.7150284603961649,10.46112060546875,10.46112060546875
resnetse5,device:RealWorld_thigh+MotionSense:10+10,192,1,1,48,RealWorld_thigh,0.6527777777777778,0.6068069001408408,10.46112060546875,10.46112060546875
resnetse5,device:RealWorld_thigh+MotionSense:10+10,192,1,1,48,MotionSense,0.7705078125,0.7182990066233649,10.46112060546875,10.46112060546875
resnetse5,device:RealWorld_thigh+MotionSense:10+10,192,1,1,49,RealWorld_thigh,0.6520833333333333,0.6060972500687188,10.46112060546875,10.46112060546875
resnetse5,device:RealWorld_thigh+MotionSense:10+10,192,1,1,49,MotionSense,0.767578125,0.7150284603961649,10.46112060546875,10.46112060546875
resnetse5,device:RealWorld_thigh+MotionSense:10+10,192,1,1,50,RealWorld_thigh,0.6538194444444444,0.6077498323537978,10.46112060546875,10.46112060546875
resnetse5,device:RealWorld_thigh+MotionSense:10+10,192,1,1,50,MotionSense,0.7685546875,0.7161192853210747,10.46112060546875,10.46112060546875
resnetse5,device:RealWorld_thigh+MotionSense:10+10,192,1,1,51,RealWorld_thigh,0.6538194444444444,0.6076759468914377,10.46112060546875,10.46112060546875
resnetse5,device:RealWorld_thigh+MotionSense:10+10,192,1,1,51,MotionSense,0.7685546875,0.7161192853210747,10.46112060546875,10.46112060546875
resnetse5,device:RealWorld_thigh+MotionSense:10+10,192,1,1,52,RealWorld_thigh,0.6569444444444444,0.6110518432173847,10.46112060546875,10.46112060546875
resnetse5,device:RealWorld_thigh+MotionSense:10+10,192,1,1,52,MotionSense,0.7685546875,0.7161192853210747,10.46112060546875,10.46112060546875
resnetse5,device:RealWorld_thigh+MotionSense:10+10,192,1,1,53,RealWorld_thigh,0.6569444444444444,0.6109048810829287,10.46112060546875,10.46112060546875
resnetse5,device:RealWorld_thigh+MotionSense:10+10,192,1,1,53,MotionSense,0.76953125,0.7171520854568832,10.46112060546875,10.46112060546875
resnetse5,device:RealWorld_thigh+MotionSense:10+10,192,1,1,54,RealWorld_thigh,0.6583333333333333,0.6123531885075456,10.46112060546875,10.46112060546875
resnetse5,device:RealWorld_thigh+MotionSense:10+10,192,1,1,54,MotionSense,0.7705078125,0.7181834058704825,10.46112060546875,10.46112060546875
resnetse5,device:RealWorld_thigh+MotionSense:10+10,192,1,1,55,RealWorld_thigh,0.665625,0.6199145375793648,10.46112060546875,10.46112060546875
resnetse5,device:RealWorld_thigh+MotionSense:10+10,192,1,1,55,MotionSense,0.7744140625,0.7225107115542023,10.46112060546875,10.46112060546875
resnetse5,device:RealWorld_thigh+MotionSense:10+10,192,1,1,56,RealWorld_thigh,0.6711805555555556,0.6257895147634069,10.46112060546875,10.46112060546875
resnetse5,device:RealWorld_thigh+MotionSense:10+10,192,1,1,56,MotionSense,0.775390625,0.7235424073879723,10.46112060546875,10.46112060546875
resnetse5,device:RealWorld_thigh+MotionSense:10+10,192,1,1,57,RealWorld_thigh,0.6704861111111111,0.6249507314101447,10.46112060546875,10.46112060546875
resnetse5,device:RealWorld_thigh+MotionSense:10+10,192,1,1,57,MotionSense,0.775390625,0.7234114107937161,10.46112060546875,10.46112060546875
resnetse5,device:RealWorld_thigh+MotionSense:10+10,192,1,1,58,RealWorld_thigh,0.6739583333333333,0.6286262652251932,10.46112060546875,10.46112060546875
resnetse5,device:RealWorld_thigh+MotionSense:10+10,192,1,1,58,MotionSense,0.7763671875,0.7245073860975331,10.46112060546875,10.46112060546875
resnetse5,device:RealWorld_thigh+MotionSense:10+10,192,1,1,59,RealWorld_thigh,0.6791666666666667,0.6339950872560646,10.46112060546875,10.46112060546875
resnetse5,device:RealWorld_thigh+MotionSense:10+10,192,1,1,59,MotionSense,0.7763671875,0.724582632232576,10.46112060546875,10.46112060546875
resnetse5,device:RealWorld_thigh+MotionSense:10+10,192,1,1,60,RealWorld_thigh,0.6798611111111111,0.6346475819955477,10.46112060546875,10.46112060546875
resnetse5,device:RealWorld_thigh+MotionSense:10+10,192,1,1,60,MotionSense,0.7783203125,0.7267666252490143,10.46112060546875,10.46112060546875
resnetse5,device:RealWorld_thigh+MotionSense:10+10,192,1,1,61,RealWorld_thigh,0.6815972222222222,0.6363538503761911,10.46112060546875,10.46112060546875
resnetse5,device:RealWorld_thigh+MotionSense:10+10,192,1,1,61,MotionSense,0.779296875,0.7277728852160342,10.46112060546875,10.46112060546875
resnetse5,device:RealWorld_thigh+MotionSense:10+10,192,1,1,62,RealWorld_thigh,0.6822916666666666,0.6374373963454418,10.46112060546875,10.46112060546875
resnetse5,device:RealWorld_thigh+MotionSense:10+10,192,1,1,62,MotionSense,0.779296875,0.72779957313341,10.46112060546875,10.46112060546875
resnetse5,device:RealWorld_thigh+MotionSense:10+10,192,1,1,63,RealWorld_thigh,0.69375,0.6979689139309017,10.46112060546875,10.46112060546875
resnetse5,device:RealWorld_thigh+MotionSense:10+10,192,1,1,63,MotionSense,0.77734375,0.7263068446193883,10.46112060546875,10.46112060546875
resnetse5,device:RealWorld_thigh+MotionSense:10+10,192,1,1,64,RealWorld_thigh,0.7375,0.7379088899965188,10.46112060546875,10.46112060546875
resnetse5,device:RealWorld_thigh+MotionSense:10+10,192,1,1,64,MotionSense,0.8330078125,0.8322515997298615,10.46112060546875,10.46112060546875
resnetse5,device:RealWorld_thigh+MotionSense:10+10,192,1,1,65,RealWorld_thigh,0.7059027777777778,0.6896635966935238,10.46112060546875,10.46112060546875
resnetse5,device:RealWorld_thigh+MotionSense:10+10,192,1,1,65,MotionSense,0.7861328125,0.7457458246043137,10.46112060546875,10.46112060546875
resnetse5,device:RealWorld_thigh+MotionSense:10+10,192,1,1,66,RealWorld_thigh,0.7104166666666667,0.6978108181990188,10.46112060546875,10.46112060546875
resnetse5,device:RealWorld_thigh+MotionSense:10+10,192,1,1,66,MotionSense,0.7890625,0.7531153362890807,10.46112060546875,10.46112060546875
resnetse5,device:RealWorld_thigh+MotionSense:10+10,192,1,1,67,RealWorld_thigh,0.7284722222222222,0.7256658114313511,10.46112060546875,10.46112060546875
resnetse5,device:RealWorld_thigh+MotionSense:10+10,192,1,1,67,MotionSense,0.8251953125,0.820072012694404,10.46112060546875,10.46112060546875
resnetse5,device:RealWorld_thigh+MotionSense:10+10,192,1,1,68,RealWorld_thigh,0.715625,0.7053226735911847,10.46112060546875,10.46112060546875
resnetse5,device:RealWorld_thigh+MotionSense:10+10,192,1,1,68,MotionSense,0.796875,0.7712856488052712,10.46112060546875,10.46112060546875
resnetse5,device:RealWorld_thigh+MotionSense:10+10,192,1,1,69,RealWorld_thigh,0.709375,0.6931076989884727,10.46112060546875,10.46112060546875
resnetse5,device:RealWorld_thigh+MotionSense:10+10,192,1,1,69,MotionSense,0.7841796875,0.7436799585448214,10.46112060546875,10.46112060546875
resnetse5,device:RealWorld_thigh+MotionSense:10+10,192,1,1,70,RealWorld_thigh,0.725,0.7202593257695206,10.46112060546875,10.46112060546875
resnetse5,device:RealWorld_thigh+MotionSense:10+10,192,1,1,70,MotionSense,0.80859375,0.7957798647183534,10.46112060546875,10.46112060546875
resnetse5,device:RealWorld_thigh+MotionSense:10+10,192,1,1,71,RealWorld_thigh,0.6892361111111112,0.6908898780730097,10.46112060546875,10.46112060546875
resnetse5,device:RealWorld_thigh+MotionSense:10+10,192,1,1,71,MotionSense,0.7724609375,0.7205459545554005,10.46112060546875,10.46112060546875
resnetse5,device:RealWorld_thigh+MotionSense:10+10,192,1,1,72,RealWorld_thigh,0.7052083333333333,0.7101116324831063,10.46112060546875,10.46112060546875
resnetse5,device:RealWorld_thigh+MotionSense:10+10,192,1,1,72,MotionSense,0.7724609375,0.7210644964244475,10.46112060546875,10.46112060546875
resnetse5,device:RealWorld_thigh+MotionSense:10+10,192,1,1,73,RealWorld_thigh,0.7579861111111111,0.7606111414868294,10.46112060546875,10.46112060546875
resnetse5,device:RealWorld_thigh+MotionSense:10+10,192,1,1,73,MotionSense,0.828125,0.8290239687860993,10.46112060546875,10.46112060546875
resnetse5,device:RealWorld_thigh+MotionSense:10+10,192,1,1,74,RealWorld_thigh,0.7253472222222223,0.7186789015086378,10.46112060546875,10.46112060546875
resnetse5,device:RealWorld_thigh+MotionSense:10+10,192,1,1,74,MotionSense,0.806640625,0.7891017575928415,10.46112060546875,10.46112060546875
resnetse5,device:RealWorld_thigh+MotionSense:10+10,192,1,1,75,RealWorld_thigh,0.7486111111111111,0.7497191980365848,10.46112060546875,10.46112060546875
resnetse5,device:RealWorld_thigh+MotionSense:10+10,192,1,1,75,MotionSense,0.8291015625,0.827819076511901,10.46112060546875,10.46112060546875
resnetse5,device:RealWorld_thigh+MotionSense:10+10,192,1,1,76,RealWorld_thigh,0.7340277777777777,0.7310105653087513,10.46112060546875,10.46112060546875
resnetse5,device:RealWorld_thigh+MotionSense:10+10,192,1,1,76,MotionSense,0.818359375,0.8119225212951545,10.46112060546875,10.46112060546875
resnetse5,device:RealWorld_thigh+MotionSense:10+10,192,1,1,77,RealWorld_thigh,0.7253472222222223,0.7174210357077134,10.46112060546875,10.46112060546875
resnetse5,device:RealWorld_thigh+MotionSense:10+10,192,1,1,77,MotionSense,0.7978515625,0.7755287328912672,10.46112060546875,10.46112060546875
resnetse5,device:RealWorld_thigh+MotionSense:10+10,192,1,1,78,RealWorld_thigh,0.7107638888888889,0.6890790936850898,10.46112060546875,10.46112060546875
resnetse5,device:RealWorld_thigh+MotionSense:10+10,192,1,1,78,MotionSense,0.7763671875,0.731045440916655,10.46112060546875,10.46112060546875
resnetse5,device:RealWorld_thigh+MotionSense:10+10,192,1,1,79,RealWorld_thigh,0.7180555555555556,0.7056883671064161,10.46112060546875,10.46112060546875
resnetse5,device:RealWorld_thigh+MotionSense:10+10,192,1,1,79,MotionSense,0.783203125,0.7457962786685917,10.46112060546875,10.46112060546875
resnetse5,device:RealWorld_thigh+MotionSense:10+10,192,1,1,80,RealWorld_thigh,0.7048611111111112,0.7096287612675956,10.46112060546875,10.46112060546875
resnetse5,device:RealWorld_thigh+MotionSense:10+10,192,1,1,80,MotionSense,0.7705078125,0.7189560521571355,10.46112060546875,10.46112060546875
resnetse5,device:RealWorld_thigh+MotionSense:10+10,192,1,1,81,RealWorld_thigh,0.7333333333333333,0.7294427265867703,10.46112060546875,10.46112060546875
resnetse5,device:RealWorld_thigh+MotionSense:10+10,192,1,1,81,MotionSense,0.8115234375,0.8012467999639523,10.46112060546875,10.46112060546875
resnetse5,device:RealWorld_thigh+MotionSense:10+10,192,1,1,82,RealWorld_thigh,0.6972222222222222,0.6522149533560585,10.46112060546875,10.46112060546875
resnetse5,device:RealWorld_thigh+MotionSense:10+10,192,1,1,82,MotionSense,0.7724609375,0.720561546525345,10.46112060546875,10.46112060546875
resnetse5,device:RealWorld_thigh+MotionSense:10+10,192,1,1,83,RealWorld_thigh,0.7486111111111111,0.7490515928895206,10.46112060546875,10.46112060546875
resnetse5,device:RealWorld_thigh+MotionSense:10+10,192,1,1,83,MotionSense,0.828125,0.8258444742445179,10.46112060546875,10.46112060546875
resnetse5,device:RealWorld_thigh+MotionSense:10+10,192,1,1,84,RealWorld_thigh,0.7461805555555555,0.7504295425718309,10.46112060546875,10.46112060546875
resnetse5,device:RealWorld_thigh+MotionSense:10+10,192,1,1,84,MotionSense,0.83203125,0.8331577965710264,10.46112060546875,10.46112060546875
resnetse5,device:RealWorld_thigh+MotionSense:10+10,192,1,1,85,RealWorld_thigh,0.7149305555555555,0.7227020477761071,10.46112060546875,10.46112060546875
resnetse5,device:RealWorld_thigh+MotionSense:10+10,192,1,1,85,MotionSense,0.8349609375,0.8361285337771872,10.46112060546875,10.46112060546875
resnetse5,device:RealWorld_thigh+MotionSense:10+10,192,1,1,86,RealWorld_thigh,0.7385416666666667,0.741919655513672,10.46112060546875,10.46112060546875
resnetse5,device:RealWorld_thigh+MotionSense:10+10,192,1,1,86,MotionSense,0.828125,0.828702382470938,10.46112060546875,10.46112060546875
resnetse5,device:RealWorld_thigh+MotionSense:10+10,192,1,1,87,RealWorld_thigh,0.7347222222222223,0.7325329077820735,10.46112060546875,10.46112060546875
resnetse5,device:RealWorld_thigh+MotionSense:10+10,192,1,1,87,MotionSense,0.8203125,0.8128755021328752,10.46112060546875,10.46112060546875
resnetse5,device:RealWorld_thigh+MotionSense:10+10,192,1,1,88,RealWorld_thigh,0.7246527777777778,0.7161545569761353,10.46112060546875,10.46112060546875
resnetse5,device:RealWorld_thigh+MotionSense:10+10,192,1,1,88,MotionSense,0.7939453125,0.7671715508941693,10.46112060546875,10.46112060546875
resnetse5,device:RealWorld_thigh+MotionSense:10+10,192,1,1,89,RealWorld_thigh,0.7253472222222223,0.7179494772302025,10.46112060546875,10.46112060546875
resnetse5,device:RealWorld_thigh+MotionSense:10+10,192,1,1,89,MotionSense,0.7998046875,0.7778721993554069,10.46112060546875,10.46112060546875
resnetse5,device:RealWorld_thigh+MotionSense:10+10,192,1,1,90,RealWorld_thigh,0.7135416666666666,0.6943641913725335,10.46112060546875,10.46112060546875
resnetse5,device:RealWorld_thigh+MotionSense:10+10,192,1,1,90,MotionSense,0.779296875,0.7348864221423428,10.46112060546875,10.46112060546875
resnetse5,device:RealWorld_thigh+MotionSense:10+10,192,1,1,91,RealWorld_thigh,0.7170138888888888,0.7016185878427684,10.46112060546875,10.46112060546875
resnetse5,device:RealWorld_thigh+MotionSense:10+10,192,1,1,91,MotionSense,0.779296875,0.7375970365032217,10.46112060546875,10.46112060546875
resnetse5,device:RealWorld_thigh+MotionSense:10+10,192,1,1,92,RealWorld_thigh,0.7128472222222222,0.6937069822859773,10.46112060546875,10.46112060546875
resnetse5,device:RealWorld_thigh+MotionSense:10+10,192,1,1,92,MotionSense,0.7783203125,0.7332533144305119,10.46112060546875,10.46112060546875
resnetse5,device:RealWorld_thigh+MotionSense:10+10,192,1,1,93,RealWorld_thigh,0.7135416666666666,0.6941778609536763,10.46112060546875,10.46112060546875
resnetse5,device:RealWorld_thigh+MotionSense:10+10,192,1,1,93,MotionSense,0.7802734375,0.7352499728812131,10.46112060546875,10.46112060546875
resnetse5,device:RealWorld_thigh+MotionSense:10+10,192,1,1,94,RealWorld_thigh,0.7204861111111112,0.7067949729038304,10.46112060546875,10.46112060546875
resnetse5,device:RealWorld_thigh+MotionSense:10+10,192,1,1,94,MotionSense,0.783203125,0.744265427796485,10.46112060546875,10.46112060546875
resnetse5,device:RealWorld_thigh+MotionSense:10+10,192,1,1,95,RealWorld_thigh,0.7420138888888889,0.7404580223134222,10.46112060546875,10.46112060546875
resnetse5,device:RealWorld_thigh+MotionSense:10+10,192,1,1,95,MotionSense,0.8212890625,0.8138162490891351,10.46112060546875,10.46112060546875
resnetse5,device:RealWorld_thigh+MotionSense:10+10,192,1,1,96,RealWorld_thigh,0.7145833333333333,0.7189391087183967,10.46112060546875,10.46112060546875
resnetse5,device:RealWorld_thigh+MotionSense:10+10,192,1,1,96,MotionSense,0.830078125,0.820685837416835,10.46112060546875,10.46112060546875
resnetse5,device:RealWorld_thigh+MotionSense:10+10,192,1,1,97,RealWorld_thigh,0.7125,0.7086194584231822,10.46112060546875,10.46112060546875
resnetse5,device:RealWorld_thigh+MotionSense:10+10,192,1,1,97,MotionSense,0.7734375,0.7226597646792285,10.46112060546875,10.46112060546875
resnetse5,device:RealWorld_thigh+MotionSense:10+10,192,1,1,98,RealWorld_thigh,0.7229166666666667,0.7106848039325215,10.46112060546875,10.46112060546875
resnetse5,device:RealWorld_thigh+MotionSense:10+10,192,1,1,98,MotionSense,0.7734375,0.7226597646792285,10.46112060546875,10.46112060546875
resnetse5,device:RealWorld_thigh+MotionSense:10+10,192,1,1,99,RealWorld_thigh,0.7465277777777778,0.747159058504114,10.46112060546875,10.46112060546875
resnetse5,device:RealWorld_thigh+MotionSense:10+10,192,1,1,99,MotionSense,0.8251953125,0.8229759249245977,10.46112060546875,10.46112060546875
resnetse5,device:RealWorld_thigh+MotionSense:10+10,192,1,1,100,RealWorld_thigh,0.7006944444444444,0.6559735921781088,10.46112060546875,10.46112060546875
resnetse5,device:RealWorld_thigh+MotionSense:10+10,192,1,1,100,MotionSense,0.7734375,0.7215153050293046,10.46112060546875,10.46112060546875
resnetse5,device:RealWorld_thigh+MotionSense:10+10,192,2,1,1,RealWorld_thigh,0.0059027777777777,0.0032754656008479,10.46112060546875,10.46112060546875
resnetse5,device:RealWorld_thigh+MotionSense:10+10,192,2,1,1,MotionSense,0.0,0.0,10.46112060546875,10.46112060546875
resnetse5,device:RealWorld_thigh+MotionSense:10+10,192,2,1,2,RealWorld_thigh,0.0840277777777777,0.0385265393847335,10.46112060546875,10.46112060546875
resnetse5,device:RealWorld_thigh+MotionSense:10+10,192,2,1,2,MotionSense,0.0361328125,0.0445273208719483,10.46112060546875,10.46112060546875
resnetse5,device:RealWorld_thigh+MotionSense:10+10,192,2,1,3,RealWorld_thigh,0.178125,0.1082506216547878,10.46112060546875,10.46112060546875
resnetse5,device:RealWorld_thigh+MotionSense:10+10,192,2,1,3,MotionSense,0.3505859375,0.1894094550307096,10.46112060546875,10.46112060546875
resnetse5,device:RealWorld_thigh+MotionSense:10+10,192,2,1,4,RealWorld_thigh,0.3236111111111111,0.1956100020610692,10.46112060546875,10.46112060546875
resnetse5,device:RealWorld_thigh+MotionSense:10+10,192,2,1,4,MotionSense,0.349609375,0.1901066791328779,10.46112060546875,10.46112060546875
resnetse5,device:RealWorld_thigh+MotionSense:10+10,192,2,1,5,RealWorld_thigh,0.3274305555555555,0.1988179367096093,10.46112060546875,10.46112060546875
resnetse5,device:RealWorld_thigh+MotionSense:10+10,192,2,1,5,MotionSense,0.349609375,0.191459753648598,10.46112060546875,10.46112060546875
resnetse5,device:RealWorld_thigh+MotionSense:10+10,192,2,1,6,RealWorld_thigh,0.3357638888888888,0.2074165129385349,10.46112060546875,10.46112060546875
resnetse5,device:RealWorld_thigh+MotionSense:10+10,192,2,1,6,MotionSense,0.3486328125,0.1934794522987228,10.46112060546875,10.46112060546875
resnetse5,device:RealWorld_thigh+MotionSense:10+10,192,2,1,7,RealWorld_thigh,0.3430555555555555,0.2149009766050262,10.46112060546875,10.46112060546875
resnetse5,device:RealWorld_thigh+MotionSense:10+10,192,2,1,7,MotionSense,0.353515625,0.203797528610866,10.46112060546875,10.46112060546875
resnetse5,device:RealWorld_thigh+MotionSense:10+10,192,2,1,8,RealWorld_thigh,0.3524305555555556,0.2250765280835557,10.46112060546875,10.46112060546875
resnetse5,device:RealWorld_thigh+MotionSense:10+10,192,2,1,8,MotionSense,0.357421875,0.2136244604994657,10.46112060546875,10.46112060546875
resnetse5,device:RealWorld_thigh+MotionSense:10+10,192,2,1,9,RealWorld_thigh,0.3725694444444444,0.2607775752351226,10.46112060546875,10.46112060546875
resnetse5,device:RealWorld_thigh+MotionSense:10+10,192,2,1,9,MotionSense,0.3681640625,0.2341527244506618,10.46112060546875,10.46112060546875
resnetse5,device:RealWorld_thigh+MotionSense:10+10,192,2,1,10,RealWorld_thigh,0.3972222222222222,0.2992012373856179,10.46112060546875,10.46112060546875
resnetse5,device:RealWorld_thigh+MotionSense:10+10,192,2,1,10,MotionSense,0.3916015625,0.2706115597784552,10.46112060546875,10.46112060546875
resnetse5,device:RealWorld_thigh+MotionSense:10+10,192,2,1,11,RealWorld_thigh,0.4118055555555555,0.3177777952828824,10.46112060546875,10.46112060546875
resnetse5,device:RealWorld_thigh+MotionSense:10+10,192,2,1,11,MotionSense,0.419921875,0.3105250184817575,10.46112060546875,10.46112060546875
resnetse5,device:RealWorld_thigh+MotionSense:10+10,192,2,1,12,RealWorld_thigh,0.4184027777777778,0.3231206238808961,10.46112060546875,10.46112060546875
resnetse5,device:RealWorld_thigh+MotionSense:10+10,192,2,1,12,MotionSense,0.4453125,0.3407148945046936,10.46112060546875,10.46112060546875
resnetse5,device:RealWorld_thigh+MotionSense:10+10,192,2,1,13,RealWorld_thigh,0.4333333333333333,0.337429062061207,10.46112060546875,10.46112060546875
resnetse5,device:RealWorld_thigh+MotionSense:10+10,192,2,1,13,MotionSense,0.470703125,0.3664416944579698,10.46112060546875,10.46112060546875
resnetse5,device:RealWorld_thigh+MotionSense:10+10,192,2,1,14,RealWorld_thigh,0.4444444444444444,0.3476471848087976,10.46112060546875,10.46112060546875
resnetse5,device:RealWorld_thigh+MotionSense:10+10,192,2,1,14,MotionSense,0.49609375,0.3881509590041458,10.46112060546875,10.46112060546875
resnetse5,device:RealWorld_thigh+MotionSense:10+10,192,2,1,15,RealWorld_thigh,0.4597222222222222,0.3630233093478206,10.46112060546875,10.46112060546875
resnetse5,device:RealWorld_thigh+MotionSense:10+10,192,2,1,15,MotionSense,0.5146484375,0.4046337869690055,10.46112060546875,10.46112060546875
resnetse5,device:RealWorld_thigh+MotionSense:10+10,192,2,1,16,RealWorld_thigh,0.4763888888888888,0.3799088362785105,10.46112060546875,10.46112060546875
resnetse5,device:RealWorld_thigh+MotionSense:10+10,192,2,1,16,MotionSense,0.5283203125,0.4158168973619558,10.46112060546875,10.46112060546875
resnetse5,device:RealWorld_thigh+MotionSense:10+10,192,2,1,17,RealWorld_thigh,0.4864583333333333,0.3905125874987488,10.46112060546875,10.46112060546875
resnetse5,device:RealWorld_thigh+MotionSense:10+10,192,2,1,17,MotionSense,0.5361328125,0.4230336628525404,10.46112060546875,10.46112060546875
resnetse5,device:RealWorld_thigh+MotionSense:10+10,192,2,1,18,RealWorld_thigh,0.4930555555555556,0.3976827711089163,10.46112060546875,10.46112060546875
resnetse5,device:RealWorld_thigh+MotionSense:10+10,192,2,1,18,MotionSense,0.5439453125,0.4293705265977891,10.46112060546875,10.46112060546875
resnetse5,device:RealWorld_thigh+MotionSense:10+10,192,2,1,19,RealWorld_thigh,0.4993055555555555,0.4047683239328112,10.46112060546875,10.46112060546875
resnetse5,device:RealWorld_thigh+MotionSense:10+10,192,2,1,19,MotionSense,0.5517578125,0.4378008447894059,10.46112060546875,10.46112060546875
resnetse5,device:RealWorld_thigh+MotionSense:10+10,192,2,1,20,RealWorld_thigh,0.5017361111111112,0.4079790095122467,10.46112060546875,10.46112060546875
resnetse5,device:RealWorld_thigh+MotionSense:10+10,192,2,1,20,MotionSense,0.556640625,0.4429341976978902,10.46112060546875,10.46112060546875
resnetse5,device:RealWorld_thigh+MotionSense:10+10,192,2,1,21,RealWorld_thigh,0.5024305555555556,0.4100498679093081,10.46112060546875,10.46112060546875
resnetse5,device:RealWorld_thigh+MotionSense:10+10,192,2,1,21,MotionSense,0.568359375,0.4533362030108525,10.46112060546875,10.46112060546875
resnetse5,device:RealWorld_thigh+MotionSense:10+10,192,2,1,22,RealWorld_thigh,0.503125,0.4117411413463097,10.46112060546875,10.46112060546875
resnetse5,device:RealWorld_thigh+MotionSense:10+10,192,2,1,22,MotionSense,0.5712890625,0.45585319101699,10.46112060546875,10.46112060546875
resnetse5,device:RealWorld_thigh+MotionSense:10+10,192,2,1,23,RealWorld_thigh,0.5020833333333333,0.4115630921484636,10.46112060546875,10.46112060546875
resnetse5,device:RealWorld_thigh+MotionSense:10+10,192,2,1,23,MotionSense,0.580078125,0.4644890653509599,10.46112060546875,10.46112060546875
resnetse5,device:RealWorld_thigh+MotionSense:10+10,192,2,1,24,RealWorld_thigh,0.5027777777777778,0.4130311839189991,10.46112060546875,10.46112060546875
resnetse5,device:RealWorld_thigh+MotionSense:10+10,192,2,1,24,MotionSense,0.583984375,0.4684040306070068,10.46112060546875,10.46112060546875
resnetse5,device:RealWorld_thigh+MotionSense:10+10,192,2,1,25,RealWorld_thigh,0.503125,0.4137658465207555,10.46112060546875,10.46112060546875
resnetse5,device:RealWorld_thigh+MotionSense:10+10,192,2,1,25,MotionSense,0.5888671875,0.4736558408214242,10.46112060546875,10.46112060546875
resnetse5,device:RealWorld_thigh+MotionSense:10+10,192,2,1,26,RealWorld_thigh,0.5017361111111112,0.4128094711071131,10.46112060546875,10.46112060546875
resnetse5,device:RealWorld_thigh+MotionSense:10+10,192,2,1,26,MotionSense,0.59375,0.4791845817708451,10.46112060546875,10.46112060546875
resnetse5,device:RealWorld_thigh+MotionSense:10+10,192,2,1,27,RealWorld_thigh,0.5017361111111112,0.4140403710435543,10.46112060546875,10.46112060546875
resnetse5,device:RealWorld_thigh+MotionSense:10+10,192,2,1,27,MotionSense,0.6044921875,0.4900297733435937,10.46112060546875,10.46112060546875
resnetse5,device:RealWorld_thigh+MotionSense:10+10,192,2,1,28,RealWorld_thigh,0.4947916666666667,0.4189696484411564,10.46112060546875,10.46112060546875
resnetse5,device:RealWorld_thigh+MotionSense:10+10,192,2,1,28,MotionSense,0.607421875,0.5052822559420708,10.46112060546875,10.46112060546875
resnetse5,device:RealWorld_thigh+MotionSense:10+10,192,2,1,29,RealWorld_thigh,0.5076388888888889,0.432548137541967,10.46112060546875,10.46112060546875
resnetse5,device:RealWorld_thigh+MotionSense:10+10,192,2,1,29,MotionSense,0.611328125,0.501163313542648,10.46112060546875,10.46112060546875
resnetse5,device:RealWorld_thigh+MotionSense:10+10,192,2,1,30,RealWorld_thigh,0.4940972222222222,0.4144544153802889,10.46112060546875,10.46112060546875
resnetse5,device:RealWorld_thigh+MotionSense:10+10,192,2,1,30,MotionSense,0.6103515625,0.4982217128182258,10.46112060546875,10.46112060546875
resnetse5,device:RealWorld_thigh+MotionSense:10+10,192,2,1,31,RealWorld_thigh,0.5263888888888889,0.4738054042005726,10.46112060546875,10.46112060546875
resnetse5,device:RealWorld_thigh+MotionSense:10+10,192,2,1,31,MotionSense,0.634765625,0.5396303409386591,10.46112060546875,10.46112060546875
resnetse5,device:RealWorld_thigh+MotionSense:10+10,192,2,1,32,RealWorld_thigh,0.5059027777777778,0.4282125678865412,10.46112060546875,10.46112060546875
resnetse5,device:RealWorld_thigh+MotionSense:10+10,192,2,1,32,MotionSense,0.6181640625,0.5051357632709096,10.46112060546875,10.46112060546875
resnetse5,device:RealWorld_thigh+MotionSense:10+10,192,2,1,33,RealWorld_thigh,0.4958333333333333,0.414662325003841,10.46112060546875,10.46112060546875
resnetse5,device:RealWorld_thigh+MotionSense:10+10,192,2,1,33,MotionSense,0.6181640625,0.5059625833339679,10.46112060546875,10.46112060546875
resnetse5,device:RealWorld_thigh+MotionSense:10+10,192,2,1,34,RealWorld_thigh,0.4642361111111111,0.4036207125177741,10.46112060546875,10.46112060546875
resnetse5,device:RealWorld_thigh+MotionSense:10+10,192,2,1,34,MotionSense,0.6455078125,0.5611120054318065,10.46112060546875,10.46112060546875
resnetse5,device:RealWorld_thigh+MotionSense:10+10,192,2,1,35,RealWorld_thigh,0.4628472222222222,0.4062142546762193,10.46112060546875,10.46112060546875
resnetse5,device:RealWorld_thigh+MotionSense:10+10,192,2,1,35,MotionSense,0.7001953125,0.6336902572124529,10.46112060546875,10.46112060546875
resnetse5,device:RealWorld_thigh+MotionSense:10+10,192,2,1,36,RealWorld_thigh,0.5,0.4174936132233424,10.46112060546875,10.46112060546875
resnetse5,device:RealWorld_thigh+MotionSense:10+10,192,2,1,36,MotionSense,0.6220703125,0.5098113519952675,10.46112060546875,10.46112060546875
resnetse5,device:RealWorld_thigh+MotionSense:10+10,192,2,1,37,RealWorld_thigh,0.5034722222222222,0.4207727491807171,10.46112060546875,10.46112060546875
resnetse5,device:RealWorld_thigh+MotionSense:10+10,192,2,1,37,MotionSense,0.626953125,0.5191850822156879,10.46112060546875,10.46112060546875
resnetse5,device:RealWorld_thigh+MotionSense:10+10,192,2,1,38,RealWorld_thigh,0.5048611111111111,0.4246262038992219,10.46112060546875,10.46112060546875
resnetse5,device:RealWorld_thigh+MotionSense:10+10,192,2,1,38,MotionSense,0.6318359375,0.5319827308668666,10.46112060546875,10.46112060546875
resnetse5,device:RealWorld_thigh+MotionSense:10+10,192,2,1,39,RealWorld_thigh,0.5059027777777778,0.4267376058458115,10.46112060546875,10.46112060546875
resnetse5,device:RealWorld_thigh+MotionSense:10+10,192,2,1,39,MotionSense,0.63671875,0.5400732200555601,10.46112060546875,10.46112060546875
resnetse5,device:RealWorld_thigh+MotionSense:10+10,192,2,1,40,RealWorld_thigh,0.5222222222222223,0.460845979685003,10.46112060546875,10.46112060546875
resnetse5,device:RealWorld_thigh+MotionSense:10+10,192,2,1,40,MotionSense,0.6533203125,0.5713661157875555,10.46112060546875,10.46112060546875
resnetse5,device:RealWorld_thigh+MotionSense:10+10,192,2,1,41,RealWorld_thigh,0.5618055555555556,0.5290971723594134,10.46112060546875,10.46112060546875
resnetse5,device:RealWorld_thigh+MotionSense:10+10,192,2,1,41,MotionSense,0.7119140625,0.6714097665482391,10.46112060546875,10.46112060546875
resnetse5,device:RealWorld_thigh+MotionSense:10+10,192,2,1,42,RealWorld_thigh,0.51875,0.4486129764196084,10.46112060546875,10.46112060546875
resnetse5,device:RealWorld_thigh+MotionSense:10+10,192,2,1,42,MotionSense,0.6591796875,0.5815044941026196,10.46112060546875,10.46112060546875
resnetse5,device:RealWorld_thigh+MotionSense:10+10,192,2,1,43,RealWorld_thigh,0.521875,0.4543601323487063,10.46112060546875,10.46112060546875
resnetse5,device:RealWorld_thigh+MotionSense:10+10,192,2,1,43,MotionSense,0.671875,0.601382331840965,10.46112060546875,10.46112060546875
resnetse5,device:RealWorld_thigh+MotionSense:10+10,192,2,1,44,RealWorld_thigh,0.5895833333333333,0.5709417593273924,10.46112060546875,10.46112060546875
resnetse5,device:RealWorld_thigh+MotionSense:10+10,192,2,1,44,MotionSense,0.7578125,0.7406698649144641,10.46112060546875,10.46112060546875
resnetse5,device:RealWorld_thigh+MotionSense:10+10,192,2,1,45,RealWorld_thigh,0.5690972222222223,0.5511423348126704,10.46112060546875,10.46112060546875
resnetse5,device:RealWorld_thigh+MotionSense:10+10,192,2,1,45,MotionSense,0.7724609375,0.7594321787740559,10.46112060546875,10.46112060546875
resnetse5,device:RealWorld_thigh+MotionSense:10+10,192,2,1,46,RealWorld_thigh,0.5680555555555555,0.5411291973208758,10.46112060546875,10.46112060546875
resnetse5,device:RealWorld_thigh+MotionSense:10+10,192,2,1,46,MotionSense,0.732421875,0.7048243934818147,10.46112060546875,10.46112060546875
resnetse5,device:RealWorld_thigh+MotionSense:10+10,192,2,1,47,RealWorld_thigh,0.5065972222222223,0.4643493403400586,10.46112060546875,10.46112060546875
resnetse5,device:RealWorld_thigh+MotionSense:10+10,192,2,1,47,MotionSense,0.78515625,0.7727562058443568,10.46112060546875,10.46112060546875
resnetse5,device:RealWorld_thigh+MotionSense:10+10,192,2,1,48,RealWorld_thigh,0.6114583333333333,0.6003143597074209,10.46112060546875,10.46112060546875
resnetse5,device:RealWorld_thigh+MotionSense:10+10,192,2,1,48,MotionSense,0.779296875,0.770570779392128,10.46112060546875,10.46112060546875
resnetse5,device:RealWorld_thigh+MotionSense:10+10,192,2,1,49,RealWorld_thigh,0.5791666666666667,0.55796191498277,10.46112060546875,10.46112060546875
resnetse5,device:RealWorld_thigh+MotionSense:10+10,192,2,1,49,MotionSense,0.7392578125,0.7052205602568077,10.46112060546875,10.46112060546875
resnetse5,device:RealWorld_thigh+MotionSense:10+10,192,2,1,50,RealWorld_thigh,0.5819444444444445,0.5615151418460008,10.46112060546875,10.46112060546875
resnetse5,device:RealWorld_thigh+MotionSense:10+10,192,2,1,50,MotionSense,0.744140625,0.7119057978403758,10.46112060546875,10.46112060546875
resnetse5,device:RealWorld_thigh+MotionSense:10+10,192,2,1,51,RealWorld_thigh,0.5954861111111112,0.58045435535778,10.46112060546875,10.46112060546875
resnetse5,device:RealWorld_thigh+MotionSense:10+10,192,2,1,51,MotionSense,0.7568359375,0.7309831562046541,10.46112060546875,10.46112060546875
resnetse5,device:RealWorld_thigh+MotionSense:10+10,192,2,1,52,RealWorld_thigh,0.6291666666666667,0.6274161249162513,10.46112060546875,10.46112060546875
resnetse5,device:RealWorld_thigh+MotionSense:10+10,192,2,1,52,MotionSense,0.80078125,0.7942252783159311,10.46112060546875,10.46112060546875
resnetse5,device:RealWorld_thigh+MotionSense:10+10,192,2,1,53,RealWorld_thigh,0.6076388888888888,0.5962490870981575,10.46112060546875,10.46112060546875
resnetse5,device:RealWorld_thigh+MotionSense:10+10,192,2,1,53,MotionSense,0.7685546875,0.7477725386404283,10.46112060546875,10.46112060546875
resnetse5,device:RealWorld_thigh+MotionSense:10+10,192,2,1,54,RealWorld_thigh,0.6336805555555556,0.6329990926065514,10.46112060546875,10.46112060546875
resnetse5,device:RealWorld_thigh+MotionSense:10+10,192,2,1,54,MotionSense,0.8125,0.8076807957043918,10.46112060546875,10.46112060546875
resnetse5,device:RealWorld_thigh+MotionSense:10+10,192,2,1,55,RealWorld_thigh,0.6052083333333333,0.5897892218300798,10.46112060546875,10.46112060546875
resnetse5,device:RealWorld_thigh+MotionSense:10+10,192,2,1,55,MotionSense,0.7646484375,0.7345161525664102,10.46112060546875,10.46112060546875
resnetse5,device:RealWorld_thigh+MotionSense:10+10,192,2,1,56,RealWorld_thigh,0.6215277777777778,0.6137286904795625,10.46112060546875,10.46112060546875
resnetse5,device:RealWorld_thigh+MotionSense:10+10,192,2,1,56,MotionSense,0.7861328125,0.7694329394934244,10.46112060546875,10.46112060546875
resnetse5,device:RealWorld_thigh+MotionSense:10+10,192,2,1,57,RealWorld_thigh,0.6194444444444445,0.6091405711179451,10.46112060546875,10.46112060546875
resnetse5,device:RealWorld_thigh+MotionSense:10+10,192,2,1,57,MotionSense,0.78125,0.7608307523293747,10.46112060546875,10.46112060546875
resnetse5,device:RealWorld_thigh+MotionSense:10+10,192,2,1,58,RealWorld_thigh,0.6163194444444444,0.6031004782559811,10.46112060546875,10.46112060546875
resnetse5,device:RealWorld_thigh+MotionSense:10+10,192,2,1,58,MotionSense,0.7734375,0.7448558090366794,10.46112060546875,10.46112060546875
resnetse5,device:RealWorld_thigh+MotionSense:10+10,192,2,1,59,RealWorld_thigh,0.6163194444444444,0.6011373828825183,10.46112060546875,10.46112060546875
resnetse5,device:RealWorld_thigh+MotionSense:10+10,192,2,1,59,MotionSense,0.7685546875,0.7334250285986519,10.46112060546875,10.46112060546875
resnetse5,device:RealWorld_thigh+MotionSense:10+10,192,2,1,60,RealWorld_thigh,0.5614583333333333,0.533122115287238,10.46112060546875,10.46112060546875
resnetse5,device:RealWorld_thigh+MotionSense:10+10,192,2,1,60,MotionSense,0.8486328125,0.8469832009928965,10.46112060546875,10.46112060546875
resnetse5,device:RealWorld_thigh+MotionSense:10+10,192,2,1,61,RealWorld_thigh,0.6208333333333333,0.6077268486320119,10.46112060546875,10.46112060546875
resnetse5,device:RealWorld_thigh+MotionSense:10+10,192,2,1,61,MotionSense,0.77734375,0.749352249976417,10.46112060546875,10.46112060546875
resnetse5,device:RealWorld_thigh+MotionSense:10+10,192,2,1,62,RealWorld_thigh,0.6309027777777778,0.6225114162088884,10.46112060546875,10.46112060546875
resnetse5,device:RealWorld_thigh+MotionSense:10+10,192,2,1,62,MotionSense,0.791015625,0.7733376300390388,10.46112060546875,10.46112060546875
resnetse5,device:RealWorld_thigh+MotionSense:10+10,192,2,1,63,RealWorld_thigh,0.6246527777777777,0.6117231881819635,10.46112060546875,10.46112060546875
resnetse5,device:RealWorld_thigh+MotionSense:10+10,192,2,1,63,MotionSense,0.78125,0.7534922448318829,10.46112060546875,10.46112060546875
resnetse5,device:RealWorld_thigh+MotionSense:10+10,192,2,1,64,RealWorld_thigh,0.6791666666666667,0.6795543786978328,10.46112060546875,10.46112060546875
resnetse5,device:RealWorld_thigh+MotionSense:10+10,192,2,1,64,MotionSense,0.8212890625,0.8149056650175903,10.46112060546875,10.46112060546875
resnetse5,device:RealWorld_thigh+MotionSense:10+10,192,2,1,65,RealWorld_thigh,0.6402777777777777,0.6345649190707827,10.46112060546875,10.46112060546875
resnetse5,device:RealWorld_thigh+MotionSense:10+10,192,2,1,65,MotionSense,0.806640625,0.7951521861166482,10.46112060546875,10.46112060546875
resnetse5,device:RealWorld_thigh+MotionSense:10+10,192,2,1,66,RealWorld_thigh,0.6444444444444445,0.6389046716976616,10.46112060546875,10.46112060546875
resnetse5,device:RealWorld_thigh+MotionSense:10+10,192,2,1,66,MotionSense,0.80859375,0.7971322842643319,10.46112060546875,10.46112060546875
resnetse5,device:RealWorld_thigh+MotionSense:10+10,192,2,1,67,RealWorld_thigh,0.6402777777777777,0.6314946065623132,10.46112060546875,10.46112060546875
resnetse5,device:RealWorld_thigh+MotionSense:10+10,192,2,1,67,MotionSense,0.79296875,0.7732773235329168,10.46112060546875,10.46112060546875
resnetse5,device:RealWorld_thigh+MotionSense:10+10,192,2,1,68,RealWorld_thigh,0.6388888888888888,0.6296765127514654,10.46112060546875,10.46112060546875
resnetse5,device:RealWorld_thigh+MotionSense:10+10,192,2,1,68,MotionSense,0.791015625,0.7691539167646072,10.46112060546875,10.46112060546875
resnetse5,device:RealWorld_thigh+MotionSense:10+10,192,2,1,69,RealWorld_thigh,0.6361111111111111,0.6223633759038033,10.46112060546875,10.46112060546875
resnetse5,device:RealWorld_thigh+MotionSense:10+10,192,2,1,69,MotionSense,0.78125,0.7480943410846902,10.46112060546875,10.46112060546875
resnetse5,device:RealWorld_thigh+MotionSense:10+10,192,2,1,70,RealWorld_thigh,0.6427083333333333,0.6337385627266238,10.46112060546875,10.46112060546875
resnetse5,device:RealWorld_thigh+MotionSense:10+10,192,2,1,70,MotionSense,0.7958984375,0.7745122826188914,10.46112060546875,10.46112060546875
resnetse5,device:RealWorld_thigh+MotionSense:10+10,192,2,1,71,RealWorld_thigh,0.6315972222222223,0.6127563476721221,10.46112060546875,10.46112060546875
resnetse5,device:RealWorld_thigh+MotionSense:10+10,192,2,1,71,MotionSense,0.7763671875,0.7355326411801344,10.46112060546875,10.46112060546875
resnetse5,device:RealWorld_thigh+MotionSense:10+10,192,2,1,72,RealWorld_thigh,0.6503472222222222,0.6442788977515986,10.46112060546875,10.46112060546875
resnetse5,device:RealWorld_thigh+MotionSense:10+10,192,2,1,72,MotionSense,0.80078125,0.7827720594166613,10.46112060546875,10.46112060546875
resnetse5,device:RealWorld_thigh+MotionSense:10+10,192,2,1,73,RealWorld_thigh,0.640625,0.6287521656332552,10.46112060546875,10.46112060546875
resnetse5,device:RealWorld_thigh+MotionSense:10+10,192,2,1,73,MotionSense,0.787109375,0.7587361386825883,10.46112060546875,10.46112060546875
resnetse5,device:RealWorld_thigh+MotionSense:10+10,192,2,1,74,RealWorld_thigh,0.640625,0.6249447465305547,10.46112060546875,10.46112060546875
resnetse5,device:RealWorld_thigh+MotionSense:10+10,192,2,1,74,MotionSense,0.779296875,0.7437567202370646,10.46112060546875,10.46112060546875
resnetse5,device:RealWorld_thigh+MotionSense:10+10,192,2,1,75,RealWorld_thigh,0.6423611111111112,0.6255555334534855,10.46112060546875,10.46112060546875
resnetse5,device:RealWorld_thigh+MotionSense:10+10,192,2,1,75,MotionSense,0.7822265625,0.744324135271255,10.46112060546875,10.46112060546875
resnetse5,device:RealWorld_thigh+MotionSense:10+10,192,2,1,76,RealWorld_thigh,0.6461805555555555,0.6342858036937764,10.46112060546875,10.46112060546875
resnetse5,device:RealWorld_thigh+MotionSense:10+10,192,2,1,76,MotionSense,0.7890625,0.7606045338733726,10.46112060546875,10.46112060546875
resnetse5,device:RealWorld_thigh+MotionSense:10+10,192,2,1,77,RealWorld_thigh,0.640625,0.6214140833843594,10.46112060546875,10.46112060546875
resnetse5,device:RealWorld_thigh+MotionSense:10+10,192,2,1,77,MotionSense,0.779296875,0.738683369062685,10.46112060546875,10.46112060546875
resnetse5,device:RealWorld_thigh+MotionSense:10+10,192,2,1,78,RealWorld_thigh,0.6430555555555556,0.623972801025016,10.46112060546875,10.46112060546875
resnetse5,device:RealWorld_thigh+MotionSense:10+10,192,2,1,78,MotionSense,0.7802734375,0.7397514966743103,10.46112060546875,10.46112060546875
resnetse5,device:RealWorld_thigh+MotionSense:10+10,192,2,1,79,RealWorld_thigh,0.6440972222222222,0.6265193498225067,10.46112060546875,10.46112060546875
resnetse5,device:RealWorld_thigh+MotionSense:10+10,192,2,1,79,MotionSense,0.783203125,0.746150550662736,10.46112060546875,10.46112060546875
resnetse5,device:RealWorld_thigh+MotionSense:10+10,192,2,1,80,RealWorld_thigh,0.6618055555555555,0.6563502202532648,10.46112060546875,10.46112060546875
resnetse5,device:RealWorld_thigh+MotionSense:10+10,192,2,1,80,MotionSense,0.8173828125,0.8060849974001721,10.46112060546875,10.46112060546875
resnetse5,device:RealWorld_thigh+MotionSense:10+10,192,2,1,81,RealWorld_thigh,0.6513888888888889,0.6371217528589779,10.46112060546875,10.46112060546875
resnetse5,device:RealWorld_thigh+MotionSense:10+10,192,2,1,81,MotionSense,0.7861328125,0.7532466009394412,10.46112060546875,10.46112060546875
resnetse5,device:RealWorld_thigh+MotionSense:10+10,192,2,1,82,RealWorld_thigh,0.6565972222222223,0.6465751894395193,10.46112060546875,10.46112060546875
resnetse5,device:RealWorld_thigh+MotionSense:10+10,192,2,1,82,MotionSense,0.7958984375,0.7720023495258399,10.46112060546875,10.46112060546875
resnetse5,device:RealWorld_thigh+MotionSense:10+10,192,2,1,83,RealWorld_thigh,0.659375,0.6496253837024338,10.46112060546875,10.46112060546875
resnetse5,device:RealWorld_thigh+MotionSense:10+10,192,2,1,83,MotionSense,0.796875,0.7743031442630258,10.46112060546875,10.46112060546875
resnetse5,device:RealWorld_thigh+MotionSense:10+10,192,2,1,84,RealWorld_thigh,0.6607638888888889,0.6508194053677822,10.46112060546875,10.46112060546875
resnetse5,device:RealWorld_thigh+MotionSense:10+10,192,2,1,84,MotionSense,0.79296875,0.7690672630144973,10.46112060546875,10.46112060546875
resnetse5,device:RealWorld_thigh+MotionSense:10+10,192,2,1,85,RealWorld_thigh,0.68125,0.6808652709465006,10.46112060546875,10.46112060546875
resnetse5,device:RealWorld_thigh+MotionSense:10+10,192,2,1,85,MotionSense,0.828125,0.8254095251197432,10.46112060546875,10.46112060546875
resnetse5,device:RealWorld_thigh+MotionSense:10+10,192,2,1,86,RealWorld_thigh,0.6628472222222223,0.6525157991494005,10.46112060546875,10.46112060546875
resnetse5,device:RealWorld_thigh+MotionSense:10+10,192,2,1,86,MotionSense,0.79296875,0.7685992562554863,10.46112060546875,10.46112060546875
resnetse5,device:RealWorld_thigh+MotionSense:10+10,192,2,1,87,RealWorld_thigh,0.6666666666666666,0.6568595902826683,10.46112060546875,10.46112060546875
resnetse5,device:RealWorld_thigh+MotionSense:10+10,192,2,1,87,MotionSense,0.796875,0.7733636319564896,10.46112060546875,10.46112060546875
resnetse5,device:RealWorld_thigh+MotionSense:10+10,192,2,1,88,RealWorld_thigh,0.6670138888888889,0.6586435865334349,10.46112060546875,10.46112060546875
resnetse5,device:RealWorld_thigh+MotionSense:10+10,192,2,1,88,MotionSense,0.8017578125,0.782581773725009,10.46112060546875,10.46112060546875
resnetse5,device:RealWorld_thigh+MotionSense:10+10,192,2,1,89,RealWorld_thigh,0.6631944444444444,0.6498538526525744,10.46112060546875,10.46112060546875
resnetse5,device:RealWorld_thigh+MotionSense:10+10,192,2,1,89,MotionSense,0.7841796875,0.7520423990362607,10.46112060546875,10.46112060546875
resnetse5,device:RealWorld_thigh+MotionSense:10+10,192,2,1,90,RealWorld_thigh,0.6625,0.6494212472845571,10.46112060546875,10.46112060546875
resnetse5,device:RealWorld_thigh+MotionSense:10+10,192,2,1,90,MotionSense,0.7880859375,0.7563154719079123,10.46112060546875,10.46112060546875
resnetse5,device:RealWorld_thigh+MotionSense:10+10,192,2,1,91,RealWorld_thigh,0.6670138888888889,0.6562242277280336,10.46112060546875,10.46112060546875
resnetse5,device:RealWorld_thigh+MotionSense:10+10,192,2,1,91,MotionSense,0.7978515625,0.7739446797929984,10.46112060546875,10.46112060546875
resnetse5,device:RealWorld_thigh+MotionSense:10+10,192,2,1,92,RealWorld_thigh,0.6621527777777778,0.6459912913502884,10.46112060546875,10.46112060546875
resnetse5,device:RealWorld_thigh+MotionSense:10+10,192,2,1,92,MotionSense,0.7822265625,0.7455652770403568,10.46112060546875,10.46112060546875
resnetse5,device:RealWorld_thigh+MotionSense:10+10,192,2,1,93,RealWorld_thigh,0.6628472222222223,0.6468599872831319,10.46112060546875,10.46112060546875
resnetse5,device:RealWorld_thigh+MotionSense:10+10,192,2,1,93,MotionSense,0.7841796875,0.7475561532144552,10.46112060546875,10.46112060546875
resnetse5,device:RealWorld_thigh+MotionSense:10+10,192,2,1,94,RealWorld_thigh,0.6697916666666667,0.6581157423491827,10.46112060546875,10.46112060546875
resnetse5,device:RealWorld_thigh+MotionSense:10+10,192,2,1,94,MotionSense,0.796875,0.7709261263490607,10.46112060546875,10.46112060546875
resnetse5,device:RealWorld_thigh+MotionSense:10+10,192,2,1,95,RealWorld_thigh,0.6666666666666666,0.6521983577285327,10.46112060546875,10.46112060546875
resnetse5,device:RealWorld_thigh+MotionSense:10+10,192,2,1,95,MotionSense,0.7861328125,0.754129748416467,10.46112060546875,10.46112060546875
resnetse5,device:RealWorld_thigh+MotionSense:10+10,192,2,1,96,RealWorld_thigh,0.6704861111111111,0.6590206219367394,10.46112060546875,10.46112060546875
resnetse5,device:RealWorld_thigh+MotionSense:10+10,192,2,1,96,MotionSense,0.796875,0.7720311755836087,10.46112060546875,10.46112060546875
resnetse5,device:RealWorld_thigh+MotionSense:10+10,192,2,1,97,RealWorld_thigh,0.6659722222222222,0.6485686423361152,10.46112060546875,10.46112060546875
resnetse5,device:RealWorld_thigh+MotionSense:10+10,192,2,1,97,MotionSense,0.7822265625,0.7433405268104488,10.46112060546875,10.46112060546875
resnetse5,device:RealWorld_thigh+MotionSense:10+10,192,2,1,98,RealWorld_thigh,0.6743055555555556,0.6631164748707798,10.46112060546875,10.46112060546875
resnetse5,device:RealWorld_thigh+MotionSense:10+10,192,2,1,98,MotionSense,0.794921875,0.769417706044203,10.46112060546875,10.46112060546875
resnetse5,device:RealWorld_thigh+MotionSense:10+10,192,2,1,99,RealWorld_thigh,0.6746527777777778,0.6626207356398253,10.46112060546875,10.46112060546875
resnetse5,device:RealWorld_thigh+MotionSense:10+10,192,2,1,99,MotionSense,0.7919921875,0.764533421544475,10.46112060546875,10.46112060546875
resnetse5,device:RealWorld_thigh+MotionSense:10+10,192,2,1,100,RealWorld_thigh,0.6875,0.6836344364479223,10.46112060546875,10.46112060546875
resnetse5,device:RealWorld_thigh+MotionSense:10+10,192,2,1,100,MotionSense,0.826171875,0.8183634051193739,10.46112060546875,10.46112060546875
resnetse5,device:RealWorld_thigh+MotionSense:10+10,192,3,1,1,RealWorld_thigh,0.1642361111111111,0.0882285822363112,10.46112060546875,10.46112060546875
resnetse5,device:RealWorld_thigh+MotionSense:10+10,192,3,1,1,MotionSense,0.228515625,0.1208366631503798,10.46112060546875,10.46112060546875
resnetse5,device:RealWorld_thigh+MotionSense:10+10,192,3,1,2,RealWorld_thigh,0.1447916666666666,0.0700083048980844,10.46112060546875,10.46112060546875
resnetse5,device:RealWorld_thigh+MotionSense:10+10,192,3,1,2,MotionSense,0.1875,0.0851934333350398,10.46112060546875,10.46112060546875
resnetse5,device:RealWorld_thigh+MotionSense:10+10,192,3,1,3,RealWorld_thigh,0.1416666666666666,0.0654238555283174,10.46112060546875,10.46112060546875
resnetse5,device:RealWorld_thigh+MotionSense:10+10,192,3,1,3,MotionSense,0.1806640625,0.0787878787878787,10.46112060546875,10.46112060546875
resnetse5,device:RealWorld_thigh+MotionSense:10+10,192,3,1,4,RealWorld_thigh,0.1430555555555555,0.0669590916059608,10.46112060546875,10.46112060546875
resnetse5,device:RealWorld_thigh+MotionSense:10+10,192,3,1,4,MotionSense,0.1796875,0.0788278987065875,10.46112060546875,10.46112060546875
resnetse5,device:RealWorld_thigh+MotionSense:10+10,192,3,1,5,RealWorld_thigh,0.1482638888888889,0.0754561773995598,10.46112060546875,10.46112060546875
resnetse5,device:RealWorld_thigh+MotionSense:10+10,192,3,1,5,MotionSense,0.185546875,0.0841156972760772,10.46112060546875,10.46112060546875
resnetse5,device:RealWorld_thigh+MotionSense:10+10,192,3,1,6,RealWorld_thigh,0.15625,0.088448426139055,10.46112060546875,10.46112060546875
resnetse5,device:RealWorld_thigh+MotionSense:10+10,192,3,1,6,MotionSense,0.2138671875,0.1271457537479978,10.46112060546875,10.46112060546875
resnetse5,device:RealWorld_thigh+MotionSense:10+10,192,3,1,7,RealWorld_thigh,0.2840277777777777,0.1873233122753539,10.46112060546875,10.46112060546875
resnetse5,device:RealWorld_thigh+MotionSense:10+10,192,3,1,7,MotionSense,0.3837890625,0.2537283779512884,10.46112060546875,10.46112060546875
resnetse5,device:RealWorld_thigh+MotionSense:10+10,192,3,1,8,RealWorld_thigh,0.346875,0.2310113204846573,10.46112060546875,10.46112060546875
resnetse5,device:RealWorld_thigh+MotionSense:10+10,192,3,1,8,MotionSense,0.4287109375,0.279180285351176,10.46112060546875,10.46112060546875
resnetse5,device:RealWorld_thigh+MotionSense:10+10,192,3,1,9,RealWorld_thigh,0.359375,0.2338565438950783,10.46112060546875,10.46112060546875
resnetse5,device:RealWorld_thigh+MotionSense:10+10,192,3,1,9,MotionSense,0.4404296875,0.2855718936092283,10.46112060546875,10.46112060546875
resnetse5,device:RealWorld_thigh+MotionSense:10+10,192,3,1,10,RealWorld_thigh,0.3833333333333333,0.2744517046518668,10.46112060546875,10.46112060546875
resnetse5,device:RealWorld_thigh+MotionSense:10+10,192,3,1,10,MotionSense,0.4609375,0.3029989344720469,10.46112060546875,10.46112060546875
resnetse5,device:RealWorld_thigh+MotionSense:10+10,192,3,1,11,RealWorld_thigh,0.4097222222222222,0.3055360819390731,10.46112060546875,10.46112060546875
resnetse5,device:RealWorld_thigh+MotionSense:10+10,192,3,1,11,MotionSense,0.4697265625,0.3089827559064767,10.46112060546875,10.46112060546875
resnetse5,device:RealWorld_thigh+MotionSense:10+10,192,3,1,12,RealWorld_thigh,0.4381944444444444,0.3396433106942202,10.46112060546875,10.46112060546875
resnetse5,device:RealWorld_thigh+MotionSense:10+10,192,3,1,12,MotionSense,0.4814453125,0.3244182373742576,10.46112060546875,10.46112060546875
resnetse5,device:RealWorld_thigh+MotionSense:10+10,192,3,1,13,RealWorld_thigh,0.4694444444444444,0.3842279601321515,10.46112060546875,10.46112060546875
resnetse5,device:RealWorld_thigh+MotionSense:10+10,192,3,1,13,MotionSense,0.4853515625,0.3342069281183338,10.46112060546875,10.46112060546875
resnetse5,device:RealWorld_thigh+MotionSense:10+10,192,3,1,14,RealWorld_thigh,0.4958333333333333,0.4120352344856918,10.46112060546875,10.46112060546875
resnetse5,device:RealWorld_thigh+MotionSense:10+10,192,3,1,14,MotionSense,0.490234375,0.351593908475781,10.46112060546875,10.46112060546875
resnetse5,device:RealWorld_thigh+MotionSense:10+10,192,3,1,15,RealWorld_thigh,0.5534722222222223,0.4921208778705194,10.46112060546875,10.46112060546875
resnetse5,device:RealWorld_thigh+MotionSense:10+10,192,3,1,15,MotionSense,0.4912109375,0.3696326986207396,10.46112060546875,10.46112060546875
resnetse5,device:RealWorld_thigh+MotionSense:10+10,192,3,1,16,RealWorld_thigh,0.5444444444444444,0.4753940920710077,10.46112060546875,10.46112060546875
resnetse5,device:RealWorld_thigh+MotionSense:10+10,192,3,1,16,MotionSense,0.5009765625,0.3889721872859001,10.46112060546875,10.46112060546875
resnetse5,device:RealWorld_thigh+MotionSense:10+10,192,3,1,17,RealWorld_thigh,0.5784722222222223,0.5300328096110257,10.46112060546875,10.46112060546875
resnetse5,device:RealWorld_thigh+MotionSense:10+10,192,3,1,17,MotionSense,0.501953125,0.396815713287523,10.46112060546875,10.46112060546875
resnetse5,device:RealWorld_thigh+MotionSense:10+10,192,3,1,18,RealWorld_thigh,0.5128472222222222,0.4791513802889521,10.46112060546875,10.46112060546875
resnetse5,device:RealWorld_thigh+MotionSense:10+10,192,3,1,18,MotionSense,0.498046875,0.3987809925921673,10.46112060546875,10.46112060546875
resnetse5,device:RealWorld_thigh+MotionSense:10+10,192,3,1,19,RealWorld_thigh,0.4684027777777778,0.4196470719971908,10.46112060546875,10.46112060546875
resnetse5,device:RealWorld_thigh+MotionSense:10+10,192,3,1,19,MotionSense,0.4833984375,0.3900152118164107,10.46112060546875,10.46112060546875
resnetse5,device:RealWorld_thigh+MotionSense:10+10,192,3,1,20,RealWorld_thigh,0.5413194444444445,0.4859332881334752,10.46112060546875,10.46112060546875
resnetse5,device:RealWorld_thigh+MotionSense:10+10,192,3,1,20,MotionSense,0.4892578125,0.3869866662908529,10.46112060546875,10.46112060546875
resnetse5,device:RealWorld_thigh+MotionSense:10+10,192,3,1,21,RealWorld_thigh,0.5243055555555556,0.4495504090273912,10.46112060546875,10.46112060546875
resnetse5,device:RealWorld_thigh+MotionSense:10+10,192,3,1,21,MotionSense,0.484375,0.3800818268634121,10.46112060546875,10.46112060546875
resnetse5,device:RealWorld_thigh+MotionSense:10+10,192,3,1,22,RealWorld_thigh,0.5291666666666667,0.4577277906179319,10.46112060546875,10.46112060546875
resnetse5,device:RealWorld_thigh+MotionSense:10+10,192,3,1,22,MotionSense,0.4833984375,0.3795158998484778,10.46112060546875,10.46112060546875
resnetse5,device:RealWorld_thigh+MotionSense:10+10,192,3,1,23,RealWorld_thigh,0.5288194444444444,0.4581581149630088,10.46112060546875,10.46112060546875
resnetse5,device:RealWorld_thigh+MotionSense:10+10,192,3,1,23,MotionSense,0.4892578125,0.388380465527812,10.46112060546875,10.46112060546875
resnetse5,device:RealWorld_thigh+MotionSense:10+10,192,3,1,24,RealWorld_thigh,0.5291666666666667,0.4601035327953253,10.46112060546875,10.46112060546875
resnetse5,device:RealWorld_thigh+MotionSense:10+10,192,3,1,24,MotionSense,0.4970703125,0.3998787775394645,10.46112060546875,10.46112060546875
resnetse5,device:RealWorld_thigh+MotionSense:10+10,192,3,1,25,RealWorld_thigh,0.5763888888888888,0.5523782250408308,10.46112060546875,10.46112060546875
resnetse5,device:RealWorld_thigh+MotionSense:10+10,192,3,1,25,MotionSense,0.509765625,0.4256195782173523,10.46112060546875,10.46112060546875
resnetse5,device:RealWorld_thigh+MotionSense:10+10,192,3,1,26,RealWorld_thigh,0.5364583333333334,0.4732750871054542,10.46112060546875,10.46112060546875
resnetse5,device:RealWorld_thigh+MotionSense:10+10,192,3,1,26,MotionSense,0.5185546875,0.4303655507026755,10.46112060546875,10.46112060546875
resnetse5,device:RealWorld_thigh+MotionSense:10+10,192,3,1,27,RealWorld_thigh,0.5371527777777778,0.4704591809905187,10.46112060546875,10.46112060546875
resnetse5,device:RealWorld_thigh+MotionSense:10+10,192,3,1,27,MotionSense,0.525390625,0.4405034428311716,10.46112060546875,10.46112060546875
resnetse5,device:RealWorld_thigh+MotionSense:10+10,192,3,1,28,RealWorld_thigh,0.5427083333333333,0.4784544213316568,10.46112060546875,10.46112060546875
resnetse5,device:RealWorld_thigh+MotionSense:10+10,192,3,1,28,MotionSense,0.5283203125,0.4444266545470083,10.46112060546875,10.46112060546875
resnetse5,device:RealWorld_thigh+MotionSense:10+10,192,3,1,29,RealWorld_thigh,0.5444444444444444,0.4816767295751216,10.46112060546875,10.46112060546875
resnetse5,device:RealWorld_thigh+MotionSense:10+10,192,3,1,29,MotionSense,0.5341796875,0.452464156827298,10.46112060546875,10.46112060546875
resnetse5,device:RealWorld_thigh+MotionSense:10+10,192,3,1,30,RealWorld_thigh,0.55,0.4902573047854044,10.46112060546875,10.46112060546875
resnetse5,device:RealWorld_thigh+MotionSense:10+10,192,3,1,30,MotionSense,0.5478515625,0.4712493845450878,10.46112060546875,10.46112060546875
resnetse5,device:RealWorld_thigh+MotionSense:10+10,192,3,1,31,RealWorld_thigh,0.55,0.4946945831926683,10.46112060546875,10.46112060546875
resnetse5,device:RealWorld_thigh+MotionSense:10+10,192,3,1,31,MotionSense,0.5625,0.490162603731135,10.46112060546875,10.46112060546875
resnetse5,device:RealWorld_thigh+MotionSense:10+10,192,3,1,32,RealWorld_thigh,0.5569444444444445,0.5079471374037272,10.46112060546875,10.46112060546875
resnetse5,device:RealWorld_thigh+MotionSense:10+10,192,3,1,32,MotionSense,0.580078125,0.5126671030576891,10.46112060546875,10.46112060546875
resnetse5,device:RealWorld_thigh+MotionSense:10+10,192,3,1,33,RealWorld_thigh,0.5756944444444444,0.546375014440816,10.46112060546875,10.46112060546875
resnetse5,device:RealWorld_thigh+MotionSense:10+10,192,3,1,33,MotionSense,0.591796875,0.5371198360300607,10.46112060546875,10.46112060546875
resnetse5,device:RealWorld_thigh+MotionSense:10+10,192,3,1,34,RealWorld_thigh,0.5625,0.5112230700082854,10.46112060546875,10.46112060546875
resnetse5,device:RealWorld_thigh+MotionSense:10+10,192,3,1,34,MotionSense,0.5986328125,0.535236870533683,10.46112060546875,10.46112060546875
resnetse5,device:RealWorld_thigh+MotionSense:10+10,192,3,1,35,RealWorld_thigh,0.5666666666666667,0.5127178982772256,10.46112060546875,10.46112060546875
resnetse5,device:RealWorld_thigh+MotionSense:10+10,192,3,1,35,MotionSense,0.6220703125,0.5606409777078246,10.46112060546875,10.46112060546875
resnetse5,device:RealWorld_thigh+MotionSense:10+10,192,3,1,36,RealWorld_thigh,0.5743055555555555,0.5233999990822733,10.46112060546875,10.46112060546875
resnetse5,device:RealWorld_thigh+MotionSense:10+10,192,3,1,36,MotionSense,0.6337890625,0.5735766267990654,10.46112060546875,10.46112060546875
resnetse5,device:RealWorld_thigh+MotionSense:10+10,192,3,1,37,RealWorld_thigh,0.575,0.5263398293993998,10.46112060546875,10.46112060546875
resnetse5,device:RealWorld_thigh+MotionSense:10+10,192,3,1,37,MotionSense,0.65234375,0.5939560671337542,10.46112060546875,10.46112060546875
resnetse5,device:RealWorld_thigh+MotionSense:10+10,192,3,1,38,RealWorld_thigh,0.5777777777777777,0.5313129161706058,10.46112060546875,10.46112060546875
resnetse5,device:RealWorld_thigh+MotionSense:10+10,192,3,1,38,MotionSense,0.6611328125,0.6036275991205912,10.46112060546875,10.46112060546875
resnetse5,device:RealWorld_thigh+MotionSense:10+10,192,3,1,39,RealWorld_thigh,0.5784722222222223,0.5293657499958347,10.46112060546875,10.46112060546875
resnetse5,device:RealWorld_thigh+MotionSense:10+10,192,3,1,39,MotionSense,0.66796875,0.6096195283904445,10.46112060546875,10.46112060546875
resnetse5,device:RealWorld_thigh+MotionSense:10+10,192,3,1,40,RealWorld_thigh,0.5864583333333333,0.5443805021348367,10.46112060546875,10.46112060546875
resnetse5,device:RealWorld_thigh+MotionSense:10+10,192,3,1,40,MotionSense,0.6875,0.6315476806432868,10.46112060546875,10.46112060546875
resnetse5,device:RealWorld_thigh+MotionSense:10+10,192,3,1,41,RealWorld_thigh,0.5934027777777777,0.5526025054718325,10.46112060546875,10.46112060546875
resnetse5,device:RealWorld_thigh+MotionSense:10+10,192,3,1,41,MotionSense,0.6953125,0.6392184175371712,10.46112060546875,10.46112060546875
resnetse5,device:RealWorld_thigh+MotionSense:10+10,192,3,1,42,RealWorld_thigh,0.6072916666666667,0.5786451667625138,10.46112060546875,10.46112060546875
resnetse5,device:RealWorld_thigh+MotionSense:10+10,192,3,1,42,MotionSense,0.7041015625,0.6509347625252236,10.46112060546875,10.46112060546875
resnetse5,device:RealWorld_thigh+MotionSense:10+10,192,3,1,43,RealWorld_thigh,0.6118055555555556,0.571483189903319,10.46112060546875,10.46112060546875
resnetse5,device:RealWorld_thigh+MotionSense:10+10,192,3,1,43,MotionSense,0.712890625,0.6575016645510556,10.46112060546875,10.46112060546875
resnetse5,device:RealWorld_thigh+MotionSense:10+10,192,3,1,44,RealWorld_thigh,0.6131944444444445,0.5750059703620847,10.46112060546875,10.46112060546875
resnetse5,device:RealWorld_thigh+MotionSense:10+10,192,3,1,44,MotionSense,0.71875,0.6635167249631254,10.46112060546875,10.46112060546875
resnetse5,device:RealWorld_thigh+MotionSense:10+10,192,3,1,45,RealWorld_thigh,0.6375,0.6235667089045793,10.46112060546875,10.46112060546875
resnetse5,device:RealWorld_thigh+MotionSense:10+10,192,3,1,45,MotionSense,0.73828125,0.700657714636166,10.46112060546875,10.46112060546875
resnetse5,device:RealWorld_thigh+MotionSense:10+10,192,3,1,46,RealWorld_thigh,0.621875,0.5771456530941679,10.46112060546875,10.46112060546875
resnetse5,device:RealWorld_thigh+MotionSense:10+10,192,3,1,46,MotionSense,0.7314453125,0.6775944260848329,10.46112060546875,10.46112060546875
resnetse5,device:RealWorld_thigh+MotionSense:10+10,192,3,1,47,RealWorld_thigh,0.5788194444444444,0.5662816623608963,10.46112060546875,10.46112060546875
resnetse5,device:RealWorld_thigh+MotionSense:10+10,192,3,1,47,MotionSense,0.791015625,0.7892415623224976,10.46112060546875,10.46112060546875
resnetse5,device:RealWorld_thigh+MotionSense:10+10,192,3,1,48,RealWorld_thigh,0.5871527777777777,0.5713598855033409,10.46112060546875,10.46112060546875
resnetse5,device:RealWorld_thigh+MotionSense:10+10,192,3,1,48,MotionSense,0.794921875,0.7948982359370204,10.46112060546875,10.46112060546875
resnetse5,device:RealWorld_thigh+MotionSense:10+10,192,3,1,49,RealWorld_thigh,0.6447916666666667,0.6145150673355085,10.46112060546875,10.46112060546875
resnetse5,device:RealWorld_thigh+MotionSense:10+10,192,3,1,49,MotionSense,0.7451171875,0.6973507692469391,10.46112060546875,10.46112060546875
resnetse5,device:RealWorld_thigh+MotionSense:10+10,192,3,1,50,RealWorld_thigh,0.6423611111111112,0.6013301188176694,10.46112060546875,10.46112060546875
resnetse5,device:RealWorld_thigh+MotionSense:10+10,192,3,1,50,MotionSense,0.7431640625,0.6907742028195755,10.46112060546875,10.46112060546875
resnetse5,device:RealWorld_thigh+MotionSense:10+10,192,3,1,51,RealWorld_thigh,0.6458333333333334,0.610467831599249,10.46112060546875,10.46112060546875
resnetse5,device:RealWorld_thigh+MotionSense:10+10,192,3,1,51,MotionSense,0.7431640625,0.6909393147335249,10.46112060546875,10.46112060546875
resnetse5,device:RealWorld_thigh+MotionSense:10+10,192,3,1,52,RealWorld_thigh,0.6479166666666667,0.6123661719159279,10.46112060546875,10.46112060546875
resnetse5,device:RealWorld_thigh+MotionSense:10+10,192,3,1,52,MotionSense,0.7451171875,0.6931230489858331,10.46112060546875,10.46112060546875
resnetse5,device:RealWorld_thigh+MotionSense:10+10,192,3,1,53,RealWorld_thigh,0.6447916666666667,0.6042489844131952,10.46112060546875,10.46112060546875
resnetse5,device:RealWorld_thigh+MotionSense:10+10,192,3,1,53,MotionSense,0.74609375,0.6972347869777492,10.46112060546875,10.46112060546875
resnetse5,device:RealWorld_thigh+MotionSense:10+10,192,3,1,54,RealWorld_thigh,0.6736111111111112,0.6648029050378764,10.46112060546875,10.46112060546875
resnetse5,device:RealWorld_thigh+MotionSense:10+10,192,3,1,54,MotionSense,0.775390625,0.7555621241497255,10.46112060546875,10.46112060546875
resnetse5,device:RealWorld_thigh+MotionSense:10+10,192,3,1,55,RealWorld_thigh,0.6635416666666667,0.6367553263107651,10.46112060546875,10.46112060546875
resnetse5,device:RealWorld_thigh+MotionSense:10+10,192,3,1,55,MotionSense,0.7548828125,0.7105865677398691,10.46112060546875,10.46112060546875
resnetse5,device:RealWorld_thigh+MotionSense:10+10,192,3,1,56,RealWorld_thigh,0.6635416666666667,0.6347734171115214,10.46112060546875,10.46112060546875
resnetse5,device:RealWorld_thigh+MotionSense:10+10,192,3,1,56,MotionSense,0.75390625,0.7086880464596034,10.46112060546875,10.46112060546875
resnetse5,device:RealWorld_thigh+MotionSense:10+10,192,3,1,57,RealWorld_thigh,0.6138888888888889,0.5957612960321922,10.46112060546875,10.46112060546875
resnetse5,device:RealWorld_thigh+MotionSense:10+10,192,3,1,57,MotionSense,0.8095703125,0.8044652873359208,10.46112060546875,10.46112060546875
resnetse5,device:RealWorld_thigh+MotionSense:10+10,192,3,1,58,RealWorld_thigh,0.6572916666666667,0.6166145511271005,10.46112060546875,10.46112060546875
resnetse5,device:RealWorld_thigh+MotionSense:10+10,192,3,1,58,MotionSense,0.755859375,0.7078626680786805,10.46112060546875,10.46112060546875
resnetse5,device:RealWorld_thigh+MotionSense:10+10,192,3,1,59,RealWorld_thigh,0.6236111111111111,0.5997389107126211,10.46112060546875,10.46112060546875
resnetse5,device:RealWorld_thigh+MotionSense:10+10,192,3,1,59,MotionSense,0.7568359375,0.7096574449859591,10.46112060546875,10.46112060546875
resnetse5,device:RealWorld_thigh+MotionSense:10+10,192,3,1,60,RealWorld_thigh,0.6875,0.689994861798677,10.46112060546875,10.46112060546875
resnetse5,device:RealWorld_thigh+MotionSense:10+10,192,3,1,60,MotionSense,0.80859375,0.8045883389009806,10.46112060546875,10.46112060546875
resnetse5,device:RealWorld_thigh+MotionSense:10+10,192,3,1,61,RealWorld_thigh,0.6743055555555556,0.6479411406150519,10.46112060546875,10.46112060546875
resnetse5,device:RealWorld_thigh+MotionSense:10+10,192,3,1,61,MotionSense,0.76171875,0.717621504264315,10.46112060546875,10.46112060546875
resnetse5,device:RealWorld_thigh+MotionSense:10+10,192,3,1,62,RealWorld_thigh,0.6878472222222223,0.6776424687460886,10.46112060546875,10.46112060546875
resnetse5,device:RealWorld_thigh+MotionSense:10+10,192,3,1,62,MotionSense,0.783203125,0.7615504944844246,10.46112060546875,10.46112060546875
resnetse5,device:RealWorld_thigh+MotionSense:10+10,192,3,1,63,RealWorld_thigh,0.6697916666666667,0.6370562494207811,10.46112060546875,10.46112060546875
resnetse5,device:RealWorld_thigh+MotionSense:10+10,192,3,1,63,MotionSense,0.7587890625,0.7100510568037205,10.46112060546875,10.46112060546875
resnetse5,device:RealWorld_thigh+MotionSense:10+10,192,3,1,64,RealWorld_thigh,0.6694444444444444,0.6381307921918074,10.46112060546875,10.46112060546875
resnetse5,device:RealWorld_thigh+MotionSense:10+10,192,3,1,64,MotionSense,0.76171875,0.7140341435324277,10.46112060546875,10.46112060546875
resnetse5,device:RealWorld_thigh+MotionSense:10+10,192,3,1,65,RealWorld_thigh,0.6663194444444445,0.6279694884367358,10.46112060546875,10.46112060546875
resnetse5,device:RealWorld_thigh+MotionSense:10+10,192,3,1,65,MotionSense,0.76171875,0.7111108676918233,10.46112060546875,10.46112060546875
resnetse5,device:RealWorld_thigh+MotionSense:10+10,192,3,1,66,RealWorld_thigh,0.6697916666666667,0.6303933190861086,10.46112060546875,10.46112060546875
resnetse5,device:RealWorld_thigh+MotionSense:10+10,192,3,1,66,MotionSense,0.76171875,0.7110635957944927,10.46112060546875,10.46112060546875
resnetse5,device:RealWorld_thigh+MotionSense:10+10,192,3,1,67,RealWorld_thigh,0.6677083333333333,0.6250733066972077,10.46112060546875,10.46112060546875
resnetse5,device:RealWorld_thigh+MotionSense:10+10,192,3,1,67,MotionSense,0.759765625,0.7089393883518252,10.46112060546875,10.46112060546875
resnetse5,device:RealWorld_thigh+MotionSense:10+10,192,3,1,68,RealWorld_thigh,0.6666666666666666,0.6271848905738687,10.46112060546875,10.46112060546875
resnetse5,device:RealWorld_thigh+MotionSense:10+10,192,3,1,68,MotionSense,0.7607421875,0.7100480596027848,10.46112060546875,10.46112060546875
resnetse5,device:RealWorld_thigh+MotionSense:10+10,192,3,1,69,RealWorld_thigh,0.6833333333333333,0.6644550065970468,10.46112060546875,10.46112060546875
resnetse5,device:RealWorld_thigh+MotionSense:10+10,192,3,1,69,MotionSense,0.7685546875,0.7265678832279354,10.46112060546875,10.46112060546875
resnetse5,device:RealWorld_thigh+MotionSense:10+10,192,3,1,70,RealWorld_thigh,0.6798611111111111,0.6527281919743384,10.46112060546875,10.46112060546875
resnetse5,device:RealWorld_thigh+MotionSense:10+10,192,3,1,70,MotionSense,0.7666015625,0.7209315930476413,10.46112060546875,10.46112060546875
resnetse5,device:RealWorld_thigh+MotionSense:10+10,192,3,1,71,RealWorld_thigh,0.6795138888888889,0.6537032401202355,10.46112060546875,10.46112060546875
resnetse5,device:RealWorld_thigh+MotionSense:10+10,192,3,1,71,MotionSense,0.7666015625,0.7209221853326141,10.46112060546875,10.46112060546875
resnetse5,device:RealWorld_thigh+MotionSense:10+10,192,3,1,72,RealWorld_thigh,0.6770833333333334,0.6493438534568186,10.46112060546875,10.46112060546875
resnetse5,device:RealWorld_thigh+MotionSense:10+10,192,3,1,72,MotionSense,0.7666015625,0.7209374158883578,10.46112060546875,10.46112060546875
resnetse5,device:RealWorld_thigh+MotionSense:10+10,192,3,1,73,RealWorld_thigh,0.7131944444444445,0.7186472345996832,10.46112060546875,10.46112060546875
resnetse5,device:RealWorld_thigh+MotionSense:10+10,192,3,1,73,MotionSense,0.8212890625,0.8212854379645508,10.46112060546875,10.46112060546875
resnetse5,device:RealWorld_thigh+MotionSense:10+10,192,3,1,74,RealWorld_thigh,0.6694444444444444,0.6268009718937028,10.46112060546875,10.46112060546875
resnetse5,device:RealWorld_thigh+MotionSense:10+10,192,3,1,74,MotionSense,0.7646484375,0.7168604138782948,10.46112060546875,10.46112060546875
resnetse5,device:RealWorld_thigh+MotionSense:10+10,192,3,1,75,RealWorld_thigh,0.6548611111111111,0.6209289851751109,10.46112060546875,10.46112060546875
resnetse5,device:RealWorld_thigh+MotionSense:10+10,192,3,1,75,MotionSense,0.7646484375,0.7169974822389212,10.46112060546875,10.46112060546875
resnetse5,device:RealWorld_thigh+MotionSense:10+10,192,3,1,76,RealWorld_thigh,0.7173611111111111,0.7216641075528142,10.46112060546875,10.46112060546875
resnetse5,device:RealWorld_thigh+MotionSense:10+10,192,3,1,76,MotionSense,0.822265625,0.8225483593294373,10.46112060546875,10.46112060546875
resnetse5,device:RealWorld_thigh+MotionSense:10+10,192,3,1,77,RealWorld_thigh,0.7236111111111111,0.7289381606991142,10.46112060546875,10.46112060546875
resnetse5,device:RealWorld_thigh+MotionSense:10+10,192,3,1,77,MotionSense,0.826171875,0.8278087488318889,10.46112060546875,10.46112060546875
resnetse5,device:RealWorld_thigh+MotionSense:10+10,192,3,1,78,RealWorld_thigh,0.7149305555555555,0.7174443479582354,10.46112060546875,10.46112060546875
resnetse5,device:RealWorld_thigh+MotionSense:10+10,192,3,1,78,MotionSense,0.818359375,0.8175905343896007,10.46112060546875,10.46112060546875
resnetse5,device:RealWorld_thigh+MotionSense:10+10,192,3,1,79,RealWorld_thigh,0.7097222222222223,0.706601591683759,10.46112060546875,10.46112060546875
resnetse5,device:RealWorld_thigh+MotionSense:10+10,192,3,1,79,MotionSense,0.8203125,0.8140977741821084,10.46112060546875,10.46112060546875
resnetse5,device:RealWorld_thigh+MotionSense:10+10,192,3,1,80,RealWorld_thigh,0.7229166666666667,0.7273903694427005,10.46112060546875,10.46112060546875
resnetse5,device:RealWorld_thigh+MotionSense:10+10,192,3,1,80,MotionSense,0.822265625,0.8234675472347502,10.46112060546875,10.46112060546875
resnetse5,device:RealWorld_thigh+MotionSense:10+10,192,3,1,81,RealWorld_thigh,0.6701388888888888,0.6638493329112968,10.46112060546875,10.46112060546875
resnetse5,device:RealWorld_thigh+MotionSense:10+10,192,3,1,81,MotionSense,0.8388671875,0.8388777359384224,10.46112060546875,10.46112060546875
resnetse5,device:RealWorld_thigh+MotionSense:10+10,192,3,1,82,RealWorld_thigh,0.7065972222222222,0.7032627472696724,10.46112060546875,10.46112060546875
resnetse5,device:RealWorld_thigh+MotionSense:10+10,192,3,1,82,MotionSense,0.8154296875,0.8103177941101416,10.46112060546875,10.46112060546875
resnetse5,device:RealWorld_thigh+MotionSense:10+10,192,3,1,83,RealWorld_thigh,0.6909722222222222,0.6706405162302884,10.46112060546875,10.46112060546875
resnetse5,device:RealWorld_thigh+MotionSense:10+10,192,3,1,83,MotionSense,0.7705078125,0.7302875789797968,10.46112060546875,10.46112060546875
resnetse5,device:RealWorld_thigh+MotionSense:10+10,192,3,1,84,RealWorld_thigh,0.7020833333333333,0.6949392578083481,10.46112060546875,10.46112060546875
resnetse5,device:RealWorld_thigh+MotionSense:10+10,192,3,1,84,MotionSense,0.8076171875,0.7964232945985722,10.46112060546875,10.46112060546875
resnetse5,device:RealWorld_thigh+MotionSense:10+10,192,3,1,85,RealWorld_thigh,0.6916666666666667,0.674331656664441,10.46112060546875,10.46112060546875
resnetse5,device:RealWorld_thigh+MotionSense:10+10,192,3,1,85,MotionSense,0.7783203125,0.7417275428651461,10.46112060546875,10.46112060546875
resnetse5,device:RealWorld_thigh+MotionSense:10+10,192,3,1,86,RealWorld_thigh,0.696875,0.682892726823605,10.46112060546875,10.46112060546875
resnetse5,device:RealWorld_thigh+MotionSense:10+10,192,3,1,86,MotionSense,0.783203125,0.7522384187147853,10.46112060546875,10.46112060546875
resnetse5,device:RealWorld_thigh+MotionSense:10+10,192,3,1,87,RealWorld_thigh,0.7125,0.7104862779983646,10.46112060546875,10.46112060546875
resnetse5,device:RealWorld_thigh+MotionSense:10+10,192,3,1,87,MotionSense,0.8212890625,0.8177663706542734,10.46112060546875,10.46112060546875
resnetse5,device:RealWorld_thigh+MotionSense:10+10,192,3,1,88,RealWorld_thigh,0.7010416666666667,0.6903986201280556,10.46112060546875,10.46112060546875
resnetse5,device:RealWorld_thigh+MotionSense:10+10,192,3,1,88,MotionSense,0.7978515625,0.777217992659882,10.46112060546875,10.46112060546875
resnetse5,device:RealWorld_thigh+MotionSense:10+10,192,3,1,89,RealWorld_thigh,0.6989583333333333,0.6855142484322817,10.46112060546875,10.46112060546875
resnetse5,device:RealWorld_thigh+MotionSense:10+10,192,3,1,89,MotionSense,0.7861328125,0.7561793693140624,10.46112060546875,10.46112060546875
resnetse5,device:RealWorld_thigh+MotionSense:10+10,192,3,1,90,RealWorld_thigh,0.6996527777777778,0.6847884082986132,10.46112060546875,10.46112060546875
resnetse5,device:RealWorld_thigh+MotionSense:10+10,192,3,1,90,MotionSense,0.77734375,0.74407638479907,10.46112060546875,10.46112060546875
resnetse5,device:RealWorld_thigh+MotionSense:10+10,192,3,1,91,RealWorld_thigh,0.6982638888888889,0.6800979109344367,10.46112060546875,10.46112060546875
resnetse5,device:RealWorld_thigh+MotionSense:10+10,192,3,1,91,MotionSense,0.7724609375,0.7359266496255484,10.46112060546875,10.46112060546875
resnetse5,device:RealWorld_thigh+MotionSense:10+10,192,3,1,92,RealWorld_thigh,0.7006944444444444,0.6868008481002735,10.46112060546875,10.46112060546875
resnetse5,device:RealWorld_thigh+MotionSense:10+10,192,3,1,92,MotionSense,0.78515625,0.7550192571606485,10.46112060546875,10.46112060546875
resnetse5,device:RealWorld_thigh+MotionSense:10+10,192,3,1,93,RealWorld_thigh,0.6958333333333333,0.6792469482885023,10.46112060546875,10.46112060546875
resnetse5,device:RealWorld_thigh+MotionSense:10+10,192,3,1,93,MotionSense,0.775390625,0.7386906529277018,10.46112060546875,10.46112060546875
resnetse5,device:RealWorld_thigh+MotionSense:10+10,192,3,1,94,RealWorld_thigh,0.7059027777777778,0.6937800647130731,10.46112060546875,10.46112060546875
resnetse5,device:RealWorld_thigh+MotionSense:10+10,192,3,1,94,MotionSense,0.794921875,0.7735795767563087,10.46112060546875,10.46112060546875
resnetse5,device:RealWorld_thigh+MotionSense:10+10,192,3,1,95,RealWorld_thigh,0.7024305555555556,0.6902709679027549,10.46112060546875,10.46112060546875
resnetse5,device:RealWorld_thigh+MotionSense:10+10,192,3,1,95,MotionSense,0.7919921875,0.7696597623106064,10.46112060546875,10.46112060546875
resnetse5,device:RealWorld_thigh+MotionSense:10+10,192,3,1,96,RealWorld_thigh,0.7034722222222223,0.6941312254894539,10.46112060546875,10.46112060546875
resnetse5,device:RealWorld_thigh+MotionSense:10+10,192,3,1,96,MotionSense,0.80078125,0.784719905031036,10.46112060546875,10.46112060546875
resnetse5,device:RealWorld_thigh+MotionSense:10+10,192,3,1,97,RealWorld_thigh,0.7059027777777778,0.6936551403104669,10.46112060546875,10.46112060546875
resnetse5,device:RealWorld_thigh+MotionSense:10+10,192,3,1,97,MotionSense,0.794921875,0.7721943350660424,10.46112060546875,10.46112060546875
resnetse5,device:RealWorld_thigh+MotionSense:10+10,192,3,1,98,RealWorld_thigh,0.7065972222222222,0.6949398556530312,10.46112060546875,10.46112060546875
resnetse5,device:RealWorld_thigh+MotionSense:10+10,192,3,1,98,MotionSense,0.7939453125,0.7724104472663096,10.46112060546875,10.46112060546875
resnetse5,device:RealWorld_thigh+MotionSense:10+10,192,3,1,99,RealWorld_thigh,0.7020833333333333,0.6916572536099822,10.46112060546875,10.46112060546875
resnetse5,device:RealWorld_thigh+MotionSense:10+10,192,3,1,99,MotionSense,0.7978515625,0.7801982720441635,10.46112060546875,10.46112060546875
resnetse5,device:RealWorld_thigh+MotionSense:10+10,192,3,1,100,RealWorld_thigh,0.7017361111111111,0.688443847736708,10.46112060546875,10.46112060546875
resnetse5,device:RealWorld_thigh+MotionSense:10+10,192,3,1,100,MotionSense,0.7890625,0.7631059691110677,10.46112060546875,10.46112060546875
resnetse5,device:RealWorld_thigh+MotionSense:10+10,192,0,5,1,RealWorld_thigh,0.3284722222222222,0.2100926655698605,10.46112060546875,10.46112060546875
resnetse5,device:RealWorld_thigh+MotionSense:10+10,192,0,5,1,MotionSense,0.3671875,0.2243900947101553,10.46112060546875,10.46112060546875
resnetse5,device:RealWorld_thigh+MotionSense:10+10,192,0,5,2,RealWorld_thigh,0.4177083333333333,0.3256503939366886,10.46112060546875,10.46112060546875
resnetse5,device:RealWorld_thigh+MotionSense:10+10,192,0,5,2,MotionSense,0.4580078125,0.3398019133525842,10.46112060546875,10.46112060546875
resnetse5,device:RealWorld_thigh+MotionSense:10+10,192,0,5,3,RealWorld_thigh,0.4923611111111111,0.4401035351145659,10.46112060546875,10.46112060546875
resnetse5,device:RealWorld_thigh+MotionSense:10+10,192,0,5,3,MotionSense,0.541015625,0.4468820619030446,10.46112060546875,10.46112060546875
resnetse5,device:RealWorld_thigh+MotionSense:10+10,192,0,5,4,RealWorld_thigh,0.5399305555555556,0.4890250194954105,10.46112060546875,10.46112060546875
resnetse5,device:RealWorld_thigh+MotionSense:10+10,192,0,5,4,MotionSense,0.5869140625,0.4978110601970538,10.46112060546875,10.46112060546875
resnetse5,device:RealWorld_thigh+MotionSense:10+10,192,0,5,5,RealWorld_thigh,0.5454861111111111,0.4946593256844893,10.46112060546875,10.46112060546875
resnetse5,device:RealWorld_thigh+MotionSense:10+10,192,0,5,5,MotionSense,0.607421875,0.5264312718397335,10.46112060546875,10.46112060546875
resnetse5,device:RealWorld_thigh+MotionSense:10+10,192,0,5,6,RealWorld_thigh,0.5538194444444444,0.5096420228943476,10.46112060546875,10.46112060546875
resnetse5,device:RealWorld_thigh+MotionSense:10+10,192,0,5,6,MotionSense,0.6279296875,0.5568367733328641,10.46112060546875,10.46112060546875
resnetse5,device:RealWorld_thigh+MotionSense:10+10,192,0,5,7,RealWorld_thigh,0.5711805555555556,0.5382034991103919,10.46112060546875,10.46112060546875
resnetse5,device:RealWorld_thigh+MotionSense:10+10,192,0,5,7,MotionSense,0.6630859375,0.607722241963078,10.46112060546875,10.46112060546875
resnetse5,device:RealWorld_thigh+MotionSense:10+10,192,0,5,8,RealWorld_thigh,0.5920138888888888,0.5664779904659526,10.46112060546875,10.46112060546875
resnetse5,device:RealWorld_thigh+MotionSense:10+10,192,0,5,8,MotionSense,0.7109375,0.6648232439410802,10.46112060546875,10.46112060546875
resnetse5,device:RealWorld_thigh+MotionSense:10+10,192,0,5,9,RealWorld_thigh,0.6142361111111111,0.59250952504299,10.46112060546875,10.46112060546875
resnetse5,device:RealWorld_thigh+MotionSense:10+10,192,0,5,9,MotionSense,0.728515625,0.6858287333611726,10.46112060546875,10.46112060546875
resnetse5,device:RealWorld_thigh+MotionSense:10+10,192,0,5,10,RealWorld_thigh,0.6152777777777778,0.5901662770909222,10.46112060546875,10.46112060546875
resnetse5,device:RealWorld_thigh+MotionSense:10+10,192,0,5,10,MotionSense,0.7333984375,0.6893538585395064,10.46112060546875,10.46112060546875
resnetse5,device:RealWorld_thigh+MotionSense:10+10,192,0,5,11,RealWorld_thigh,0.6194444444444445,0.59585870670776,10.46112060546875,10.46112060546875
resnetse5,device:RealWorld_thigh+MotionSense:10+10,192,0,5,11,MotionSense,0.73828125,0.6966443255266198,10.46112060546875,10.46112060546875
resnetse5,device:RealWorld_thigh+MotionSense:10+10,192,0,5,12,RealWorld_thigh,0.6260416666666667,0.607653668160668,10.46112060546875,10.46112060546875
resnetse5,device:RealWorld_thigh+MotionSense:10+10,192,0,5,12,MotionSense,0.7421875,0.7011558755621444,10.46112060546875,10.46112060546875
resnetse5,device:RealWorld_thigh+MotionSense:10+10,192,0,5,13,RealWorld_thigh,0.6298611111111111,0.6101611742559558,10.46112060546875,10.46112060546875
resnetse5,device:RealWorld_thigh+MotionSense:10+10,192,0,5,13,MotionSense,0.740234375,0.6994019283678065,10.46112060546875,10.46112060546875
resnetse5,device:RealWorld_thigh+MotionSense:10+10,192,0,5,14,RealWorld_thigh,0.6336805555555556,0.6189090891152574,10.46112060546875,10.46112060546875
resnetse5,device:RealWorld_thigh+MotionSense:10+10,192,0,5,14,MotionSense,0.748046875,0.7092636221969233,10.46112060546875,10.46112060546875
resnetse5,device:RealWorld_thigh+MotionSense:10+10,192,0,5,15,RealWorld_thigh,0.6364583333333333,0.6220608954980718,10.46112060546875,10.46112060546875
resnetse5,device:RealWorld_thigh+MotionSense:10+10,192,0,5,15,MotionSense,0.75390625,0.719000879744501,10.46112060546875,10.46112060546875
resnetse5,device:RealWorld_thigh+MotionSense:10+10,192,0,5,16,RealWorld_thigh,0.6368055555555555,0.6227967573448586,10.46112060546875,10.46112060546875
resnetse5,device:RealWorld_thigh+MotionSense:10+10,192,0,5,16,MotionSense,0.7568359375,0.7217892582744941,10.46112060546875,10.46112060546875
resnetse5,device:RealWorld_thigh+MotionSense:10+10,192,0,5,17,RealWorld_thigh,0.646875,0.6380299223022855,10.46112060546875,10.46112060546875
resnetse5,device:RealWorld_thigh+MotionSense:10+10,192,0,5,17,MotionSense,0.7705078125,0.7475378014300226,10.46112060546875,10.46112060546875
resnetse5,device:RealWorld_thigh+MotionSense:10+10,192,0,5,18,RealWorld_thigh,0.6423611111111112,0.6297457703081909,10.46112060546875,10.46112060546875
resnetse5,device:RealWorld_thigh+MotionSense:10+10,192,0,5,18,MotionSense,0.7646484375,0.7332229037994767,10.46112060546875,10.46112060546875
resnetse5,device:RealWorld_thigh+MotionSense:10+10,192,0,5,19,RealWorld_thigh,0.6440972222222222,0.6325898593279242,10.46112060546875,10.46112060546875
resnetse5,device:RealWorld_thigh+MotionSense:10+10,192,0,5,19,MotionSense,0.77734375,0.7522788463004919,10.46112060546875,10.46112060546875
resnetse5,device:RealWorld_thigh+MotionSense:10+10,192,0,5,20,RealWorld_thigh,0.6458333333333334,0.6356485235941794,10.46112060546875,10.46112060546875
resnetse5,device:RealWorld_thigh+MotionSense:10+10,192,0,5,20,MotionSense,0.77734375,0.7522754919768038,10.46112060546875,10.46112060546875
resnetse5,device:RealWorld_thigh+MotionSense:10+10,192,0,5,21,RealWorld_thigh,0.6489583333333333,0.6401157582546914,10.46112060546875,10.46112060546875
resnetse5,device:RealWorld_thigh+MotionSense:10+10,192,0,5,21,MotionSense,0.78125,0.7600376859788193,10.46112060546875,10.46112060546875
resnetse5,device:RealWorld_thigh+MotionSense:10+10,192,0,5,22,RealWorld_thigh,0.6482638888888889,0.6381696716134541,10.46112060546875,10.46112060546875
resnetse5,device:RealWorld_thigh+MotionSense:10+10,192,0,5,22,MotionSense,0.7734375,0.7511421008625642,10.46112060546875,10.46112060546875
resnetse5,device:RealWorld_thigh+MotionSense:10+10,192,0,5,23,RealWorld_thigh,0.6565972222222223,0.6510524455489644,10.46112060546875,10.46112060546875
resnetse5,device:RealWorld_thigh+MotionSense:10+10,192,0,5,23,MotionSense,0.796875,0.7857625413881784,10.46112060546875,10.46112060546875
resnetse5,device:RealWorld_thigh+MotionSense:10+10,192,0,5,24,RealWorld_thigh,0.6520833333333333,0.6408646734749482,10.46112060546875,10.46112060546875
resnetse5,device:RealWorld_thigh+MotionSense:10+10,192,0,5,24,MotionSense,0.765625,0.7395958242899456,10.46112060546875,10.46112060546875
resnetse5,device:RealWorld_thigh+MotionSense:10+10,192,0,5,25,RealWorld_thigh,0.6503472222222222,0.6406228666133126,10.46112060546875,10.46112060546875
resnetse5,device:RealWorld_thigh+MotionSense:10+10,192,0,5,25,MotionSense,0.7744140625,0.7531751822843787,10.46112060546875,10.46112060546875
resnetse5,device:RealWorld_thigh+MotionSense:10+10,192,0,5,26,RealWorld_thigh,0.6569444444444444,0.6496344224866231,10.46112060546875,10.46112060546875
resnetse5,device:RealWorld_thigh+MotionSense:10+10,192,0,5,26,MotionSense,0.7783203125,0.7589669955824919,10.46112060546875,10.46112060546875
resnetse5,device:RealWorld_thigh+MotionSense:10+10,192,0,5,27,RealWorld_thigh,0.6597222222222222,0.6535987561622211,10.46112060546875,10.46112060546875
resnetse5,device:RealWorld_thigh+MotionSense:10+10,192,0,5,27,MotionSense,0.783203125,0.7701901767216639,10.46112060546875,10.46112060546875
resnetse5,device:RealWorld_thigh+MotionSense:10+10,192,0,5,28,RealWorld_thigh,0.6628472222222223,0.6574112976609995,10.46112060546875,10.46112060546875
resnetse5,device:RealWorld_thigh+MotionSense:10+10,192,0,5,28,MotionSense,0.7890625,0.7786806006464652,10.46112060546875,10.46112060546875
resnetse5,device:RealWorld_thigh+MotionSense:10+10,192,0,5,29,RealWorld_thigh,0.6663194444444445,0.6652136198624853,10.46112060546875,10.46112060546875
resnetse5,device:RealWorld_thigh+MotionSense:10+10,192,0,5,29,MotionSense,0.8125,0.8061678192515349,10.46112060546875,10.46112060546875
resnetse5,device:RealWorld_thigh+MotionSense:10+10,192,0,5,30,RealWorld_thigh,0.6722222222222223,0.6706420336684084,10.46112060546875,10.46112060546875
resnetse5,device:RealWorld_thigh+MotionSense:10+10,192,0,5,30,MotionSense,0.7890625,0.780998308494682,10.46112060546875,10.46112060546875
resnetse5,device:RealWorld_thigh+MotionSense:10+10,192,0,5,31,RealWorld_thigh,0.6673611111111111,0.6672514474093983,10.46112060546875,10.46112060546875
resnetse5,device:RealWorld_thigh+MotionSense:10+10,192,0,5,31,MotionSense,0.8037109375,0.7972747494048066,10.46112060546875,10.46112060546875
resnetse5,device:RealWorld_thigh+MotionSense:10+10,192,0,5,32,RealWorld_thigh,0.6475694444444444,0.651802802394226,10.46112060546875,10.46112060546875
resnetse5,device:RealWorld_thigh+MotionSense:10+10,192,0,5,32,MotionSense,0.80859375,0.8055643724788015,10.46112060546875,10.46112060546875
resnetse5,device:RealWorld_thigh+MotionSense:10+10,192,0,5,33,RealWorld_thigh,0.6197916666666666,0.6289231507427963,10.46112060546875,10.46112060546875
resnetse5,device:RealWorld_thigh+MotionSense:10+10,192,0,5,33,MotionSense,0.8115234375,0.8093705662099829,10.46112060546875,10.46112060546875
resnetse5,device:RealWorld_thigh+MotionSense:10+10,192,0,5,34,RealWorld_thigh,0.6083333333333333,0.618147210675004,10.46112060546875,10.46112060546875
resnetse5,device:RealWorld_thigh+MotionSense:10+10,192,0,5,34,MotionSense,0.8203125,0.8190171842888031,10.46112060546875,10.46112060546875
resnetse5,device:RealWorld_thigh+MotionSense:10+10,192,0,5,35,RealWorld_thigh,0.6055555555555555,0.6163433247444804,10.46112060546875,10.46112060546875
resnetse5,device:RealWorld_thigh+MotionSense:10+10,192,0,5,35,MotionSense,0.822265625,0.8207266173420914,10.46112060546875,10.46112060546875
resnetse5,device:RealWorld_thigh+MotionSense:10+10,192,0,5,36,RealWorld_thigh,0.5947916666666667,0.6054514021168698,10.46112060546875,10.46112060546875
resnetse5,device:RealWorld_thigh+MotionSense:10+10,192,0,5,36,MotionSense,0.8193359375,0.8181371168766457,10.46112060546875,10.46112060546875
resnetse5,device:RealWorld_thigh+MotionSense:10+10,192,0,5,37,RealWorld_thigh,0.6041666666666666,0.611612175142687,10.46112060546875,10.46112060546875
resnetse5,device:RealWorld_thigh+MotionSense:10+10,192,0,5,37,MotionSense,0.8212890625,0.8218270887788984,10.46112060546875,10.46112060546875
resnetse5,device:RealWorld_thigh+MotionSense:10+10,192,0,5,38,RealWorld_thigh,0.6065972222222222,0.6147550552396099,10.46112060546875,10.46112060546875
resnetse5,device:RealWorld_thigh+MotionSense:10+10,192,0,5,38,MotionSense,0.830078125,0.8307415427917472,10.46112060546875,10.46112060546875
resnetse5,device:RealWorld_thigh+MotionSense:10+10,192,0,5,39,RealWorld_thigh,0.6315972222222223,0.6305498142161884,10.46112060546875,10.46112060546875
resnetse5,device:RealWorld_thigh+MotionSense:10+10,192,0,5,39,MotionSense,0.830078125,0.8310791911792298,10.46112060546875,10.46112060546875
resnetse5,device:RealWorld_thigh+MotionSense:10+10,192,0,5,40,RealWorld_thigh,0.6291666666666667,0.6274883151244725,10.46112060546875,10.46112060546875
resnetse5,device:RealWorld_thigh+MotionSense:10+10,192,0,5,40,MotionSense,0.8310546875,0.8321111327853353,10.46112060546875,10.46112060546875
resnetse5,device:RealWorld_thigh+MotionSense:10+10,192,0,5,41,RealWorld_thigh,0.6229166666666667,0.619967841228591,10.46112060546875,10.46112060546875
resnetse5,device:RealWorld_thigh+MotionSense:10+10,192,0,5,41,MotionSense,0.8369140625,0.8380390777894879,10.46112060546875,10.46112060546875
resnetse5,device:RealWorld_thigh+MotionSense:10+10,192,0,5,42,RealWorld_thigh,0.5909722222222222,0.5715770970619819,10.46112060546875,10.46112060546875
resnetse5,device:RealWorld_thigh+MotionSense:10+10,192,0,5,42,MotionSense,0.8515625,0.8524099401325346,10.46112060546875,10.46112060546875
resnetse5,device:RealWorld_thigh+MotionSense:10+10,192,0,5,43,RealWorld_thigh,0.6243055555555556,0.6218238000635379,10.46112060546875,10.46112060546875
resnetse5,device:RealWorld_thigh+MotionSense:10+10,192,0,5,43,MotionSense,0.8369140625,0.8377455477168562,10.46112060546875,10.46112060546875
resnetse5,device:RealWorld_thigh+MotionSense:10+10,192,0,5,44,RealWorld_thigh,0.5940972222222223,0.5776477449798859,10.46112060546875,10.46112060546875
resnetse5,device:RealWorld_thigh+MotionSense:10+10,192,0,5,44,MotionSense,0.837890625,0.8377465491694295,10.46112060546875,10.46112060546875
resnetse5,device:RealWorld_thigh+MotionSense:10+10,192,0,5,45,RealWorld_thigh,0.5940972222222223,0.5728482416717483,10.46112060546875,10.46112060546875
resnetse5,device:RealWorld_thigh+MotionSense:10+10,192,0,5,45,MotionSense,0.8447265625,0.8445619851622631,10.46112060546875,10.46112060546875
resnetse5,device:RealWorld_thigh+MotionSense:10+10,192,0,5,46,RealWorld_thigh,0.5923611111111111,0.5680354785544035,10.46112060546875,10.46112060546875
resnetse5,device:RealWorld_thigh+MotionSense:10+10,192,0,5,46,MotionSense,0.83203125,0.8296752892616288,10.46112060546875,10.46112060546875
resnetse5,device:RealWorld_thigh+MotionSense:10+10,192,0,5,47,RealWorld_thigh,0.60625,0.5805137126604826,10.46112060546875,10.46112060546875
resnetse5,device:RealWorld_thigh+MotionSense:10+10,192,0,5,47,MotionSense,0.7841796875,0.7652514935053468,10.46112060546875,10.46112060546875
resnetse5,device:RealWorld_thigh+MotionSense:10+10,192,0,5,48,RealWorld_thigh,0.5982638888888889,0.574858675292695,10.46112060546875,10.46112060546875
resnetse5,device:RealWorld_thigh+MotionSense:10+10,192,0,5,48,MotionSense,0.83203125,0.8287019338635049,10.46112060546875,10.46112060546875
resnetse5,device:RealWorld_thigh+MotionSense:10+10,192,0,5,49,RealWorld_thigh,0.60625,0.5789192696321149,10.46112060546875,10.46112060546875
resnetse5,device:RealWorld_thigh+MotionSense:10+10,192,0,5,49,MotionSense,0.810546875,0.8011720605864712,10.46112060546875,10.46112060546875
resnetse5,device:RealWorld_thigh+MotionSense:10+10,192,0,5,50,RealWorld_thigh,0.6111111111111112,0.5792015214999903,10.46112060546875,10.46112060546875
resnetse5,device:RealWorld_thigh+MotionSense:10+10,192,0,5,50,MotionSense,0.7802734375,0.7618072748736133,10.46112060546875,10.46112060546875
resnetse5,device:RealWorld_thigh+MotionSense:10+10,192,0,5,51,RealWorld_thigh,0.6114583333333333,0.5812451215054998,10.46112060546875,10.46112060546875
resnetse5,device:RealWorld_thigh+MotionSense:10+10,192,0,5,51,MotionSense,0.80859375,0.7990964217104689,10.46112060546875,10.46112060546875
resnetse5,device:RealWorld_thigh+MotionSense:10+10,192,0,5,52,RealWorld_thigh,0.6121527777777778,0.5805567971812908,10.46112060546875,10.46112060546875
resnetse5,device:RealWorld_thigh+MotionSense:10+10,192,0,5,52,MotionSense,0.818359375,0.8128570965222145,10.46112060546875,10.46112060546875
resnetse5,device:RealWorld_thigh+MotionSense:10+10,192,0,5,53,RealWorld_thigh,0.6277777777777778,0.5878742738321592,10.46112060546875,10.46112060546875
resnetse5,device:RealWorld_thigh+MotionSense:10+10,192,0,5,53,MotionSense,0.75,0.7018164743935174,10.46112060546875,10.46112060546875
resnetse5,device:RealWorld_thigh+MotionSense:10+10,192,0,5,54,RealWorld_thigh,0.6277777777777778,0.5899043518484377,10.46112060546875,10.46112060546875
resnetse5,device:RealWorld_thigh+MotionSense:10+10,192,0,5,54,MotionSense,0.845703125,0.8429891232233399,10.46112060546875,10.46112060546875
resnetse5,device:RealWorld_thigh+MotionSense:10+10,192,0,5,55,RealWorld_thigh,0.6291666666666667,0.5884979875378352,10.46112060546875,10.46112060546875
resnetse5,device:RealWorld_thigh+MotionSense:10+10,192,0,5,55,MotionSense,0.7451171875,0.6963451906851564,10.46112060546875,10.46112060546875
resnetse5,device:RealWorld_thigh+MotionSense:10+10,192,0,5,56,RealWorld_thigh,0.6260416666666667,0.58548263441363,10.46112060546875,10.46112060546875
resnetse5,device:RealWorld_thigh+MotionSense:10+10,192,0,5,56,MotionSense,0.78125,0.7604110272857373,10.46112060546875,10.46112060546875
resnetse5,device:RealWorld_thigh+MotionSense:10+10,192,0,5,57,RealWorld_thigh,0.6309027777777778,0.5912785217874279,10.46112060546875,10.46112060546875
resnetse5,device:RealWorld_thigh+MotionSense:10+10,192,0,5,57,MotionSense,0.771484375,0.7400287938633041,10.46112060546875,10.46112060546875
resnetse5,device:RealWorld_thigh+MotionSense:10+10,192,0,5,58,RealWorld_thigh,0.6194444444444445,0.5844497940751895,10.46112060546875,10.46112060546875
resnetse5,device:RealWorld_thigh+MotionSense:10+10,192,0,5,58,MotionSense,0.8212890625,0.8145679296716067,10.46112060546875,10.46112060546875
resnetse5,device:RealWorld_thigh+MotionSense:10+10,192,0,5,59,RealWorld_thigh,0.6277777777777778,0.5865183363330714,10.46112060546875,10.46112060546875
resnetse5,device:RealWorld_thigh+MotionSense:10+10,192,0,5,59,MotionSense,0.7509765625,0.7028326583561029,10.46112060546875,10.46112060546875
resnetse5,device:RealWorld_thigh+MotionSense:10+10,192,0,5,60,RealWorld_thigh,0.6260416666666667,0.5852267253290188,10.46112060546875,10.46112060546875
resnetse5,device:RealWorld_thigh+MotionSense:10+10,192,0,5,60,MotionSense,0.7421875,0.6925315778725536,10.46112060546875,10.46112060546875
resnetse5,device:RealWorld_thigh+MotionSense:10+10,192,0,5,61,RealWorld_thigh,0.6263888888888889,0.5856286641828696,10.46112060546875,10.46112060546875
resnetse5,device:RealWorld_thigh+MotionSense:10+10,192,0,5,61,MotionSense,0.7529296875,0.7065345277097462,10.46112060546875,10.46112060546875
resnetse5,device:RealWorld_thigh+MotionSense:10+10,192,0,5,62,RealWorld_thigh,0.6253472222222223,0.5845194307775062,10.46112060546875,10.46112060546875
resnetse5,device:RealWorld_thigh+MotionSense:10+10,192,0,5,62,MotionSense,0.740234375,0.6926973115624794,10.46112060546875,10.46112060546875
resnetse5,device:RealWorld_thigh+MotionSense:10+10,192,0,5,63,RealWorld_thigh,0.628125,0.5867995599392564,10.46112060546875,10.46112060546875
resnetse5,device:RealWorld_thigh+MotionSense:10+10,192,0,5,63,MotionSense,0.7490234375,0.7008019114182695,10.46112060546875,10.46112060546875
resnetse5,device:RealWorld_thigh+MotionSense:10+10,192,0,5,64,RealWorld_thigh,0.6277777777777778,0.5872951024954224,10.46112060546875,10.46112060546875
resnetse5,device:RealWorld_thigh+MotionSense:10+10,192,0,5,64,MotionSense,0.75,0.7026460152980375,10.46112060546875,10.46112060546875
resnetse5,device:RealWorld_thigh+MotionSense:10+10,192,0,5,65,RealWorld_thigh,0.6256944444444444,0.5859136898493523,10.46112060546875,10.46112060546875
resnetse5,device:RealWorld_thigh+MotionSense:10+10,192,0,5,65,MotionSense,0.751953125,0.7056661428368355,10.46112060546875,10.46112060546875
resnetse5,device:RealWorld_thigh+MotionSense:10+10,192,0,5,66,RealWorld_thigh,0.6395833333333333,0.6148757212645436,10.46112060546875,10.46112060546875
resnetse5,device:RealWorld_thigh+MotionSense:10+10,192,0,5,66,MotionSense,0.837890625,0.8332630973486602,10.46112060546875,10.46112060546875
resnetse5,device:RealWorld_thigh+MotionSense:10+10,192,0,5,67,RealWorld_thigh,0.6239583333333333,0.5836456583651705,10.46112060546875,10.46112060546875
resnetse5,device:RealWorld_thigh+MotionSense:10+10,192,0,5,67,MotionSense,0.751953125,0.7047693140221926,10.46112060546875,10.46112060546875
resnetse5,device:RealWorld_thigh+MotionSense:10+10,192,0,5,68,RealWorld_thigh,0.6239583333333333,0.5845327840942458,10.46112060546875,10.46112060546875
resnetse5,device:RealWorld_thigh+MotionSense:10+10,192,0,5,68,MotionSense,0.7548828125,0.7078641773555043,10.46112060546875,10.46112060546875
resnetse5,device:RealWorld_thigh+MotionSense:10+10,192,0,5,69,RealWorld_thigh,0.628125,0.5861200639218905,10.46112060546875,10.46112060546875
resnetse5,device:RealWorld_thigh+MotionSense:10+10,192,0,5,69,MotionSense,0.748046875,0.6988155951974591,10.46112060546875,10.46112060546875
resnetse5,device:RealWorld_thigh+MotionSense:10+10,192,0,5,70,RealWorld_thigh,0.6243055555555556,0.5831522005183513,10.46112060546875,10.46112060546875
resnetse5,device:RealWorld_thigh+MotionSense:10+10,192,0,5,70,MotionSense,0.7431640625,0.6925640162195257,10.46112060546875,10.46112060546875
resnetse5,device:RealWorld_thigh+MotionSense:10+10,192,0,5,71,RealWorld_thigh,0.6274305555555556,0.5873431813403475,10.46112060546875,10.46112060546875
resnetse5,device:RealWorld_thigh+MotionSense:10+10,192,0,5,71,MotionSense,0.7548828125,0.7097936480055237,10.46112060546875,10.46112060546875
resnetse5,device:RealWorld_thigh+MotionSense:10+10,192,0,5,72,RealWorld_thigh,0.6243055555555556,0.5836990312097711,10.46112060546875,10.46112060546875
resnetse5,device:RealWorld_thigh+MotionSense:10+10,192,0,5,72,MotionSense,0.7509765625,0.7023694421097156,10.46112060546875,10.46112060546875
resnetse5,device:RealWorld_thigh+MotionSense:10+10,192,0,5,73,RealWorld_thigh,0.6236111111111111,0.5828777864135707,10.46112060546875,10.46112060546875
resnetse5,device:RealWorld_thigh+MotionSense:10+10,192,0,5,73,MotionSense,0.755859375,0.7078829532961888,10.46112060546875,10.46112060546875
resnetse5,device:RealWorld_thigh+MotionSense:10+10,192,0,5,74,RealWorld_thigh,0.6263888888888889,0.5861474690258809,10.46112060546875,10.46112060546875
resnetse5,device:RealWorld_thigh+MotionSense:10+10,192,0,5,74,MotionSense,0.7470703125,0.6985095437906557,10.46112060546875,10.46112060546875
resnetse5,device:RealWorld_thigh+MotionSense:10+10,192,0,5,75,RealWorld_thigh,0.6215277777777778,0.5803394328743178,10.46112060546875,10.46112060546875
resnetse5,device:RealWorld_thigh+MotionSense:10+10,192,0,5,75,MotionSense,0.7412109375,0.6907871804487357,10.46112060546875,10.46112060546875
resnetse5,device:RealWorld_thigh+MotionSense:10+10,192,0,5,76,RealWorld_thigh,0.6225694444444444,0.581152281975612,10.46112060546875,10.46112060546875
resnetse5,device:RealWorld_thigh+MotionSense:10+10,192,0,5,76,MotionSense,0.7431640625,0.693536579942034,10.46112060546875,10.46112060546875
resnetse5,device:RealWorld_thigh+MotionSense:10+10,192,0,5,77,RealWorld_thigh,0.6243055555555556,0.583105859281828,10.46112060546875,10.46112060546875
resnetse5,device:RealWorld_thigh+MotionSense:10+10,192,0,5,77,MotionSense,0.7548828125,0.7068499960764519,10.46112060546875,10.46112060546875
resnetse5,device:RealWorld_thigh+MotionSense:10+10,192,0,5,78,RealWorld_thigh,0.6236111111111111,0.5839576423831888,10.46112060546875,10.46112060546875
resnetse5,device:RealWorld_thigh+MotionSense:10+10,192,0,5,78,MotionSense,0.7578125,0.7122926231037262,10.46112060546875,10.46112060546875
resnetse5,device:RealWorld_thigh+MotionSense:10+10,192,0,5,79,RealWorld_thigh,0.6229166666666667,0.5829611722575812,10.46112060546875,10.46112060546875
resnetse5,device:RealWorld_thigh+MotionSense:10+10,192,0,5,79,MotionSense,0.7470703125,0.698514545928942,10.46112060546875,10.46112060546875
resnetse5,device:RealWorld_thigh+MotionSense:10+10,192,0,5,80,RealWorld_thigh,0.6253472222222223,0.5856554665154792,10.46112060546875,10.46112060546875
resnetse5,device:RealWorld_thigh+MotionSense:10+10,192,0,5,80,MotionSense,0.748046875,0.7017880064505632,10.46112060546875,10.46112060546875
resnetse5,device:RealWorld_thigh+MotionSense:10+10,192,0,5,81,RealWorld_thigh,0.6243055555555556,0.583838935958713,10.46112060546875,10.46112060546875
resnetse5,device:RealWorld_thigh+MotionSense:10+10,192,0,5,81,MotionSense,0.7568359375,0.7090562590755445,10.46112060546875,10.46112060546875
resnetse5,device:RealWorld_thigh+MotionSense:10+10,192,0,5,82,RealWorld_thigh,0.6201388888888889,0.5803193518455598,10.46112060546875,10.46112060546875
resnetse5,device:RealWorld_thigh+MotionSense:10+10,192,0,5,82,MotionSense,0.7587890625,0.7121710241704807,10.46112060546875,10.46112060546875
resnetse5,device:RealWorld_thigh+MotionSense:10+10,192,0,5,83,RealWorld_thigh,0.6229166666666667,0.5830321585491797,10.46112060546875,10.46112060546875
resnetse5,device:RealWorld_thigh+MotionSense:10+10,192,0,5,83,MotionSense,0.748046875,0.7015339418244871,10.46112060546875,10.46112060546875
resnetse5,device:RealWorld_thigh+MotionSense:10+10,192,0,5,84,RealWorld_thigh,0.6215277777777778,0.5805061218405427,10.46112060546875,10.46112060546875
resnetse5,device:RealWorld_thigh+MotionSense:10+10,192,0,5,84,MotionSense,0.75390625,0.7058408528858021,10.46112060546875,10.46112060546875
resnetse5,device:RealWorld_thigh+MotionSense:10+10,192,0,5,85,RealWorld_thigh,0.6243055555555556,0.5838137754726506,10.46112060546875,10.46112060546875
resnetse5,device:RealWorld_thigh+MotionSense:10+10,192,0,5,85,MotionSense,0.744140625,0.6960203621867276,10.46112060546875,10.46112060546875
resnetse5,device:RealWorld_thigh+MotionSense:10+10,192,0,5,86,RealWorld_thigh,0.6232638888888888,0.5830358786009174,10.46112060546875,10.46112060546875
resnetse5,device:RealWorld_thigh+MotionSense:10+10,192,0,5,86,MotionSense,0.7470703125,0.6990407225678289,10.46112060546875,10.46112060546875
resnetse5,device:RealWorld_thigh+MotionSense:10+10,192,0,5,87,RealWorld_thigh,0.6215277777777778,0.5825319251421032,10.46112060546875,10.46112060546875
resnetse5,device:RealWorld_thigh+MotionSense:10+10,192,0,5,87,MotionSense,0.751953125,0.7058644348339017,10.46112060546875,10.46112060546875
resnetse5,device:RealWorld_thigh+MotionSense:10+10,192,0,5,88,RealWorld_thigh,0.6225694444444444,0.5833831023384567,10.46112060546875,10.46112060546875
resnetse5,device:RealWorld_thigh+MotionSense:10+10,192,0,5,88,MotionSense,0.7578125,0.7112136442240719,10.46112060546875,10.46112060546875
resnetse5,device:RealWorld_thigh+MotionSense:10+10,192,0,5,89,RealWorld_thigh,0.6201388888888889,0.5793459985818429,10.46112060546875,10.46112060546875
resnetse5,device:RealWorld_thigh+MotionSense:10+10,192,0,5,89,MotionSense,0.7353515625,0.6848755620869245,10.46112060546875,10.46112060546875
resnetse5,device:RealWorld_thigh+MotionSense:10+10,192,0,5,90,RealWorld_thigh,0.6194444444444445,0.5793886181431869,10.46112060546875,10.46112060546875
resnetse5,device:RealWorld_thigh+MotionSense:10+10,192,0,5,90,MotionSense,0.75390625,0.7059826110974504,10.46112060546875,10.46112060546875
resnetse5,device:RealWorld_thigh+MotionSense:10+10,192,0,5,91,RealWorld_thigh,0.621875,0.5806312289897279,10.46112060546875,10.46112060546875
resnetse5,device:RealWorld_thigh+MotionSense:10+10,192,0,5,91,MotionSense,0.7509765625,0.7026562196387434,10.46112060546875,10.46112060546875
resnetse5,device:RealWorld_thigh+MotionSense:10+10,192,0,5,92,RealWorld_thigh,0.6208333333333333,0.5799546041673677,10.46112060546875,10.46112060546875
resnetse5,device:RealWorld_thigh+MotionSense:10+10,192,0,5,92,MotionSense,0.75390625,0.7051369765328714,10.46112060546875,10.46112060546875
resnetse5,device:RealWorld_thigh+MotionSense:10+10,192,0,5,93,RealWorld_thigh,0.621875,0.5796625369769437,10.46112060546875,10.46112060546875
resnetse5,device:RealWorld_thigh+MotionSense:10+10,192,0,5,93,MotionSense,0.7490234375,0.7001127346043262,10.46112060546875,10.46112060546875
resnetse5,device:RealWorld_thigh+MotionSense:10+10,192,0,5,94,RealWorld_thigh,0.6204861111111111,0.5796172400894238,10.46112060546875,10.46112060546875
resnetse5,device:RealWorld_thigh+MotionSense:10+10,192,0,5,94,MotionSense,0.7451171875,0.695891830462602,10.46112060546875,10.46112060546875
resnetse5,device:RealWorld_thigh+MotionSense:10+10,192,0,5,95,RealWorld_thigh,0.6194444444444445,0.5808674482229793,10.46112060546875,10.46112060546875
resnetse5,device:RealWorld_thigh+MotionSense:10+10,192,0,5,95,MotionSense,0.76171875,0.7196119518785696,10.46112060546875,10.46112060546875
resnetse5,device:RealWorld_thigh+MotionSense:10+10,192,0,5,96,RealWorld_thigh,0.621875,0.5810413361852896,10.46112060546875,10.46112060546875
resnetse5,device:RealWorld_thigh+MotionSense:10+10,192,0,5,96,MotionSense,0.748046875,0.6989429047275447,10.46112060546875,10.46112060546875
resnetse5,device:RealWorld_thigh+MotionSense:10+10,192,0,5,97,RealWorld_thigh,0.6159722222222223,0.5761496889966277,10.46112060546875,10.46112060546875
resnetse5,device:RealWorld_thigh+MotionSense:10+10,192,0,5,97,MotionSense,0.7548828125,0.7075390531996794,10.46112060546875,10.46112060546875
resnetse5,device:RealWorld_thigh+MotionSense:10+10,192,0,5,98,RealWorld_thigh,0.6166666666666667,0.5756009947659038,10.46112060546875,10.46112060546875
resnetse5,device:RealWorld_thigh+MotionSense:10+10,192,0,5,98,MotionSense,0.7412109375,0.6920853606277363,10.46112060546875,10.46112060546875
resnetse5,device:RealWorld_thigh+MotionSense:10+10,192,0,5,99,RealWorld_thigh,0.621875,0.5813873581088682,10.46112060546875,10.46112060546875
resnetse5,device:RealWorld_thigh+MotionSense:10+10,192,0,5,99,MotionSense,0.7490234375,0.7001314086966012,10.46112060546875,10.46112060546875
resnetse5,device:RealWorld_thigh+MotionSense:10+10,192,0,5,100,RealWorld_thigh,0.6194444444444445,0.5799924722282613,10.46112060546875,10.46112060546875
resnetse5,device:RealWorld_thigh+MotionSense:10+10,192,0,5,100,MotionSense,0.7509765625,0.703651274163931,10.46112060546875,10.46112060546875
resnetse5,device:RealWorld_thigh+MotionSense:10+10,192,1,5,1,RealWorld_thigh,0.3052083333333333,0.1605313219793311,10.46112060546875,10.46112060546875
resnetse5,device:RealWorld_thigh+MotionSense:10+10,192,1,5,1,MotionSense,0.345703125,0.1806422083577738,10.46112060546875,10.46112060546875
resnetse5,device:RealWorld_thigh+MotionSense:10+10,192,1,5,2,RealWorld_thigh,0.3496527777777777,0.2333915218685359,10.46112060546875,10.46112060546875
resnetse5,device:RealWorld_thigh+MotionSense:10+10,192,1,5,2,MotionSense,0.3955078125,0.2580028431960681,10.46112060546875,10.46112060546875
resnetse5,device:RealWorld_thigh+MotionSense:10+10,192,1,5,3,RealWorld_thigh,0.4975694444444444,0.4364100671756821,10.46112060546875,10.46112060546875
resnetse5,device:RealWorld_thigh+MotionSense:10+10,192,1,5,3,MotionSense,0.634765625,0.5570998723257072,10.46112060546875,10.46112060546875
resnetse5,device:RealWorld_thigh+MotionSense:10+10,192,1,5,4,RealWorld_thigh,0.5871527777777777,0.5366501839961018,10.46112060546875,10.46112060546875
resnetse5,device:RealWorld_thigh+MotionSense:10+10,192,1,5,4,MotionSense,0.685546875,0.6228315754824365,10.46112060546875,10.46112060546875
resnetse5,device:RealWorld_thigh+MotionSense:10+10,192,1,5,5,RealWorld_thigh,0.6048611111111111,0.5595997201087604,10.46112060546875,10.46112060546875
resnetse5,device:RealWorld_thigh+MotionSense:10+10,192,1,5,5,MotionSense,0.7236328125,0.6675840681490479,10.46112060546875,10.46112060546875
resnetse5,device:RealWorld_thigh+MotionSense:10+10,192,1,5,6,RealWorld_thigh,0.6222222222222222,0.5772410771541174,10.46112060546875,10.46112060546875
resnetse5,device:RealWorld_thigh+MotionSense:10+10,192,1,5,6,MotionSense,0.7470703125,0.6932272957109221,10.46112060546875,10.46112060546875
resnetse5,device:RealWorld_thigh+MotionSense:10+10,192,1,5,7,RealWorld_thigh,0.6434027777777778,0.5979573158351319,10.46112060546875,10.46112060546875
resnetse5,device:RealWorld_thigh+MotionSense:10+10,192,1,5,7,MotionSense,0.763671875,0.7113729803011407,10.46112060546875,10.46112060546875
resnetse5,device:RealWorld_thigh+MotionSense:10+10,192,1,5,8,RealWorld_thigh,0.6569444444444444,0.6116605133259664,10.46112060546875,10.46112060546875
resnetse5,device:RealWorld_thigh+MotionSense:10+10,192,1,5,8,MotionSense,0.763671875,0.7118959176496547,10.46112060546875,10.46112060546875
resnetse5,device:RealWorld_thigh+MotionSense:10+10,192,1,5,9,RealWorld_thigh,0.6690972222222222,0.6238861954636278,10.46112060546875,10.46112060546875
resnetse5,device:RealWorld_thigh+MotionSense:10+10,192,1,5,9,MotionSense,0.7666015625,0.7150171328079783,10.46112060546875,10.46112060546875
resnetse5,device:RealWorld_thigh+MotionSense:10+10,192,1,5,10,RealWorld_thigh,0.6809027777777777,0.6358196701785379,10.46112060546875,10.46112060546875
resnetse5,device:RealWorld_thigh+MotionSense:10+10,192,1,5,10,MotionSense,0.7685546875,0.7167471872962444,10.46112060546875,10.46112060546875
resnetse5,device:RealWorld_thigh+MotionSense:10+10,192,1,5,11,RealWorld_thigh,0.6864583333333333,0.6414489421364508,10.46112060546875,10.46112060546875
resnetse5,device:RealWorld_thigh+MotionSense:10+10,192,1,5,11,MotionSense,0.7744140625,0.72274720957361,10.46112060546875,10.46112060546875
resnetse5,device:RealWorld_thigh+MotionSense:10+10,192,1,5,12,RealWorld_thigh,0.6916666666666667,0.6469276527484452,10.46112060546875,10.46112060546875
resnetse5,device:RealWorld_thigh+MotionSense:10+10,192,1,5,12,MotionSense,0.775390625,0.7248057909554219,10.46112060546875,10.46112060546875
resnetse5,device:RealWorld_thigh+MotionSense:10+10,192,1,5,13,RealWorld_thigh,0.6972222222222222,0.6530090346829799,10.46112060546875,10.46112060546875
resnetse5,device:RealWorld_thigh+MotionSense:10+10,192,1,5,13,MotionSense,0.7744140625,0.723772162147888,10.46112060546875,10.46112060546875
resnetse5,device:RealWorld_thigh+MotionSense:10+10,192,1,5,14,RealWorld_thigh,0.6986111111111111,0.6560838754659409,10.46112060546875,10.46112060546875
resnetse5,device:RealWorld_thigh+MotionSense:10+10,192,1,5,14,MotionSense,0.7734375,0.7227231652575914,10.46112060546875,10.46112060546875
resnetse5,device:RealWorld_thigh+MotionSense:10+10,192,1,5,15,RealWorld_thigh,0.7440972222222222,0.7428320549327898,10.46112060546875,10.46112060546875
resnetse5,device:RealWorld_thigh+MotionSense:10+10,192,1,5,15,MotionSense,0.8212890625,0.8169756229626889,10.46112060546875,10.46112060546875
resnetse5,device:RealWorld_thigh+MotionSense:10+10,192,1,5,16,RealWorld_thigh,0.7211805555555556,0.7275758415243399,10.46112060546875,10.46112060546875
resnetse5,device:RealWorld_thigh+MotionSense:10+10,192,1,5,16,MotionSense,0.767578125,0.7170461497400371,10.46112060546875,10.46112060546875
resnetse5,device:RealWorld_thigh+MotionSense:10+10,192,1,5,17,RealWorld_thigh,0.7239583333333334,0.7084746315969029,10.46112060546875,10.46112060546875
resnetse5,device:RealWorld_thigh+MotionSense:10+10,192,1,5,17,MotionSense,0.7783203125,0.7369621039704839,10.46112060546875,10.46112060546875
resnetse5,device:RealWorld_thigh+MotionSense:10+10,192,1,5,18,RealWorld_thigh,0.721875,0.7015804855364983,10.46112060546875,10.46112060546875
resnetse5,device:RealWorld_thigh+MotionSense:10+10,192,1,5,18,MotionSense,0.7744140625,0.7295008333382507,10.46112060546875,10.46112060546875
resnetse5,device:RealWorld_thigh+MotionSense:10+10,192,1,5,19,RealWorld_thigh,0.728125,0.7145699617061624,10.46112060546875,10.46112060546875
resnetse5,device:RealWorld_thigh+MotionSense:10+10,192,1,5,19,MotionSense,0.7802734375,0.7399236102432228,10.46112060546875,10.46112060546875
resnetse5,device:RealWorld_thigh+MotionSense:10+10,192,1,5,20,RealWorld_thigh,0.7270833333333333,0.7095708479986983,10.46112060546875,10.46112060546875
resnetse5,device:RealWorld_thigh+MotionSense:10+10,192,1,5,20,MotionSense,0.77734375,0.7323368635217951,10.46112060546875,10.46112060546875
resnetse5,device:RealWorld_thigh+MotionSense:10+10,192,1,5,21,RealWorld_thigh,0.7302083333333333,0.7165882310742026,10.46112060546875,10.46112060546875
resnetse5,device:RealWorld_thigh+MotionSense:10+10,192,1,5,21,MotionSense,0.779296875,0.7381234463377364,10.46112060546875,10.46112060546875
resnetse5,device:RealWorld_thigh+MotionSense:10+10,192,1,5,22,RealWorld_thigh,0.7246527777777778,0.7038203917370093,10.46112060546875,10.46112060546875
resnetse5,device:RealWorld_thigh+MotionSense:10+10,192,1,5,22,MotionSense,0.7724609375,0.7265988634829695,10.46112060546875,10.46112060546875
resnetse5,device:RealWorld_thigh+MotionSense:10+10,192,1,5,23,RealWorld_thigh,0.7229166666666667,0.7021480681131401,10.46112060546875,10.46112060546875
resnetse5,device:RealWorld_thigh+MotionSense:10+10,192,1,5,23,MotionSense,0.7744140625,0.7273387626272275,10.46112060546875,10.46112060546875
resnetse5,device:RealWorld_thigh+MotionSense:10+10,192,1,5,24,RealWorld_thigh,0.7319444444444444,0.7184811276520106,10.46112060546875,10.46112060546875
resnetse5,device:RealWorld_thigh+MotionSense:10+10,192,1,5,24,MotionSense,0.7734375,0.7331488250046064,10.46112060546875,10.46112060546875
resnetse5,device:RealWorld_thigh+MotionSense:10+10,192,1,5,25,RealWorld_thigh,0.7315972222222222,0.7153475294676923,10.46112060546875,10.46112060546875
resnetse5,device:RealWorld_thigh+MotionSense:10+10,192,1,5,25,MotionSense,0.7705078125,0.7275624297786312,10.46112060546875,10.46112060546875
resnetse5,device:RealWorld_thigh+MotionSense:10+10,192,1,5,26,RealWorld_thigh,0.7326388888888888,0.7200765850320575,10.46112060546875,10.46112060546875
resnetse5,device:RealWorld_thigh+MotionSense:10+10,192,1,5,26,MotionSense,0.7783203125,0.7403438221112366,10.46112060546875,10.46112060546875
resnetse5,device:RealWorld_thigh+MotionSense:10+10,192,1,5,27,RealWorld_thigh,0.7340277777777777,0.7221621762401536,10.46112060546875,10.46112060546875
resnetse5,device:RealWorld_thigh+MotionSense:10+10,192,1,5,27,MotionSense,0.77734375,0.7395389323000267,10.46112060546875,10.46112060546875
resnetse5,device:RealWorld_thigh+MotionSense:10+10,192,1,5,28,RealWorld_thigh,0.7350694444444444,0.7223912147868493,10.46112060546875,10.46112060546875
resnetse5,device:RealWorld_thigh+MotionSense:10+10,192,1,5,28,MotionSense,0.775390625,0.7367810278924485,10.46112060546875,10.46112060546875
resnetse5,device:RealWorld_thigh+MotionSense:10+10,192,1,5,29,RealWorld_thigh,0.7378472222222222,0.7292542123314094,10.46112060546875,10.46112060546875
resnetse5,device:RealWorld_thigh+MotionSense:10+10,192,1,5,29,MotionSense,0.78515625,0.7565859043625037,10.46112060546875,10.46112060546875
resnetse5,device:RealWorld_thigh+MotionSense:10+10,192,1,5,30,RealWorld_thigh,0.7378472222222222,0.7297439980009023,10.46112060546875,10.46112060546875
resnetse5,device:RealWorld_thigh+MotionSense:10+10,192,1,5,30,MotionSense,0.787109375,0.7611033817275471,10.46112060546875,10.46112060546875
resnetse5,device:RealWorld_thigh+MotionSense:10+10,192,1,5,31,RealWorld_thigh,0.7354166666666667,0.7242869944569499,10.46112060546875,10.46112060546875
resnetse5,device:RealWorld_thigh+MotionSense:10+10,192,1,5,31,MotionSense,0.7734375,0.7382409843019103,10.46112060546875,10.46112060546875
resnetse5,device:RealWorld_thigh+MotionSense:10+10,192,1,5,32,RealWorld_thigh,0.7371527777777778,0.7292792174048445,10.46112060546875,10.46112060546875
resnetse5,device:RealWorld_thigh+MotionSense:10+10,192,1,5,32,MotionSense,0.7880859375,0.7627846355795844,10.46112060546875,10.46112060546875
resnetse5,device:RealWorld_thigh+MotionSense:10+10,192,1,5,33,RealWorld_thigh,0.7395833333333334,0.7327040463625211,10.46112060546875,10.46112060546875
resnetse5,device:RealWorld_thigh+MotionSense:10+10,192,1,5,33,MotionSense,0.7880859375,0.7652897383468327,10.46112060546875,10.46112060546875
resnetse5,device:RealWorld_thigh+MotionSense:10+10,192,1,5,34,RealWorld_thigh,0.7451388888888889,0.7417557852022986,10.46112060546875,10.46112060546875
resnetse5,device:RealWorld_thigh+MotionSense:10+10,192,1,5,34,MotionSense,0.80859375,0.7961983408031883,10.46112060546875,10.46112060546875
resnetse5,device:RealWorld_thigh+MotionSense:10+10,192,1,5,35,RealWorld_thigh,0.7392361111111111,0.7363052186346742,10.46112060546875,10.46112060546875
resnetse5,device:RealWorld_thigh+MotionSense:10+10,192,1,5,35,MotionSense,0.8076171875,0.7949752181304209,10.46112060546875,10.46112060546875
resnetse5,device:RealWorld_thigh+MotionSense:10+10,192,1,5,36,RealWorld_thigh,0.7416666666666667,0.7388812188515218,10.46112060546875,10.46112060546875
resnetse5,device:RealWorld_thigh+MotionSense:10+10,192,1,5,36,MotionSense,0.8046875,0.7911734013849253,10.46112060546875,10.46112060546875
resnetse5,device:RealWorld_thigh+MotionSense:10+10,192,1,5,37,RealWorld_thigh,0.7458333333333333,0.7467791763111905,10.46112060546875,10.46112060546875
resnetse5,device:RealWorld_thigh+MotionSense:10+10,192,1,5,37,MotionSense,0.81640625,0.8092471550741828,10.46112060546875,10.46112060546875
resnetse5,device:RealWorld_thigh+MotionSense:10+10,192,1,5,38,RealWorld_thigh,0.7138888888888889,0.7217513621512665,10.46112060546875,10.46112060546875
resnetse5,device:RealWorld_thigh+MotionSense:10+10,192,1,5,38,MotionSense,0.814453125,0.8112571063901491,10.46112060546875,10.46112060546875
resnetse5,device:RealWorld_thigh+MotionSense:10+10,192,1,5,39,RealWorld_thigh,0.7305555555555555,0.7347034434886757,10.46112060546875,10.46112060546875
resnetse5,device:RealWorld_thigh+MotionSense:10+10,192,1,5,39,MotionSense,0.8193359375,0.8137386904467306,10.46112060546875,10.46112060546875
resnetse5,device:RealWorld_thigh+MotionSense:10+10,192,1,5,40,RealWorld_thigh,0.6881944444444444,0.6951651785526091,10.46112060546875,10.46112060546875
resnetse5,device:RealWorld_thigh+MotionSense:10+10,192,1,5,40,MotionSense,0.8212890625,0.8207757213577134,10.46112060546875,10.46112060546875
resnetse5,device:RealWorld_thigh+MotionSense:10+10,192,1,5,41,RealWorld_thigh,0.7003472222222222,0.7048948737726186,10.46112060546875,10.46112060546875
resnetse5,device:RealWorld_thigh+MotionSense:10+10,192,1,5,41,MotionSense,0.818359375,0.8180157544847875,10.46112060546875,10.46112060546875
resnetse5,device:RealWorld_thigh+MotionSense:10+10,192,1,5,42,RealWorld_thigh,0.7048611111111112,0.7059092887332216,10.46112060546875,10.46112060546875
resnetse5,device:RealWorld_thigh+MotionSense:10+10,192,1,5,42,MotionSense,0.83203125,0.8319555933170123,10.46112060546875,10.46112060546875
resnetse5,device:RealWorld_thigh+MotionSense:10+10,192,1,5,43,RealWorld_thigh,0.696875,0.695109472303202,10.46112060546875,10.46112060546875
resnetse5,device:RealWorld_thigh+MotionSense:10+10,192,1,5,43,MotionSense,0.8427734375,0.8423041766174543,10.46112060546875,10.46112060546875
resnetse5,device:RealWorld_thigh+MotionSense:10+10,192,1,5,44,RealWorld_thigh,0.6649305555555556,0.6418500503798363,10.46112060546875,10.46112060546875
resnetse5,device:RealWorld_thigh+MotionSense:10+10,192,1,5,44,MotionSense,0.83984375,0.8373000246353204,10.46112060546875,10.46112060546875
resnetse5,device:RealWorld_thigh+MotionSense:10+10,192,1,5,45,RealWorld_thigh,0.6680555555555555,0.644270775968512,10.46112060546875,10.46112060546875
resnetse5,device:RealWorld_thigh+MotionSense:10+10,192,1,5,45,MotionSense,0.8310546875,0.8243343425016164,10.46112060546875,10.46112060546875
resnetse5,device:RealWorld_thigh+MotionSense:10+10,192,1,5,46,RealWorld_thigh,0.6628472222222223,0.6393593286400158,10.46112060546875,10.46112060546875
resnetse5,device:RealWorld_thigh+MotionSense:10+10,192,1,5,46,MotionSense,0.8408203125,0.8368815149775326,10.46112060546875,10.46112060546875
resnetse5,device:RealWorld_thigh+MotionSense:10+10,192,1,5,47,RealWorld_thigh,0.6607638888888889,0.6370637499711568,10.46112060546875,10.46112060546875
resnetse5,device:RealWorld_thigh+MotionSense:10+10,192,1,5,47,MotionSense,0.8369140625,0.8313749437602556,10.46112060546875,10.46112060546875
resnetse5,device:RealWorld_thigh+MotionSense:10+10,192,1,5,48,RealWorld_thigh,0.6576388888888889,0.636856386776546,10.46112060546875,10.46112060546875
resnetse5,device:RealWorld_thigh+MotionSense:10+10,192,1,5,48,MotionSense,0.8525390625,0.850751852644977,10.46112060546875,10.46112060546875
resnetse5,device:RealWorld_thigh+MotionSense:10+10,192,1,5,49,RealWorld_thigh,0.6652777777777777,0.6422576837548436,10.46112060546875,10.46112060546875
resnetse5,device:RealWorld_thigh+MotionSense:10+10,192,1,5,49,MotionSense,0.8408203125,0.8366766007954373,10.46112060546875,10.46112060546875
resnetse5,device:RealWorld_thigh+MotionSense:10+10,192,1,5,50,RealWorld_thigh,0.6586805555555556,0.6392845129469907,10.46112060546875,10.46112060546875
resnetse5,device:RealWorld_thigh+MotionSense:10+10,192,1,5,50,MotionSense,0.853515625,0.8524512500825566,10.46112060546875,10.46112060546875
resnetse5,device:RealWorld_thigh+MotionSense:10+10,192,1,5,51,RealWorld_thigh,0.6607638888888889,0.6404038728177783,10.46112060546875,10.46112060546875
resnetse5,device:RealWorld_thigh+MotionSense:10+10,192,1,5,51,MotionSense,0.861328125,0.8597036591809948,10.46112060546875,10.46112060546875
resnetse5,device:RealWorld_thigh+MotionSense:10+10,192,1,5,52,RealWorld_thigh,0.6663194444444445,0.6436753445564902,10.46112060546875,10.46112060546875
resnetse5,device:RealWorld_thigh+MotionSense:10+10,192,1,5,52,MotionSense,0.8603515625,0.8585342750773816,10.46112060546875,10.46112060546875
resnetse5,device:RealWorld_thigh+MotionSense:10+10,192,1,5,53,RealWorld_thigh,0.6572916666666667,0.6372566762657726,10.46112060546875,10.46112060546875
resnetse5,device:RealWorld_thigh+MotionSense:10+10,192,1,5,53,MotionSense,0.857421875,0.8562011217580096,10.46112060546875,10.46112060546875
resnetse5,device:RealWorld_thigh+MotionSense:10+10,192,1,5,54,RealWorld_thigh,0.6871527777777777,0.684504647621794,10.46112060546875,10.46112060546875
resnetse5,device:RealWorld_thigh+MotionSense:10+10,192,1,5,54,MotionSense,0.857421875,0.8556367592263799,10.46112060546875,10.46112060546875
resnetse5,device:RealWorld_thigh+MotionSense:10+10,192,1,5,55,RealWorld_thigh,0.6576388888888889,0.6362617643829862,10.46112060546875,10.46112060546875
resnetse5,device:RealWorld_thigh+MotionSense:10+10,192,1,5,55,MotionSense,0.8662109375,0.8643277558817192,10.46112060546875,10.46112060546875
resnetse5,device:RealWorld_thigh+MotionSense:10+10,192,1,5,56,RealWorld_thigh,0.6618055555555555,0.6414006307707832,10.46112060546875,10.46112060546875
resnetse5,device:RealWorld_thigh+MotionSense:10+10,192,1,5,56,MotionSense,0.8681640625,0.866883345126174,10.46112060546875,10.46112060546875
resnetse5,device:RealWorld_thigh+MotionSense:10+10,192,1,5,57,RealWorld_thigh,0.6659722222222222,0.6424857156260779,10.46112060546875,10.46112060546875
resnetse5,device:RealWorld_thigh+MotionSense:10+10,192,1,5,57,MotionSense,0.8740234375,0.872548288498339,10.46112060546875,10.46112060546875
resnetse5,device:RealWorld_thigh+MotionSense:10+10,192,1,5,58,RealWorld_thigh,0.6631944444444444,0.6414998114708669,10.46112060546875,10.46112060546875
resnetse5,device:RealWorld_thigh+MotionSense:10+10,192,1,5,58,MotionSense,0.8740234375,0.8724692977906665,10.46112060546875,10.46112060546875
resnetse5,device:RealWorld_thigh+MotionSense:10+10,192,1,5,59,RealWorld_thigh,0.6899305555555556,0.6535013817344525,10.46112060546875,10.46112060546875
resnetse5,device:RealWorld_thigh+MotionSense:10+10,192,1,5,59,MotionSense,0.7802734375,0.7517903888533904,10.46112060546875,10.46112060546875
resnetse5,device:RealWorld_thigh+MotionSense:10+10,192,1,5,60,RealWorld_thigh,0.6836805555555555,0.6508613133062172,10.46112060546875,10.46112060546875
resnetse5,device:RealWorld_thigh+MotionSense:10+10,192,1,5,60,MotionSense,0.82421875,0.8165093369698627,10.46112060546875,10.46112060546875
resnetse5,device:RealWorld_thigh+MotionSense:10+10,192,1,5,61,RealWorld_thigh,0.6746527777777778,0.645753319295095,10.46112060546875,10.46112060546875
resnetse5,device:RealWorld_thigh+MotionSense:10+10,192,1,5,61,MotionSense,0.8447265625,0.8405531848317978,10.46112060546875,10.46112060546875
resnetse5,device:RealWorld_thigh+MotionSense:10+10,192,1,5,62,RealWorld_thigh,0.6934027777777778,0.6525045851390164,10.46112060546875,10.46112060546875
resnetse5,device:RealWorld_thigh+MotionSense:10+10,192,1,5,62,MotionSense,0.7529296875,0.7062955090143032,10.46112060546875,10.46112060546875
resnetse5,device:RealWorld_thigh+MotionSense:10+10,192,1,5,63,RealWorld_thigh,0.6753472222222222,0.6471437455828056,10.46112060546875,10.46112060546875
resnetse5,device:RealWorld_thigh+MotionSense:10+10,192,1,5,63,MotionSense,0.8251953125,0.8177773585444971,10.46112060546875,10.46112060546875
resnetse5,device:RealWorld_thigh+MotionSense:10+10,192,1,5,64,RealWorld_thigh,0.6666666666666666,0.6431803591559493,10.46112060546875,10.46112060546875
resnetse5,device:RealWorld_thigh+MotionSense:10+10,192,1,5,64,MotionSense,0.8740234375,0.8718108470079823,10.46112060546875,10.46112060546875
resnetse5,device:RealWorld_thigh+MotionSense:10+10,192,1,5,65,RealWorld_thigh,0.6770833333333334,0.649133991585994,10.46112060546875,10.46112060546875
resnetse5,device:RealWorld_thigh+MotionSense:10+10,192,1,5,65,MotionSense,0.7978515625,0.7811202760049957,10.46112060546875,10.46112060546875
resnetse5,device:RealWorld_thigh+MotionSense:10+10,192,1,5,66,RealWorld_thigh,0.6975694444444445,0.657255375583191,10.46112060546875,10.46112060546875
resnetse5,device:RealWorld_thigh+MotionSense:10+10,192,1,5,66,MotionSense,0.7548828125,0.7104713238749688,10.46112060546875,10.46112060546875
resnetse5,device:RealWorld_thigh+MotionSense:10+10,192,1,5,67,RealWorld_thigh,0.6944444444444444,0.6553084275262404,10.46112060546875,10.46112060546875
resnetse5,device:RealWorld_thigh+MotionSense:10+10,192,1,5,67,MotionSense,0.7666015625,0.7309849876582848,10.46112060546875,10.46112060546875
resnetse5,device:RealWorld_thigh+MotionSense:10+10,192,1,5,68,RealWorld_thigh,0.6878472222222223,0.655196396057835,10.46112060546875,10.46112060546875
resnetse5,device:RealWorld_thigh+MotionSense:10+10,192,1,5,68,MotionSense,0.767578125,0.7328652287734068,10.46112060546875,10.46112060546875
resnetse5,device:RealWorld_thigh+MotionSense:10+10,192,1,5,69,RealWorld_thigh,0.6986111111111111,0.6593812716523008,10.46112060546875,10.46112060546875
resnetse5,device:RealWorld_thigh+MotionSense:10+10,192,1,5,69,MotionSense,0.755859375,0.7104358939731651,10.46112060546875,10.46112060546875
resnetse5,device:RealWorld_thigh+MotionSense:10+10,192,1,5,70,RealWorld_thigh,0.6725694444444444,0.6462018917178776,10.46112060546875,10.46112060546875
resnetse5,device:RealWorld_thigh+MotionSense:10+10,192,1,5,70,MotionSense,0.8359375,0.8302951793992026,10.46112060546875,10.46112060546875
resnetse5,device:RealWorld_thigh+MotionSense:10+10,192,1,5,71,RealWorld_thigh,0.6989583333333333,0.65878405382238,10.46112060546875,10.46112060546875
resnetse5,device:RealWorld_thigh+MotionSense:10+10,192,1,5,71,MotionSense,0.75390625,0.7084291887674302,10.46112060546875,10.46112060546875
resnetse5,device:RealWorld_thigh+MotionSense:10+10,192,1,5,72,RealWorld_thigh,0.6996527777777778,0.6594675003944909,10.46112060546875,10.46112060546875
resnetse5,device:RealWorld_thigh+MotionSense:10+10,192,1,5,72,MotionSense,0.7548828125,0.7094806942666422,10.46112060546875,10.46112060546875
resnetse5,device:RealWorld_thigh+MotionSense:10+10,192,1,5,73,RealWorld_thigh,0.6760416666666667,0.6495863225467907,10.46112060546875,10.46112060546875
resnetse5,device:RealWorld_thigh+MotionSense:10+10,192,1,5,73,MotionSense,0.78515625,0.7634819830680479,10.46112060546875,10.46112060546875
resnetse5,device:RealWorld_thigh+MotionSense:10+10,192,1,5,74,RealWorld_thigh,0.6881944444444444,0.6555924510188682,10.46112060546875,10.46112060546875
resnetse5,device:RealWorld_thigh+MotionSense:10+10,192,1,5,74,MotionSense,0.7666015625,0.7318551588451646,10.46112060546875,10.46112060546875
resnetse5,device:RealWorld_thigh+MotionSense:10+10,192,1,5,75,RealWorld_thigh,0.6993055555555555,0.6602067752275375,10.46112060546875,10.46112060546875
resnetse5,device:RealWorld_thigh+MotionSense:10+10,192,1,5,75,MotionSense,0.75390625,0.7084921227611716,10.46112060546875,10.46112060546875
resnetse5,device:RealWorld_thigh+MotionSense:10+10,192,1,5,76,RealWorld_thigh,0.6930555555555555,0.6535749780794132,10.46112060546875,10.46112060546875
resnetse5,device:RealWorld_thigh+MotionSense:10+10,192,1,5,76,MotionSense,0.755859375,0.7100749151251463,10.46112060546875,10.46112060546875
resnetse5,device:RealWorld_thigh+MotionSense:10+10,192,1,5,77,RealWorld_thigh,0.6809027777777777,0.652249045491373,10.46112060546875,10.46112060546875
resnetse5,device:RealWorld_thigh+MotionSense:10+10,192,1,5,77,MotionSense,0.775390625,0.7495321095528985,10.46112060546875,10.46112060546875
resnetse5,device:RealWorld_thigh+MotionSense:10+10,192,1,5,78,RealWorld_thigh,0.6864583333333333,0.654729508185571,10.46112060546875,10.46112060546875
resnetse5,device:RealWorld_thigh+MotionSense:10+10,192,1,5,78,MotionSense,0.7734375,0.7474178194700948,10.46112060546875,10.46112060546875
resnetse5,device:RealWorld_thigh+MotionSense:10+10,192,1,5,79,RealWorld_thigh,0.696875,0.6570318620030448,10.46112060546875,10.46112060546875
resnetse5,device:RealWorld_thigh+MotionSense:10+10,192,1,5,79,MotionSense,0.751953125,0.705339541351453,10.46112060546875,10.46112060546875
resnetse5,device:RealWorld_thigh+MotionSense:10+10,192,1,5,80,RealWorld_thigh,0.6979166666666666,0.6581898052351391,10.46112060546875,10.46112060546875
resnetse5,device:RealWorld_thigh+MotionSense:10+10,192,1,5,80,MotionSense,0.7578125,0.7125543176640097,10.46112060546875,10.46112060546875
resnetse5,device:RealWorld_thigh+MotionSense:10+10,192,1,5,81,RealWorld_thigh,0.6795138888888889,0.6496272189036512,10.46112060546875,10.46112060546875
resnetse5,device:RealWorld_thigh+MotionSense:10+10,192,1,5,81,MotionSense,0.765625,0.7308129027989838,10.46112060546875,10.46112060546875
resnetse5,device:RealWorld_thigh+MotionSense:10+10,192,1,5,82,RealWorld_thigh,0.696875,0.656970443668559,10.46112060546875,10.46112060546875
resnetse5,device:RealWorld_thigh+MotionSense:10+10,192,1,5,82,MotionSense,0.755859375,0.7103804930890201,10.46112060546875,10.46112060546875
resnetse5,device:RealWorld_thigh+MotionSense:10+10,192,1,5,83,RealWorld_thigh,0.6645833333333333,0.6448597685784154,10.46112060546875,10.46112060546875
resnetse5,device:RealWorld_thigh+MotionSense:10+10,192,1,5,83,MotionSense,0.865234375,0.8626627234837912,10.46112060546875,10.46112060546875
resnetse5,device:RealWorld_thigh+MotionSense:10+10,192,1,5,84,RealWorld_thigh,0.6642361111111111,0.6437965386524477,10.46112060546875,10.46112060546875
resnetse5,device:RealWorld_thigh+MotionSense:10+10,192,1,5,84,MotionSense,0.8623046875,0.8596517414532476,10.46112060546875,10.46112060546875
resnetse5,device:RealWorld_thigh+MotionSense:10+10,192,1,5,85,RealWorld_thigh,0.6975694444444445,0.65734867122463,10.46112060546875,10.46112060546875
resnetse5,device:RealWorld_thigh+MotionSense:10+10,192,1,5,85,MotionSense,0.7548828125,0.7094985369015316,10.46112060546875,10.46112060546875
resnetse5,device:RealWorld_thigh+MotionSense:10+10,192,1,5,86,RealWorld_thigh,0.6954861111111111,0.6564011049937843,10.46112060546875,10.46112060546875
resnetse5,device:RealWorld_thigh+MotionSense:10+10,192,1,5,86,MotionSense,0.7548828125,0.7095533402480769,10.46112060546875,10.46112060546875
resnetse5,device:RealWorld_thigh+MotionSense:10+10,192,1,5,87,RealWorld_thigh,0.6951388888888889,0.6552082440575574,10.46112060546875,10.46112060546875
resnetse5,device:RealWorld_thigh+MotionSense:10+10,192,1,5,87,MotionSense,0.75,0.7033587560512865,10.46112060546875,10.46112060546875
resnetse5,device:RealWorld_thigh+MotionSense:10+10,192,1,5,88,RealWorld_thigh,0.6944444444444444,0.6543078339049849,10.46112060546875,10.46112060546875
resnetse5,device:RealWorld_thigh+MotionSense:10+10,192,1,5,88,MotionSense,0.7509765625,0.704961157785974,10.46112060546875,10.46112060546875
resnetse5,device:RealWorld_thigh+MotionSense:10+10,192,1,5,89,RealWorld_thigh,0.6958333333333333,0.6556633299099415,10.46112060546875,10.46112060546875
resnetse5,device:RealWorld_thigh+MotionSense:10+10,192,1,5,89,MotionSense,0.75390625,0.7093855194577352,10.46112060546875,10.46112060546875
resnetse5,device:RealWorld_thigh+MotionSense:10+10,192,1,5,90,RealWorld_thigh,0.6784722222222223,0.6500876959007884,10.46112060546875,10.46112060546875
resnetse5,device:RealWorld_thigh+MotionSense:10+10,192,1,5,90,MotionSense,0.759765625,0.7225929569754403,10.46112060546875,10.46112060546875
resnetse5,device:RealWorld_thigh+MotionSense:10+10,192,1,5,91,RealWorld_thigh,0.6965277777777777,0.6584154122945768,10.46112060546875,10.46112060546875
resnetse5,device:RealWorld_thigh+MotionSense:10+10,192,1,5,91,MotionSense,0.759765625,0.7208989859225475,10.46112060546875,10.46112060546875
resnetse5,device:RealWorld_thigh+MotionSense:10+10,192,1,5,92,RealWorld_thigh,0.6947916666666667,0.6543974132887997,10.46112060546875,10.46112060546875
resnetse5,device:RealWorld_thigh+MotionSense:10+10,192,1,5,92,MotionSense,0.75390625,0.7082322620278255,10.46112060546875,10.46112060546875
resnetse5,device:RealWorld_thigh+MotionSense:10+10,192,1,5,93,RealWorld_thigh,0.6975694444444445,0.657832907987686,10.46112060546875,10.46112060546875
resnetse5,device:RealWorld_thigh+MotionSense:10+10,192,1,5,93,MotionSense,0.75,0.7056327316825967,10.46112060546875,10.46112060546875
resnetse5,device:RealWorld_thigh+MotionSense:10+10,192,1,5,94,RealWorld_thigh,0.6729166666666667,0.6474324619143978,10.46112060546875,10.46112060546875
resnetse5,device:RealWorld_thigh+MotionSense:10+10,192,1,5,94,MotionSense,0.7861328125,0.7647410488250932,10.46112060546875,10.46112060546875
resnetse5,device:RealWorld_thigh+MotionSense:10+10,192,1,5,95,RealWorld_thigh,0.6940972222222223,0.65518702774885,10.46112060546875,10.46112060546875
resnetse5,device:RealWorld_thigh+MotionSense:10+10,192,1,5,95,MotionSense,0.7548828125,0.7111799575193238,10.46112060546875,10.46112060546875
resnetse5,device:RealWorld_thigh+MotionSense:10+10,192,1,5,96,RealWorld_thigh,0.6951388888888889,0.6560320809765103,10.46112060546875,10.46112060546875
resnetse5,device:RealWorld_thigh+MotionSense:10+10,192,1,5,96,MotionSense,0.75,0.7061818978687199,10.46112060546875,10.46112060546875
resnetse5,device:RealWorld_thigh+MotionSense:10+10,192,1,5,97,RealWorld_thigh,0.6944444444444444,0.65422547768324,10.46112060546875,10.46112060546875
resnetse5,device:RealWorld_thigh+MotionSense:10+10,192,1,5,97,MotionSense,0.748046875,0.7021609835963344,10.46112060546875,10.46112060546875
resnetse5,device:RealWorld_thigh+MotionSense:10+10,192,1,5,98,RealWorld_thigh,0.6951388888888889,0.6568585339356879,10.46112060546875,10.46112060546875
resnetse5,device:RealWorld_thigh+MotionSense:10+10,192,1,5,98,MotionSense,0.751953125,0.7072831778736938,10.46112060546875,10.46112060546875
resnetse5,device:RealWorld_thigh+MotionSense:10+10,192,1,5,99,RealWorld_thigh,0.6940972222222223,0.6547678991084626,10.46112060546875,10.46112060546875
resnetse5,device:RealWorld_thigh+MotionSense:10+10,192,1,5,99,MotionSense,0.75,0.7089144288983587,10.46112060546875,10.46112060546875
resnetse5,device:RealWorld_thigh+MotionSense:10+10,192,1,5,100,RealWorld_thigh,0.6947916666666667,0.6541836513618571,10.46112060546875,10.46112060546875
resnetse5,device:RealWorld_thigh+MotionSense:10+10,192,1,5,100,MotionSense,0.7421875,0.6954847232941521,10.46112060546875,10.46112060546875
resnetse5,device:RealWorld_thigh+MotionSense:10+10,192,2,5,1,RealWorld_thigh,0.3222222222222222,0.1925329619068096,10.46112060546875,10.46112060546875
resnetse5,device:RealWorld_thigh+MotionSense:10+10,192,2,5,1,MotionSense,0.3486328125,0.1885395155339194,10.46112060546875,10.46112060546875
resnetse5,device:RealWorld_thigh+MotionSense:10+10,192,2,5,2,RealWorld_thigh,0.3833333333333333,0.2787305348409313,10.46112060546875,10.46112060546875
resnetse5,device:RealWorld_thigh+MotionSense:10+10,192,2,5,2,MotionSense,0.3818359375,0.2564361967386179,10.46112060546875,10.46112060546875
resnetse5,device:RealWorld_thigh+MotionSense:10+10,192,2,5,3,RealWorld_thigh,0.4486111111111111,0.3511769414484895,10.46112060546875,10.46112060546875
resnetse5,device:RealWorld_thigh+MotionSense:10+10,192,2,5,3,MotionSense,0.50390625,0.3934456626837428,10.46112060546875,10.46112060546875
resnetse5,device:RealWorld_thigh+MotionSense:10+10,192,2,5,4,RealWorld_thigh,0.5010416666666667,0.4069792724225816,10.46112060546875,10.46112060546875
resnetse5,device:RealWorld_thigh+MotionSense:10+10,192,2,5,4,MotionSense,0.556640625,0.4414455964325951,10.46112060546875,10.46112060546875
resnetse5,device:RealWorld_thigh+MotionSense:10+10,192,2,5,5,RealWorld_thigh,0.5027777777777778,0.413018815332814,10.46112060546875,10.46112060546875
resnetse5,device:RealWorld_thigh+MotionSense:10+10,192,2,5,5,MotionSense,0.587890625,0.4727049708649406,10.46112060546875,10.46112060546875
resnetse5,device:RealWorld_thigh+MotionSense:10+10,192,2,5,6,RealWorld_thigh,0.4913194444444444,0.4135515209488753,10.46112060546875,10.46112060546875
resnetse5,device:RealWorld_thigh+MotionSense:10+10,192,2,5,6,MotionSense,0.6103515625,0.4986316414717049,10.46112060546875,10.46112060546875
resnetse5,device:RealWorld_thigh+MotionSense:10+10,192,2,5,7,RealWorld_thigh,0.5013888888888889,0.4249271283499757,10.46112060546875,10.46112060546875
resnetse5,device:RealWorld_thigh+MotionSense:10+10,192,2,5,7,MotionSense,0.634765625,0.5384926319466304,10.46112060546875,10.46112060546875
resnetse5,device:RealWorld_thigh+MotionSense:10+10,192,2,5,8,RealWorld_thigh,0.5229166666666667,0.4635434783240468,10.46112060546875,10.46112060546875
resnetse5,device:RealWorld_thigh+MotionSense:10+10,192,2,5,8,MotionSense,0.6826171875,0.620406196251302,10.46112060546875,10.46112060546875
resnetse5,device:RealWorld_thigh+MotionSense:10+10,192,2,5,9,RealWorld_thigh,0.5135416666666667,0.4928293413683895,10.46112060546875,10.46112060546875
resnetse5,device:RealWorld_thigh+MotionSense:10+10,192,2,5,9,MotionSense,0.759765625,0.7497439646668725,10.46112060546875,10.46112060546875
resnetse5,device:RealWorld_thigh+MotionSense:10+10,192,2,5,10,RealWorld_thigh,0.6378472222222222,0.6387203596049326,10.46112060546875,10.46112060546875
resnetse5,device:RealWorld_thigh+MotionSense:10+10,192,2,5,10,MotionSense,0.7470703125,0.7002783749588636,10.46112060546875,10.46112060546875
resnetse5,device:RealWorld_thigh+MotionSense:10+10,192,2,5,11,RealWorld_thigh,0.5881944444444445,0.5483007593077667,10.46112060546875,10.46112060546875
resnetse5,device:RealWorld_thigh+MotionSense:10+10,192,2,5,11,MotionSense,0.7568359375,0.7049688004388391,10.46112060546875,10.46112060546875
resnetse5,device:RealWorld_thigh+MotionSense:10+10,192,2,5,12,RealWorld_thigh,0.6197916666666666,0.6016112387025606,10.46112060546875,10.46112060546875
resnetse5,device:RealWorld_thigh+MotionSense:10+10,192,2,5,12,MotionSense,0.759765625,0.7091088984121892,10.46112060546875,10.46112060546875
resnetse5,device:RealWorld_thigh+MotionSense:10+10,192,2,5,13,RealWorld_thigh,0.6184027777777777,0.5874183606177605,10.46112060546875,10.46112060546875
resnetse5,device:RealWorld_thigh+MotionSense:10+10,192,2,5,13,MotionSense,0.7548828125,0.7027302290405618,10.46112060546875,10.46112060546875
resnetse5,device:RealWorld_thigh+MotionSense:10+10,192,2,5,14,RealWorld_thigh,0.6204861111111111,0.5884140137651543,10.46112060546875,10.46112060546875
resnetse5,device:RealWorld_thigh+MotionSense:10+10,192,2,5,14,MotionSense,0.7578125,0.7064291246876078,10.46112060546875,10.46112060546875
resnetse5,device:RealWorld_thigh+MotionSense:10+10,192,2,5,15,RealWorld_thigh,0.6416666666666667,0.6211754726359114,10.46112060546875,10.46112060546875
resnetse5,device:RealWorld_thigh+MotionSense:10+10,192,2,5,15,MotionSense,0.765625,0.7180912594642067,10.46112060546875,10.46112060546875
resnetse5,device:RealWorld_thigh+MotionSense:10+10,192,2,5,16,RealWorld_thigh,0.6461805555555555,0.6293267322082412,10.46112060546875,10.46112060546875
resnetse5,device:RealWorld_thigh+MotionSense:10+10,192,2,5,16,MotionSense,0.7685546875,0.7241377466906463,10.46112060546875,10.46112060546875
resnetse5,device:RealWorld_thigh+MotionSense:10+10,192,2,5,17,RealWorld_thigh,0.6520833333333333,0.6351493768977096,10.46112060546875,10.46112060546875
resnetse5,device:RealWorld_thigh+MotionSense:10+10,192,2,5,17,MotionSense,0.76953125,0.7252547178007438,10.46112060546875,10.46112060546875
resnetse5,device:RealWorld_thigh+MotionSense:10+10,192,2,5,18,RealWorld_thigh,0.65625,0.6413217663566464,10.46112060546875,10.46112060546875
resnetse5,device:RealWorld_thigh+MotionSense:10+10,192,2,5,18,MotionSense,0.7666015625,0.7253781818567306,10.46112060546875,10.46112060546875
resnetse5,device:RealWorld_thigh+MotionSense:10+10,192,2,5,19,RealWorld_thigh,0.6614583333333334,0.6498807579680538,10.46112060546875,10.46112060546875
resnetse5,device:RealWorld_thigh+MotionSense:10+10,192,2,5,19,MotionSense,0.7724609375,0.7364059692350765,10.46112060546875,10.46112060546875
resnetse5,device:RealWorld_thigh+MotionSense:10+10,192,2,5,20,RealWorld_thigh,0.6708333333333333,0.6608386029989043,10.46112060546875,10.46112060546875
resnetse5,device:RealWorld_thigh+MotionSense:10+10,192,2,5,20,MotionSense,0.775390625,0.7409762476784061,10.46112060546875,10.46112060546875
resnetse5,device:RealWorld_thigh+MotionSense:10+10,192,2,5,21,RealWorld_thigh,0.6732638888888889,0.6634236935990032,10.46112060546875,10.46112060546875
resnetse5,device:RealWorld_thigh+MotionSense:10+10,192,2,5,21,MotionSense,0.775390625,0.7428245639685563,10.46112060546875,10.46112060546875
resnetse5,device:RealWorld_thigh+MotionSense:10+10,192,2,5,22,RealWorld_thigh,0.6729166666666667,0.6635954085014044,10.46112060546875,10.46112060546875
resnetse5,device:RealWorld_thigh+MotionSense:10+10,192,2,5,22,MotionSense,0.77734375,0.7469804231522179,10.46112060546875,10.46112060546875
resnetse5,device:RealWorld_thigh+MotionSense:10+10,192,2,5,23,RealWorld_thigh,0.6809027777777777,0.6745533031618445,10.46112060546875,10.46112060546875
resnetse5,device:RealWorld_thigh+MotionSense:10+10,192,2,5,23,MotionSense,0.7900390625,0.7702402545745392,10.46112060546875,10.46112060546875
resnetse5,device:RealWorld_thigh+MotionSense:10+10,192,2,5,24,RealWorld_thigh,0.6885416666666667,0.6847108784880604,10.46112060546875,10.46112060546875
resnetse5,device:RealWorld_thigh+MotionSense:10+10,192,2,5,24,MotionSense,0.7978515625,0.7834719632875434,10.46112060546875,10.46112060546875
resnetse5,device:RealWorld_thigh+MotionSense:10+10,192,2,5,25,RealWorld_thigh,0.6885416666666667,0.6836865300340924,10.46112060546875,10.46112060546875
resnetse5,device:RealWorld_thigh+MotionSense:10+10,192,2,5,25,MotionSense,0.7939453125,0.7781186136621003,10.46112060546875,10.46112060546875
resnetse5,device:RealWorld_thigh+MotionSense:10+10,192,2,5,26,RealWorld_thigh,0.6954861111111111,0.6924723118261378,10.46112060546875,10.46112060546875
resnetse5,device:RealWorld_thigh+MotionSense:10+10,192,2,5,26,MotionSense,0.810546875,0.800101194320448,10.46112060546875,10.46112060546875
resnetse5,device:RealWorld_thigh+MotionSense:10+10,192,2,5,27,RealWorld_thigh,0.696875,0.6944781195478994,10.46112060546875,10.46112060546875
resnetse5,device:RealWorld_thigh+MotionSense:10+10,192,2,5,27,MotionSense,0.80859375,0.799474373997766,10.46112060546875,10.46112060546875
resnetse5,device:RealWorld_thigh+MotionSense:10+10,192,2,5,28,RealWorld_thigh,0.7,0.69971851432055,10.46112060546875,10.46112060546875
resnetse5,device:RealWorld_thigh+MotionSense:10+10,192,2,5,28,MotionSense,0.8134765625,0.8059756859897761,10.46112060546875,10.46112060546875
resnetse5,device:RealWorld_thigh+MotionSense:10+10,192,2,5,29,RealWorld_thigh,0.7052083333333333,0.708544502366505,10.46112060546875,10.46112060546875
resnetse5,device:RealWorld_thigh+MotionSense:10+10,192,2,5,29,MotionSense,0.818359375,0.814564229995327,10.46112060546875,10.46112060546875
resnetse5,device:RealWorld_thigh+MotionSense:10+10,192,2,5,30,RealWorld_thigh,0.7041666666666667,0.7084668949216072,10.46112060546875,10.46112060546875
resnetse5,device:RealWorld_thigh+MotionSense:10+10,192,2,5,30,MotionSense,0.8134765625,0.811937994885857,10.46112060546875,10.46112060546875
resnetse5,device:RealWorld_thigh+MotionSense:10+10,192,2,5,31,RealWorld_thigh,0.6822916666666666,0.6845381514407222,10.46112060546875,10.46112060546875
resnetse5,device:RealWorld_thigh+MotionSense:10+10,192,2,5,31,MotionSense,0.8154296875,0.8156154443360256,10.46112060546875,10.46112060546875
resnetse5,device:RealWorld_thigh+MotionSense:10+10,192,2,5,32,RealWorld_thigh,0.6607638888888889,0.6572174728542429,10.46112060546875,10.46112060546875
resnetse5,device:RealWorld_thigh+MotionSense:10+10,192,2,5,32,MotionSense,0.818359375,0.8197384132027689,10.46112060546875,10.46112060546875
resnetse5,device:RealWorld_thigh+MotionSense:10+10,192,2,5,33,RealWorld_thigh,0.6482638888888889,0.638496678028634,10.46112060546875,10.46112060546875
resnetse5,device:RealWorld_thigh+MotionSense:10+10,192,2,5,33,MotionSense,0.83203125,0.8337310646975181,10.46112060546875,10.46112060546875
resnetse5,device:RealWorld_thigh+MotionSense:10+10,192,2,5,34,RealWorld_thigh,0.6305555555555555,0.6095881555577624,10.46112060546875,10.46112060546875
resnetse5,device:RealWorld_thigh+MotionSense:10+10,192,2,5,34,MotionSense,0.826171875,0.8278999863448403,10.46112060546875,10.46112060546875
resnetse5,device:RealWorld_thigh+MotionSense:10+10,192,2,5,35,RealWorld_thigh,0.625,0.5973902510262038,10.46112060546875,10.46112060546875
resnetse5,device:RealWorld_thigh+MotionSense:10+10,192,2,5,35,MotionSense,0.830078125,0.8308834000862535,10.46112060546875,10.46112060546875
resnetse5,device:RealWorld_thigh+MotionSense:10+10,192,2,5,36,RealWorld_thigh,0.6263888888888889,0.5993216604275186,10.46112060546875,10.46112060546875
resnetse5,device:RealWorld_thigh+MotionSense:10+10,192,2,5,36,MotionSense,0.830078125,0.8311316387838672,10.46112060546875,10.46112060546875
resnetse5,device:RealWorld_thigh+MotionSense:10+10,192,2,5,37,RealWorld_thigh,0.6413194444444444,0.606799098564307,10.46112060546875,10.46112060546875
resnetse5,device:RealWorld_thigh+MotionSense:10+10,192,2,5,37,MotionSense,0.8173828125,0.8108444176375157,10.46112060546875,10.46112060546875
resnetse5,device:RealWorld_thigh+MotionSense:10+10,192,2,5,38,RealWorld_thigh,0.6416666666666667,0.6103327006554471,10.46112060546875,10.46112060546875
resnetse5,device:RealWorld_thigh+MotionSense:10+10,192,2,5,38,MotionSense,0.8291015625,0.8256952996741193,10.46112060546875,10.46112060546875
resnetse5,device:RealWorld_thigh+MotionSense:10+10,192,2,5,39,RealWorld_thigh,0.6340277777777777,0.6030007778531928,10.46112060546875,10.46112060546875
resnetse5,device:RealWorld_thigh+MotionSense:10+10,192,2,5,39,MotionSense,0.7900390625,0.7693611331487533,10.46112060546875,10.46112060546875
resnetse5,device:RealWorld_thigh+MotionSense:10+10,192,2,5,40,RealWorld_thigh,0.640625,0.6099628385257668,10.46112060546875,10.46112060546875
resnetse5,device:RealWorld_thigh+MotionSense:10+10,192,2,5,40,MotionSense,0.7841796875,0.7623174493191093,10.46112060546875,10.46112060546875
resnetse5,device:RealWorld_thigh+MotionSense:10+10,192,2,5,41,RealWorld_thigh,0.6642361111111111,0.6179114137051295,10.46112060546875,10.46112060546875
resnetse5,device:RealWorld_thigh+MotionSense:10+10,192,2,5,41,MotionSense,0.748046875,0.6973665875810656,10.46112060546875,10.46112060546875
resnetse5,device:RealWorld_thigh+MotionSense:10+10,192,2,5,42,RealWorld_thigh,0.6618055555555555,0.6152367095839515,10.46112060546875,10.46112060546875
resnetse5,device:RealWorld_thigh+MotionSense:10+10,192,2,5,42,MotionSense,0.7490234375,0.6981759057633933,10.46112060546875,10.46112060546875
resnetse5,device:RealWorld_thigh+MotionSense:10+10,192,2,5,43,RealWorld_thigh,0.6420138888888889,0.6083622932920408,10.46112060546875,10.46112060546875
resnetse5,device:RealWorld_thigh+MotionSense:10+10,192,2,5,43,MotionSense,0.75,0.699201365668198,10.46112060546875,10.46112060546875
resnetse5,device:RealWorld_thigh+MotionSense:10+10,192,2,5,44,RealWorld_thigh,0.6638888888888889,0.6175817218636982,10.46112060546875,10.46112060546875
resnetse5,device:RealWorld_thigh+MotionSense:10+10,192,2,5,44,MotionSense,0.75,0.6990628419074257,10.46112060546875,10.46112060546875
resnetse5,device:RealWorld_thigh+MotionSense:10+10,192,2,5,45,RealWorld_thigh,0.6666666666666666,0.6202740682126323,10.46112060546875,10.46112060546875
resnetse5,device:RealWorld_thigh+MotionSense:10+10,192,2,5,45,MotionSense,0.75,0.6991158694985109,10.46112060546875,10.46112060546875
resnetse5,device:RealWorld_thigh+MotionSense:10+10,192,2,5,46,RealWorld_thigh,0.6625,0.6162061917916699,10.46112060546875,10.46112060546875
resnetse5,device:RealWorld_thigh+MotionSense:10+10,192,2,5,46,MotionSense,0.75,0.6988293241540587,10.46112060546875,10.46112060546875
resnetse5,device:RealWorld_thigh+MotionSense:10+10,192,2,5,47,RealWorld_thigh,0.6659722222222222,0.6198720632946757,10.46112060546875,10.46112060546875
resnetse5,device:RealWorld_thigh+MotionSense:10+10,192,2,5,47,MotionSense,0.7490234375,0.6986384771469604,10.46112060546875,10.46112060546875
resnetse5,device:RealWorld_thigh+MotionSense:10+10,192,2,5,48,RealWorld_thigh,0.6631944444444444,0.6173193162522176,10.46112060546875,10.46112060546875
resnetse5,device:RealWorld_thigh+MotionSense:10+10,192,2,5,48,MotionSense,0.7490234375,0.6979228936657812,10.46112060546875,10.46112060546875
resnetse5,device:RealWorld_thigh+MotionSense:10+10,192,2,5,49,RealWorld_thigh,0.6496527777777777,0.614591759469607,10.46112060546875,10.46112060546875
resnetse5,device:RealWorld_thigh+MotionSense:10+10,192,2,5,49,MotionSense,0.75,0.7009110774026683,10.46112060546875,10.46112060546875
resnetse5,device:RealWorld_thigh+MotionSense:10+10,192,2,5,50,RealWorld_thigh,0.665625,0.6202887917395817,10.46112060546875,10.46112060546875
resnetse5,device:RealWorld_thigh+MotionSense:10+10,192,2,5,50,MotionSense,0.74609375,0.6956693083068174,10.46112060546875,10.46112060546875
resnetse5,device:RealWorld_thigh+MotionSense:10+10,192,2,5,51,RealWorld_thigh,0.6635416666666667,0.6180151672799349,10.46112060546875,10.46112060546875
resnetse5,device:RealWorld_thigh+MotionSense:10+10,192,2,5,51,MotionSense,0.7490234375,0.6979664453997027,10.46112060546875,10.46112060546875
resnetse5,device:RealWorld_thigh+MotionSense:10+10,192,2,5,52,RealWorld_thigh,0.6673611111111111,0.6218303538721548,10.46112060546875,10.46112060546875
resnetse5,device:RealWorld_thigh+MotionSense:10+10,192,2,5,52,MotionSense,0.748046875,0.6972609108084514,10.46112060546875,10.46112060546875
resnetse5,device:RealWorld_thigh+MotionSense:10+10,192,2,5,53,RealWorld_thigh,0.6697916666666667,0.624374273742159,10.46112060546875,10.46112060546875
resnetse5,device:RealWorld_thigh+MotionSense:10+10,192,2,5,53,MotionSense,0.7578125,0.707360709362639,10.46112060546875,10.46112060546875
resnetse5,device:RealWorld_thigh+MotionSense:10+10,192,2,5,54,RealWorld_thigh,0.6659722222222222,0.6205973450747115,10.46112060546875,10.46112060546875
resnetse5,device:RealWorld_thigh+MotionSense:10+10,192,2,5,54,MotionSense,0.751953125,0.7014059566327919,10.46112060546875,10.46112060546875
resnetse5,device:RealWorld_thigh+MotionSense:10+10,192,2,5,55,RealWorld_thigh,0.6649305555555556,0.6199312881533704,10.46112060546875,10.46112060546875
resnetse5,device:RealWorld_thigh+MotionSense:10+10,192,2,5,55,MotionSense,0.7529296875,0.7023082356310453,10.46112060546875,10.46112060546875
resnetse5,device:RealWorld_thigh+MotionSense:10+10,192,2,5,56,RealWorld_thigh,0.6722222222222223,0.6270273768458429,10.46112060546875,10.46112060546875
resnetse5,device:RealWorld_thigh+MotionSense:10+10,192,2,5,56,MotionSense,0.75390625,0.7050246658251105,10.46112060546875,10.46112060546875
resnetse5,device:RealWorld_thigh+MotionSense:10+10,192,2,5,57,RealWorld_thigh,0.675,0.6304619263343224,10.46112060546875,10.46112060546875
resnetse5,device:RealWorld_thigh+MotionSense:10+10,192,2,5,57,MotionSense,0.75390625,0.7065888489129623,10.46112060546875,10.46112060546875
resnetse5,device:RealWorld_thigh+MotionSense:10+10,192,2,5,58,RealWorld_thigh,0.6743055555555556,0.6296244419424314,10.46112060546875,10.46112060546875
resnetse5,device:RealWorld_thigh+MotionSense:10+10,192,2,5,58,MotionSense,0.7529296875,0.7028791055498648,10.46112060546875,10.46112060546875
resnetse5,device:RealWorld_thigh+MotionSense:10+10,192,2,5,59,RealWorld_thigh,0.6614583333333334,0.6162500235386011,10.46112060546875,10.46112060546875
resnetse5,device:RealWorld_thigh+MotionSense:10+10,192,2,5,59,MotionSense,0.755859375,0.7058211079596934,10.46112060546875,10.46112060546875
resnetse5,device:RealWorld_thigh+MotionSense:10+10,192,2,5,60,RealWorld_thigh,0.6697916666666667,0.624900011548762,10.46112060546875,10.46112060546875
resnetse5,device:RealWorld_thigh+MotionSense:10+10,192,2,5,60,MotionSense,0.75390625,0.7047719590985292,10.46112060546875,10.46112060546875
resnetse5,device:RealWorld_thigh+MotionSense:10+10,192,2,5,61,RealWorld_thigh,0.6788194444444444,0.6340622435308587,10.46112060546875,10.46112060546875
resnetse5,device:RealWorld_thigh+MotionSense:10+10,192,2,5,61,MotionSense,0.7587890625,0.7101034515660888,10.46112060546875,10.46112060546875
resnetse5,device:RealWorld_thigh+MotionSense:10+10,192,2,5,62,RealWorld_thigh,0.6677083333333333,0.6228637004111172,10.46112060546875,10.46112060546875
resnetse5,device:RealWorld_thigh+MotionSense:10+10,192,2,5,62,MotionSense,0.75390625,0.7045887697429262,10.46112060546875,10.46112060546875
resnetse5,device:RealWorld_thigh+MotionSense:10+10,192,2,5,63,RealWorld_thigh,0.6746527777777778,0.6299349675308276,10.46112060546875,10.46112060546875
resnetse5,device:RealWorld_thigh+MotionSense:10+10,192,2,5,63,MotionSense,0.7626953125,0.7146840719078025,10.46112060546875,10.46112060546875
resnetse5,device:RealWorld_thigh+MotionSense:10+10,192,2,5,64,RealWorld_thigh,0.6638888888888889,0.6192539789250735,10.46112060546875,10.46112060546875
resnetse5,device:RealWorld_thigh+MotionSense:10+10,192,2,5,64,MotionSense,0.7666015625,0.7203098978366557,10.46112060546875,10.46112060546875
resnetse5,device:RealWorld_thigh+MotionSense:10+10,192,2,5,65,RealWorld_thigh,0.6739583333333333,0.6290338927942049,10.46112060546875,10.46112060546875
resnetse5,device:RealWorld_thigh+MotionSense:10+10,192,2,5,65,MotionSense,0.765625,0.7175785464307429,10.46112060546875,10.46112060546875
resnetse5,device:RealWorld_thigh+MotionSense:10+10,192,2,5,66,RealWorld_thigh,0.6625,0.6173242629132126,10.46112060546875,10.46112060546875
resnetse5,device:RealWorld_thigh+MotionSense:10+10,192,2,5,66,MotionSense,0.7587890625,0.7093950270112952,10.46112060546875,10.46112060546875
resnetse5,device:RealWorld_thigh+MotionSense:10+10,192,2,5,67,RealWorld_thigh,0.6767361111111111,0.6326121462853167,10.46112060546875,10.46112060546875
resnetse5,device:RealWorld_thigh+MotionSense:10+10,192,2,5,67,MotionSense,0.7626953125,0.715710932906907,10.46112060546875,10.46112060546875
resnetse5,device:RealWorld_thigh+MotionSense:10+10,192,2,5,68,RealWorld_thigh,0.6704861111111111,0.6266489316938579,10.46112060546875,10.46112060546875
resnetse5,device:RealWorld_thigh+MotionSense:10+10,192,2,5,68,MotionSense,0.7578125,0.7113292511939119,10.46112060546875,10.46112060546875
resnetse5,device:RealWorld_thigh+MotionSense:10+10,192,2,5,69,RealWorld_thigh,0.6729166666666667,0.6285744773785569,10.46112060546875,10.46112060546875
resnetse5,device:RealWorld_thigh+MotionSense:10+10,192,2,5,69,MotionSense,0.7587890625,0.711414207878534,10.46112060546875,10.46112060546875
resnetse5,device:RealWorld_thigh+MotionSense:10+10,192,2,5,70,RealWorld_thigh,0.6711805555555556,0.6274058475709268,10.46112060546875,10.46112060546875
resnetse5,device:RealWorld_thigh+MotionSense:10+10,192,2,5,70,MotionSense,0.76171875,0.7181693542875188,10.46112060546875,10.46112060546875
resnetse5,device:RealWorld_thigh+MotionSense:10+10,192,2,5,71,RealWorld_thigh,0.6774305555555555,0.6339519030723253,10.46112060546875,10.46112060546875
resnetse5,device:RealWorld_thigh+MotionSense:10+10,192,2,5,71,MotionSense,0.765625,0.7206588072841914,10.46112060546875,10.46112060546875
resnetse5,device:RealWorld_thigh+MotionSense:10+10,192,2,5,72,RealWorld_thigh,0.6725694444444444,0.6283272742046241,10.46112060546875,10.46112060546875
resnetse5,device:RealWorld_thigh+MotionSense:10+10,192,2,5,72,MotionSense,0.76171875,0.7140958521393558,10.46112060546875,10.46112060546875
resnetse5,device:RealWorld_thigh+MotionSense:10+10,192,2,5,73,RealWorld_thigh,0.6690972222222222,0.6247307032124909,10.46112060546875,10.46112060546875
resnetse5,device:RealWorld_thigh+MotionSense:10+10,192,2,5,73,MotionSense,0.7626953125,0.7151854539142303,10.46112060546875,10.46112060546875
resnetse5,device:RealWorld_thigh+MotionSense:10+10,192,2,5,74,RealWorld_thigh,0.6708333333333333,0.6264058830032105,10.46112060546875,10.46112060546875
resnetse5,device:RealWorld_thigh+MotionSense:10+10,192,2,5,74,MotionSense,0.767578125,0.7198994044990813,10.46112060546875,10.46112060546875
resnetse5,device:RealWorld_thigh+MotionSense:10+10,192,2,5,75,RealWorld_thigh,0.675,0.6317968144669356,10.46112060546875,10.46112060546875
resnetse5,device:RealWorld_thigh+MotionSense:10+10,192,2,5,75,MotionSense,0.76171875,0.7158077014657594,10.46112060546875,10.46112060546875
resnetse5,device:RealWorld_thigh+MotionSense:10+10,192,2,5,76,RealWorld_thigh,0.6725694444444444,0.6287881249832489,10.46112060546875,10.46112060546875
resnetse5,device:RealWorld_thigh+MotionSense:10+10,192,2,5,76,MotionSense,0.759765625,0.7125643937412042,10.46112060546875,10.46112060546875
resnetse5,device:RealWorld_thigh+MotionSense:10+10,192,2,5,77,RealWorld_thigh,0.6708333333333333,0.6262111249591298,10.46112060546875,10.46112060546875
resnetse5,device:RealWorld_thigh+MotionSense:10+10,192,2,5,77,MotionSense,0.7666015625,0.7179198497716061,10.46112060546875,10.46112060546875
resnetse5,device:RealWorld_thigh+MotionSense:10+10,192,2,5,78,RealWorld_thigh,0.6586805555555556,0.6137364170727969,10.46112060546875,10.46112060546875
resnetse5,device:RealWorld_thigh+MotionSense:10+10,192,2,5,78,MotionSense,0.765625,0.7177577977081352,10.46112060546875,10.46112060546875
resnetse5,device:RealWorld_thigh+MotionSense:10+10,192,2,5,79,RealWorld_thigh,0.6736111111111112,0.6298481133660466,10.46112060546875,10.46112060546875
resnetse5,device:RealWorld_thigh+MotionSense:10+10,192,2,5,79,MotionSense,0.76953125,0.7267098599464195,10.46112060546875,10.46112060546875
resnetse5,device:RealWorld_thigh+MotionSense:10+10,192,2,5,80,RealWorld_thigh,0.6743055555555556,0.6305548575896318,10.46112060546875,10.46112060546875
resnetse5,device:RealWorld_thigh+MotionSense:10+10,192,2,5,80,MotionSense,0.765625,0.71874672290977,10.46112060546875,10.46112060546875
resnetse5,device:RealWorld_thigh+MotionSense:10+10,192,2,5,81,RealWorld_thigh,0.6704861111111111,0.6259063922717423,10.46112060546875,10.46112060546875
resnetse5,device:RealWorld_thigh+MotionSense:10+10,192,2,5,81,MotionSense,0.767578125,0.720436454513122,10.46112060546875,10.46112060546875
resnetse5,device:RealWorld_thigh+MotionSense:10+10,192,2,5,82,RealWorld_thigh,0.6711805555555556,0.6277774265330885,10.46112060546875,10.46112060546875
resnetse5,device:RealWorld_thigh+MotionSense:10+10,192,2,5,82,MotionSense,0.775390625,0.731241793741833,10.46112060546875,10.46112060546875
resnetse5,device:RealWorld_thigh+MotionSense:10+10,192,2,5,83,RealWorld_thigh,0.6753472222222222,0.632145080091905,10.46112060546875,10.46112060546875
resnetse5,device:RealWorld_thigh+MotionSense:10+10,192,2,5,83,MotionSense,0.765625,0.7188481268832052,10.46112060546875,10.46112060546875
resnetse5,device:RealWorld_thigh+MotionSense:10+10,192,2,5,84,RealWorld_thigh,0.6753472222222222,0.6314178537470975,10.46112060546875,10.46112060546875
resnetse5,device:RealWorld_thigh+MotionSense:10+10,192,2,5,84,MotionSense,0.7666015625,0.7198159330574038,10.46112060546875,10.46112060546875
resnetse5,device:RealWorld_thigh+MotionSense:10+10,192,2,5,85,RealWorld_thigh,0.6680555555555555,0.6233064149768114,10.46112060546875,10.46112060546875
resnetse5,device:RealWorld_thigh+MotionSense:10+10,192,2,5,85,MotionSense,0.7705078125,0.7231235292486753,10.46112060546875,10.46112060546875
resnetse5,device:RealWorld_thigh+MotionSense:10+10,192,2,5,86,RealWorld_thigh,0.6704861111111111,0.626294407825099,10.46112060546875,10.46112060546875
resnetse5,device:RealWorld_thigh+MotionSense:10+10,192,2,5,86,MotionSense,0.7666015625,0.7196012368427919,10.46112060546875,10.46112060546875
resnetse5,device:RealWorld_thigh+MotionSense:10+10,192,2,5,87,RealWorld_thigh,0.6684027777777778,0.6253862900087467,10.46112060546875,10.46112060546875
resnetse5,device:RealWorld_thigh+MotionSense:10+10,192,2,5,87,MotionSense,0.7734375,0.7306523367447046,10.46112060546875,10.46112060546875
resnetse5,device:RealWorld_thigh+MotionSense:10+10,192,2,5,88,RealWorld_thigh,0.6704861111111111,0.6271011025967747,10.46112060546875,10.46112060546875
resnetse5,device:RealWorld_thigh+MotionSense:10+10,192,2,5,88,MotionSense,0.76953125,0.7250258468789141,10.46112060546875,10.46112060546875
resnetse5,device:RealWorld_thigh+MotionSense:10+10,192,2,5,89,RealWorld_thigh,0.6697916666666667,0.6268069392260099,10.46112060546875,10.46112060546875
resnetse5,device:RealWorld_thigh+MotionSense:10+10,192,2,5,89,MotionSense,0.7705078125,0.7257682140787458,10.46112060546875,10.46112060546875
resnetse5,device:RealWorld_thigh+MotionSense:10+10,192,2,5,90,RealWorld_thigh,0.6690972222222222,0.6259704081888754,10.46112060546875,10.46112060546875
resnetse5,device:RealWorld_thigh+MotionSense:10+10,192,2,5,90,MotionSense,0.7763671875,0.7295114311249905,10.46112060546875,10.46112060546875
resnetse5,device:RealWorld_thigh+MotionSense:10+10,192,2,5,91,RealWorld_thigh,0.671875,0.6286366574006433,10.46112060546875,10.46112060546875
resnetse5,device:RealWorld_thigh+MotionSense:10+10,192,2,5,91,MotionSense,0.771484375,0.7266902653510355,10.46112060546875,10.46112060546875
resnetse5,device:RealWorld_thigh+MotionSense:10+10,192,2,5,92,RealWorld_thigh,0.6708333333333333,0.6283901979003818,10.46112060546875,10.46112060546875
resnetse5,device:RealWorld_thigh+MotionSense:10+10,192,2,5,92,MotionSense,0.7763671875,0.7325477130768098,10.46112060546875,10.46112060546875
resnetse5,device:RealWorld_thigh+MotionSense:10+10,192,2,5,93,RealWorld_thigh,0.6694444444444444,0.6266425775233535,10.46112060546875,10.46112060546875
resnetse5,device:RealWorld_thigh+MotionSense:10+10,192,2,5,93,MotionSense,0.77734375,0.732929011823991,10.46112060546875,10.46112060546875
resnetse5,device:RealWorld_thigh+MotionSense:10+10,192,2,5,94,RealWorld_thigh,0.671875,0.6291001266507922,10.46112060546875,10.46112060546875
resnetse5,device:RealWorld_thigh+MotionSense:10+10,192,2,5,94,MotionSense,0.7763671875,0.7318542193110926,10.46112060546875,10.46112060546875
resnetse5,device:RealWorld_thigh+MotionSense:10+10,192,2,5,95,RealWorld_thigh,0.6711805555555556,0.6283997121081709,10.46112060546875,10.46112060546875
resnetse5,device:RealWorld_thigh+MotionSense:10+10,192,2,5,95,MotionSense,0.7783203125,0.7357245760008734,10.46112060546875,10.46112060546875
resnetse5,device:RealWorld_thigh+MotionSense:10+10,192,2,5,96,RealWorld_thigh,0.6697916666666667,0.6271131089314576,10.46112060546875,10.46112060546875
resnetse5,device:RealWorld_thigh+MotionSense:10+10,192,2,5,96,MotionSense,0.775390625,0.7308080022616633,10.46112060546875,10.46112060546875
resnetse5,device:RealWorld_thigh+MotionSense:10+10,192,2,5,97,RealWorld_thigh,0.6694444444444444,0.6266197912482867,10.46112060546875,10.46112060546875
resnetse5,device:RealWorld_thigh+MotionSense:10+10,192,2,5,97,MotionSense,0.779296875,0.7347009020569873,10.46112060546875,10.46112060546875
resnetse5,device:RealWorld_thigh+MotionSense:10+10,192,2,5,98,RealWorld_thigh,0.6652777777777777,0.62174529330339,10.46112060546875,10.46112060546875
resnetse5,device:RealWorld_thigh+MotionSense:10+10,192,2,5,98,MotionSense,0.775390625,0.7308389828105257,10.46112060546875,10.46112060546875
resnetse5,device:RealWorld_thigh+MotionSense:10+10,192,2,5,99,RealWorld_thigh,0.6697916666666667,0.6262237490743329,10.46112060546875,10.46112060546875
resnetse5,device:RealWorld_thigh+MotionSense:10+10,192,2,5,99,MotionSense,0.775390625,0.7286501812810321,10.46112060546875,10.46112060546875
resnetse5,device:RealWorld_thigh+MotionSense:10+10,192,2,5,100,RealWorld_thigh,0.6715277777777777,0.6281044026996266,10.46112060546875,10.46112060546875
resnetse5,device:RealWorld_thigh+MotionSense:10+10,192,2,5,100,MotionSense,0.779296875,0.7346399324327049,10.46112060546875,10.46112060546875
resnetse5,device:RealWorld_thigh+MotionSense:10+10,192,3,5,1,RealWorld_thigh,0.1461805555555555,0.0721290150475233,10.46112060546875,10.46112060546875
resnetse5,device:RealWorld_thigh+MotionSense:10+10,192,3,5,1,MotionSense,0.185546875,0.0840152755046372,10.46112060546875,10.46112060546875
resnetse5,device:RealWorld_thigh+MotionSense:10+10,192,3,5,2,RealWorld_thigh,0.3652777777777777,0.2390091837254589,10.46112060546875,10.46112060546875
resnetse5,device:RealWorld_thigh+MotionSense:10+10,192,3,5,2,MotionSense,0.4541015625,0.2961581761891359,10.46112060546875,10.46112060546875
resnetse5,device:RealWorld_thigh+MotionSense:10+10,192,3,5,3,RealWorld_thigh,0.5052083333333334,0.4137328448693476,10.46112060546875,10.46112060546875
resnetse5,device:RealWorld_thigh+MotionSense:10+10,192,3,5,3,MotionSense,0.4990234375,0.3654524144861264,10.46112060546875,10.46112060546875
resnetse5,device:RealWorld_thigh+MotionSense:10+10,192,3,5,4,RealWorld_thigh,0.5319444444444444,0.4529233795410891,10.46112060546875,10.46112060546875
resnetse5,device:RealWorld_thigh+MotionSense:10+10,192,3,5,4,MotionSense,0.513671875,0.40969740789491,10.46112060546875,10.46112060546875
resnetse5,device:RealWorld_thigh+MotionSense:10+10,192,3,5,5,RealWorld_thigh,0.5506944444444445,0.4896000186808913,10.46112060546875,10.46112060546875
resnetse5,device:RealWorld_thigh+MotionSense:10+10,192,3,5,5,MotionSense,0.541015625,0.4566478065407298,10.46112060546875,10.46112060546875
resnetse5,device:RealWorld_thigh+MotionSense:10+10,192,3,5,6,RealWorld_thigh,0.5743055555555555,0.5216753672791963,10.46112060546875,10.46112060546875
resnetse5,device:RealWorld_thigh+MotionSense:10+10,192,3,5,6,MotionSense,0.591796875,0.5227191278264973,10.46112060546875,10.46112060546875
resnetse5,device:RealWorld_thigh+MotionSense:10+10,192,3,5,7,RealWorld_thigh,0.6010416666666667,0.5552000180158458,10.46112060546875,10.46112060546875
resnetse5,device:RealWorld_thigh+MotionSense:10+10,192,3,5,7,MotionSense,0.6767578125,0.620616333687608,10.46112060546875,10.46112060546875
resnetse5,device:RealWorld_thigh+MotionSense:10+10,192,3,5,8,RealWorld_thigh,0.6326388888888889,0.5903025087221927,10.46112060546875,10.46112060546875
resnetse5,device:RealWorld_thigh+MotionSense:10+10,192,3,5,8,MotionSense,0.7216796875,0.6685188283161443,10.46112060546875,10.46112060546875
resnetse5,device:RealWorld_thigh+MotionSense:10+10,192,3,5,9,RealWorld_thigh,0.6538194444444444,0.6278804458537467,10.46112060546875,10.46112060546875
resnetse5,device:RealWorld_thigh+MotionSense:10+10,192,3,5,9,MotionSense,0.734375,0.6864331146879533,10.46112060546875,10.46112060546875
resnetse5,device:RealWorld_thigh+MotionSense:10+10,192,3,5,10,RealWorld_thigh,0.665625,0.6438711151978668,10.46112060546875,10.46112060546875
resnetse5,device:RealWorld_thigh+MotionSense:10+10,192,3,5,10,MotionSense,0.7490234375,0.7046306316954777,10.46112060546875,10.46112060546875
resnetse5,device:RealWorld_thigh+MotionSense:10+10,192,3,5,11,RealWorld_thigh,0.6673611111111111,0.6392237442425426,10.46112060546875,10.46112060546875
resnetse5,device:RealWorld_thigh+MotionSense:10+10,192,3,5,11,MotionSense,0.751953125,0.7049668754450947,10.46112060546875,10.46112060546875
resnetse5,device:RealWorld_thigh+MotionSense:10+10,192,3,5,12,RealWorld_thigh,0.678125,0.6515198843979665,10.46112060546875,10.46112060546875
resnetse5,device:RealWorld_thigh+MotionSense:10+10,192,3,5,12,MotionSense,0.755859375,0.7096679279692343,10.46112060546875,10.46112060546875
resnetse5,device:RealWorld_thigh+MotionSense:10+10,192,3,5,13,RealWorld_thigh,0.6815972222222222,0.661237435669419,10.46112060546875,10.46112060546875
resnetse5,device:RealWorld_thigh+MotionSense:10+10,192,3,5,13,MotionSense,0.7568359375,0.712681193065659,10.46112060546875,10.46112060546875
resnetse5,device:RealWorld_thigh+MotionSense:10+10,192,3,5,14,RealWorld_thigh,0.6881944444444444,0.6727333498517448,10.46112060546875,10.46112060546875
resnetse5,device:RealWorld_thigh+MotionSense:10+10,192,3,5,14,MotionSense,0.7685546875,0.7313426331764891,10.46112060546875,10.46112060546875
resnetse5,device:RealWorld_thigh+MotionSense:10+10,192,3,5,15,RealWorld_thigh,0.6809027777777777,0.6580288507099182,10.46112060546875,10.46112060546875
resnetse5,device:RealWorld_thigh+MotionSense:10+10,192,3,5,15,MotionSense,0.7568359375,0.7108839472082908,10.46112060546875,10.46112060546875
resnetse5,device:RealWorld_thigh+MotionSense:10+10,192,3,5,16,RealWorld_thigh,0.6875,0.6702541972329623,10.46112060546875,10.46112060546875
resnetse5,device:RealWorld_thigh+MotionSense:10+10,192,3,5,16,MotionSense,0.771484375,0.7346959311201048,10.46112060546875,10.46112060546875
resnetse5,device:RealWorld_thigh+MotionSense:10+10,192,3,5,17,RealWorld_thigh,0.6958333333333333,0.6781374202822841,10.46112060546875,10.46112060546875
resnetse5,device:RealWorld_thigh+MotionSense:10+10,192,3,5,17,MotionSense,0.767578125,0.7302275097174368,10.46112060546875,10.46112060546875
resnetse5,device:RealWorld_thigh+MotionSense:10+10,192,3,5,18,RealWorld_thigh,0.6920138888888889,0.6723686954992294,10.46112060546875,10.46112060546875
resnetse5,device:RealWorld_thigh+MotionSense:10+10,192,3,5,18,MotionSense,0.7626953125,0.7223158411415987,10.46112060546875,10.46112060546875
resnetse5,device:RealWorld_thigh+MotionSense:10+10,192,3,5,19,RealWorld_thigh,0.6940972222222223,0.6739934866386165,10.46112060546875,10.46112060546875
resnetse5,device:RealWorld_thigh+MotionSense:10+10,192,3,5,19,MotionSense,0.76171875,0.7213989777021749,10.46112060546875,10.46112060546875
resnetse5,device:RealWorld_thigh+MotionSense:10+10,192,3,5,20,RealWorld_thigh,0.6993055555555555,0.6809867856986673,10.46112060546875,10.46112060546875
resnetse5,device:RealWorld_thigh+MotionSense:10+10,192,3,5,20,MotionSense,0.763671875,0.7277411677634117,10.46112060546875,10.46112060546875
resnetse5,device:RealWorld_thigh+MotionSense:10+10,192,3,5,21,RealWorld_thigh,0.703125,0.6879117777543708,10.46112060546875,10.46112060546875
resnetse5,device:RealWorld_thigh+MotionSense:10+10,192,3,5,21,MotionSense,0.767578125,0.7342929490383105,10.46112060546875,10.46112060546875
resnetse5,device:RealWorld_thigh+MotionSense:10+10,192,3,5,22,RealWorld_thigh,0.6989583333333333,0.6857958770469529,10.46112060546875,10.46112060546875
resnetse5,device:RealWorld_thigh+MotionSense:10+10,192,3,5,22,MotionSense,0.7734375,0.7446872482020671,10.46112060546875,10.46112060546875
resnetse5,device:RealWorld_thigh+MotionSense:10+10,192,3,5,23,RealWorld_thigh,0.7024305555555556,0.6903754153747813,10.46112060546875,10.46112060546875
resnetse5,device:RealWorld_thigh+MotionSense:10+10,192,3,5,23,MotionSense,0.7763671875,0.7517765708087082,10.46112060546875,10.46112060546875
resnetse5,device:RealWorld_thigh+MotionSense:10+10,192,3,5,24,RealWorld_thigh,0.7065972222222222,0.6979291309269118,10.46112060546875,10.46112060546875
resnetse5,device:RealWorld_thigh+MotionSense:10+10,192,3,5,24,MotionSense,0.7861328125,0.7670366682653603,10.46112060546875,10.46112060546875
resnetse5,device:RealWorld_thigh+MotionSense:10+10,192,3,5,25,RealWorld_thigh,0.7149305555555555,0.7084684287434356,10.46112060546875,10.46112060546875
resnetse5,device:RealWorld_thigh+MotionSense:10+10,192,3,5,25,MotionSense,0.7861328125,0.7711824819715729,10.46112060546875,10.46112060546875
resnetse5,device:RealWorld_thigh+MotionSense:10+10,192,3,5,26,RealWorld_thigh,0.7180555555555556,0.7142647723258461,10.46112060546875,10.46112060546875
resnetse5,device:RealWorld_thigh+MotionSense:10+10,192,3,5,26,MotionSense,0.80078125,0.7920739301416684,10.46112060546875,10.46112060546875
resnetse5,device:RealWorld_thigh+MotionSense:10+10,192,3,5,27,RealWorld_thigh,0.7211805555555556,0.7198392112458638,10.46112060546875,10.46112060546875
resnetse5,device:RealWorld_thigh+MotionSense:10+10,192,3,5,27,MotionSense,0.8056640625,0.7989752007538344,10.46112060546875,10.46112060546875
resnetse5,device:RealWorld_thigh+MotionSense:10+10,192,3,5,28,RealWorld_thigh,0.7253472222222223,0.7236846063191705,10.46112060546875,10.46112060546875
resnetse5,device:RealWorld_thigh+MotionSense:10+10,192,3,5,28,MotionSense,0.80078125,0.7932696320915688,10.46112060546875,10.46112060546875
resnetse5,device:RealWorld_thigh+MotionSense:10+10,192,3,5,29,RealWorld_thigh,0.7104166666666667,0.7147447467565916,10.46112060546875,10.46112060546875
resnetse5,device:RealWorld_thigh+MotionSense:10+10,192,3,5,29,MotionSense,0.8037109375,0.8006308681445587,10.46112060546875,10.46112060546875
resnetse5,device:RealWorld_thigh+MotionSense:10+10,192,3,5,30,RealWorld_thigh,0.7086805555555555,0.7127943648913946,10.46112060546875,10.46112060546875
resnetse5,device:RealWorld_thigh+MotionSense:10+10,192,3,5,30,MotionSense,0.8056640625,0.8012454247865733,10.46112060546875,10.46112060546875
resnetse5,device:RealWorld_thigh+MotionSense:10+10,192,3,5,31,RealWorld_thigh,0.6652777777777777,0.6745381021724929,10.46112060546875,10.46112060546875
resnetse5,device:RealWorld_thigh+MotionSense:10+10,192,3,5,31,MotionSense,0.806640625,0.805530095150103,10.46112060546875,10.46112060546875
resnetse5,device:RealWorld_thigh+MotionSense:10+10,192,3,5,32,RealWorld_thigh,0.678125,0.686965352145812,10.46112060546875,10.46112060546875
resnetse5,device:RealWorld_thigh+MotionSense:10+10,192,3,5,32,MotionSense,0.798828125,0.7959202414376442,10.46112060546875,10.46112060546875
resnetse5,device:RealWorld_thigh+MotionSense:10+10,192,3,5,33,RealWorld_thigh,0.6722222222222223,0.6812948835304438,10.46112060546875,10.46112060546875
resnetse5,device:RealWorld_thigh+MotionSense:10+10,192,3,5,33,MotionSense,0.8076171875,0.8062700083666021,10.46112060546875,10.46112060546875
resnetse5,device:RealWorld_thigh+MotionSense:10+10,192,3,5,34,RealWorld_thigh,0.6715277777777777,0.6801814672563186,10.46112060546875,10.46112060546875
resnetse5,device:RealWorld_thigh+MotionSense:10+10,192,3,5,34,MotionSense,0.8115234375,0.8101286237442062,10.46112060546875,10.46112060546875
resnetse5,device:RealWorld_thigh+MotionSense:10+10,192,3,5,35,RealWorld_thigh,0.6739583333333333,0.6828841712482134,10.46112060546875,10.46112060546875
resnetse5,device:RealWorld_thigh+MotionSense:10+10,192,3,5,35,MotionSense,0.80078125,0.7995662060516274,10.46112060546875,10.46112060546875
resnetse5,device:RealWorld_thigh+MotionSense:10+10,192,3,5,36,RealWorld_thigh,0.6677083333333333,0.6733156934169952,10.46112060546875,10.46112060546875
resnetse5,device:RealWorld_thigh+MotionSense:10+10,192,3,5,36,MotionSense,0.8203125,0.819504836236419,10.46112060546875,10.46112060546875
resnetse5,device:RealWorld_thigh+MotionSense:10+10,192,3,5,37,RealWorld_thigh,0.6777777777777778,0.6818455479208835,10.46112060546875,10.46112060546875
resnetse5,device:RealWorld_thigh+MotionSense:10+10,192,3,5,37,MotionSense,0.814453125,0.8133996575852546,10.46112060546875,10.46112060546875
resnetse5,device:RealWorld_thigh+MotionSense:10+10,192,3,5,38,RealWorld_thigh,0.684375,0.6846005407604236,10.46112060546875,10.46112060546875
resnetse5,device:RealWorld_thigh+MotionSense:10+10,192,3,5,38,MotionSense,0.8193359375,0.8193694771067265,10.46112060546875,10.46112060546875
resnetse5,device:RealWorld_thigh+MotionSense:10+10,192,3,5,39,RealWorld_thigh,0.6885416666666667,0.6885596532695013,10.46112060546875,10.46112060546875
resnetse5,device:RealWorld_thigh+MotionSense:10+10,192,3,5,39,MotionSense,0.806640625,0.8079778143319446,10.46112060546875,10.46112060546875
resnetse5,device:RealWorld_thigh+MotionSense:10+10,192,3,5,40,RealWorld_thigh,0.68125,0.681175642554598,10.46112060546875,10.46112060546875
resnetse5,device:RealWorld_thigh+MotionSense:10+10,192,3,5,40,MotionSense,0.8095703125,0.8107833416097484,10.46112060546875,10.46112060546875
resnetse5,device:RealWorld_thigh+MotionSense:10+10,192,3,5,41,RealWorld_thigh,0.6829861111111111,0.682737724230039,10.46112060546875,10.46112060546875
resnetse5,device:RealWorld_thigh+MotionSense:10+10,192,3,5,41,MotionSense,0.8134765625,0.8149531459195253,10.46112060546875,10.46112060546875
resnetse5,device:RealWorld_thigh+MotionSense:10+10,192,3,5,42,RealWorld_thigh,0.6763888888888889,0.6722451387161353,10.46112060546875,10.46112060546875
resnetse5,device:RealWorld_thigh+MotionSense:10+10,192,3,5,42,MotionSense,0.818359375,0.8201835225740234,10.46112060546875,10.46112060546875
resnetse5,device:RealWorld_thigh+MotionSense:10+10,192,3,5,43,RealWorld_thigh,0.6784722222222223,0.6753508908706641,10.46112060546875,10.46112060546875
resnetse5,device:RealWorld_thigh+MotionSense:10+10,192,3,5,43,MotionSense,0.81640625,0.8185513378932275,10.46112060546875,10.46112060546875
resnetse5,device:RealWorld_thigh+MotionSense:10+10,192,3,5,44,RealWorld_thigh,0.6732638888888889,0.6681979756487267,10.46112060546875,10.46112060546875
resnetse5,device:RealWorld_thigh+MotionSense:10+10,192,3,5,44,MotionSense,0.8125,0.8142705653961114,10.46112060546875,10.46112060546875
resnetse5,device:RealWorld_thigh+MotionSense:10+10,192,3,5,45,RealWorld_thigh,0.6777777777777778,0.6734184099190799,10.46112060546875,10.46112060546875
resnetse5,device:RealWorld_thigh+MotionSense:10+10,192,3,5,45,MotionSense,0.8173828125,0.8194839456589774,10.46112060546875,10.46112060546875
resnetse5,device:RealWorld_thigh+MotionSense:10+10,192,3,5,46,RealWorld_thigh,0.675,0.6699697666538841,10.46112060546875,10.46112060546875
resnetse5,device:RealWorld_thigh+MotionSense:10+10,192,3,5,46,MotionSense,0.8193359375,0.8214074088464637,10.46112060546875,10.46112060546875
resnetse5,device:RealWorld_thigh+MotionSense:10+10,192,3,5,47,RealWorld_thigh,0.6458333333333334,0.6198631680384928,10.46112060546875,10.46112060546875
resnetse5,device:RealWorld_thigh+MotionSense:10+10,192,3,5,47,MotionSense,0.837890625,0.8385078980772315,10.46112060546875,10.46112060546875
resnetse5,device:RealWorld_thigh+MotionSense:10+10,192,3,5,48,RealWorld_thigh,0.6510416666666666,0.6192500690114495,10.46112060546875,10.46112060546875
resnetse5,device:RealWorld_thigh+MotionSense:10+10,192,3,5,48,MotionSense,0.814453125,0.8085256518127482,10.46112060546875,10.46112060546875
resnetse5,device:RealWorld_thigh+MotionSense:10+10,192,3,5,49,RealWorld_thigh,0.6357638888888889,0.6116967170262294,10.46112060546875,10.46112060546875
resnetse5,device:RealWorld_thigh+MotionSense:10+10,192,3,5,49,MotionSense,0.833984375,0.8346629286539899,10.46112060546875,10.46112060546875
resnetse5,device:RealWorld_thigh+MotionSense:10+10,192,3,5,50,RealWorld_thigh,0.6513888888888889,0.6226110500879953,10.46112060546875,10.46112060546875
resnetse5,device:RealWorld_thigh+MotionSense:10+10,192,3,5,50,MotionSense,0.822265625,0.8213665001794946,10.46112060546875,10.46112060546875
resnetse5,device:RealWorld_thigh+MotionSense:10+10,192,3,5,51,RealWorld_thigh,0.6604166666666667,0.6266595052131084,10.46112060546875,10.46112060546875
resnetse5,device:RealWorld_thigh+MotionSense:10+10,192,3,5,51,MotionSense,0.796875,0.7892638109248552,10.46112060546875,10.46112060546875
resnetse5,device:RealWorld_thigh+MotionSense:10+10,192,3,5,52,RealWorld_thigh,0.6517361111111111,0.6174695732985538,10.46112060546875,10.46112060546875
resnetse5,device:RealWorld_thigh+MotionSense:10+10,192,3,5,52,MotionSense,0.806640625,0.7967051247250602,10.46112060546875,10.46112060546875
resnetse5,device:RealWorld_thigh+MotionSense:10+10,192,3,5,53,RealWorld_thigh,0.6465277777777778,0.6156257852055252,10.46112060546875,10.46112060546875
resnetse5,device:RealWorld_thigh+MotionSense:10+10,192,3,5,53,MotionSense,0.82421875,0.8209954178551785,10.46112060546875,10.46112060546875
resnetse5,device:RealWorld_thigh+MotionSense:10+10,192,3,5,54,RealWorld_thigh,0.653125,0.6173735163013213,10.46112060546875,10.46112060546875
resnetse5,device:RealWorld_thigh+MotionSense:10+10,192,3,5,54,MotionSense,0.8037109375,0.7918867500013769,10.46112060546875,10.46112060546875
resnetse5,device:RealWorld_thigh+MotionSense:10+10,192,3,5,55,RealWorld_thigh,0.6427083333333333,0.6167074065660725,10.46112060546875,10.46112060546875
resnetse5,device:RealWorld_thigh+MotionSense:10+10,192,3,5,55,MotionSense,0.833984375,0.8350531086696816,10.46112060546875,10.46112060546875
resnetse5,device:RealWorld_thigh+MotionSense:10+10,192,3,5,56,RealWorld_thigh,0.6475694444444444,0.6164678897644605,10.46112060546875,10.46112060546875
resnetse5,device:RealWorld_thigh+MotionSense:10+10,192,3,5,56,MotionSense,0.8271484375,0.8249824421383222,10.46112060546875,10.46112060546875
resnetse5,device:RealWorld_thigh+MotionSense:10+10,192,3,5,57,RealWorld_thigh,0.6486111111111111,0.6167836386647091,10.46112060546875,10.46112060546875
resnetse5,device:RealWorld_thigh+MotionSense:10+10,192,3,5,57,MotionSense,0.826171875,0.8237721898444379,10.46112060546875,10.46112060546875
resnetse5,device:RealWorld_thigh+MotionSense:10+10,192,3,5,58,RealWorld_thigh,0.6489583333333333,0.6141068063004957,10.46112060546875,10.46112060546875
resnetse5,device:RealWorld_thigh+MotionSense:10+10,192,3,5,58,MotionSense,0.822265625,0.8163588540486496,10.46112060546875,10.46112060546875
resnetse5,device:RealWorld_thigh+MotionSense:10+10,192,3,5,59,RealWorld_thigh,0.6770833333333334,0.6316634989619941,10.46112060546875,10.46112060546875
resnetse5,device:RealWorld_thigh+MotionSense:10+10,192,3,5,59,MotionSense,0.7392578125,0.691424505501509,10.46112060546875,10.46112060546875
resnetse5,device:RealWorld_thigh+MotionSense:10+10,192,3,5,60,RealWorld_thigh,0.6673611111111111,0.6220592189048698,10.46112060546875,10.46112060546875
resnetse5,device:RealWorld_thigh+MotionSense:10+10,192,3,5,60,MotionSense,0.755859375,0.7083991640948702,10.46112060546875,10.46112060546875
resnetse5,device:RealWorld_thigh+MotionSense:10+10,192,3,5,61,RealWorld_thigh,0.6753472222222222,0.6303353118275506,10.46112060546875,10.46112060546875
resnetse5,device:RealWorld_thigh+MotionSense:10+10,192,3,5,61,MotionSense,0.7998046875,0.7894068039412699,10.46112060546875,10.46112060546875
resnetse5,device:RealWorld_thigh+MotionSense:10+10,192,3,5,62,RealWorld_thigh,0.6503472222222222,0.6184467295676893,10.46112060546875,10.46112060546875
resnetse5,device:RealWorld_thigh+MotionSense:10+10,192,3,5,62,MotionSense,0.849609375,0.8491400654732256,10.46112060546875,10.46112060546875
resnetse5,device:RealWorld_thigh+MotionSense:10+10,192,3,5,63,RealWorld_thigh,0.6697916666666667,0.6243960561020931,10.46112060546875,10.46112060546875
resnetse5,device:RealWorld_thigh+MotionSense:10+10,192,3,5,63,MotionSense,0.791015625,0.7734295957705584,10.46112060546875,10.46112060546875
resnetse5,device:RealWorld_thigh+MotionSense:10+10,192,3,5,64,RealWorld_thigh,0.6809027777777777,0.6361687069237182,10.46112060546875,10.46112060546875
resnetse5,device:RealWorld_thigh+MotionSense:10+10,192,3,5,64,MotionSense,0.787109375,0.7746411493663348,10.46112060546875,10.46112060546875
resnetse5,device:RealWorld_thigh+MotionSense:10+10,192,3,5,65,RealWorld_thigh,0.6767361111111111,0.6324151212343235,10.46112060546875,10.46112060546875
resnetse5,device:RealWorld_thigh+MotionSense:10+10,192,3,5,65,MotionSense,0.798828125,0.7877222083241269,10.46112060546875,10.46112060546875
resnetse5,device:RealWorld_thigh+MotionSense:10+10,192,3,5,66,RealWorld_thigh,0.6732638888888889,0.6283091832904614,10.46112060546875,10.46112060546875
resnetse5,device:RealWorld_thigh+MotionSense:10+10,192,3,5,66,MotionSense,0.7421875,0.6942853976880446,10.46112060546875,10.46112060546875
resnetse5,device:RealWorld_thigh+MotionSense:10+10,192,3,5,67,RealWorld_thigh,0.6777777777777778,0.6335787313890245,10.46112060546875,10.46112060546875
resnetse5,device:RealWorld_thigh+MotionSense:10+10,192,3,5,67,MotionSense,0.744140625,0.6967194788642027,10.46112060546875,10.46112060546875
resnetse5,device:RealWorld_thigh+MotionSense:10+10,192,3,5,68,RealWorld_thigh,0.66875,0.6241218378163307,10.46112060546875,10.46112060546875
resnetse5,device:RealWorld_thigh+MotionSense:10+10,192,3,5,68,MotionSense,0.7568359375,0.7089553641201712,10.46112060546875,10.46112060546875
resnetse5,device:RealWorld_thigh+MotionSense:10+10,192,3,5,69,RealWorld_thigh,0.6572916666666667,0.6252476166247619,10.46112060546875,10.46112060546875
resnetse5,device:RealWorld_thigh+MotionSense:10+10,192,3,5,69,MotionSense,0.845703125,0.8464164024347068,10.46112060546875,10.46112060546875
resnetse5,device:RealWorld_thigh+MotionSense:10+10,192,3,5,70,RealWorld_thigh,0.6694444444444444,0.6254689622475051,10.46112060546875,10.46112060546875
resnetse5,device:RealWorld_thigh+MotionSense:10+10,192,3,5,70,MotionSense,0.8408203125,0.8396475305548213,10.46112060546875,10.46112060546875
resnetse5,device:RealWorld_thigh+MotionSense:10+10,192,3,5,71,RealWorld_thigh,0.6680555555555555,0.6235544660238376,10.46112060546875,10.46112060546875
resnetse5,device:RealWorld_thigh+MotionSense:10+10,192,3,5,71,MotionSense,0.76171875,0.7138491989957937,10.46112060546875,10.46112060546875
resnetse5,device:RealWorld_thigh+MotionSense:10+10,192,3,5,72,RealWorld_thigh,0.6805555555555556,0.6365268162669417,10.46112060546875,10.46112060546875
resnetse5,device:RealWorld_thigh+MotionSense:10+10,192,3,5,72,MotionSense,0.833984375,0.8335152515782935,10.46112060546875,10.46112060546875
resnetse5,device:RealWorld_thigh+MotionSense:10+10,192,3,5,73,RealWorld_thigh,0.6708333333333333,0.6265063368745546,10.46112060546875,10.46112060546875
resnetse5,device:RealWorld_thigh+MotionSense:10+10,192,3,5,73,MotionSense,0.7509765625,0.7074516916051552,10.46112060546875,10.46112060546875
resnetse5,device:RealWorld_thigh+MotionSense:10+10,192,3,5,74,RealWorld_thigh,0.6767361111111111,0.6706768173338372,10.46112060546875,10.46112060546875
resnetse5,device:RealWorld_thigh+MotionSense:10+10,192,3,5,74,MotionSense,0.8681640625,0.8685153311624422,10.46112060546875,10.46112060546875
resnetse5,device:RealWorld_thigh+MotionSense:10+10,192,3,5,75,RealWorld_thigh,0.6732638888888889,0.6290306430841663,10.46112060546875,10.46112060546875
resnetse5,device:RealWorld_thigh+MotionSense:10+10,192,3,5,75,MotionSense,0.80078125,0.790513805733562,10.46112060546875,10.46112060546875
resnetse5,device:RealWorld_thigh+MotionSense:10+10,192,3,5,76,RealWorld_thigh,0.6736111111111112,0.6294357127897644,10.46112060546875,10.46112060546875
resnetse5,device:RealWorld_thigh+MotionSense:10+10,192,3,5,76,MotionSense,0.7509765625,0.7130345847542495,10.46112060546875,10.46112060546875
resnetse5,device:RealWorld_thigh+MotionSense:10+10,192,3,5,77,RealWorld_thigh,0.6677083333333333,0.6237788750317376,10.46112060546875,10.46112060546875
resnetse5,device:RealWorld_thigh+MotionSense:10+10,192,3,5,77,MotionSense,0.7548828125,0.7170268529525382,10.46112060546875,10.46112060546875
resnetse5,device:RealWorld_thigh+MotionSense:10+10,192,3,5,78,RealWorld_thigh,0.6684027777777778,0.6247374191000246,10.46112060546875,10.46112060546875
resnetse5,device:RealWorld_thigh+MotionSense:10+10,192,3,5,78,MotionSense,0.8564453125,0.8563419501033517,10.46112060546875,10.46112060546875
resnetse5,device:RealWorld_thigh+MotionSense:10+10,192,3,5,79,RealWorld_thigh,0.6739583333333333,0.6297485058342712,10.46112060546875,10.46112060546875
resnetse5,device:RealWorld_thigh+MotionSense:10+10,192,3,5,79,MotionSense,0.740234375,0.6947676213024421,10.46112060546875,10.46112060546875
resnetse5,device:RealWorld_thigh+MotionSense:10+10,192,3,5,80,RealWorld_thigh,0.6708333333333333,0.6266287289407196,10.46112060546875,10.46112060546875
resnetse5,device:RealWorld_thigh+MotionSense:10+10,192,3,5,80,MotionSense,0.783203125,0.7623674692016339,10.46112060546875,10.46112060546875
resnetse5,device:RealWorld_thigh+MotionSense:10+10,192,3,5,81,RealWorld_thigh,0.6701388888888888,0.6259677694665448,10.46112060546875,10.46112060546875
resnetse5,device:RealWorld_thigh+MotionSense:10+10,192,3,5,81,MotionSense,0.8173828125,0.8109960833226655,10.46112060546875,10.46112060546875
resnetse5,device:RealWorld_thigh+MotionSense:10+10,192,3,5,82,RealWorld_thigh,0.6649305555555556,0.6248762771360128,10.46112060546875,10.46112060546875
resnetse5,device:RealWorld_thigh+MotionSense:10+10,192,3,5,82,MotionSense,0.875,0.8750188463961219,10.46112060546875,10.46112060546875
resnetse5,device:RealWorld_thigh+MotionSense:10+10,192,3,5,83,RealWorld_thigh,0.6746527777777778,0.6315880342861034,10.46112060546875,10.46112060546875
resnetse5,device:RealWorld_thigh+MotionSense:10+10,192,3,5,83,MotionSense,0.8564453125,0.85720016326411,10.46112060546875,10.46112060546875
resnetse5,device:RealWorld_thigh+MotionSense:10+10,192,3,5,84,RealWorld_thigh,0.6673611111111111,0.6239499052188265,10.46112060546875,10.46112060546875
resnetse5,device:RealWorld_thigh+MotionSense:10+10,192,3,5,84,MotionSense,0.8681640625,0.8686473028337988,10.46112060546875,10.46112060546875
resnetse5,device:RealWorld_thigh+MotionSense:10+10,192,3,5,85,RealWorld_thigh,0.6732638888888889,0.6305013315818719,10.46112060546875,10.46112060546875
resnetse5,device:RealWorld_thigh+MotionSense:10+10,192,3,5,85,MotionSense,0.8671875,0.867764845430341,10.46112060546875,10.46112060546875
resnetse5,device:RealWorld_thigh+MotionSense:10+10,192,3,5,86,RealWorld_thigh,0.6711805555555556,0.6283147011354596,10.46112060546875,10.46112060546875
resnetse5,device:RealWorld_thigh+MotionSense:10+10,192,3,5,86,MotionSense,0.8681640625,0.8686974751881698,10.46112060546875,10.46112060546875
resnetse5,device:RealWorld_thigh+MotionSense:10+10,192,3,5,87,RealWorld_thigh,0.6704861111111111,0.6275013389877856,10.46112060546875,10.46112060546875
resnetse5,device:RealWorld_thigh+MotionSense:10+10,192,3,5,87,MotionSense,0.8603515625,0.8608003544657145,10.46112060546875,10.46112060546875
resnetse5,device:RealWorld_thigh+MotionSense:10+10,192,3,5,88,RealWorld_thigh,0.6659722222222222,0.6221418123045541,10.46112060546875,10.46112060546875
resnetse5,device:RealWorld_thigh+MotionSense:10+10,192,3,5,88,MotionSense,0.8603515625,0.8602705271506975,10.46112060546875,10.46112060546875
resnetse5,device:RealWorld_thigh+MotionSense:10+10,192,3,5,89,RealWorld_thigh,0.6690972222222222,0.6260015311984021,10.46112060546875,10.46112060546875
resnetse5,device:RealWorld_thigh+MotionSense:10+10,192,3,5,89,MotionSense,0.880859375,0.8818674362155207,10.46112060546875,10.46112060546875
resnetse5,device:RealWorld_thigh+MotionSense:10+10,192,3,5,90,RealWorld_thigh,0.6708333333333333,0.6282636074516298,10.46112060546875,10.46112060546875
resnetse5,device:RealWorld_thigh+MotionSense:10+10,192,3,5,90,MotionSense,0.8056640625,0.7952375473405299,10.46112060546875,10.46112060546875
resnetse5,device:RealWorld_thigh+MotionSense:10+10,192,3,5,91,RealWorld_thigh,0.66875,0.6274672177961529,10.46112060546875,10.46112060546875
resnetse5,device:RealWorld_thigh+MotionSense:10+10,192,3,5,91,MotionSense,0.8896484375,0.8901121539955817,10.46112060546875,10.46112060546875
resnetse5,device:RealWorld_thigh+MotionSense:10+10,192,3,5,92,RealWorld_thigh,0.671875,0.6298112501092458,10.46112060546875,10.46112060546875
resnetse5,device:RealWorld_thigh+MotionSense:10+10,192,3,5,92,MotionSense,0.884765625,0.8853947273119593,10.46112060546875,10.46112060546875
resnetse5,device:RealWorld_thigh+MotionSense:10+10,192,3,5,93,RealWorld_thigh,0.671875,0.6295700489166053,10.46112060546875,10.46112060546875
resnetse5,device:RealWorld_thigh+MotionSense:10+10,192,3,5,93,MotionSense,0.8671875,0.8678483038158754,10.46112060546875,10.46112060546875
resnetse5,device:RealWorld_thigh+MotionSense:10+10,192,3,5,94,RealWorld_thigh,0.6642361111111111,0.6210114306784559,10.46112060546875,10.46112060546875
resnetse5,device:RealWorld_thigh+MotionSense:10+10,192,3,5,94,MotionSense,0.7890625,0.7644096380387838,10.46112060546875,10.46112060546875
resnetse5,device:RealWorld_thigh+MotionSense:10+10,192,3,5,95,RealWorld_thigh,0.6684027777777778,0.6260333810532567,10.46112060546875,10.46112060546875
resnetse5,device:RealWorld_thigh+MotionSense:10+10,192,3,5,95,MotionSense,0.8642578125,0.8644861465099046,10.46112060546875,10.46112060546875
resnetse5,device:RealWorld_thigh+MotionSense:10+10,192,3,5,96,RealWorld_thigh,0.6684027777777778,0.626138839567235,10.46112060546875,10.46112060546875
resnetse5,device:RealWorld_thigh+MotionSense:10+10,192,3,5,96,MotionSense,0.8701171875,0.8704656690838181,10.46112060546875,10.46112060546875
resnetse5,device:RealWorld_thigh+MotionSense:10+10,192,3,5,97,RealWorld_thigh,0.675,0.6463509060226754,10.46112060546875,10.46112060546875
resnetse5,device:RealWorld_thigh+MotionSense:10+10,192,3,5,97,MotionSense,0.8828125,0.8834892105831192,10.46112060546875,10.46112060546875
resnetse5,device:RealWorld_thigh+MotionSense:10+10,192,3,5,98,RealWorld_thigh,0.6888888888888889,0.6714887647203026,10.46112060546875,10.46112060546875
resnetse5,device:RealWorld_thigh+MotionSense:10+10,192,3,5,98,MotionSense,0.8896484375,0.8902853184714387,10.46112060546875,10.46112060546875
resnetse5,device:RealWorld_thigh+MotionSense:10+10,192,3,5,99,RealWorld_thigh,0.7020833333333333,0.6957131628317189,10.46112060546875,10.46112060546875
resnetse5,device:RealWorld_thigh+MotionSense:10+10,192,3,5,99,MotionSense,0.8857421875,0.886583960851862,10.46112060546875,10.46112060546875
resnetse5,device:RealWorld_thigh+MotionSense:10+10,192,3,5,100,RealWorld_thigh,0.7034722222222223,0.7090550910085125,10.46112060546875,10.46112060546875
resnetse5,device:RealWorld_thigh+MotionSense:10+10,192,3,5,100,MotionSense,0.8740234375,0.8743727138590551,10.46112060546875,10.46112060546875
resnetse5,device:RealWorld_thigh+MotionSense:5+5,192,0,1,1,RealWorld_thigh,0.1295138888888889,0.0815448885424343,5.230560302734375,5.230560302734375
resnetse5,device:RealWorld_thigh+MotionSense:5+5,192,0,1,1,MotionSense,0.0888671875,0.0498441658351902,5.230560302734375,5.230560302734375
resnetse5,device:RealWorld_thigh+MotionSense:5+5,192,0,1,2,RealWorld_thigh,0.1354166666666666,0.0984636842273729,5.230560302734375,5.230560302734375
resnetse5,device:RealWorld_thigh+MotionSense:5+5,192,0,1,2,MotionSense,0.154296875,0.1233186717605372,5.230560302734375,5.230560302734375
resnetse5,device:RealWorld_thigh+MotionSense:5+5,192,0,1,3,RealWorld_thigh,0.2684027777777777,0.2026103734506133,5.230560302734375,5.230560302734375
resnetse5,device:RealWorld_thigh+MotionSense:5+5,192,0,1,3,MotionSense,0.2421875,0.1772634235683946,5.230560302734375,5.230560302734375
resnetse5,device:RealWorld_thigh+MotionSense:5+5,192,0,1,4,RealWorld_thigh,0.31875,0.1952191414301367,5.230560302734375,5.230560302734375
resnetse5,device:RealWorld_thigh+MotionSense:5+5,192,0,1,4,MotionSense,0.3564453125,0.2066612993675959,5.230560302734375,5.230560302734375
resnetse5,device:RealWorld_thigh+MotionSense:5+5,192,0,1,5,RealWorld_thigh,0.3208333333333333,0.1978477237868176,5.230560302734375,5.230560302734375
resnetse5,device:RealWorld_thigh+MotionSense:5+5,192,0,1,5,MotionSense,0.3583984375,0.2083935577102215,5.230560302734375,5.230560302734375
resnetse5,device:RealWorld_thigh+MotionSense:5+5,192,0,1,6,RealWorld_thigh,0.3305555555555555,0.2124350839542648,5.230560302734375,5.230560302734375
resnetse5,device:RealWorld_thigh+MotionSense:5+5,192,0,1,6,MotionSense,0.3671875,0.2212022034010713,5.230560302734375,5.230560302734375
resnetse5,device:RealWorld_thigh+MotionSense:5+5,192,0,1,7,RealWorld_thigh,0.3493055555555555,0.2426224141598849,5.230560302734375,5.230560302734375
resnetse5,device:RealWorld_thigh+MotionSense:5+5,192,0,1,7,MotionSense,0.3779296875,0.2366365877299485,5.230560302734375,5.230560302734375
resnetse5,device:RealWorld_thigh+MotionSense:5+5,192,0,1,8,RealWorld_thigh,0.3690972222222222,0.2717394978012561,5.230560302734375,5.230560302734375
resnetse5,device:RealWorld_thigh+MotionSense:5+5,192,0,1,8,MotionSense,0.400390625,0.2684103509535134,5.230560302734375,5.230560302734375
resnetse5,device:RealWorld_thigh+MotionSense:5+5,192,0,1,9,RealWorld_thigh,0.3927083333333333,0.3048208681706198,5.230560302734375,5.230560302734375
resnetse5,device:RealWorld_thigh+MotionSense:5+5,192,0,1,9,MotionSense,0.41015625,0.2804119051232122,5.230560302734375,5.230560302734375
resnetse5,device:RealWorld_thigh+MotionSense:5+5,192,0,1,10,RealWorld_thigh,0.4076388888888889,0.3235162740223327,5.230560302734375,5.230560302734375
resnetse5,device:RealWorld_thigh+MotionSense:5+5,192,0,1,10,MotionSense,0.4267578125,0.3011496650393087,5.230560302734375,5.230560302734375
resnetse5,device:RealWorld_thigh+MotionSense:5+5,192,0,1,11,RealWorld_thigh,0.41875,0.3347512047460957,5.230560302734375,5.230560302734375
resnetse5,device:RealWorld_thigh+MotionSense:5+5,192,0,1,11,MotionSense,0.4453125,0.3230856280272316,5.230560302734375,5.230560302734375
resnetse5,device:RealWorld_thigh+MotionSense:5+5,192,0,1,12,RealWorld_thigh,0.4236111111111111,0.3380118396710279,5.230560302734375,5.230560302734375
resnetse5,device:RealWorld_thigh+MotionSense:5+5,192,0,1,12,MotionSense,0.46875,0.3538250045840503,5.230560302734375,5.230560302734375
resnetse5,device:RealWorld_thigh+MotionSense:5+5,192,0,1,13,RealWorld_thigh,0.4319444444444444,0.3462037485777905,5.230560302734375,5.230560302734375
resnetse5,device:RealWorld_thigh+MotionSense:5+5,192,0,1,13,MotionSense,0.478515625,0.368015570529085,5.230560302734375,5.230560302734375
resnetse5,device:RealWorld_thigh+MotionSense:5+5,192,0,1,14,RealWorld_thigh,0.4333333333333333,0.4053264311037136,5.230560302734375,5.230560302734375
resnetse5,device:RealWorld_thigh+MotionSense:5+5,192,0,1,14,MotionSense,0.5498046875,0.4925116758353717,5.230560302734375,5.230560302734375
resnetse5,device:RealWorld_thigh+MotionSense:5+5,192,0,1,15,RealWorld_thigh,0.4232638888888889,0.3693042243351546,5.230560302734375,5.230560302734375
resnetse5,device:RealWorld_thigh+MotionSense:5+5,192,0,1,15,MotionSense,0.580078125,0.5304630322123939,5.230560302734375,5.230560302734375
resnetse5,device:RealWorld_thigh+MotionSense:5+5,192,0,1,16,RealWorld_thigh,0.4559027777777777,0.432184838432571,5.230560302734375,5.230560302734375
resnetse5,device:RealWorld_thigh+MotionSense:5+5,192,0,1,16,MotionSense,0.5634765625,0.5077445093825596,5.230560302734375,5.230560302734375
resnetse5,device:RealWorld_thigh+MotionSense:5+5,192,0,1,17,RealWorld_thigh,0.4715277777777777,0.3984905316814135,5.230560302734375,5.230560302734375
resnetse5,device:RealWorld_thigh+MotionSense:5+5,192,0,1,17,MotionSense,0.53125,0.4441495698811543,5.230560302734375,5.230560302734375
resnetse5,device:RealWorld_thigh+MotionSense:5+5,192,0,1,18,RealWorld_thigh,0.4815972222222222,0.4095199440936062,5.230560302734375,5.230560302734375
resnetse5,device:RealWorld_thigh+MotionSense:5+5,192,0,1,18,MotionSense,0.5380859375,0.4513972665424421,5.230560302734375,5.230560302734375
resnetse5,device:RealWorld_thigh+MotionSense:5+5,192,0,1,19,RealWorld_thigh,0.4982638888888889,0.4286493911330844,5.230560302734375,5.230560302734375
resnetse5,device:RealWorld_thigh+MotionSense:5+5,192,0,1,19,MotionSense,0.5458984375,0.4618024697187684,5.230560302734375,5.230560302734375
resnetse5,device:RealWorld_thigh+MotionSense:5+5,192,0,1,20,RealWorld_thigh,0.528125,0.4872430823104897,5.230560302734375,5.230560302734375
resnetse5,device:RealWorld_thigh+MotionSense:5+5,192,0,1,20,MotionSense,0.5595703125,0.4843409787668818,5.230560302734375,5.230560302734375
resnetse5,device:RealWorld_thigh+MotionSense:5+5,192,0,1,21,RealWorld_thigh,0.5350694444444445,0.4918723684853089,5.230560302734375,5.230560302734375
resnetse5,device:RealWorld_thigh+MotionSense:5+5,192,0,1,21,MotionSense,0.5703125,0.4954077366243971,5.230560302734375,5.230560302734375
resnetse5,device:RealWorld_thigh+MotionSense:5+5,192,0,1,22,RealWorld_thigh,0.528125,0.4732018906741398,5.230560302734375,5.230560302734375
resnetse5,device:RealWorld_thigh+MotionSense:5+5,192,0,1,22,MotionSense,0.58203125,0.5087814922052072,5.230560302734375,5.230560302734375
resnetse5,device:RealWorld_thigh+MotionSense:5+5,192,0,1,23,RealWorld_thigh,0.5357638888888889,0.4830523068171097,5.230560302734375,5.230560302734375
resnetse5,device:RealWorld_thigh+MotionSense:5+5,192,0,1,23,MotionSense,0.58984375,0.5186160349903569,5.230560302734375,5.230560302734375
resnetse5,device:RealWorld_thigh+MotionSense:5+5,192,0,1,24,RealWorld_thigh,0.5361111111111111,0.4818371949640501,5.230560302734375,5.230560302734375
resnetse5,device:RealWorld_thigh+MotionSense:5+5,192,0,1,24,MotionSense,0.595703125,0.524921081552579,5.230560302734375,5.230560302734375
resnetse5,device:RealWorld_thigh+MotionSense:5+5,192,0,1,25,RealWorld_thigh,0.5388888888888889,0.4873605212122843,5.230560302734375,5.230560302734375
resnetse5,device:RealWorld_thigh+MotionSense:5+5,192,0,1,25,MotionSense,0.6005859375,0.5332307164306603,5.230560302734375,5.230560302734375
resnetse5,device:RealWorld_thigh+MotionSense:5+5,192,0,1,26,RealWorld_thigh,0.5395833333333333,0.4884362750772628,5.230560302734375,5.230560302734375
resnetse5,device:RealWorld_thigh+MotionSense:5+5,192,0,1,26,MotionSense,0.60546875,0.537645908841709,5.230560302734375,5.230560302734375
resnetse5,device:RealWorld_thigh+MotionSense:5+5,192,0,1,27,RealWorld_thigh,0.5413194444444445,0.4904154097323734,5.230560302734375,5.230560302734375
resnetse5,device:RealWorld_thigh+MotionSense:5+5,192,0,1,27,MotionSense,0.59765625,0.5256011862729061,5.230560302734375,5.230560302734375
resnetse5,device:RealWorld_thigh+MotionSense:5+5,192,0,1,28,RealWorld_thigh,0.5694444444444444,0.5495608253700999,5.230560302734375,5.230560302734375
resnetse5,device:RealWorld_thigh+MotionSense:5+5,192,0,1,28,MotionSense,0.658203125,0.6313089436900648,5.230560302734375,5.230560302734375
resnetse5,device:RealWorld_thigh+MotionSense:5+5,192,0,1,29,RealWorld_thigh,0.5260416666666666,0.4534494236459473,5.230560302734375,5.230560302734375
resnetse5,device:RealWorld_thigh+MotionSense:5+5,192,0,1,29,MotionSense,0.609375,0.5338420549552599,5.230560302734375,5.230560302734375
resnetse5,device:RealWorld_thigh+MotionSense:5+5,192,0,1,30,RealWorld_thigh,0.5690972222222223,0.5494438116376611,5.230560302734375,5.230560302734375
resnetse5,device:RealWorld_thigh+MotionSense:5+5,192,0,1,30,MotionSense,0.6767578125,0.655454386985859,5.230560302734375,5.230560302734375
resnetse5,device:RealWorld_thigh+MotionSense:5+5,192,0,1,31,RealWorld_thigh,0.5600694444444444,0.5270098850642789,5.230560302734375,5.230560302734375
resnetse5,device:RealWorld_thigh+MotionSense:5+5,192,0,1,31,MotionSense,0.642578125,0.5973710378136867,5.230560302734375,5.230560302734375
resnetse5,device:RealWorld_thigh+MotionSense:5+5,192,0,1,32,RealWorld_thigh,0.578125,0.5524151032689625,5.230560302734375,5.230560302734375
resnetse5,device:RealWorld_thigh+MotionSense:5+5,192,0,1,32,MotionSense,0.669921875,0.6425936548502091,5.230560302734375,5.230560302734375
resnetse5,device:RealWorld_thigh+MotionSense:5+5,192,0,1,33,RealWorld_thigh,0.5534722222222223,0.5352665781036713,5.230560302734375,5.230560302734375
resnetse5,device:RealWorld_thigh+MotionSense:5+5,192,0,1,33,MotionSense,0.6826171875,0.6574419847413652,5.230560302734375,5.230560302734375
resnetse5,device:RealWorld_thigh+MotionSense:5+5,192,0,1,34,RealWorld_thigh,0.5555555555555556,0.5204924712940542,5.230560302734375,5.230560302734375
resnetse5,device:RealWorld_thigh+MotionSense:5+5,192,0,1,34,MotionSense,0.640625,0.5860162374730779,5.230560302734375,5.230560302734375
resnetse5,device:RealWorld_thigh+MotionSense:5+5,192,0,1,35,RealWorld_thigh,0.5527777777777778,0.5111910355151927,5.230560302734375,5.230560302734375
resnetse5,device:RealWorld_thigh+MotionSense:5+5,192,0,1,35,MotionSense,0.6455078125,0.5872889073999287,5.230560302734375,5.230560302734375
resnetse5,device:RealWorld_thigh+MotionSense:5+5,192,0,1,36,RealWorld_thigh,0.5534722222222223,0.5126943303496986,5.230560302734375,5.230560302734375
resnetse5,device:RealWorld_thigh+MotionSense:5+5,192,0,1,36,MotionSense,0.64453125,0.5847880012121405,5.230560302734375,5.230560302734375
resnetse5,device:RealWorld_thigh+MotionSense:5+5,192,0,1,37,RealWorld_thigh,0.5652777777777778,0.5355885018114402,5.230560302734375,5.230560302734375
resnetse5,device:RealWorld_thigh+MotionSense:5+5,192,0,1,37,MotionSense,0.654296875,0.6052599471230352,5.230560302734375,5.230560302734375
resnetse5,device:RealWorld_thigh+MotionSense:5+5,192,0,1,38,RealWorld_thigh,0.5440972222222222,0.4848712127180019,5.230560302734375,5.230560302734375
resnetse5,device:RealWorld_thigh+MotionSense:5+5,192,0,1,38,MotionSense,0.646484375,0.5811196650179825,5.230560302734375,5.230560302734375
resnetse5,device:RealWorld_thigh+MotionSense:5+5,192,0,1,39,RealWorld_thigh,0.5444444444444444,0.4854027074255331,5.230560302734375,5.230560302734375
resnetse5,device:RealWorld_thigh+MotionSense:5+5,192,0,1,39,MotionSense,0.650390625,0.5858905133392861,5.230560302734375,5.230560302734375
resnetse5,device:RealWorld_thigh+MotionSense:5+5,192,0,1,40,RealWorld_thigh,0.6368055555555555,0.6283913828302945,5.230560302734375,5.230560302734375
resnetse5,device:RealWorld_thigh+MotionSense:5+5,192,0,1,40,MotionSense,0.724609375,0.7149858294542887,5.230560302734375,5.230560302734375
resnetse5,device:RealWorld_thigh+MotionSense:5+5,192,0,1,41,RealWorld_thigh,0.6225694444444444,0.6143876955881221,5.230560302734375,5.230560302734375
resnetse5,device:RealWorld_thigh+MotionSense:5+5,192,0,1,41,MotionSense,0.728515625,0.7207088455301386,5.230560302734375,5.230560302734375
resnetse5,device:RealWorld_thigh+MotionSense:5+5,192,0,1,42,RealWorld_thigh,0.6284722222222222,0.6220972781182725,5.230560302734375,5.230560302734375
resnetse5,device:RealWorld_thigh+MotionSense:5+5,192,0,1,42,MotionSense,0.734375,0.7283823471693008,5.230560302734375,5.230560302734375
resnetse5,device:RealWorld_thigh+MotionSense:5+5,192,0,1,43,RealWorld_thigh,0.5604166666666667,0.5530282106187089,5.230560302734375,5.230560302734375
resnetse5,device:RealWorld_thigh+MotionSense:5+5,192,0,1,43,MotionSense,0.677734375,0.6190664562355416,5.230560302734375,5.230560302734375
resnetse5,device:RealWorld_thigh+MotionSense:5+5,192,0,1,44,RealWorld_thigh,0.5621527777777777,0.5087978466338877,5.230560302734375,5.230560302734375
resnetse5,device:RealWorld_thigh+MotionSense:5+5,192,0,1,44,MotionSense,0.6806640625,0.6222353828334111,5.230560302734375,5.230560302734375
resnetse5,device:RealWorld_thigh+MotionSense:5+5,192,0,1,45,RealWorld_thigh,0.5649305555555556,0.5136705563886007,5.230560302734375,5.230560302734375
resnetse5,device:RealWorld_thigh+MotionSense:5+5,192,0,1,45,MotionSense,0.6865234375,0.6293110249519073,5.230560302734375,5.230560302734375
resnetse5,device:RealWorld_thigh+MotionSense:5+5,192,0,1,46,RealWorld_thigh,0.5635416666666667,0.5132047403762026,5.230560302734375,5.230560302734375
resnetse5,device:RealWorld_thigh+MotionSense:5+5,192,0,1,46,MotionSense,0.69140625,0.6347246252999904,5.230560302734375,5.230560302734375
resnetse5,device:RealWorld_thigh+MotionSense:5+5,192,0,1,47,RealWorld_thigh,0.5694444444444444,0.5202323728084867,5.230560302734375,5.230560302734375
resnetse5,device:RealWorld_thigh+MotionSense:5+5,192,0,1,47,MotionSense,0.6943359375,0.6382824078402864,5.230560302734375,5.230560302734375
resnetse5,device:RealWorld_thigh+MotionSense:5+5,192,0,1,48,RealWorld_thigh,0.5642361111111112,0.5126731028243617,5.230560302734375,5.230560302734375
resnetse5,device:RealWorld_thigh+MotionSense:5+5,192,0,1,48,MotionSense,0.6923828125,0.6353967766317408,5.230560302734375,5.230560302734375
resnetse5,device:RealWorld_thigh+MotionSense:5+5,192,0,1,49,RealWorld_thigh,0.5670138888888889,0.517827697184129,5.230560302734375,5.230560302734375
resnetse5,device:RealWorld_thigh+MotionSense:5+5,192,0,1,49,MotionSense,0.701171875,0.6457097372647184,5.230560302734375,5.230560302734375
resnetse5,device:RealWorld_thigh+MotionSense:5+5,192,0,1,50,RealWorld_thigh,0.5677083333333334,0.5177586828005587,5.230560302734375,5.230560302734375
resnetse5,device:RealWorld_thigh+MotionSense:5+5,192,0,1,50,MotionSense,0.701171875,0.6454089265888524,5.230560302734375,5.230560302734375
resnetse5,device:RealWorld_thigh+MotionSense:5+5,192,0,1,51,RealWorld_thigh,0.5784722222222223,0.5310471981641331,5.230560302734375,5.230560302734375
resnetse5,device:RealWorld_thigh+MotionSense:5+5,192,0,1,51,MotionSense,0.708984375,0.6544738997411255,5.230560302734375,5.230560302734375
resnetse5,device:RealWorld_thigh+MotionSense:5+5,192,0,1,52,RealWorld_thigh,0.5993055555555555,0.6019611799907124,5.230560302734375,5.230560302734375
resnetse5,device:RealWorld_thigh+MotionSense:5+5,192,0,1,52,MotionSense,0.712890625,0.6586380559636519,5.230560302734375,5.230560302734375
resnetse5,device:RealWorld_thigh+MotionSense:5+5,192,0,1,53,RealWorld_thigh,0.6239583333333333,0.6190339050986194,5.230560302734375,5.230560302734375
resnetse5,device:RealWorld_thigh+MotionSense:5+5,192,0,1,53,MotionSense,0.7724609375,0.7668594204929694,5.230560302734375,5.230560302734375
resnetse5,device:RealWorld_thigh+MotionSense:5+5,192,0,1,54,RealWorld_thigh,0.6107638888888889,0.6153241425305999,5.230560302734375,5.230560302734375
resnetse5,device:RealWorld_thigh+MotionSense:5+5,192,0,1,54,MotionSense,0.7099609375,0.6562480884229747,5.230560302734375,5.230560302734375
resnetse5,device:RealWorld_thigh+MotionSense:5+5,192,0,1,55,RealWorld_thigh,0.6263888888888889,0.6201987436881146,5.230560302734375,5.230560302734375
resnetse5,device:RealWorld_thigh+MotionSense:5+5,192,0,1,55,MotionSense,0.7626953125,0.7522305421517966,5.230560302734375,5.230560302734375
resnetse5,device:RealWorld_thigh+MotionSense:5+5,192,0,1,56,RealWorld_thigh,0.6166666666666667,0.6050839399149418,5.230560302734375,5.230560302734375
resnetse5,device:RealWorld_thigh+MotionSense:5+5,192,0,1,56,MotionSense,0.7431640625,0.7210874274067379,5.230560302734375,5.230560302734375
resnetse5,device:RealWorld_thigh+MotionSense:5+5,192,0,1,57,RealWorld_thigh,0.6152777777777778,0.6043665517239025,5.230560302734375,5.230560302734375
resnetse5,device:RealWorld_thigh+MotionSense:5+5,192,0,1,57,MotionSense,0.7431640625,0.7207298313991065,5.230560302734375,5.230560302734375
resnetse5,device:RealWorld_thigh+MotionSense:5+5,192,0,1,58,RealWorld_thigh,0.6329861111111111,0.6300764986160866,5.230560302734375,5.230560302734375
resnetse5,device:RealWorld_thigh+MotionSense:5+5,192,0,1,58,MotionSense,0.7744140625,0.7695939879827064,5.230560302734375,5.230560302734375
resnetse5,device:RealWorld_thigh+MotionSense:5+5,192,0,1,59,RealWorld_thigh,0.653125,0.6550913510435783,5.230560302734375,5.230560302734375
resnetse5,device:RealWorld_thigh+MotionSense:5+5,192,0,1,59,MotionSense,0.7841796875,0.7833434293858166,5.230560302734375,5.230560302734375
resnetse5,device:RealWorld_thigh+MotionSense:5+5,192,0,1,60,RealWorld_thigh,0.6413194444444444,0.6408453926349945,5.230560302734375,5.230560302734375
resnetse5,device:RealWorld_thigh+MotionSense:5+5,192,0,1,60,MotionSense,0.77734375,0.7752715334458756,5.230560302734375,5.230560302734375
resnetse5,device:RealWorld_thigh+MotionSense:5+5,192,0,1,61,RealWorld_thigh,0.6222222222222222,0.6275946886567904,5.230560302734375,5.230560302734375
resnetse5,device:RealWorld_thigh+MotionSense:5+5,192,0,1,61,MotionSense,0.77734375,0.7695505180792797,5.230560302734375,5.230560302734375
resnetse5,device:RealWorld_thigh+MotionSense:5+5,192,0,1,62,RealWorld_thigh,0.5954861111111112,0.5506761375327938,5.230560302734375,5.230560302734375
resnetse5,device:RealWorld_thigh+MotionSense:5+5,192,0,1,62,MotionSense,0.712890625,0.6589869140372041,5.230560302734375,5.230560302734375
resnetse5,device:RealWorld_thigh+MotionSense:5+5,192,0,1,63,RealWorld_thigh,0.6090277777777777,0.6096797616654742,5.230560302734375,5.230560302734375
resnetse5,device:RealWorld_thigh+MotionSense:5+5,192,0,1,63,MotionSense,0.71484375,0.6610519671100233,5.230560302734375,5.230560302734375
resnetse5,device:RealWorld_thigh+MotionSense:5+5,192,0,1,64,RealWorld_thigh,0.5996527777777778,0.5548486330086503,5.230560302734375,5.230560302734375
resnetse5,device:RealWorld_thigh+MotionSense:5+5,192,0,1,64,MotionSense,0.712890625,0.6591561225163703,5.230560302734375,5.230560302734375
resnetse5,device:RealWorld_thigh+MotionSense:5+5,192,0,1,65,RealWorld_thigh,0.6215277777777778,0.5984286867269061,5.230560302734375,5.230560302734375
resnetse5,device:RealWorld_thigh+MotionSense:5+5,192,0,1,65,MotionSense,0.7138671875,0.6598857542522581,5.230560302734375,5.230560302734375
resnetse5,device:RealWorld_thigh+MotionSense:5+5,192,0,1,66,RealWorld_thigh,0.6368055555555555,0.6430763928866258,5.230560302734375,5.230560302734375
resnetse5,device:RealWorld_thigh+MotionSense:5+5,192,0,1,66,MotionSense,0.77734375,0.7725383674929466,5.230560302734375,5.230560302734375
resnetse5,device:RealWorld_thigh+MotionSense:5+5,192,0,1,67,RealWorld_thigh,0.6295138888888889,0.6178560116029678,5.230560302734375,5.230560302734375
resnetse5,device:RealWorld_thigh+MotionSense:5+5,192,0,1,67,MotionSense,0.7138671875,0.6603821935978199,5.230560302734375,5.230560302734375
resnetse5,device:RealWorld_thigh+MotionSense:5+5,192,0,1,68,RealWorld_thigh,0.6048611111111111,0.5599807030862464,5.230560302734375,5.230560302734375
resnetse5,device:RealWorld_thigh+MotionSense:5+5,192,0,1,68,MotionSense,0.7119140625,0.658401380184923,5.230560302734375,5.230560302734375
resnetse5,device:RealWorld_thigh+MotionSense:5+5,192,0,1,69,RealWorld_thigh,0.634375,0.6192858534001774,5.230560302734375,5.230560302734375
resnetse5,device:RealWorld_thigh+MotionSense:5+5,192,0,1,69,MotionSense,0.71875,0.6660836050333121,5.230560302734375,5.230560302734375
resnetse5,device:RealWorld_thigh+MotionSense:5+5,192,0,1,70,RealWorld_thigh,0.6065972222222222,0.561598071818749,5.230560302734375,5.230560302734375
resnetse5,device:RealWorld_thigh+MotionSense:5+5,192,0,1,70,MotionSense,0.7158203125,0.6621628131489676,5.230560302734375,5.230560302734375
resnetse5,device:RealWorld_thigh+MotionSense:5+5,192,0,1,71,RealWorld_thigh,0.6059027777777778,0.560654957137093,5.230560302734375,5.230560302734375
resnetse5,device:RealWorld_thigh+MotionSense:5+5,192,0,1,71,MotionSense,0.71875,0.6654573333450814,5.230560302734375,5.230560302734375
resnetse5,device:RealWorld_thigh+MotionSense:5+5,192,0,1,72,RealWorld_thigh,0.6413194444444444,0.6248066646303999,5.230560302734375,5.230560302734375
resnetse5,device:RealWorld_thigh+MotionSense:5+5,192,0,1,72,MotionSense,0.716796875,0.6637338327040693,5.230560302734375,5.230560302734375
resnetse5,device:RealWorld_thigh+MotionSense:5+5,192,0,1,73,RealWorld_thigh,0.6357638888888889,0.6408412660646863,5.230560302734375,5.230560302734375
resnetse5,device:RealWorld_thigh+MotionSense:5+5,192,0,1,73,MotionSense,0.79296875,0.7873359569580108,5.230560302734375,5.230560302734375
resnetse5,device:RealWorld_thigh+MotionSense:5+5,192,0,1,74,RealWorld_thigh,0.6666666666666666,0.6684048409945116,5.230560302734375,5.230560302734375
resnetse5,device:RealWorld_thigh+MotionSense:5+5,192,0,1,74,MotionSense,0.7958984375,0.7965433048219156,5.230560302734375,5.230560302734375
resnetse5,device:RealWorld_thigh+MotionSense:5+5,192,0,1,75,RealWorld_thigh,0.6378472222222222,0.6294938818928559,5.230560302734375,5.230560302734375
resnetse5,device:RealWorld_thigh+MotionSense:5+5,192,0,1,75,MotionSense,0.7705078125,0.7564143417934961,5.230560302734375,5.230560302734375
resnetse5,device:RealWorld_thigh+MotionSense:5+5,192,0,1,76,RealWorld_thigh,0.6402777777777777,0.6312311513502752,5.230560302734375,5.230560302734375
resnetse5,device:RealWorld_thigh+MotionSense:5+5,192,0,1,76,MotionSense,0.763671875,0.748255093595071,5.230560302734375,5.230560302734375
resnetse5,device:RealWorld_thigh+MotionSense:5+5,192,0,1,77,RealWorld_thigh,0.6368055555555555,0.6288909640973656,5.230560302734375,5.230560302734375
resnetse5,device:RealWorld_thigh+MotionSense:5+5,192,0,1,77,MotionSense,0.7744140625,0.7632992039345936,5.230560302734375,5.230560302734375
resnetse5,device:RealWorld_thigh+MotionSense:5+5,192,0,1,78,RealWorld_thigh,0.6385416666666667,0.6287172911211565,5.230560302734375,5.230560302734375
resnetse5,device:RealWorld_thigh+MotionSense:5+5,192,0,1,78,MotionSense,0.759765625,0.7441957469794781,5.230560302734375,5.230560302734375
resnetse5,device:RealWorld_thigh+MotionSense:5+5,192,0,1,79,RealWorld_thigh,0.6465277777777778,0.6397834971256428,5.230560302734375,5.230560302734375
resnetse5,device:RealWorld_thigh+MotionSense:5+5,192,0,1,79,MotionSense,0.7744140625,0.7656235079836521,5.230560302734375,5.230560302734375
resnetse5,device:RealWorld_thigh+MotionSense:5+5,192,0,1,80,RealWorld_thigh,0.6427083333333333,0.6342826090447539,5.230560302734375,5.230560302734375
resnetse5,device:RealWorld_thigh+MotionSense:5+5,192,0,1,80,MotionSense,0.7607421875,0.7468645608243824,5.230560302734375,5.230560302734375
resnetse5,device:RealWorld_thigh+MotionSense:5+5,192,0,1,81,RealWorld_thigh,0.6409722222222223,0.6287295490191661,5.230560302734375,5.230560302734375
resnetse5,device:RealWorld_thigh+MotionSense:5+5,192,0,1,81,MotionSense,0.7392578125,0.7128893964479716,5.230560302734375,5.230560302734375
resnetse5,device:RealWorld_thigh+MotionSense:5+5,192,0,1,82,RealWorld_thigh,0.6416666666666667,0.6305400753212852,5.230560302734375,5.230560302734375
resnetse5,device:RealWorld_thigh+MotionSense:5+5,192,0,1,82,MotionSense,0.7392578125,0.7169602649390453,5.230560302734375,5.230560302734375
resnetse5,device:RealWorld_thigh+MotionSense:5+5,192,0,1,83,RealWorld_thigh,0.6451388888888889,0.6375477472722869,5.230560302734375,5.230560302734375
resnetse5,device:RealWorld_thigh+MotionSense:5+5,192,0,1,83,MotionSense,0.763671875,0.7517539336698732,5.230560302734375,5.230560302734375
resnetse5,device:RealWorld_thigh+MotionSense:5+5,192,0,1,84,RealWorld_thigh,0.6559027777777777,0.6522398712519107,5.230560302734375,5.230560302734375
resnetse5,device:RealWorld_thigh+MotionSense:5+5,192,0,1,84,MotionSense,0.7744140625,0.7691107941168838,5.230560302734375,5.230560302734375
resnetse5,device:RealWorld_thigh+MotionSense:5+5,192,0,1,85,RealWorld_thigh,0.6430555555555556,0.6375230074401161,5.230560302734375,5.230560302734375
resnetse5,device:RealWorld_thigh+MotionSense:5+5,192,0,1,85,MotionSense,0.783203125,0.7763055407481091,5.230560302734375,5.230560302734375
resnetse5,device:RealWorld_thigh+MotionSense:5+5,192,0,1,86,RealWorld_thigh,0.640625,0.633466984725578,5.230560302734375,5.230560302734375
resnetse5,device:RealWorld_thigh+MotionSense:5+5,192,0,1,86,MotionSense,0.7705078125,0.7609460236847742,5.230560302734375,5.230560302734375
resnetse5,device:RealWorld_thigh+MotionSense:5+5,192,0,1,87,RealWorld_thigh,0.6513888888888889,0.6477102282907131,5.230560302734375,5.230560302734375
resnetse5,device:RealWorld_thigh+MotionSense:5+5,192,0,1,87,MotionSense,0.7822265625,0.7764980359039239,5.230560302734375,5.230560302734375
resnetse5,device:RealWorld_thigh+MotionSense:5+5,192,0,1,88,RealWorld_thigh,0.6409722222222223,0.6297707970889627,5.230560302734375,5.230560302734375
resnetse5,device:RealWorld_thigh+MotionSense:5+5,192,0,1,88,MotionSense,0.755859375,0.7364616245147597,5.230560302734375,5.230560302734375
resnetse5,device:RealWorld_thigh+MotionSense:5+5,192,0,1,89,RealWorld_thigh,0.64375,0.6326339625687208,5.230560302734375,5.230560302734375
resnetse5,device:RealWorld_thigh+MotionSense:5+5,192,0,1,89,MotionSense,0.759765625,0.741800539535744,5.230560302734375,5.230560302734375
resnetse5,device:RealWorld_thigh+MotionSense:5+5,192,0,1,90,RealWorld_thigh,0.6461805555555555,0.6337461468946167,5.230560302734375,5.230560302734375
resnetse5,device:RealWorld_thigh+MotionSense:5+5,192,0,1,90,MotionSense,0.7392578125,0.7111607077577896,5.230560302734375,5.230560302734375
resnetse5,device:RealWorld_thigh+MotionSense:5+5,192,0,1,91,RealWorld_thigh,0.6461805555555555,0.6350560086339397,5.230560302734375,5.230560302734375
resnetse5,device:RealWorld_thigh+MotionSense:5+5,192,0,1,91,MotionSense,0.748046875,0.7287930413532792,5.230560302734375,5.230560302734375
resnetse5,device:RealWorld_thigh+MotionSense:5+5,192,0,1,92,RealWorld_thigh,0.6402777777777777,0.628344702364485,5.230560302734375,5.230560302734375
resnetse5,device:RealWorld_thigh+MotionSense:5+5,192,0,1,92,MotionSense,0.74609375,0.7222724397563373,5.230560302734375,5.230560302734375
resnetse5,device:RealWorld_thigh+MotionSense:5+5,192,0,1,93,RealWorld_thigh,0.6517361111111111,0.6470573475193275,5.230560302734375,5.230560302734375
resnetse5,device:RealWorld_thigh+MotionSense:5+5,192,0,1,93,MotionSense,0.7802734375,0.7730399387819028,5.230560302734375,5.230560302734375
resnetse5,device:RealWorld_thigh+MotionSense:5+5,192,0,1,94,RealWorld_thigh,0.6388888888888888,0.630111109013143,5.230560302734375,5.230560302734375
resnetse5,device:RealWorld_thigh+MotionSense:5+5,192,0,1,94,MotionSense,0.7705078125,0.7583443702834888,5.230560302734375,5.230560302734375
resnetse5,device:RealWorld_thigh+MotionSense:5+5,192,0,1,95,RealWorld_thigh,0.6420138888888889,0.6331878525314806,5.230560302734375,5.230560302734375
resnetse5,device:RealWorld_thigh+MotionSense:5+5,192,0,1,95,MotionSense,0.7724609375,0.7608486399966891,5.230560302734375,5.230560302734375
resnetse5,device:RealWorld_thigh+MotionSense:5+5,192,0,1,96,RealWorld_thigh,0.6520833333333333,0.6459264682763278,5.230560302734375,5.230560302734375
resnetse5,device:RealWorld_thigh+MotionSense:5+5,192,0,1,96,MotionSense,0.78125,0.7742137164571486,5.230560302734375,5.230560302734375
resnetse5,device:RealWorld_thigh+MotionSense:5+5,192,0,1,97,RealWorld_thigh,0.6597222222222222,0.6559521689620936,5.230560302734375,5.230560302734375
resnetse5,device:RealWorld_thigh+MotionSense:5+5,192,0,1,97,MotionSense,0.78515625,0.781081301183404,5.230560302734375,5.230560302734375
resnetse5,device:RealWorld_thigh+MotionSense:5+5,192,0,1,98,RealWorld_thigh,0.6579861111111112,0.6553693037050072,5.230560302734375,5.230560302734375
resnetse5,device:RealWorld_thigh+MotionSense:5+5,192,0,1,98,MotionSense,0.7939453125,0.7923589525376583,5.230560302734375,5.230560302734375
resnetse5,device:RealWorld_thigh+MotionSense:5+5,192,0,1,99,RealWorld_thigh,0.6482638888888889,0.6402226968178458,5.230560302734375,5.230560302734375
resnetse5,device:RealWorld_thigh+MotionSense:5+5,192,0,1,99,MotionSense,0.7734375,0.7625009587607189,5.230560302734375,5.230560302734375
resnetse5,device:RealWorld_thigh+MotionSense:5+5,192,0,1,100,RealWorld_thigh,0.6579861111111112,0.6532906793885723,5.230560302734375,5.230560302734375
resnetse5,device:RealWorld_thigh+MotionSense:5+5,192,0,1,100,MotionSense,0.779296875,0.7737629829007114,5.230560302734375,5.230560302734375
resnetse5,device:RealWorld_thigh+MotionSense:5+5,192,1,1,1,RealWorld_thigh,0.1666666666666666,0.0483974126041649,5.230560302734375,5.230560302734375
resnetse5,device:RealWorld_thigh+MotionSense:5+5,192,1,1,1,MotionSense,0.173828125,0.0511625505711845,5.230560302734375,5.230560302734375
resnetse5,device:RealWorld_thigh+MotionSense:5+5,192,1,1,2,RealWorld_thigh,0.1677083333333333,0.0491384556386713,5.230560302734375,5.230560302734375
resnetse5,device:RealWorld_thigh+MotionSense:5+5,192,1,1,2,MotionSense,0.1767578125,0.0566563738997586,5.230560302734375,5.230560302734375
resnetse5,device:RealWorld_thigh+MotionSense:5+5,192,1,1,3,RealWorld_thigh,0.2951388888888889,0.1559523267721015,5.230560302734375,5.230560302734375
resnetse5,device:RealWorld_thigh+MotionSense:5+5,192,1,1,3,MotionSense,0.3427734375,0.1793871257611873,5.230560302734375,5.230560302734375
resnetse5,device:RealWorld_thigh+MotionSense:5+5,192,1,1,4,RealWorld_thigh,0.3041666666666666,0.1603285946439905,5.230560302734375,5.230560302734375
resnetse5,device:RealWorld_thigh+MotionSense:5+5,192,1,1,4,MotionSense,0.345703125,0.1806422083577738,5.230560302734375,5.230560302734375
resnetse5,device:RealWorld_thigh+MotionSense:5+5,192,1,1,5,RealWorld_thigh,0.3038194444444444,0.1599294297962314,5.230560302734375,5.230560302734375
resnetse5,device:RealWorld_thigh+MotionSense:5+5,192,1,1,5,MotionSense,0.345703125,0.1806422083577738,5.230560302734375,5.230560302734375
resnetse5,device:RealWorld_thigh+MotionSense:5+5,192,1,1,6,RealWorld_thigh,0.3052083333333333,0.1605180857820312,5.230560302734375,5.230560302734375
resnetse5,device:RealWorld_thigh+MotionSense:5+5,192,1,1,6,MotionSense,0.345703125,0.1806422083577738,5.230560302734375,5.230560302734375
resnetse5,device:RealWorld_thigh+MotionSense:5+5,192,1,1,7,RealWorld_thigh,0.3052083333333333,0.1603857580041877,5.230560302734375,5.230560302734375
resnetse5,device:RealWorld_thigh+MotionSense:5+5,192,1,1,7,MotionSense,0.345703125,0.1806422083577738,5.230560302734375,5.230560302734375
resnetse5,device:RealWorld_thigh+MotionSense:5+5,192,1,1,8,RealWorld_thigh,0.3048611111111111,0.1606101961319967,5.230560302734375,5.230560302734375
resnetse5,device:RealWorld_thigh+MotionSense:5+5,192,1,1,8,MotionSense,0.34765625,0.1844067162545588,5.230560302734375,5.230560302734375
resnetse5,device:RealWorld_thigh+MotionSense:5+5,192,1,1,9,RealWorld_thigh,0.3152777777777777,0.1825140747114244,5.230560302734375,5.230560302734375
resnetse5,device:RealWorld_thigh+MotionSense:5+5,192,1,1,9,MotionSense,0.35546875,0.1991680855945956,5.230560302734375,5.230560302734375
resnetse5,device:RealWorld_thigh+MotionSense:5+5,192,1,1,10,RealWorld_thigh,0.3482638888888889,0.2337554048809844,5.230560302734375,5.230560302734375
resnetse5,device:RealWorld_thigh+MotionSense:5+5,192,1,1,10,MotionSense,0.3759765625,0.2323658648749365,5.230560302734375,5.230560302734375
resnetse5,device:RealWorld_thigh+MotionSense:5+5,192,1,1,11,RealWorld_thigh,0.3815972222222222,0.2896842405285214,5.230560302734375,5.230560302734375
resnetse5,device:RealWorld_thigh+MotionSense:5+5,192,1,1,11,MotionSense,0.4150390625,0.2887855288469149,5.230560302734375,5.230560302734375
resnetse5,device:RealWorld_thigh+MotionSense:5+5,192,1,1,12,RealWorld_thigh,0.4184027777777778,0.3458396903568122,5.230560302734375,5.230560302734375
resnetse5,device:RealWorld_thigh+MotionSense:5+5,192,1,1,12,MotionSense,0.4853515625,0.3810849107662692,5.230560302734375,5.230560302734375
resnetse5,device:RealWorld_thigh+MotionSense:5+5,192,1,1,13,RealWorld_thigh,0.4364583333333333,0.3687958008531974,5.230560302734375,5.230560302734375
resnetse5,device:RealWorld_thigh+MotionSense:5+5,192,1,1,13,MotionSense,0.517578125,0.4245283904646892,5.230560302734375,5.230560302734375
resnetse5,device:RealWorld_thigh+MotionSense:5+5,192,1,1,14,RealWorld_thigh,0.4548611111111111,0.3863007233284838,5.230560302734375,5.230560302734375
resnetse5,device:RealWorld_thigh+MotionSense:5+5,192,1,1,14,MotionSense,0.544921875,0.4605747173712088,5.230560302734375,5.230560302734375
resnetse5,device:RealWorld_thigh+MotionSense:5+5,192,1,1,15,RealWorld_thigh,0.4809027777777778,0.4141172042741918,5.230560302734375,5.230560302734375
resnetse5,device:RealWorld_thigh+MotionSense:5+5,192,1,1,15,MotionSense,0.5693359375,0.4948667172039466,5.230560302734375,5.230560302734375
resnetse5,device:RealWorld_thigh+MotionSense:5+5,192,1,1,16,RealWorld_thigh,0.5090277777777777,0.4379214118559459,5.230560302734375,5.230560302734375
resnetse5,device:RealWorld_thigh+MotionSense:5+5,192,1,1,16,MotionSense,0.5810546875,0.5113319441255685,5.230560302734375,5.230560302734375
resnetse5,device:RealWorld_thigh+MotionSense:5+5,192,1,1,17,RealWorld_thigh,0.534375,0.4646890924348416,5.230560302734375,5.230560302734375
resnetse5,device:RealWorld_thigh+MotionSense:5+5,192,1,1,17,MotionSense,0.599609375,0.5338171053129327,5.230560302734375,5.230560302734375
resnetse5,device:RealWorld_thigh+MotionSense:5+5,192,1,1,18,RealWorld_thigh,0.534375,0.4617509708339815,5.230560302734375,5.230560302734375
resnetse5,device:RealWorld_thigh+MotionSense:5+5,192,1,1,18,MotionSense,0.5947265625,0.5293922843339575,5.230560302734375,5.230560302734375
resnetse5,device:RealWorld_thigh+MotionSense:5+5,192,1,1,19,RealWorld_thigh,0.5427083333333333,0.4743935514235294,5.230560302734375,5.230560302734375
resnetse5,device:RealWorld_thigh+MotionSense:5+5,192,1,1,19,MotionSense,0.6015625,0.5375257075842701,5.230560302734375,5.230560302734375
resnetse5,device:RealWorld_thigh+MotionSense:5+5,192,1,1,20,RealWorld_thigh,0.55,0.4841734359859235,5.230560302734375,5.230560302734375
resnetse5,device:RealWorld_thigh+MotionSense:5+5,192,1,1,20,MotionSense,0.609375,0.546206663652665,5.230560302734375,5.230560302734375
resnetse5,device:RealWorld_thigh+MotionSense:5+5,192,1,1,21,RealWorld_thigh,0.5503472222222222,0.4860295774531364,5.230560302734375,5.230560302734375
resnetse5,device:RealWorld_thigh+MotionSense:5+5,192,1,1,21,MotionSense,0.6240234375,0.5626071166177139,5.230560302734375,5.230560302734375
resnetse5,device:RealWorld_thigh+MotionSense:5+5,192,1,1,22,RealWorld_thigh,0.5479166666666667,0.4826217412525515,5.230560302734375,5.230560302734375
resnetse5,device:RealWorld_thigh+MotionSense:5+5,192,1,1,22,MotionSense,0.6259765625,0.5651716734126975,5.230560302734375,5.230560302734375
resnetse5,device:RealWorld_thigh+MotionSense:5+5,192,1,1,23,RealWorld_thigh,0.5479166666666667,0.4837776702832154,5.230560302734375,5.230560302734375
resnetse5,device:RealWorld_thigh+MotionSense:5+5,192,1,1,23,MotionSense,0.640625,0.5808336827343475,5.230560302734375,5.230560302734375
resnetse5,device:RealWorld_thigh+MotionSense:5+5,192,1,1,24,RealWorld_thigh,0.5472222222222223,0.4818563768619476,5.230560302734375,5.230560302734375
resnetse5,device:RealWorld_thigh+MotionSense:5+5,192,1,1,24,MotionSense,0.642578125,0.583135041689695,5.230560302734375,5.230560302734375
resnetse5,device:RealWorld_thigh+MotionSense:5+5,192,1,1,25,RealWorld_thigh,0.5472222222222223,0.4831861840502506,5.230560302734375,5.230560302734375
resnetse5,device:RealWorld_thigh+MotionSense:5+5,192,1,1,25,MotionSense,0.6474609375,0.5889831115167882,5.230560302734375,5.230560302734375
resnetse5,device:RealWorld_thigh+MotionSense:5+5,192,1,1,26,RealWorld_thigh,0.5447916666666667,0.4791160026530905,5.230560302734375,5.230560302734375
resnetse5,device:RealWorld_thigh+MotionSense:5+5,192,1,1,26,MotionSense,0.65234375,0.5925795947081403,5.230560302734375,5.230560302734375
resnetse5,device:RealWorld_thigh+MotionSense:5+5,192,1,1,27,RealWorld_thigh,0.5454861111111111,0.4796122002827597,5.230560302734375,5.230560302734375
resnetse5,device:RealWorld_thigh+MotionSense:5+5,192,1,1,27,MotionSense,0.6591796875,0.5988733291174176,5.230560302734375,5.230560302734375
resnetse5,device:RealWorld_thigh+MotionSense:5+5,192,1,1,28,RealWorld_thigh,0.5430555555555555,0.4756706097973209,5.230560302734375,5.230560302734375
resnetse5,device:RealWorld_thigh+MotionSense:5+5,192,1,1,28,MotionSense,0.66015625,0.5992185691966687,5.230560302734375,5.230560302734375
resnetse5,device:RealWorld_thigh+MotionSense:5+5,192,1,1,29,RealWorld_thigh,0.5472222222222223,0.4831419066315569,5.230560302734375,5.230560302734375
resnetse5,device:RealWorld_thigh+MotionSense:5+5,192,1,1,29,MotionSense,0.6748046875,0.6150072410552787,5.230560302734375,5.230560302734375
resnetse5,device:RealWorld_thigh+MotionSense:5+5,192,1,1,30,RealWorld_thigh,0.5479166666666667,0.4853281964602517,5.230560302734375,5.230560302734375
resnetse5,device:RealWorld_thigh+MotionSense:5+5,192,1,1,30,MotionSense,0.6904296875,0.6318872238102408,5.230560302734375,5.230560302734375
resnetse5,device:RealWorld_thigh+MotionSense:5+5,192,1,1,31,RealWorld_thigh,0.5479166666666667,0.4859387997580227,5.230560302734375,5.230560302734375
resnetse5,device:RealWorld_thigh+MotionSense:5+5,192,1,1,31,MotionSense,0.7041015625,0.6454686935256378,5.230560302734375,5.230560302734375
resnetse5,device:RealWorld_thigh+MotionSense:5+5,192,1,1,32,RealWorld_thigh,0.5496527777777778,0.4874443752549974,5.230560302734375,5.230560302734375
resnetse5,device:RealWorld_thigh+MotionSense:5+5,192,1,1,32,MotionSense,0.7080078125,0.6497604569447811,5.230560302734375,5.230560302734375
resnetse5,device:RealWorld_thigh+MotionSense:5+5,192,1,1,33,RealWorld_thigh,0.5517361111111111,0.4897001515920439,5.230560302734375,5.230560302734375
resnetse5,device:RealWorld_thigh+MotionSense:5+5,192,1,1,33,MotionSense,0.7119140625,0.654534769132899,5.230560302734375,5.230560302734375
resnetse5,device:RealWorld_thigh+MotionSense:5+5,192,1,1,34,RealWorld_thigh,0.5503472222222222,0.486074894115045,5.230560302734375,5.230560302734375
resnetse5,device:RealWorld_thigh+MotionSense:5+5,192,1,1,34,MotionSense,0.7109375,0.6527485546243499,5.230560302734375,5.230560302734375
resnetse5,device:RealWorld_thigh+MotionSense:5+5,192,1,1,35,RealWorld_thigh,0.5538194444444444,0.491100903169012,5.230560302734375,5.230560302734375
resnetse5,device:RealWorld_thigh+MotionSense:5+5,192,1,1,35,MotionSense,0.716796875,0.659634005845135,5.230560302734375,5.230560302734375
resnetse5,device:RealWorld_thigh+MotionSense:5+5,192,1,1,36,RealWorld_thigh,0.5576388888888889,0.4962295779094841,5.230560302734375,5.230560302734375
resnetse5,device:RealWorld_thigh+MotionSense:5+5,192,1,1,36,MotionSense,0.724609375,0.6688272652597229,5.230560302734375,5.230560302734375
resnetse5,device:RealWorld_thigh+MotionSense:5+5,192,1,1,37,RealWorld_thigh,0.5572916666666666,0.496058433448295,5.230560302734375,5.230560302734375
resnetse5,device:RealWorld_thigh+MotionSense:5+5,192,1,1,37,MotionSense,0.7255859375,0.669628029130202,5.230560302734375,5.230560302734375
resnetse5,device:RealWorld_thigh+MotionSense:5+5,192,1,1,38,RealWorld_thigh,0.5597222222222222,0.4991901774863607,5.230560302734375,5.230560302734375
resnetse5,device:RealWorld_thigh+MotionSense:5+5,192,1,1,38,MotionSense,0.73046875,0.6754930983110707,5.230560302734375,5.230560302734375
resnetse5,device:RealWorld_thigh+MotionSense:5+5,192,1,1,39,RealWorld_thigh,0.5614583333333333,0.5015645014703293,5.230560302734375,5.230560302734375
resnetse5,device:RealWorld_thigh+MotionSense:5+5,192,1,1,39,MotionSense,0.7353515625,0.6806039510223715,5.230560302734375,5.230560302734375
resnetse5,device:RealWorld_thigh+MotionSense:5+5,192,1,1,40,RealWorld_thigh,0.5642361111111112,0.504998222663264,5.230560302734375,5.230560302734375
resnetse5,device:RealWorld_thigh+MotionSense:5+5,192,1,1,40,MotionSense,0.73828125,0.6838455289587669,5.230560302734375,5.230560302734375
resnetse5,device:RealWorld_thigh+MotionSense:5+5,192,1,1,41,RealWorld_thigh,0.5621527777777777,0.5009973902831967,5.230560302734375,5.230560302734375
resnetse5,device:RealWorld_thigh+MotionSense:5+5,192,1,1,41,MotionSense,0.736328125,0.6814599245088385,5.230560302734375,5.230560302734375
resnetse5,device:RealWorld_thigh+MotionSense:5+5,192,1,1,42,RealWorld_thigh,0.5631944444444444,0.5014125887593973,5.230560302734375,5.230560302734375
resnetse5,device:RealWorld_thigh+MotionSense:5+5,192,1,1,42,MotionSense,0.732421875,0.6769638775592418,5.230560302734375,5.230560302734375
resnetse5,device:RealWorld_thigh+MotionSense:5+5,192,1,1,43,RealWorld_thigh,0.5645833333333333,0.5028010156572886,5.230560302734375,5.230560302734375
resnetse5,device:RealWorld_thigh+MotionSense:5+5,192,1,1,43,MotionSense,0.7333984375,0.6779533279442053,5.230560302734375,5.230560302734375
resnetse5,device:RealWorld_thigh+MotionSense:5+5,192,1,1,44,RealWorld_thigh,0.5670138888888889,0.5063132189071271,5.230560302734375,5.230560302734375
resnetse5,device:RealWorld_thigh+MotionSense:5+5,192,1,1,44,MotionSense,0.73828125,0.6835986991335488,5.230560302734375,5.230560302734375
resnetse5,device:RealWorld_thigh+MotionSense:5+5,192,1,1,45,RealWorld_thigh,0.5732638888888889,0.515228801106983,5.230560302734375,5.230560302734375
resnetse5,device:RealWorld_thigh+MotionSense:5+5,192,1,1,45,MotionSense,0.744140625,0.690379426401376,5.230560302734375,5.230560302734375
resnetse5,device:RealWorld_thigh+MotionSense:5+5,192,1,1,46,RealWorld_thigh,0.5729166666666666,0.5139532602291714,5.230560302734375,5.230560302734375
resnetse5,device:RealWorld_thigh+MotionSense:5+5,192,1,1,46,MotionSense,0.740234375,0.6858662347439654,5.230560302734375,5.230560302734375
resnetse5,device:RealWorld_thigh+MotionSense:5+5,192,1,1,47,RealWorld_thigh,0.5809027777777778,0.5239567669442605,5.230560302734375,5.230560302734375
resnetse5,device:RealWorld_thigh+MotionSense:5+5,192,1,1,47,MotionSense,0.74609375,0.6926132338985056,5.230560302734375,5.230560302734375
resnetse5,device:RealWorld_thigh+MotionSense:5+5,192,1,1,48,RealWorld_thigh,0.5871527777777777,0.5319326881161212,5.230560302734375,5.230560302734375
resnetse5,device:RealWorld_thigh+MotionSense:5+5,192,1,1,48,MotionSense,0.7470703125,0.6936964611492754,5.230560302734375,5.230560302734375
resnetse5,device:RealWorld_thigh+MotionSense:5+5,192,1,1,49,RealWorld_thigh,0.5861111111111111,0.5302397450473112,5.230560302734375,5.230560302734375
resnetse5,device:RealWorld_thigh+MotionSense:5+5,192,1,1,49,MotionSense,0.7490234375,0.6954606538488958,5.230560302734375,5.230560302734375
resnetse5,device:RealWorld_thigh+MotionSense:5+5,192,1,1,50,RealWorld_thigh,0.590625,0.5366293390333569,5.230560302734375,5.230560302734375
resnetse5,device:RealWorld_thigh+MotionSense:5+5,192,1,1,50,MotionSense,0.748046875,0.6946807265753705,5.230560302734375,5.230560302734375
resnetse5,device:RealWorld_thigh+MotionSense:5+5,192,1,1,51,RealWorld_thigh,0.5972222222222222,0.5451317735375284,5.230560302734375,5.230560302734375
resnetse5,device:RealWorld_thigh+MotionSense:5+5,192,1,1,51,MotionSense,0.75,0.6968399074160151,5.230560302734375,5.230560302734375
resnetse5,device:RealWorld_thigh+MotionSense:5+5,192,1,1,52,RealWorld_thigh,0.5975694444444445,0.5455906457666351,5.230560302734375,5.230560302734375
resnetse5,device:RealWorld_thigh+MotionSense:5+5,192,1,1,52,MotionSense,0.7509765625,0.6978884065497549,5.230560302734375,5.230560302734375
resnetse5,device:RealWorld_thigh+MotionSense:5+5,192,1,1,53,RealWorld_thigh,0.603125,0.5524961252901498,5.230560302734375,5.230560302734375
resnetse5,device:RealWorld_thigh+MotionSense:5+5,192,1,1,53,MotionSense,0.751953125,0.698991537261843,5.230560302734375,5.230560302734375
resnetse5,device:RealWorld_thigh+MotionSense:5+5,192,1,1,54,RealWorld_thigh,0.6128472222222222,0.5644382733854464,5.230560302734375,5.230560302734375
resnetse5,device:RealWorld_thigh+MotionSense:5+5,192,1,1,54,MotionSense,0.7548828125,0.7023577041847426,5.230560302734375,5.230560302734375
resnetse5,device:RealWorld_thigh+MotionSense:5+5,192,1,1,55,RealWorld_thigh,0.6222222222222222,0.575723127221215,5.230560302734375,5.230560302734375
resnetse5,device:RealWorld_thigh+MotionSense:5+5,192,1,1,55,MotionSense,0.75390625,0.7014375144530839,5.230560302734375,5.230560302734375
resnetse5,device:RealWorld_thigh+MotionSense:5+5,192,1,1,56,RealWorld_thigh,0.6232638888888888,0.5771211077996335,5.230560302734375,5.230560302734375
resnetse5,device:RealWorld_thigh+MotionSense:5+5,192,1,1,56,MotionSense,0.7548828125,0.7025954291016743,5.230560302734375,5.230560302734375
resnetse5,device:RealWorld_thigh+MotionSense:5+5,192,1,1,57,RealWorld_thigh,0.628125,0.5820188895980763,5.230560302734375,5.230560302734375
resnetse5,device:RealWorld_thigh+MotionSense:5+5,192,1,1,57,MotionSense,0.75390625,0.7015457137266821,5.230560302734375,5.230560302734375
resnetse5,device:RealWorld_thigh+MotionSense:5+5,192,1,1,58,RealWorld_thigh,0.628125,0.5822136919491071,5.230560302734375,5.230560302734375
resnetse5,device:RealWorld_thigh+MotionSense:5+5,192,1,1,58,MotionSense,0.7568359375,0.7046233812810186,5.230560302734375,5.230560302734375
resnetse5,device:RealWorld_thigh+MotionSense:5+5,192,1,1,59,RealWorld_thigh,0.6354166666666666,0.5900929678227639,5.230560302734375,5.230560302734375
resnetse5,device:RealWorld_thigh+MotionSense:5+5,192,1,1,59,MotionSense,0.755859375,0.7035701056729442,5.230560302734375,5.230560302734375
resnetse5,device:RealWorld_thigh+MotionSense:5+5,192,1,1,60,RealWorld_thigh,0.6388888888888888,0.5938344655309336,5.230560302734375,5.230560302734375
resnetse5,device:RealWorld_thigh+MotionSense:5+5,192,1,1,60,MotionSense,0.7568359375,0.7045592378448061,5.230560302734375,5.230560302734375
resnetse5,device:RealWorld_thigh+MotionSense:5+5,192,1,1,61,RealWorld_thigh,0.6375,0.5921504765105271,5.230560302734375,5.230560302734375
resnetse5,device:RealWorld_thigh+MotionSense:5+5,192,1,1,61,MotionSense,0.7587890625,0.706607047240285,5.230560302734375,5.230560302734375
resnetse5,device:RealWorld_thigh+MotionSense:5+5,192,1,1,62,RealWorld_thigh,0.6347222222222222,0.5889220184674406,5.230560302734375,5.230560302734375
resnetse5,device:RealWorld_thigh+MotionSense:5+5,192,1,1,62,MotionSense,0.7587890625,0.7065149624959711,5.230560302734375,5.230560302734375
resnetse5,device:RealWorld_thigh+MotionSense:5+5,192,1,1,63,RealWorld_thigh,0.6402777777777777,0.5948815216495597,5.230560302734375,5.230560302734375
resnetse5,device:RealWorld_thigh+MotionSense:5+5,192,1,1,63,MotionSense,0.7568359375,0.7045591350916794,5.230560302734375,5.230560302734375
resnetse5,device:RealWorld_thigh+MotionSense:5+5,192,1,1,64,RealWorld_thigh,0.6440972222222222,0.5990876487706603,5.230560302734375,5.230560302734375
resnetse5,device:RealWorld_thigh+MotionSense:5+5,192,1,1,64,MotionSense,0.7548828125,0.7025194059264909,5.230560302734375,5.230560302734375
resnetse5,device:RealWorld_thigh+MotionSense:5+5,192,1,1,65,RealWorld_thigh,0.6506944444444445,0.6058628315756148,5.230560302734375,5.230560302734375
resnetse5,device:RealWorld_thigh+MotionSense:5+5,192,1,1,65,MotionSense,0.7568359375,0.7046281993991754,5.230560302734375,5.230560302734375
resnetse5,device:RealWorld_thigh+MotionSense:5+5,192,1,1,66,RealWorld_thigh,0.6430555555555556,0.5973608343925196,5.230560302734375,5.230560302734375
resnetse5,device:RealWorld_thigh+MotionSense:5+5,192,1,1,66,MotionSense,0.7568359375,0.7044450152826957,5.230560302734375,5.230560302734375
resnetse5,device:RealWorld_thigh+MotionSense:5+5,192,1,1,67,RealWorld_thigh,0.6506944444444445,0.6056326999741147,5.230560302734375,5.230560302734375
resnetse5,device:RealWorld_thigh+MotionSense:5+5,192,1,1,67,MotionSense,0.7568359375,0.7045190230794253,5.230560302734375,5.230560302734375
resnetse5,device:RealWorld_thigh+MotionSense:5+5,192,1,1,68,RealWorld_thigh,0.6475694444444444,0.6023823857690883,5.230560302734375,5.230560302734375
resnetse5,device:RealWorld_thigh+MotionSense:5+5,192,1,1,68,MotionSense,0.7578125,0.7055825772582348,5.230560302734375,5.230560302734375
resnetse5,device:RealWorld_thigh+MotionSense:5+5,192,1,1,69,RealWorld_thigh,0.6503472222222222,0.6053617369273022,5.230560302734375,5.230560302734375
resnetse5,device:RealWorld_thigh+MotionSense:5+5,192,1,1,69,MotionSense,0.755859375,0.7034780136385551,5.230560302734375,5.230560302734375
resnetse5,device:RealWorld_thigh+MotionSense:5+5,192,1,1,70,RealWorld_thigh,0.6458333333333334,0.600567932601361,5.230560302734375,5.230560302734375
resnetse5,device:RealWorld_thigh+MotionSense:5+5,192,1,1,70,MotionSense,0.759765625,0.7075551303614116,5.230560302734375,5.230560302734375
resnetse5,device:RealWorld_thigh+MotionSense:5+5,192,1,1,71,RealWorld_thigh,0.6451388888888889,0.5995881353030295,5.230560302734375,5.230560302734375
resnetse5,device:RealWorld_thigh+MotionSense:5+5,192,1,1,71,MotionSense,0.7587890625,0.706500370028397,5.230560302734375,5.230560302734375
resnetse5,device:RealWorld_thigh+MotionSense:5+5,192,1,1,72,RealWorld_thigh,0.6479166666666667,0.6028220867447374,5.230560302734375,5.230560302734375
resnetse5,device:RealWorld_thigh+MotionSense:5+5,192,1,1,72,MotionSense,0.7578125,0.7054585370729537,5.230560302734375,5.230560302734375
resnetse5,device:RealWorld_thigh+MotionSense:5+5,192,1,1,73,RealWorld_thigh,0.6465277777777778,0.6011560362530642,5.230560302734375,5.230560302734375
resnetse5,device:RealWorld_thigh+MotionSense:5+5,192,1,1,73,MotionSense,0.7587890625,0.7066219385826612,5.230560302734375,5.230560302734375
resnetse5,device:RealWorld_thigh+MotionSense:5+5,192,1,1,74,RealWorld_thigh,0.6006944444444444,0.5811691155941054,5.230560302734375,5.230560302734375
resnetse5,device:RealWorld_thigh+MotionSense:5+5,192,1,1,74,MotionSense,0.7578125,0.7054451183383464,5.230560302734375,5.230560302734375
resnetse5,device:RealWorld_thigh+MotionSense:5+5,192,1,1,75,RealWorld_thigh,0.6440972222222222,0.5985327918833038,5.230560302734375,5.230560302734375
resnetse5,device:RealWorld_thigh+MotionSense:5+5,192,1,1,75,MotionSense,0.7529296875,0.7002132582606945,5.230560302734375,5.230560302734375
resnetse5,device:RealWorld_thigh+MotionSense:5+5,192,1,1,76,RealWorld_thigh,0.6326388888888889,0.6295756788029643,5.230560302734375,5.230560302734375
resnetse5,device:RealWorld_thigh+MotionSense:5+5,192,1,1,76,MotionSense,0.7568359375,0.7043813008976597,5.230560302734375,5.230560302734375
resnetse5,device:RealWorld_thigh+MotionSense:5+5,192,1,1,77,RealWorld_thigh,0.6538194444444444,0.608739654353183,5.230560302734375,5.230560302734375
resnetse5,device:RealWorld_thigh+MotionSense:5+5,192,1,1,77,MotionSense,0.7568359375,0.7044075627088935,5.230560302734375,5.230560302734375
resnetse5,device:RealWorld_thigh+MotionSense:5+5,192,1,1,78,RealWorld_thigh,0.6295138888888889,0.6015245451275665,5.230560302734375,5.230560302734375
resnetse5,device:RealWorld_thigh+MotionSense:5+5,192,1,1,78,MotionSense,0.7568359375,0.7045765811361577,5.230560302734375,5.230560302734375
resnetse5,device:RealWorld_thigh+MotionSense:5+5,192,1,1,79,RealWorld_thigh,0.6444444444444445,0.6451634658806412,5.230560302734375,5.230560302734375
resnetse5,device:RealWorld_thigh+MotionSense:5+5,192,1,1,79,MotionSense,0.7548828125,0.702336226576923,5.230560302734375,5.230560302734375
resnetse5,device:RealWorld_thigh+MotionSense:5+5,192,1,1,80,RealWorld_thigh,0.6440972222222222,0.642187667471681,5.230560302734375,5.230560302734375
resnetse5,device:RealWorld_thigh+MotionSense:5+5,192,1,1,80,MotionSense,0.7568359375,0.7045322915401635,5.230560302734375,5.230560302734375
resnetse5,device:RealWorld_thigh+MotionSense:5+5,192,1,1,81,RealWorld_thigh,0.7086805555555555,0.7113307924545826,5.230560302734375,5.230560302734375
resnetse5,device:RealWorld_thigh+MotionSense:5+5,192,1,1,81,MotionSense,0.8134765625,0.8140971709058508,5.230560302734375,5.230560302734375
resnetse5,device:RealWorld_thigh+MotionSense:5+5,192,1,1,82,RealWorld_thigh,0.6736111111111112,0.6598140647562788,5.230560302734375,5.230560302734375
resnetse5,device:RealWorld_thigh+MotionSense:5+5,192,1,1,82,MotionSense,0.7724609375,0.7431706956675793,5.230560302734375,5.230560302734375
resnetse5,device:RealWorld_thigh+MotionSense:5+5,192,1,1,83,RealWorld_thigh,0.7097222222222223,0.7086988443055714,5.230560302734375,5.230560302734375
resnetse5,device:RealWorld_thigh+MotionSense:5+5,192,1,1,83,MotionSense,0.8095703125,0.809264932369882,5.230560302734375,5.230560302734375
resnetse5,device:RealWorld_thigh+MotionSense:5+5,192,1,1,84,RealWorld_thigh,0.6916666666666667,0.697679498201549,5.230560302734375,5.230560302734375
resnetse5,device:RealWorld_thigh+MotionSense:5+5,192,1,1,84,MotionSense,0.8125,0.8105734963037436,5.230560302734375,5.230560302734375
resnetse5,device:RealWorld_thigh+MotionSense:5+5,192,1,1,85,RealWorld_thigh,0.684375,0.6764867956133149,5.230560302734375,5.230560302734375
resnetse5,device:RealWorld_thigh+MotionSense:5+5,192,1,1,85,MotionSense,0.78515625,0.7719887430932856,5.230560302734375,5.230560302734375
resnetse5,device:RealWorld_thigh+MotionSense:5+5,192,1,1,86,RealWorld_thigh,0.6934027777777778,0.6990524289559699,5.230560302734375,5.230560302734375
resnetse5,device:RealWorld_thigh+MotionSense:5+5,192,1,1,86,MotionSense,0.8046875,0.8036776365340185,5.230560302734375,5.230560302734375
resnetse5,device:RealWorld_thigh+MotionSense:5+5,192,1,1,87,RealWorld_thigh,0.7229166666666667,0.7238350187347287,5.230560302734375,5.230560302734375
resnetse5,device:RealWorld_thigh+MotionSense:5+5,192,1,1,87,MotionSense,0.8134765625,0.813480046301858,5.230560302734375,5.230560302734375
resnetse5,device:RealWorld_thigh+MotionSense:5+5,192,1,1,88,RealWorld_thigh,0.6850694444444444,0.6717660192944589,5.230560302734375,5.230560302734375
resnetse5,device:RealWorld_thigh+MotionSense:5+5,192,1,1,88,MotionSense,0.7666015625,0.7393527657411876,5.230560302734375,5.230560302734375
resnetse5,device:RealWorld_thigh+MotionSense:5+5,192,1,1,89,RealWorld_thigh,0.6916666666666667,0.6824636883887903,5.230560302734375,5.230560302734375
resnetse5,device:RealWorld_thigh+MotionSense:5+5,192,1,1,89,MotionSense,0.7802734375,0.7636353090883846,5.230560302734375,5.230560302734375
resnetse5,device:RealWorld_thigh+MotionSense:5+5,192,1,1,90,RealWorld_thigh,0.7170138888888888,0.7219523825656912,5.230560302734375,5.230560302734375
resnetse5,device:RealWorld_thigh+MotionSense:5+5,192,1,1,90,MotionSense,0.8056640625,0.8055884384675167,5.230560302734375,5.230560302734375
resnetse5,device:RealWorld_thigh+MotionSense:5+5,192,1,1,91,RealWorld_thigh,0.6913194444444445,0.6972391155179588,5.230560302734375,5.230560302734375
resnetse5,device:RealWorld_thigh+MotionSense:5+5,192,1,1,91,MotionSense,0.80078125,0.7994501837141437,5.230560302734375,5.230560302734375
resnetse5,device:RealWorld_thigh+MotionSense:5+5,192,1,1,92,RealWorld_thigh,0.7006944444444444,0.6935643480914276,5.230560302734375,5.230560302734375
resnetse5,device:RealWorld_thigh+MotionSense:5+5,192,1,1,92,MotionSense,0.7880859375,0.7755896452533957,5.230560302734375,5.230560302734375
resnetse5,device:RealWorld_thigh+MotionSense:5+5,192,1,1,93,RealWorld_thigh,0.7059027777777778,0.7119488126090738,5.230560302734375,5.230560302734375
resnetse5,device:RealWorld_thigh+MotionSense:5+5,192,1,1,93,MotionSense,0.74609375,0.6951236833844412,5.230560302734375,5.230560302734375
resnetse5,device:RealWorld_thigh+MotionSense:5+5,192,1,1,94,RealWorld_thigh,0.709375,0.7063631201334498,5.230560302734375,5.230560302734375
resnetse5,device:RealWorld_thigh+MotionSense:5+5,192,1,1,94,MotionSense,0.794921875,0.7902236794756617,5.230560302734375,5.230560302734375
resnetse5,device:RealWorld_thigh+MotionSense:5+5,192,1,1,95,RealWorld_thigh,0.7232638888888889,0.7266617251357662,5.230560302734375,5.230560302734375
resnetse5,device:RealWorld_thigh+MotionSense:5+5,192,1,1,95,MotionSense,0.8056640625,0.806024743703209,5.230560302734375,5.230560302734375
resnetse5,device:RealWorld_thigh+MotionSense:5+5,192,1,1,96,RealWorld_thigh,0.7076388888888889,0.7135921587362569,5.230560302734375,5.230560302734375
resnetse5,device:RealWorld_thigh+MotionSense:5+5,192,1,1,96,MotionSense,0.8134765625,0.8104457952011409,5.230560302734375,5.230560302734375
resnetse5,device:RealWorld_thigh+MotionSense:5+5,192,1,1,97,RealWorld_thigh,0.6607638888888889,0.6625866434342854,5.230560302734375,5.230560302734375
resnetse5,device:RealWorld_thigh+MotionSense:5+5,192,1,1,97,MotionSense,0.744140625,0.6911490729897434,5.230560302734375,5.230560302734375
resnetse5,device:RealWorld_thigh+MotionSense:5+5,192,1,1,98,RealWorld_thigh,0.6486111111111111,0.6489458825853068,5.230560302734375,5.230560302734375
resnetse5,device:RealWorld_thigh+MotionSense:5+5,192,1,1,98,MotionSense,0.7412109375,0.6878900816062119,5.230560302734375,5.230560302734375
resnetse5,device:RealWorld_thigh+MotionSense:5+5,192,1,1,99,RealWorld_thigh,0.6506944444444445,0.6520343793510862,5.230560302734375,5.230560302734375
resnetse5,device:RealWorld_thigh+MotionSense:5+5,192,1,1,99,MotionSense,0.7412109375,0.6878900816062119,5.230560302734375,5.230560302734375
resnetse5,device:RealWorld_thigh+MotionSense:5+5,192,1,1,100,RealWorld_thigh,0.6489583333333333,0.6099351940857624,5.230560302734375,5.230560302734375
resnetse5,device:RealWorld_thigh+MotionSense:5+5,192,1,1,100,MotionSense,0.7392578125,0.6851701050832975,5.230560302734375,5.230560302734375
resnetse5,device:RealWorld_thigh+MotionSense:5+5,192,2,1,1,RealWorld_thigh,0.0055555555555555,0.0030909399375352,5.230560302734375,5.230560302734375
resnetse5,device:RealWorld_thigh+MotionSense:5+5,192,2,1,1,MotionSense,0.0,0.0,5.230560302734375,5.230560302734375
resnetse5,device:RealWorld_thigh+MotionSense:5+5,192,2,1,2,RealWorld_thigh,0.0850694444444444,0.039540111408702,5.230560302734375,5.230560302734375
resnetse5,device:RealWorld_thigh+MotionSense:5+5,192,2,1,2,MotionSense,0.03125,0.0392913998070089,5.230560302734375,5.230560302734375
resnetse5,device:RealWorld_thigh+MotionSense:5+5,192,2,1,3,RealWorld_thigh,0.1680555555555555,0.0998618244966963,5.230560302734375,5.230560302734375
resnetse5,device:RealWorld_thigh+MotionSense:5+5,192,2,1,3,MotionSense,0.2724609375,0.1500698717708348,5.230560302734375,5.230560302734375
resnetse5,device:RealWorld_thigh+MotionSense:5+5,192,2,1,4,RealWorld_thigh,0.3135416666666666,0.1832818752877685,5.230560302734375,5.230560302734375
resnetse5,device:RealWorld_thigh+MotionSense:5+5,192,2,1,4,MotionSense,0.3486328125,0.1875488411666817,5.230560302734375,5.230560302734375
resnetse5,device:RealWorld_thigh+MotionSense:5+5,192,2,1,5,RealWorld_thigh,0.3152777777777777,0.1843263702846245,5.230560302734375,5.230560302734375
resnetse5,device:RealWorld_thigh+MotionSense:5+5,192,2,1,5,MotionSense,0.3486328125,0.1878149607916774,5.230560302734375,5.230560302734375
resnetse5,device:RealWorld_thigh+MotionSense:5+5,192,2,1,6,RealWorld_thigh,0.3232638888888889,0.1939989944261613,5.230560302734375,5.230560302734375
resnetse5,device:RealWorld_thigh+MotionSense:5+5,192,2,1,6,MotionSense,0.349609375,0.1910701826392693,5.230560302734375,5.230560302734375
resnetse5,device:RealWorld_thigh+MotionSense:5+5,192,2,1,7,RealWorld_thigh,0.3333333333333333,0.2054796445590209,5.230560302734375,5.230560302734375
resnetse5,device:RealWorld_thigh+MotionSense:5+5,192,2,1,7,MotionSense,0.349609375,0.1937393883168108,5.230560302734375,5.230560302734375
resnetse5,device:RealWorld_thigh+MotionSense:5+5,192,2,1,8,RealWorld_thigh,0.3409722222222222,0.2139078337520575,5.230560302734375,5.230560302734375
resnetse5,device:RealWorld_thigh+MotionSense:5+5,192,2,1,8,MotionSense,0.3505859375,0.1982822473766629,5.230560302734375,5.230560302734375
resnetse5,device:RealWorld_thigh+MotionSense:5+5,192,2,1,9,RealWorld_thigh,0.3586805555555555,0.2410292403967685,5.230560302734375,5.230560302734375
resnetse5,device:RealWorld_thigh+MotionSense:5+5,192,2,1,9,MotionSense,0.3544921875,0.2076890228239682,5.230560302734375,5.230560302734375
resnetse5,device:RealWorld_thigh+MotionSense:5+5,192,2,1,10,RealWorld_thigh,0.3857638888888889,0.2839996542954039,5.230560302734375,5.230560302734375
resnetse5,device:RealWorld_thigh+MotionSense:5+5,192,2,1,10,MotionSense,0.36328125,0.2262275067739891,5.230560302734375,5.230560302734375
resnetse5,device:RealWorld_thigh+MotionSense:5+5,192,2,1,11,RealWorld_thigh,0.4010416666666667,0.3049864156875604,5.230560302734375,5.230560302734375
resnetse5,device:RealWorld_thigh+MotionSense:5+5,192,2,1,11,MotionSense,0.376953125,0.2510654291648742,5.230560302734375,5.230560302734375
resnetse5,device:RealWorld_thigh+MotionSense:5+5,192,2,1,12,RealWorld_thigh,0.4069444444444444,0.3125884487424162,5.230560302734375,5.230560302734375
resnetse5,device:RealWorld_thigh+MotionSense:5+5,192,2,1,12,MotionSense,0.3876953125,0.267729865288471,5.230560302734375,5.230560302734375
resnetse5,device:RealWorld_thigh+MotionSense:5+5,192,2,1,13,RealWorld_thigh,0.4166666666666667,0.3229572302822769,5.230560302734375,5.230560302734375
resnetse5,device:RealWorld_thigh+MotionSense:5+5,192,2,1,13,MotionSense,0.408203125,0.2979121398849738,5.230560302734375,5.230560302734375
resnetse5,device:RealWorld_thigh+MotionSense:5+5,192,2,1,14,RealWorld_thigh,0.4232638888888889,0.3296243105342721,5.230560302734375,5.230560302734375
resnetse5,device:RealWorld_thigh+MotionSense:5+5,192,2,1,14,MotionSense,0.421875,0.3165385188512669,5.230560302734375,5.230560302734375
resnetse5,device:RealWorld_thigh+MotionSense:5+5,192,2,1,15,RealWorld_thigh,0.434375,0.340411138703306,5.230560302734375,5.230560302734375
resnetse5,device:RealWorld_thigh+MotionSense:5+5,192,2,1,15,MotionSense,0.4365234375,0.3342041940447595,5.230560302734375,5.230560302734375
resnetse5,device:RealWorld_thigh+MotionSense:5+5,192,2,1,16,RealWorld_thigh,0.4451388888888888,0.3506403698211535,5.230560302734375,5.230560302734375
resnetse5,device:RealWorld_thigh+MotionSense:5+5,192,2,1,16,MotionSense,0.44921875,0.3479291920541616,5.230560302734375,5.230560302734375
resnetse5,device:RealWorld_thigh+MotionSense:5+5,192,2,1,17,RealWorld_thigh,0.4590277777777777,0.3637653841066142,5.230560302734375,5.230560302734375
resnetse5,device:RealWorld_thigh+MotionSense:5+5,192,2,1,17,MotionSense,0.4599609375,0.3590379245139506,5.230560302734375,5.230560302734375
resnetse5,device:RealWorld_thigh+MotionSense:5+5,192,2,1,18,RealWorld_thigh,0.4663194444444444,0.3708132463093596,5.230560302734375,5.230560302734375
resnetse5,device:RealWorld_thigh+MotionSense:5+5,192,2,1,18,MotionSense,0.4697265625,0.3695534622179837,5.230560302734375,5.230560302734375
resnetse5,device:RealWorld_thigh+MotionSense:5+5,192,2,1,19,RealWorld_thigh,0.4809027777777778,0.3842617241396113,5.230560302734375,5.230560302734375
resnetse5,device:RealWorld_thigh+MotionSense:5+5,192,2,1,19,MotionSense,0.482421875,0.3817691694449408,5.230560302734375,5.230560302734375
resnetse5,device:RealWorld_thigh+MotionSense:5+5,192,2,1,20,RealWorld_thigh,0.4902777777777777,0.3938106937210495,5.230560302734375,5.230560302734375
resnetse5,device:RealWorld_thigh+MotionSense:5+5,192,2,1,20,MotionSense,0.490234375,0.391715952520052,5.230560302734375,5.230560302734375
resnetse5,device:RealWorld_thigh+MotionSense:5+5,192,2,1,21,RealWorld_thigh,0.5059027777777778,0.460844744905139,5.230560302734375,5.230560302734375
resnetse5,device:RealWorld_thigh+MotionSense:5+5,192,2,1,21,MotionSense,0.484375,0.4174511098239463,5.230560302734375,5.230560302734375
resnetse5,device:RealWorld_thigh+MotionSense:5+5,192,2,1,22,RealWorld_thigh,0.4934027777777778,0.4069610887816713,5.230560302734375,5.230560302734375
resnetse5,device:RealWorld_thigh+MotionSense:5+5,192,2,1,22,MotionSense,0.49609375,0.3981134246795117,5.230560302734375,5.230560302734375
resnetse5,device:RealWorld_thigh+MotionSense:5+5,192,2,1,23,RealWorld_thigh,0.4954861111111111,0.4109038771389845,5.230560302734375,5.230560302734375
resnetse5,device:RealWorld_thigh+MotionSense:5+5,192,2,1,23,MotionSense,0.5087890625,0.4094165883159957,5.230560302734375,5.230560302734375
resnetse5,device:RealWorld_thigh+MotionSense:5+5,192,2,1,24,RealWorld_thigh,0.5017361111111112,0.4143192955244479,5.230560302734375,5.230560302734375
resnetse5,device:RealWorld_thigh+MotionSense:5+5,192,2,1,24,MotionSense,0.505859375,0.407690912909692,5.230560302734375,5.230560302734375
resnetse5,device:RealWorld_thigh+MotionSense:5+5,192,2,1,25,RealWorld_thigh,0.5027777777777778,0.4165770123456285,5.230560302734375,5.230560302734375
resnetse5,device:RealWorld_thigh+MotionSense:5+5,192,2,1,25,MotionSense,0.5234375,0.4228053383455141,5.230560302734375,5.230560302734375
resnetse5,device:RealWorld_thigh+MotionSense:5+5,192,2,1,26,RealWorld_thigh,0.503125,0.4165973117158092,5.230560302734375,5.230560302734375
resnetse5,device:RealWorld_thigh+MotionSense:5+5,192,2,1,26,MotionSense,0.537109375,0.434645242928698,5.230560302734375,5.230560302734375
resnetse5,device:RealWorld_thigh+MotionSense:5+5,192,2,1,27,RealWorld_thigh,0.5048611111111111,0.4190485528960734,5.230560302734375,5.230560302734375
resnetse5,device:RealWorld_thigh+MotionSense:5+5,192,2,1,27,MotionSense,0.5419921875,0.4395550302809725,5.230560302734375,5.230560302734375
resnetse5,device:RealWorld_thigh+MotionSense:5+5,192,2,1,28,RealWorld_thigh,0.5052083333333334,0.4195241270089847,5.230560302734375,5.230560302734375
resnetse5,device:RealWorld_thigh+MotionSense:5+5,192,2,1,28,MotionSense,0.5498046875,0.4458333178150073,5.230560302734375,5.230560302734375
resnetse5,device:RealWorld_thigh+MotionSense:5+5,192,2,1,29,RealWorld_thigh,0.5034722222222222,0.4187130529706737,5.230560302734375,5.230560302734375
resnetse5,device:RealWorld_thigh+MotionSense:5+5,192,2,1,29,MotionSense,0.5556640625,0.4506968435291447,5.230560302734375,5.230560302734375
resnetse5,device:RealWorld_thigh+MotionSense:5+5,192,2,1,30,RealWorld_thigh,0.5052083333333334,0.4205004178295548,5.230560302734375,5.230560302734375
resnetse5,device:RealWorld_thigh+MotionSense:5+5,192,2,1,30,MotionSense,0.5654296875,0.4591658598581563,5.230560302734375,5.230560302734375
resnetse5,device:RealWorld_thigh+MotionSense:5+5,192,2,1,31,RealWorld_thigh,0.5048611111111111,0.4199674493396422,5.230560302734375,5.230560302734375
resnetse5,device:RealWorld_thigh+MotionSense:5+5,192,2,1,31,MotionSense,0.576171875,0.4683327761595126,5.230560302734375,5.230560302734375
resnetse5,device:RealWorld_thigh+MotionSense:5+5,192,2,1,32,RealWorld_thigh,0.5052083333333334,0.420756597869697,5.230560302734375,5.230560302734375
resnetse5,device:RealWorld_thigh+MotionSense:5+5,192,2,1,32,MotionSense,0.58203125,0.4744355624841807,5.230560302734375,5.230560302734375
resnetse5,device:RealWorld_thigh+MotionSense:5+5,192,2,1,33,RealWorld_thigh,0.5045138888888889,0.4202835339023703,5.230560302734375,5.230560302734375
resnetse5,device:RealWorld_thigh+MotionSense:5+5,192,2,1,33,MotionSense,0.5888671875,0.482289221247473,5.230560302734375,5.230560302734375
resnetse5,device:RealWorld_thigh+MotionSense:5+5,192,2,1,34,RealWorld_thigh,0.5048611111111111,0.4213753684961746,5.230560302734375,5.230560302734375
resnetse5,device:RealWorld_thigh+MotionSense:5+5,192,2,1,34,MotionSense,0.5947265625,0.4864697695064868,5.230560302734375,5.230560302734375
resnetse5,device:RealWorld_thigh+MotionSense:5+5,192,2,1,35,RealWorld_thigh,0.5027777777777778,0.4200080552161935,5.230560302734375,5.230560302734375
resnetse5,device:RealWorld_thigh+MotionSense:5+5,192,2,1,35,MotionSense,0.5966796875,0.4881733006161157,5.230560302734375,5.230560302734375
resnetse5,device:RealWorld_thigh+MotionSense:5+5,192,2,1,36,RealWorld_thigh,0.5045138888888889,0.422537272454371,5.230560302734375,5.230560302734375
resnetse5,device:RealWorld_thigh+MotionSense:5+5,192,2,1,36,MotionSense,0.6025390625,0.4968473005392067,5.230560302734375,5.230560302734375
resnetse5,device:RealWorld_thigh+MotionSense:5+5,192,2,1,37,RealWorld_thigh,0.5072916666666667,0.4254638696573543,5.230560302734375,5.230560302734375
resnetse5,device:RealWorld_thigh+MotionSense:5+5,192,2,1,37,MotionSense,0.6103515625,0.5077781137417076,5.230560302734375,5.230560302734375
resnetse5,device:RealWorld_thigh+MotionSense:5+5,192,2,1,38,RealWorld_thigh,0.5059027777777778,0.4244877796128846,5.230560302734375,5.230560302734375
resnetse5,device:RealWorld_thigh+MotionSense:5+5,192,2,1,38,MotionSense,0.6162109375,0.5167476402923152,5.230560302734375,5.230560302734375
resnetse5,device:RealWorld_thigh+MotionSense:5+5,192,2,1,39,RealWorld_thigh,0.5052083333333334,0.4243964687059303,5.230560302734375,5.230560302734375
resnetse5,device:RealWorld_thigh+MotionSense:5+5,192,2,1,39,MotionSense,0.6201171875,0.5240705810795852,5.230560302734375,5.230560302734375
resnetse5,device:RealWorld_thigh+MotionSense:5+5,192,2,1,40,RealWorld_thigh,0.5069444444444444,0.4282939007403794,5.230560302734375,5.230560302734375
resnetse5,device:RealWorld_thigh+MotionSense:5+5,192,2,1,40,MotionSense,0.6328125,0.5446311663740392,5.230560302734375,5.230560302734375
resnetse5,device:RealWorld_thigh+MotionSense:5+5,192,2,1,41,RealWorld_thigh,0.5086805555555556,0.4308106961777754,5.230560302734375,5.230560302734375
resnetse5,device:RealWorld_thigh+MotionSense:5+5,192,2,1,41,MotionSense,0.6396484375,0.5512004480978184,5.230560302734375,5.230560302734375
resnetse5,device:RealWorld_thigh+MotionSense:5+5,192,2,1,42,RealWorld_thigh,0.5065972222222223,0.429518804781684,5.230560302734375,5.230560302734375
resnetse5,device:RealWorld_thigh+MotionSense:5+5,192,2,1,42,MotionSense,0.6474609375,0.5646967194128897,5.230560302734375,5.230560302734375
resnetse5,device:RealWorld_thigh+MotionSense:5+5,192,2,1,43,RealWorld_thigh,0.5100694444444445,0.4352480517204107,5.230560302734375,5.230560302734375
resnetse5,device:RealWorld_thigh+MotionSense:5+5,192,2,1,43,MotionSense,0.6640625,0.5913531110942346,5.230560302734375,5.230560302734375
resnetse5,device:RealWorld_thigh+MotionSense:5+5,192,2,1,44,RealWorld_thigh,0.5131944444444444,0.4429146652441047,5.230560302734375,5.230560302734375
resnetse5,device:RealWorld_thigh+MotionSense:5+5,192,2,1,44,MotionSense,0.6767578125,0.6101261430273973,5.230560302734375,5.230560302734375
resnetse5,device:RealWorld_thigh+MotionSense:5+5,192,2,1,45,RealWorld_thigh,0.5149305555555556,0.444878941038423,5.230560302734375,5.230560302734375
resnetse5,device:RealWorld_thigh+MotionSense:5+5,192,2,1,45,MotionSense,0.677734375,0.6114431638578675,5.230560302734375,5.230560302734375
resnetse5,device:RealWorld_thigh+MotionSense:5+5,192,2,1,46,RealWorld_thigh,0.5243055555555556,0.4593289188440758,5.230560302734375,5.230560302734375
resnetse5,device:RealWorld_thigh+MotionSense:5+5,192,2,1,46,MotionSense,0.6962890625,0.6366856192179985,5.230560302734375,5.230560302734375
resnetse5,device:RealWorld_thigh+MotionSense:5+5,192,2,1,47,RealWorld_thigh,0.5288194444444444,0.4651782093132564,5.230560302734375,5.230560302734375
resnetse5,device:RealWorld_thigh+MotionSense:5+5,192,2,1,47,MotionSense,0.701171875,0.6426438525793237,5.230560302734375,5.230560302734375
resnetse5,device:RealWorld_thigh+MotionSense:5+5,192,2,1,48,RealWorld_thigh,0.5336805555555556,0.4732968576507707,5.230560302734375,5.230560302734375
resnetse5,device:RealWorld_thigh+MotionSense:5+5,192,2,1,48,MotionSense,0.7158203125,0.6600852821775334,5.230560302734375,5.230560302734375
resnetse5,device:RealWorld_thigh+MotionSense:5+5,192,2,1,49,RealWorld_thigh,0.546875,0.4911575548268339,5.230560302734375,5.230560302734375
resnetse5,device:RealWorld_thigh+MotionSense:5+5,192,2,1,49,MotionSense,0.716796875,0.6622259940009884,5.230560302734375,5.230560302734375
resnetse5,device:RealWorld_thigh+MotionSense:5+5,192,2,1,50,RealWorld_thigh,0.5461805555555556,0.4911171322366764,5.230560302734375,5.230560302734375
resnetse5,device:RealWorld_thigh+MotionSense:5+5,192,2,1,50,MotionSense,0.71875,0.6645008009382896,5.230560302734375,5.230560302734375
resnetse5,device:RealWorld_thigh+MotionSense:5+5,192,2,1,51,RealWorld_thigh,0.5482638888888889,0.493989828346902,5.230560302734375,5.230560302734375
resnetse5,device:RealWorld_thigh+MotionSense:5+5,192,2,1,51,MotionSense,0.7216796875,0.667902169467247,5.230560302734375,5.230560302734375
resnetse5,device:RealWorld_thigh+MotionSense:5+5,192,2,1,52,RealWorld_thigh,0.5493055555555556,0.49775591877312,5.230560302734375,5.230560302734375
resnetse5,device:RealWorld_thigh+MotionSense:5+5,192,2,1,52,MotionSense,0.724609375,0.6711417069143115,5.230560302734375,5.230560302734375
resnetse5,device:RealWorld_thigh+MotionSense:5+5,192,2,1,53,RealWorld_thigh,0.5534722222222223,0.5038901559246448,5.230560302734375,5.230560302734375
resnetse5,device:RealWorld_thigh+MotionSense:5+5,192,2,1,53,MotionSense,0.7275390625,0.6753440539137711,5.230560302734375,5.230560302734375
resnetse5,device:RealWorld_thigh+MotionSense:5+5,192,2,1,54,RealWorld_thigh,0.5552083333333333,0.5050040696140803,5.230560302734375,5.230560302734375
resnetse5,device:RealWorld_thigh+MotionSense:5+5,192,2,1,54,MotionSense,0.7265625,0.6742373548061537,5.230560302734375,5.230560302734375
resnetse5,device:RealWorld_thigh+MotionSense:5+5,192,2,1,55,RealWorld_thigh,0.5576388888888889,0.5084024502117551,5.230560302734375,5.230560302734375
resnetse5,device:RealWorld_thigh+MotionSense:5+5,192,2,1,55,MotionSense,0.728515625,0.6762188920460703,5.230560302734375,5.230560302734375
resnetse5,device:RealWorld_thigh+MotionSense:5+5,192,2,1,56,RealWorld_thigh,0.5607638888888888,0.5125051804808632,5.230560302734375,5.230560302734375
resnetse5,device:RealWorld_thigh+MotionSense:5+5,192,2,1,56,MotionSense,0.7353515625,0.6839449996969208,5.230560302734375,5.230560302734375
resnetse5,device:RealWorld_thigh+MotionSense:5+5,192,2,1,57,RealWorld_thigh,0.5670138888888889,0.5187936944369959,5.230560302734375,5.230560302734375
resnetse5,device:RealWorld_thigh+MotionSense:5+5,192,2,1,57,MotionSense,0.7333984375,0.6817443389169534,5.230560302734375,5.230560302734375
resnetse5,device:RealWorld_thigh+MotionSense:5+5,192,2,1,58,RealWorld_thigh,0.5743055555555555,0.5273994191153311,5.230560302734375,5.230560302734375
resnetse5,device:RealWorld_thigh+MotionSense:5+5,192,2,1,58,MotionSense,0.73046875,0.679173499972371,5.230560302734375,5.230560302734375
resnetse5,device:RealWorld_thigh+MotionSense:5+5,192,2,1,59,RealWorld_thigh,0.5809027777777778,0.5366349157839355,5.230560302734375,5.230560302734375
resnetse5,device:RealWorld_thigh+MotionSense:5+5,192,2,1,59,MotionSense,0.7333984375,0.6828264651046395,5.230560302734375,5.230560302734375
resnetse5,device:RealWorld_thigh+MotionSense:5+5,192,2,1,60,RealWorld_thigh,0.5819444444444445,0.5384427911304629,5.230560302734375,5.230560302734375
resnetse5,device:RealWorld_thigh+MotionSense:5+5,192,2,1,60,MotionSense,0.7333984375,0.6825532462615924,5.230560302734375,5.230560302734375
resnetse5,device:RealWorld_thigh+MotionSense:5+5,192,2,1,61,RealWorld_thigh,0.5829861111111111,0.5378004921908365,5.230560302734375,5.230560302734375
resnetse5,device:RealWorld_thigh+MotionSense:5+5,192,2,1,61,MotionSense,0.7333984375,0.6825431603089848,5.230560302734375,5.230560302734375
resnetse5,device:RealWorld_thigh+MotionSense:5+5,192,2,1,62,RealWorld_thigh,0.5840277777777778,0.5385197269879,5.230560302734375,5.230560302734375
resnetse5,device:RealWorld_thigh+MotionSense:5+5,192,2,1,62,MotionSense,0.7353515625,0.6846590830662668,5.230560302734375,5.230560302734375
resnetse5,device:RealWorld_thigh+MotionSense:5+5,192,2,1,63,RealWorld_thigh,0.5868055555555556,0.5414532692702354,5.230560302734375,5.230560302734375
resnetse5,device:RealWorld_thigh+MotionSense:5+5,192,2,1,63,MotionSense,0.73828125,0.6870995078214128,5.230560302734375,5.230560302734375
resnetse5,device:RealWorld_thigh+MotionSense:5+5,192,2,1,64,RealWorld_thigh,0.5892361111111111,0.5444821487625761,5.230560302734375,5.230560302734375
resnetse5,device:RealWorld_thigh+MotionSense:5+5,192,2,1,64,MotionSense,0.7392578125,0.6882757924229477,5.230560302734375,5.230560302734375
resnetse5,device:RealWorld_thigh+MotionSense:5+5,192,2,1,65,RealWorld_thigh,0.5888888888888889,0.5433544716890011,5.230560302734375,5.230560302734375
resnetse5,device:RealWorld_thigh+MotionSense:5+5,192,2,1,65,MotionSense,0.740234375,0.6891818605055254,5.230560302734375,5.230560302734375
resnetse5,device:RealWorld_thigh+MotionSense:5+5,192,2,1,66,RealWorld_thigh,0.5875,0.5413275639519747,5.230560302734375,5.230560302734375
resnetse5,device:RealWorld_thigh+MotionSense:5+5,192,2,1,66,MotionSense,0.7353515625,0.6844754725499688,5.230560302734375,5.230560302734375
resnetse5,device:RealWorld_thigh+MotionSense:5+5,192,2,1,67,RealWorld_thigh,0.5989583333333334,0.553788760075134,5.230560302734375,5.230560302734375
resnetse5,device:RealWorld_thigh+MotionSense:5+5,192,2,1,67,MotionSense,0.734375,0.6834485742363489,5.230560302734375,5.230560302734375
resnetse5,device:RealWorld_thigh+MotionSense:5+5,192,2,1,68,RealWorld_thigh,0.5986111111111111,0.554107879023786,5.230560302734375,5.230560302734375
resnetse5,device:RealWorld_thigh+MotionSense:5+5,192,2,1,68,MotionSense,0.7392578125,0.688615022540593,5.230560302734375,5.230560302734375
resnetse5,device:RealWorld_thigh+MotionSense:5+5,192,2,1,69,RealWorld_thigh,0.6045138888888889,0.560031201771715,5.230560302734375,5.230560302734375
resnetse5,device:RealWorld_thigh+MotionSense:5+5,192,2,1,69,MotionSense,0.744140625,0.6941083797350297,5.230560302734375,5.230560302734375
resnetse5,device:RealWorld_thigh+MotionSense:5+5,192,2,1,70,RealWorld_thigh,0.5996527777777778,0.5544964636330229,5.230560302734375,5.230560302734375
resnetse5,device:RealWorld_thigh+MotionSense:5+5,192,2,1,70,MotionSense,0.7412109375,0.6906231843703177,5.230560302734375,5.230560302734375
resnetse5,device:RealWorld_thigh+MotionSense:5+5,192,2,1,71,RealWorld_thigh,0.603125,0.5585338136855228,5.230560302734375,5.230560302734375
resnetse5,device:RealWorld_thigh+MotionSense:5+5,192,2,1,71,MotionSense,0.7470703125,0.6970289769514143,5.230560302734375,5.230560302734375
resnetse5,device:RealWorld_thigh+MotionSense:5+5,192,2,1,72,RealWorld_thigh,0.6072916666666667,0.562930200189833,5.230560302734375,5.230560302734375
resnetse5,device:RealWorld_thigh+MotionSense:5+5,192,2,1,72,MotionSense,0.7470703125,0.6970603111061086,5.230560302734375,5.230560302734375
resnetse5,device:RealWorld_thigh+MotionSense:5+5,192,2,1,73,RealWorld_thigh,0.6104166666666667,0.5655064837616932,5.230560302734375,5.230560302734375
resnetse5,device:RealWorld_thigh+MotionSense:5+5,192,2,1,73,MotionSense,0.7451171875,0.6948191951689164,5.230560302734375,5.230560302734375
resnetse5,device:RealWorld_thigh+MotionSense:5+5,192,2,1,74,RealWorld_thigh,0.6569444444444444,0.6567744638700183,5.230560302734375,5.230560302734375
resnetse5,device:RealWorld_thigh+MotionSense:5+5,192,2,1,74,MotionSense,0.7939453125,0.7866843592554392,5.230560302734375,5.230560302734375
resnetse5,device:RealWorld_thigh+MotionSense:5+5,192,2,1,75,RealWorld_thigh,0.6138888888888889,0.5691248964787009,5.230560302734375,5.230560302734375
resnetse5,device:RealWorld_thigh+MotionSense:5+5,192,2,1,75,MotionSense,0.74609375,0.6958886506465198,5.230560302734375,5.230560302734375
resnetse5,device:RealWorld_thigh+MotionSense:5+5,192,2,1,76,RealWorld_thigh,0.6145833333333334,0.5694340830175195,5.230560302734375,5.230560302734375
resnetse5,device:RealWorld_thigh+MotionSense:5+5,192,2,1,76,MotionSense,0.7470703125,0.6967350535649927,5.230560302734375,5.230560302734375
resnetse5,device:RealWorld_thigh+MotionSense:5+5,192,2,1,77,RealWorld_thigh,0.6434027777777778,0.6487153979704392,5.230560302734375,5.230560302734375
resnetse5,device:RealWorld_thigh+MotionSense:5+5,192,2,1,77,MotionSense,0.80859375,0.8091637065084206,5.230560302734375,5.230560302734375
resnetse5,device:RealWorld_thigh+MotionSense:5+5,192,2,1,78,RealWorld_thigh,0.646875,0.6350807850691521,5.230560302734375,5.230560302734375
resnetse5,device:RealWorld_thigh+MotionSense:5+5,192,2,1,78,MotionSense,0.7646484375,0.7340345624591808,5.230560302734375,5.230560302734375
resnetse5,device:RealWorld_thigh+MotionSense:5+5,192,2,1,79,RealWorld_thigh,0.6659722222222222,0.6622337655034235,5.230560302734375,5.230560302734375
resnetse5,device:RealWorld_thigh+MotionSense:5+5,192,2,1,79,MotionSense,0.7939453125,0.782518231350022,5.230560302734375,5.230560302734375
resnetse5,device:RealWorld_thigh+MotionSense:5+5,192,2,1,80,RealWorld_thigh,0.6204861111111111,0.5752832693981912,5.230560302734375,5.230560302734375
resnetse5,device:RealWorld_thigh+MotionSense:5+5,192,2,1,80,MotionSense,0.744140625,0.6938289350403495,5.230560302734375,5.230560302734375
resnetse5,device:RealWorld_thigh+MotionSense:5+5,192,2,1,81,RealWorld_thigh,0.6239583333333333,0.5791505307124795,5.230560302734375,5.230560302734375
resnetse5,device:RealWorld_thigh+MotionSense:5+5,192,2,1,81,MotionSense,0.74609375,0.6959988863866419,5.230560302734375,5.230560302734375
resnetse5,device:RealWorld_thigh+MotionSense:5+5,192,2,1,82,RealWorld_thigh,0.6274305555555556,0.5828512525951917,5.230560302734375,5.230560302734375
resnetse5,device:RealWorld_thigh+MotionSense:5+5,192,2,1,82,MotionSense,0.7431640625,0.6932006902575477,5.230560302734375,5.230560302734375
resnetse5,device:RealWorld_thigh+MotionSense:5+5,192,2,1,83,RealWorld_thigh,0.66875,0.6665808286930105,5.230560302734375,5.230560302734375
resnetse5,device:RealWorld_thigh+MotionSense:5+5,192,2,1,83,MotionSense,0.7939453125,0.7908050480323546,5.230560302734375,5.230560302734375
resnetse5,device:RealWorld_thigh+MotionSense:5+5,192,2,1,84,RealWorld_thigh,0.6729166666666667,0.6734521191042182,5.230560302734375,5.230560302734375
resnetse5,device:RealWorld_thigh+MotionSense:5+5,192,2,1,84,MotionSense,0.80078125,0.8004622252989885,5.230560302734375,5.230560302734375
resnetse5,device:RealWorld_thigh+MotionSense:5+5,192,2,1,85,RealWorld_thigh,0.6392361111111111,0.6397622578193106,5.230560302734375,5.230560302734375
resnetse5,device:RealWorld_thigh+MotionSense:5+5,192,2,1,85,MotionSense,0.8291015625,0.8287199276775766,5.230560302734375,5.230560302734375
resnetse5,device:RealWorld_thigh+MotionSense:5+5,192,2,1,86,RealWorld_thigh,0.6736111111111112,0.6715310754097094,5.230560302734375,5.230560302734375
resnetse5,device:RealWorld_thigh+MotionSense:5+5,192,2,1,86,MotionSense,0.7998046875,0.7975115162185387,5.230560302734375,5.230560302734375
resnetse5,device:RealWorld_thigh+MotionSense:5+5,192,2,1,87,RealWorld_thigh,0.6784722222222223,0.6791241439711401,5.230560302734375,5.230560302734375
resnetse5,device:RealWorld_thigh+MotionSense:5+5,192,2,1,87,MotionSense,0.8046875,0.8040809507007237,5.230560302734375,5.230560302734375
resnetse5,device:RealWorld_thigh+MotionSense:5+5,192,2,1,88,RealWorld_thigh,0.6743055555555556,0.6780114758431116,5.230560302734375,5.230560302734375
resnetse5,device:RealWorld_thigh+MotionSense:5+5,192,2,1,88,MotionSense,0.8115234375,0.8123283652484856,5.230560302734375,5.230560302734375
resnetse5,device:RealWorld_thigh+MotionSense:5+5,192,2,1,89,RealWorld_thigh,0.6795138888888889,0.678966897860955,5.230560302734375,5.230560302734375
resnetse5,device:RealWorld_thigh+MotionSense:5+5,192,2,1,89,MotionSense,0.798828125,0.7980528808199566,5.230560302734375,5.230560302734375
resnetse5,device:RealWorld_thigh+MotionSense:5+5,192,2,1,90,RealWorld_thigh,0.6802083333333333,0.6769510634853892,5.230560302734375,5.230560302734375
resnetse5,device:RealWorld_thigh+MotionSense:5+5,192,2,1,90,MotionSense,0.796875,0.7913130035040568,5.230560302734375,5.230560302734375
resnetse5,device:RealWorld_thigh+MotionSense:5+5,192,2,1,91,RealWorld_thigh,0.6840277777777778,0.6845147208554986,5.230560302734375,5.230560302734375
resnetse5,device:RealWorld_thigh+MotionSense:5+5,192,2,1,91,MotionSense,0.806640625,0.8066246953118518,5.230560302734375,5.230560302734375
resnetse5,device:RealWorld_thigh+MotionSense:5+5,192,2,1,92,RealWorld_thigh,0.6729166666666667,0.6647749905709107,5.230560302734375,5.230560302734375
resnetse5,device:RealWorld_thigh+MotionSense:5+5,192,2,1,92,MotionSense,0.7822265625,0.7649357520237543,5.230560302734375,5.230560302734375
resnetse5,device:RealWorld_thigh+MotionSense:5+5,192,2,1,93,RealWorld_thigh,0.6704861111111111,0.6599514601828191,5.230560302734375,5.230560302734375
resnetse5,device:RealWorld_thigh+MotionSense:5+5,192,2,1,93,MotionSense,0.7734375,0.747922048310241,5.230560302734375,5.230560302734375
resnetse5,device:RealWorld_thigh+MotionSense:5+5,192,2,1,94,RealWorld_thigh,0.6847222222222222,0.6862059179546592,5.230560302734375,5.230560302734375
resnetse5,device:RealWorld_thigh+MotionSense:5+5,192,2,1,94,MotionSense,0.8076171875,0.8089494106054361,5.230560302734375,5.230560302734375
resnetse5,device:RealWorld_thigh+MotionSense:5+5,192,2,1,95,RealWorld_thigh,0.6902777777777778,0.6889416710803341,5.230560302734375,5.230560302734375
resnetse5,device:RealWorld_thigh+MotionSense:5+5,192,2,1,95,MotionSense,0.794921875,0.7929533798386875,5.230560302734375,5.230560302734375
resnetse5,device:RealWorld_thigh+MotionSense:5+5,192,2,1,96,RealWorld_thigh,0.6892361111111112,0.6905851952648131,5.230560302734375,5.230560302734375
resnetse5,device:RealWorld_thigh+MotionSense:5+5,192,2,1,96,MotionSense,0.8134765625,0.8138838664070546,5.230560302734375,5.230560302734375
resnetse5,device:RealWorld_thigh+MotionSense:5+5,192,2,1,97,RealWorld_thigh,0.6836805555555555,0.6879500846795725,5.230560302734375,5.230560302734375
resnetse5,device:RealWorld_thigh+MotionSense:5+5,192,2,1,97,MotionSense,0.8154296875,0.8154254204248335,5.230560302734375,5.230560302734375
resnetse5,device:RealWorld_thigh+MotionSense:5+5,192,2,1,98,RealWorld_thigh,0.6875,0.6837523282815234,5.230560302734375,5.230560302734375
resnetse5,device:RealWorld_thigh+MotionSense:5+5,192,2,1,98,MotionSense,0.796875,0.7901955219221019,5.230560302734375,5.230560302734375
resnetse5,device:RealWorld_thigh+MotionSense:5+5,192,2,1,99,RealWorld_thigh,0.6659722222222222,0.6599438319420589,5.230560302734375,5.230560302734375
resnetse5,device:RealWorld_thigh+MotionSense:5+5,192,2,1,99,MotionSense,0.8232421875,0.8182057618427002,5.230560302734375,5.230560302734375
resnetse5,device:RealWorld_thigh+MotionSense:5+5,192,2,1,100,RealWorld_thigh,0.6631944444444444,0.6657743826007442,5.230560302734375,5.230560302734375
resnetse5,device:RealWorld_thigh+MotionSense:5+5,192,2,1,100,MotionSense,0.818359375,0.8163702247266224,5.230560302734375,5.230560302734375
resnetse5,device:RealWorld_thigh+MotionSense:5+5,192,3,1,1,RealWorld_thigh,0.16875,0.0915779155698977,5.230560302734375,5.230560302734375
resnetse5,device:RealWorld_thigh+MotionSense:5+5,192,3,1,1,MotionSense,0.2314453125,0.1235219124869517,5.230560302734375,5.230560302734375
resnetse5,device:RealWorld_thigh+MotionSense:5+5,192,3,1,2,RealWorld_thigh,0.1465277777777777,0.0722714418828582,5.230560302734375,5.230560302734375
resnetse5,device:RealWorld_thigh+MotionSense:5+5,192,3,1,2,MotionSense,0.1904296875,0.0881312954338394,5.230560302734375,5.230560302734375
resnetse5,device:RealWorld_thigh+MotionSense:5+5,192,3,1,3,RealWorld_thigh,0.1420138888888888,0.0656659819532214,5.230560302734375,5.230560302734375
resnetse5,device:RealWorld_thigh+MotionSense:5+5,192,3,1,3,MotionSense,0.1806640625,0.0788735148315563,5.230560302734375,5.230560302734375
resnetse5,device:RealWorld_thigh+MotionSense:5+5,192,3,1,4,RealWorld_thigh,0.1416666666666666,0.0651220731805844,5.230560302734375,5.230560302734375
resnetse5,device:RealWorld_thigh+MotionSense:5+5,192,3,1,4,MotionSense,0.1787109375,0.0772102076124567,5.230560302734375,5.230560302734375
resnetse5,device:RealWorld_thigh+MotionSense:5+5,192,3,1,5,RealWorld_thigh,0.1458333333333333,0.072701870266417,5.230560302734375,5.230560302734375
resnetse5,device:RealWorld_thigh+MotionSense:5+5,192,3,1,5,MotionSense,0.1806640625,0.0814255520329273,5.230560302734375,5.230560302734375
resnetse5,device:RealWorld_thigh+MotionSense:5+5,192,3,1,6,RealWorld_thigh,0.153125,0.0841028121976952,5.230560302734375,5.230560302734375
resnetse5,device:RealWorld_thigh+MotionSense:5+5,192,3,1,6,MotionSense,0.1962890625,0.1072511482916353,5.230560302734375,5.230560302734375
resnetse5,device:RealWorld_thigh+MotionSense:5+5,192,3,1,7,RealWorld_thigh,0.3118055555555555,0.194254870464263,5.230560302734375,5.230560302734375
resnetse5,device:RealWorld_thigh+MotionSense:5+5,192,3,1,7,MotionSense,0.3955078125,0.2519935661642412,5.230560302734375,5.230560302734375
resnetse5,device:RealWorld_thigh+MotionSense:5+5,192,3,1,8,RealWorld_thigh,0.2802083333333333,0.1849790954073822,5.230560302734375,5.230560302734375
resnetse5,device:RealWorld_thigh+MotionSense:5+5,192,3,1,8,MotionSense,0.38671875,0.2552987703954145,5.230560302734375,5.230560302734375
resnetse5,device:RealWorld_thigh+MotionSense:5+5,192,3,1,9,RealWorld_thigh,0.3489583333333333,0.2759896691093867,5.230560302734375,5.230560302734375
resnetse5,device:RealWorld_thigh+MotionSense:5+5,192,3,1,9,MotionSense,0.431640625,0.285344104701849,5.230560302734375,5.230560302734375
resnetse5,device:RealWorld_thigh+MotionSense:5+5,192,3,1,10,RealWorld_thigh,0.3,0.2106210118447034,5.230560302734375,5.230560302734375
resnetse5,device:RealWorld_thigh+MotionSense:5+5,192,3,1,10,MotionSense,0.453125,0.3259371901031182,5.230560302734375,5.230560302734375
resnetse5,device:RealWorld_thigh+MotionSense:5+5,192,3,1,11,RealWorld_thigh,0.3270833333333333,0.2468561968898897,5.230560302734375,5.230560302734375
resnetse5,device:RealWorld_thigh+MotionSense:5+5,192,3,1,11,MotionSense,0.3896484375,0.2881013194322873,5.230560302734375,5.230560302734375
resnetse5,device:RealWorld_thigh+MotionSense:5+5,192,3,1,12,RealWorld_thigh,0.4006944444444444,0.3065575138564723,5.230560302734375,5.230560302734375
resnetse5,device:RealWorld_thigh+MotionSense:5+5,192,3,1,12,MotionSense,0.447265625,0.300552432847656,5.230560302734375,5.230560302734375
resnetse5,device:RealWorld_thigh+MotionSense:5+5,192,3,1,13,RealWorld_thigh,0.4472222222222222,0.3573760473861351,5.230560302734375,5.230560302734375
resnetse5,device:RealWorld_thigh+MotionSense:5+5,192,3,1,13,MotionSense,0.4658203125,0.31355123722632,5.230560302734375,5.230560302734375
resnetse5,device:RealWorld_thigh+MotionSense:5+5,192,3,1,14,RealWorld_thigh,0.4784722222222222,0.3883302987966723,5.230560302734375,5.230560302734375
resnetse5,device:RealWorld_thigh+MotionSense:5+5,192,3,1,14,MotionSense,0.4736328125,0.3276702145516235,5.230560302734375,5.230560302734375
resnetse5,device:RealWorld_thigh+MotionSense:5+5,192,3,1,15,RealWorld_thigh,0.49375,0.3994266520836576,5.230560302734375,5.230560302734375
resnetse5,device:RealWorld_thigh+MotionSense:5+5,192,3,1,15,MotionSense,0.474609375,0.338833944277099,5.230560302734375,5.230560302734375
resnetse5,device:RealWorld_thigh+MotionSense:5+5,192,3,1,16,RealWorld_thigh,0.503125,0.4051237820710184,5.230560302734375,5.230560302734375
resnetse5,device:RealWorld_thigh+MotionSense:5+5,192,3,1,16,MotionSense,0.46484375,0.3418816186672482,5.230560302734375,5.230560302734375
resnetse5,device:RealWorld_thigh+MotionSense:5+5,192,3,1,17,RealWorld_thigh,0.5052083333333334,0.4116857068094355,5.230560302734375,5.230560302734375
resnetse5,device:RealWorld_thigh+MotionSense:5+5,192,3,1,17,MotionSense,0.4638671875,0.3474892530078941,5.230560302734375,5.230560302734375
resnetse5,device:RealWorld_thigh+MotionSense:5+5,192,3,1,18,RealWorld_thigh,0.503125,0.4120786656101103,5.230560302734375,5.230560302734375
resnetse5,device:RealWorld_thigh+MotionSense:5+5,192,3,1,18,MotionSense,0.4619140625,0.3536893629022191,5.230560302734375,5.230560302734375
resnetse5,device:RealWorld_thigh+MotionSense:5+5,192,3,1,19,RealWorld_thigh,0.5013888888888889,0.4121554113880122,5.230560302734375,5.230560302734375
resnetse5,device:RealWorld_thigh+MotionSense:5+5,192,3,1,19,MotionSense,0.462890625,0.3604087406943286,5.230560302734375,5.230560302734375
resnetse5,device:RealWorld_thigh+MotionSense:5+5,192,3,1,20,RealWorld_thigh,0.503125,0.4163731396350169,5.230560302734375,5.230560302734375
resnetse5,device:RealWorld_thigh+MotionSense:5+5,192,3,1,20,MotionSense,0.4521484375,0.3493045825655685,5.230560302734375,5.230560302734375
resnetse5,device:RealWorld_thigh+MotionSense:5+5,192,3,1,21,RealWorld_thigh,0.5027777777777778,0.4179672804342479,5.230560302734375,5.230560302734375
resnetse5,device:RealWorld_thigh+MotionSense:5+5,192,3,1,21,MotionSense,0.4541015625,0.3489734291909552,5.230560302734375,5.230560302734375
resnetse5,device:RealWorld_thigh+MotionSense:5+5,192,3,1,22,RealWorld_thigh,0.5041666666666667,0.4207695234995444,5.230560302734375,5.230560302734375
resnetse5,device:RealWorld_thigh+MotionSense:5+5,192,3,1,22,MotionSense,0.453125,0.3487119125152924,5.230560302734375,5.230560302734375
resnetse5,device:RealWorld_thigh+MotionSense:5+5,192,3,1,23,RealWorld_thigh,0.5059027777777778,0.4247344979879945,5.230560302734375,5.230560302734375
resnetse5,device:RealWorld_thigh+MotionSense:5+5,192,3,1,23,MotionSense,0.45703125,0.353036807543019,5.230560302734375,5.230560302734375
resnetse5,device:RealWorld_thigh+MotionSense:5+5,192,3,1,24,RealWorld_thigh,0.5065972222222223,0.4255722928021357,5.230560302734375,5.230560302734375
resnetse5,device:RealWorld_thigh+MotionSense:5+5,192,3,1,24,MotionSense,0.462890625,0.3590888645979341,5.230560302734375,5.230560302734375
resnetse5,device:RealWorld_thigh+MotionSense:5+5,192,3,1,25,RealWorld_thigh,0.5125,0.4345543802608285,5.230560302734375,5.230560302734375
resnetse5,device:RealWorld_thigh+MotionSense:5+5,192,3,1,25,MotionSense,0.4697265625,0.3695891388127614,5.230560302734375,5.230560302734375
resnetse5,device:RealWorld_thigh+MotionSense:5+5,192,3,1,26,RealWorld_thigh,0.51875,0.4433163369120998,5.230560302734375,5.230560302734375
resnetse5,device:RealWorld_thigh+MotionSense:5+5,192,3,1,26,MotionSense,0.4775390625,0.3819736819319137,5.230560302734375,5.230560302734375
resnetse5,device:RealWorld_thigh+MotionSense:5+5,192,3,1,27,RealWorld_thigh,0.5194444444444445,0.4437209819973016,5.230560302734375,5.230560302734375
resnetse5,device:RealWorld_thigh+MotionSense:5+5,192,3,1,27,MotionSense,0.4853515625,0.3934421904298074,5.230560302734375,5.230560302734375
resnetse5,device:RealWorld_thigh+MotionSense:5+5,192,3,1,28,RealWorld_thigh,0.5253472222222222,0.4533124723917634,5.230560302734375,5.230560302734375
resnetse5,device:RealWorld_thigh+MotionSense:5+5,192,3,1,28,MotionSense,0.494140625,0.4057656315095727,5.230560302734375,5.230560302734375
resnetse5,device:RealWorld_thigh+MotionSense:5+5,192,3,1,29,RealWorld_thigh,0.5277777777777778,0.4579846429245108,5.230560302734375,5.230560302734375
resnetse5,device:RealWorld_thigh+MotionSense:5+5,192,3,1,29,MotionSense,0.501953125,0.4169957943223576,5.230560302734375,5.230560302734375
resnetse5,device:RealWorld_thigh+MotionSense:5+5,192,3,1,30,RealWorld_thigh,0.5399305555555556,0.4768740827431268,5.230560302734375,5.230560302734375
resnetse5,device:RealWorld_thigh+MotionSense:5+5,192,3,1,30,MotionSense,0.5146484375,0.4358943070586332,5.230560302734375,5.230560302734375
resnetse5,device:RealWorld_thigh+MotionSense:5+5,192,3,1,31,RealWorld_thigh,0.5371527777777778,0.4747757613858825,5.230560302734375,5.230560302734375
resnetse5,device:RealWorld_thigh+MotionSense:5+5,192,3,1,31,MotionSense,0.525390625,0.4491131867301827,5.230560302734375,5.230560302734375
resnetse5,device:RealWorld_thigh+MotionSense:5+5,192,3,1,32,RealWorld_thigh,0.5388888888888889,0.4783143420993736,5.230560302734375,5.230560302734375
resnetse5,device:RealWorld_thigh+MotionSense:5+5,192,3,1,32,MotionSense,0.5390625,0.4648751318513349,5.230560302734375,5.230560302734375
resnetse5,device:RealWorld_thigh+MotionSense:5+5,192,3,1,33,RealWorld_thigh,0.5447916666666667,0.4879946984486158,5.230560302734375,5.230560302734375
resnetse5,device:RealWorld_thigh+MotionSense:5+5,192,3,1,33,MotionSense,0.546875,0.4786629819202233,5.230560302734375,5.230560302734375
resnetse5,device:RealWorld_thigh+MotionSense:5+5,192,3,1,34,RealWorld_thigh,0.5479166666666667,0.4906780592467563,5.230560302734375,5.230560302734375
resnetse5,device:RealWorld_thigh+MotionSense:5+5,192,3,1,34,MotionSense,0.556640625,0.488181678388007,5.230560302734375,5.230560302734375
resnetse5,device:RealWorld_thigh+MotionSense:5+5,192,3,1,35,RealWorld_thigh,0.5555555555555556,0.5011307126145564,5.230560302734375,5.230560302734375
resnetse5,device:RealWorld_thigh+MotionSense:5+5,192,3,1,35,MotionSense,0.578125,0.5131365100693285,5.230560302734375,5.230560302734375
resnetse5,device:RealWorld_thigh+MotionSense:5+5,192,3,1,36,RealWorld_thigh,0.5576388888888889,0.5059685446345856,5.230560302734375,5.230560302734375
resnetse5,device:RealWorld_thigh+MotionSense:5+5,192,3,1,36,MotionSense,0.59375,0.5318090425517411,5.230560302734375,5.230560302734375
resnetse5,device:RealWorld_thigh+MotionSense:5+5,192,3,1,37,RealWorld_thigh,0.55625,0.5051776428165758,5.230560302734375,5.230560302734375
resnetse5,device:RealWorld_thigh+MotionSense:5+5,192,3,1,37,MotionSense,0.6025390625,0.5444469443926314,5.230560302734375,5.230560302734375
resnetse5,device:RealWorld_thigh+MotionSense:5+5,192,3,1,38,RealWorld_thigh,0.5597222222222222,0.5090041580741943,5.230560302734375,5.230560302734375
resnetse5,device:RealWorld_thigh+MotionSense:5+5,192,3,1,38,MotionSense,0.6083984375,0.5485751180689669,5.230560302734375,5.230560302734375
resnetse5,device:RealWorld_thigh+MotionSense:5+5,192,3,1,39,RealWorld_thigh,0.5645833333333333,0.5154153631697769,5.230560302734375,5.230560302734375
resnetse5,device:RealWorld_thigh+MotionSense:5+5,192,3,1,39,MotionSense,0.6162109375,0.5579163515805662,5.230560302734375,5.230560302734375
resnetse5,device:RealWorld_thigh+MotionSense:5+5,192,3,1,40,RealWorld_thigh,0.5697916666666667,0.5217305060924197,5.230560302734375,5.230560302734375
resnetse5,device:RealWorld_thigh+MotionSense:5+5,192,3,1,40,MotionSense,0.626953125,0.5692083203464938,5.230560302734375,5.230560302734375
resnetse5,device:RealWorld_thigh+MotionSense:5+5,192,3,1,41,RealWorld_thigh,0.5659722222222222,0.5179048109076466,5.230560302734375,5.230560302734375
resnetse5,device:RealWorld_thigh+MotionSense:5+5,192,3,1,41,MotionSense,0.638671875,0.5813154168835907,5.230560302734375,5.230560302734375
resnetse5,device:RealWorld_thigh+MotionSense:5+5,192,3,1,42,RealWorld_thigh,0.5690972222222223,0.5262455627275812,5.230560302734375,5.230560302734375
resnetse5,device:RealWorld_thigh+MotionSense:5+5,192,3,1,42,MotionSense,0.6484375,0.5943749012039347,5.230560302734375,5.230560302734375
resnetse5,device:RealWorld_thigh+MotionSense:5+5,192,3,1,43,RealWorld_thigh,0.5722222222222222,0.5288040126491927,5.230560302734375,5.230560302734375
resnetse5,device:RealWorld_thigh+MotionSense:5+5,192,3,1,43,MotionSense,0.658203125,0.6048484381122655,5.230560302734375,5.230560302734375
resnetse5,device:RealWorld_thigh+MotionSense:5+5,192,3,1,44,RealWorld_thigh,0.5725694444444445,0.528815923247546,5.230560302734375,5.230560302734375
resnetse5,device:RealWorld_thigh+MotionSense:5+5,192,3,1,44,MotionSense,0.6669921875,0.6141520180364872,5.230560302734375,5.230560302734375
resnetse5,device:RealWorld_thigh+MotionSense:5+5,192,3,1,45,RealWorld_thigh,0.5732638888888889,0.5289623987340069,5.230560302734375,5.230560302734375
resnetse5,device:RealWorld_thigh+MotionSense:5+5,192,3,1,45,MotionSense,0.6708984375,0.6180421289721678,5.230560302734375,5.230560302734375
resnetse5,device:RealWorld_thigh+MotionSense:5+5,192,3,1,46,RealWorld_thigh,0.5774305555555556,0.533412035836542,5.230560302734375,5.230560302734375
resnetse5,device:RealWorld_thigh+MotionSense:5+5,192,3,1,46,MotionSense,0.68359375,0.632204735559596,5.230560302734375,5.230560302734375
resnetse5,device:RealWorld_thigh+MotionSense:5+5,192,3,1,47,RealWorld_thigh,0.5805555555555556,0.5365316708128317,5.230560302734375,5.230560302734375
resnetse5,device:RealWorld_thigh+MotionSense:5+5,192,3,1,47,MotionSense,0.6884765625,0.63541130493994,5.230560302734375,5.230560302734375
resnetse5,device:RealWorld_thigh+MotionSense:5+5,192,3,1,48,RealWorld_thigh,0.5795138888888889,0.5349652738470305,5.230560302734375,5.230560302734375
resnetse5,device:RealWorld_thigh+MotionSense:5+5,192,3,1,48,MotionSense,0.69921875,0.6463846871251915,5.230560302734375,5.230560302734375
resnetse5,device:RealWorld_thigh+MotionSense:5+5,192,3,1,49,RealWorld_thigh,0.5822916666666667,0.5391664885609019,5.230560302734375,5.230560302734375
resnetse5,device:RealWorld_thigh+MotionSense:5+5,192,3,1,49,MotionSense,0.7001953125,0.6481028677235071,5.230560302734375,5.230560302734375
resnetse5,device:RealWorld_thigh+MotionSense:5+5,192,3,1,50,RealWorld_thigh,0.5815972222222222,0.5387816287396264,5.230560302734375,5.230560302734375
resnetse5,device:RealWorld_thigh+MotionSense:5+5,192,3,1,50,MotionSense,0.70703125,0.655938728285364,5.230560302734375,5.230560302734375
resnetse5,device:RealWorld_thigh+MotionSense:5+5,192,3,1,51,RealWorld_thigh,0.5868055555555556,0.5447673275353085,5.230560302734375,5.230560302734375
resnetse5,device:RealWorld_thigh+MotionSense:5+5,192,3,1,51,MotionSense,0.7041015625,0.6540323749591862,5.230560302734375,5.230560302734375
resnetse5,device:RealWorld_thigh+MotionSense:5+5,192,3,1,52,RealWorld_thigh,0.5878472222222222,0.5458323085937583,5.230560302734375,5.230560302734375
resnetse5,device:RealWorld_thigh+MotionSense:5+5,192,3,1,52,MotionSense,0.7080078125,0.657478528420106,5.230560302734375,5.230560302734375
resnetse5,device:RealWorld_thigh+MotionSense:5+5,192,3,1,53,RealWorld_thigh,0.5934027777777777,0.5536909423573974,5.230560302734375,5.230560302734375
resnetse5,device:RealWorld_thigh+MotionSense:5+5,192,3,1,53,MotionSense,0.7119140625,0.6631678148014192,5.230560302734375,5.230560302734375
resnetse5,device:RealWorld_thigh+MotionSense:5+5,192,3,1,54,RealWorld_thigh,0.5944444444444444,0.5546128314162485,5.230560302734375,5.230560302734375
resnetse5,device:RealWorld_thigh+MotionSense:5+5,192,3,1,54,MotionSense,0.7158203125,0.6673519925277246,5.230560302734375,5.230560302734375
resnetse5,device:RealWorld_thigh+MotionSense:5+5,192,3,1,55,RealWorld_thigh,0.6128472222222222,0.57702000047331,5.230560302734375,5.230560302734375
resnetse5,device:RealWorld_thigh+MotionSense:5+5,192,3,1,55,MotionSense,0.7099609375,0.660012383759279,5.230560302734375,5.230560302734375
resnetse5,device:RealWorld_thigh+MotionSense:5+5,192,3,1,56,RealWorld_thigh,0.6159722222222223,0.5846754412065822,5.230560302734375,5.230560302734375
resnetse5,device:RealWorld_thigh+MotionSense:5+5,192,3,1,56,MotionSense,0.716796875,0.6686828733166549,5.230560302734375,5.230560302734375
resnetse5,device:RealWorld_thigh+MotionSense:5+5,192,3,1,57,RealWorld_thigh,0.6107638888888889,0.5690814943052986,5.230560302734375,5.230560302734375
resnetse5,device:RealWorld_thigh+MotionSense:5+5,192,3,1,57,MotionSense,0.7119140625,0.6609621560220719,5.230560302734375,5.230560302734375
resnetse5,device:RealWorld_thigh+MotionSense:5+5,192,3,1,58,RealWorld_thigh,0.6121527777777778,0.5705246528788077,5.230560302734375,5.230560302734375
resnetse5,device:RealWorld_thigh+MotionSense:5+5,192,3,1,58,MotionSense,0.7138671875,0.664158209669544,5.230560302734375,5.230560302734375
resnetse5,device:RealWorld_thigh+MotionSense:5+5,192,3,1,59,RealWorld_thigh,0.6145833333333334,0.5722377035547669,5.230560302734375,5.230560302734375
resnetse5,device:RealWorld_thigh+MotionSense:5+5,192,3,1,59,MotionSense,0.7197265625,0.6701507860548293,5.230560302734375,5.230560302734375
resnetse5,device:RealWorld_thigh+MotionSense:5+5,192,3,1,60,RealWorld_thigh,0.6229166666666667,0.5808376490978425,5.230560302734375,5.230560302734375
resnetse5,device:RealWorld_thigh+MotionSense:5+5,192,3,1,60,MotionSense,0.71484375,0.6639208073363553,5.230560302734375,5.230560302734375
resnetse5,device:RealWorld_thigh+MotionSense:5+5,192,3,1,61,RealWorld_thigh,0.6288194444444445,0.5875025367336698,5.230560302734375,5.230560302734375
resnetse5,device:RealWorld_thigh+MotionSense:5+5,192,3,1,61,MotionSense,0.712890625,0.6638532181343505,5.230560302734375,5.230560302734375
resnetse5,device:RealWorld_thigh+MotionSense:5+5,192,3,1,62,RealWorld_thigh,0.6291666666666667,0.5873628784777888,5.230560302734375,5.230560302734375
resnetse5,device:RealWorld_thigh+MotionSense:5+5,192,3,1,62,MotionSense,0.7197265625,0.6693023476395044,5.230560302734375,5.230560302734375
resnetse5,device:RealWorld_thigh+MotionSense:5+5,192,3,1,63,RealWorld_thigh,0.6371527777777778,0.5956802761617292,5.230560302734375,5.230560302734375
resnetse5,device:RealWorld_thigh+MotionSense:5+5,192,3,1,63,MotionSense,0.7119140625,0.6626893349013766,5.230560302734375,5.230560302734375
resnetse5,device:RealWorld_thigh+MotionSense:5+5,192,3,1,64,RealWorld_thigh,0.634375,0.5926376300807998,5.230560302734375,5.230560302734375
resnetse5,device:RealWorld_thigh+MotionSense:5+5,192,3,1,64,MotionSense,0.716796875,0.6664728193255174,5.230560302734375,5.230560302734375
resnetse5,device:RealWorld_thigh+MotionSense:5+5,192,3,1,65,RealWorld_thigh,0.6388888888888888,0.5967510939781815,5.230560302734375,5.230560302734375
resnetse5,device:RealWorld_thigh+MotionSense:5+5,192,3,1,65,MotionSense,0.712890625,0.6627438326703929,5.230560302734375,5.230560302734375
resnetse5,device:RealWorld_thigh+MotionSense:5+5,192,3,1,66,RealWorld_thigh,0.6381944444444444,0.5954939030201524,5.230560302734375,5.230560302734375
resnetse5,device:RealWorld_thigh+MotionSense:5+5,192,3,1,66,MotionSense,0.7177734375,0.6673803355654222,5.230560302734375,5.230560302734375
resnetse5,device:RealWorld_thigh+MotionSense:5+5,192,3,1,67,RealWorld_thigh,0.6430555555555556,0.6010617726585271,5.230560302734375,5.230560302734375
resnetse5,device:RealWorld_thigh+MotionSense:5+5,192,3,1,67,MotionSense,0.712890625,0.6629278581586553,5.230560302734375,5.230560302734375
resnetse5,device:RealWorld_thigh+MotionSense:5+5,192,3,1,68,RealWorld_thigh,0.6472222222222223,0.6041094224487157,5.230560302734375,5.230560302734375
resnetse5,device:RealWorld_thigh+MotionSense:5+5,192,3,1,68,MotionSense,0.71484375,0.6647542532413954,5.230560302734375,5.230560302734375
resnetse5,device:RealWorld_thigh+MotionSense:5+5,192,3,1,69,RealWorld_thigh,0.6472222222222223,0.6038358386710345,5.230560302734375,5.230560302734375
resnetse5,device:RealWorld_thigh+MotionSense:5+5,192,3,1,69,MotionSense,0.7177734375,0.667581860200527,5.230560302734375,5.230560302734375
resnetse5,device:RealWorld_thigh+MotionSense:5+5,192,3,1,70,RealWorld_thigh,0.6430555555555556,0.5994242211209381,5.230560302734375,5.230560302734375
resnetse5,device:RealWorld_thigh+MotionSense:5+5,192,3,1,70,MotionSense,0.71875,0.6682861132239551,5.230560302734375,5.230560302734375
resnetse5,device:RealWorld_thigh+MotionSense:5+5,192,3,1,71,RealWorld_thigh,0.6482638888888889,0.6045340276766166,5.230560302734375,5.230560302734375
resnetse5,device:RealWorld_thigh+MotionSense:5+5,192,3,1,71,MotionSense,0.7177734375,0.6673803355654222,5.230560302734375,5.230560302734375
resnetse5,device:RealWorld_thigh+MotionSense:5+5,192,3,1,72,RealWorld_thigh,0.6493055555555556,0.605414381405104,5.230560302734375,5.230560302734375
resnetse5,device:RealWorld_thigh+MotionSense:5+5,192,3,1,72,MotionSense,0.7177734375,0.6674310657371,5.230560302734375,5.230560302734375
resnetse5,device:RealWorld_thigh+MotionSense:5+5,192,3,1,73,RealWorld_thigh,0.6510416666666666,0.6073572949398325,5.230560302734375,5.230560302734375
resnetse5,device:RealWorld_thigh+MotionSense:5+5,192,3,1,73,MotionSense,0.7177734375,0.6676536485595336,5.230560302734375,5.230560302734375
resnetse5,device:RealWorld_thigh+MotionSense:5+5,192,3,1,74,RealWorld_thigh,0.646875,0.6028852045954699,5.230560302734375,5.230560302734375
resnetse5,device:RealWorld_thigh+MotionSense:5+5,192,3,1,74,MotionSense,0.7275390625,0.6785721011441977,5.230560302734375,5.230560302734375
resnetse5,device:RealWorld_thigh+MotionSense:5+5,192,3,1,75,RealWorld_thigh,0.6569444444444444,0.6132036681234,5.230560302734375,5.230560302734375
resnetse5,device:RealWorld_thigh+MotionSense:5+5,192,3,1,75,MotionSense,0.71484375,0.6653292267050023,5.230560302734375,5.230560302734375
resnetse5,device:RealWorld_thigh+MotionSense:5+5,192,3,1,76,RealWorld_thigh,0.6541666666666667,0.6102391524286569,5.230560302734375,5.230560302734375
resnetse5,device:RealWorld_thigh+MotionSense:5+5,192,3,1,76,MotionSense,0.720703125,0.6708475886904641,5.230560302734375,5.230560302734375
resnetse5,device:RealWorld_thigh+MotionSense:5+5,192,3,1,77,RealWorld_thigh,0.6579861111111112,0.6178207660610111,5.230560302734375,5.230560302734375
resnetse5,device:RealWorld_thigh+MotionSense:5+5,192,3,1,77,MotionSense,0.720703125,0.6717412482362461,5.230560302734375,5.230560302734375
resnetse5,device:RealWorld_thigh+MotionSense:5+5,192,3,1,78,RealWorld_thigh,0.6423611111111112,0.5979609021392019,5.230560302734375,5.230560302734375
resnetse5,device:RealWorld_thigh+MotionSense:5+5,192,3,1,78,MotionSense,0.7275390625,0.6774062640909349,5.230560302734375,5.230560302734375
resnetse5,device:RealWorld_thigh+MotionSense:5+5,192,3,1,79,RealWorld_thigh,0.6756944444444445,0.6776481678990117,5.230560302734375,5.230560302734375
resnetse5,device:RealWorld_thigh+MotionSense:5+5,192,3,1,79,MotionSense,0.720703125,0.6711439291602098,5.230560302734375,5.230560302734375
resnetse5,device:RealWorld_thigh+MotionSense:5+5,192,3,1,80,RealWorld_thigh,0.6611111111111111,0.6173840336175291,5.230560302734375,5.230560302734375
resnetse5,device:RealWorld_thigh+MotionSense:5+5,192,3,1,80,MotionSense,0.71875,0.6696136859902437,5.230560302734375,5.230560302734375
resnetse5,device:RealWorld_thigh+MotionSense:5+5,192,3,1,81,RealWorld_thigh,0.6583333333333333,0.6143593003515706,5.230560302734375,5.230560302734375
resnetse5,device:RealWorld_thigh+MotionSense:5+5,192,3,1,81,MotionSense,0.720703125,0.6714764406588388,5.230560302734375,5.230560302734375
resnetse5,device:RealWorld_thigh+MotionSense:5+5,192,3,1,82,RealWorld_thigh,0.6614583333333334,0.6175494886092282,5.230560302734375,5.230560302734375
resnetse5,device:RealWorld_thigh+MotionSense:5+5,192,3,1,82,MotionSense,0.7216796875,0.6720088439924106,5.230560302734375,5.230560302734375
resnetse5,device:RealWorld_thigh+MotionSense:5+5,192,3,1,83,RealWorld_thigh,0.6652777777777777,0.6211397489283673,5.230560302734375,5.230560302734375
resnetse5,device:RealWorld_thigh+MotionSense:5+5,192,3,1,83,MotionSense,0.7197265625,0.6706287518553363,5.230560302734375,5.230560302734375
resnetse5,device:RealWorld_thigh+MotionSense:5+5,192,3,1,84,RealWorld_thigh,0.6663194444444445,0.6223318727807543,5.230560302734375,5.230560302734375
resnetse5,device:RealWorld_thigh+MotionSense:5+5,192,3,1,84,MotionSense,0.7197265625,0.6707045961852245,5.230560302734375,5.230560302734375
resnetse5,device:RealWorld_thigh+MotionSense:5+5,192,3,1,85,RealWorld_thigh,0.6635416666666667,0.6194196125639868,5.230560302734375,5.230560302734375
resnetse5,device:RealWorld_thigh+MotionSense:5+5,192,3,1,85,MotionSense,0.720703125,0.6708574620250053,5.230560302734375,5.230560302734375
resnetse5,device:RealWorld_thigh+MotionSense:5+5,192,3,1,86,RealWorld_thigh,0.6607638888888889,0.6163873759436451,5.230560302734375,5.230560302734375
resnetse5,device:RealWorld_thigh+MotionSense:5+5,192,3,1,86,MotionSense,0.7197265625,0.6700191769994225,5.230560302734375,5.230560302734375
resnetse5,device:RealWorld_thigh+MotionSense:5+5,192,3,1,87,RealWorld_thigh,0.6597222222222222,0.6150936695947851,5.230560302734375,5.230560302734375
resnetse5,device:RealWorld_thigh+MotionSense:5+5,192,3,1,87,MotionSense,0.7197265625,0.6701008072853675,5.230560302734375,5.230560302734375
resnetse5,device:RealWorld_thigh+MotionSense:5+5,192,3,1,88,RealWorld_thigh,0.7,0.688378782473683,5.230560302734375,5.230560302734375
resnetse5,device:RealWorld_thigh+MotionSense:5+5,192,3,1,88,MotionSense,0.7197265625,0.6696988293271057,5.230560302734375,5.230560302734375
resnetse5,device:RealWorld_thigh+MotionSense:5+5,192,3,1,89,RealWorld_thigh,0.6659722222222222,0.6206368578341522,5.230560302734375,5.230560302734375
resnetse5,device:RealWorld_thigh+MotionSense:5+5,192,3,1,89,MotionSense,0.720703125,0.6707379196689778,5.230560302734375,5.230560302734375
resnetse5,device:RealWorld_thigh+MotionSense:5+5,192,3,1,90,RealWorld_thigh,0.6885416666666667,0.6949429652545911,5.230560302734375,5.230560302734375
resnetse5,device:RealWorld_thigh+MotionSense:5+5,192,3,1,90,MotionSense,0.798828125,0.7999682872208062,5.230560302734375,5.230560302734375
resnetse5,device:RealWorld_thigh+MotionSense:5+5,192,3,1,91,RealWorld_thigh,0.7114583333333333,0.7102596062415425,5.230560302734375,5.230560302734375
resnetse5,device:RealWorld_thigh+MotionSense:5+5,192,3,1,91,MotionSense,0.7783203125,0.7783083485079857,5.230560302734375,5.230560302734375
resnetse5,device:RealWorld_thigh+MotionSense:5+5,192,3,1,92,RealWorld_thigh,0.6951388888888889,0.69962130223862,5.230560302734375,5.230560302734375
resnetse5,device:RealWorld_thigh+MotionSense:5+5,192,3,1,92,MotionSense,0.806640625,0.8066486163405228,5.230560302734375,5.230560302734375
resnetse5,device:RealWorld_thigh+MotionSense:5+5,192,3,1,93,RealWorld_thigh,0.7145833333333333,0.7139875429734074,5.230560302734375,5.230560302734375
resnetse5,device:RealWorld_thigh+MotionSense:5+5,192,3,1,93,MotionSense,0.78125,0.7822170941818177,5.230560302734375,5.230560302734375
resnetse5,device:RealWorld_thigh+MotionSense:5+5,192,3,1,94,RealWorld_thigh,0.7,0.6952693276465309,5.230560302734375,5.230560302734375
resnetse5,device:RealWorld_thigh+MotionSense:5+5,192,3,1,94,MotionSense,0.78125,0.7746922828159738,5.230560302734375,5.230560302734375
resnetse5,device:RealWorld_thigh+MotionSense:5+5,192,3,1,95,RealWorld_thigh,0.7059027777777778,0.7027080387639318,5.230560302734375,5.230560302734375
resnetse5,device:RealWorld_thigh+MotionSense:5+5,192,3,1,95,MotionSense,0.77734375,0.775322430353349,5.230560302734375,5.230560302734375
resnetse5,device:RealWorld_thigh+MotionSense:5+5,192,3,1,96,RealWorld_thigh,0.6961805555555556,0.6851544167712224,5.230560302734375,5.230560302734375
resnetse5,device:RealWorld_thigh+MotionSense:5+5,192,3,1,96,MotionSense,0.7587890625,0.7416368489188533,5.230560302734375,5.230560302734375
resnetse5,device:RealWorld_thigh+MotionSense:5+5,192,3,1,97,RealWorld_thigh,0.7086805555555555,0.7041298201653948,5.230560302734375,5.230560302734375
resnetse5,device:RealWorld_thigh+MotionSense:5+5,192,3,1,97,MotionSense,0.7841796875,0.7787044853380363,5.230560302734375,5.230560302734375
resnetse5,device:RealWorld_thigh+MotionSense:5+5,192,3,1,98,RealWorld_thigh,0.7069444444444445,0.7001571069223423,5.230560302734375,5.230560302734375
resnetse5,device:RealWorld_thigh+MotionSense:5+5,192,3,1,98,MotionSense,0.7744140625,0.7654134193420838,5.230560302734375,5.230560302734375
resnetse5,device:RealWorld_thigh+MotionSense:5+5,192,3,1,99,RealWorld_thigh,0.7111111111111111,0.7080430214391846,5.230560302734375,5.230560302734375
resnetse5,device:RealWorld_thigh+MotionSense:5+5,192,3,1,99,MotionSense,0.7822265625,0.7805028837786656,5.230560302734375,5.230560302734375
resnetse5,device:RealWorld_thigh+MotionSense:5+5,192,3,1,100,RealWorld_thigh,0.7111111111111111,0.7092033400198209,5.230560302734375,5.230560302734375
resnetse5,device:RealWorld_thigh+MotionSense:5+5,192,3,1,100,MotionSense,0.783203125,0.7834668779766467,5.230560302734375,5.230560302734375
resnetse5,device:RealWorld_thigh+MotionSense:5+5,192,0,5,1,RealWorld_thigh,0.3190972222222222,0.1944063600854421,5.230560302734375,5.230560302734375
resnetse5,device:RealWorld_thigh+MotionSense:5+5,192,0,5,1,MotionSense,0.3564453125,0.2043796338942604,5.230560302734375,5.230560302734375
resnetse5,device:RealWorld_thigh+MotionSense:5+5,192,0,5,2,RealWorld_thigh,0.4079861111111111,0.3213871154593714,5.230560302734375,5.230560302734375
resnetse5,device:RealWorld_thigh+MotionSense:5+5,192,0,5,2,MotionSense,0.423828125,0.2953739879744474,5.230560302734375,5.230560302734375
resnetse5,device:RealWorld_thigh+MotionSense:5+5,192,0,5,3,RealWorld_thigh,0.4868055555555555,0.4458834134055394,5.230560302734375,5.230560302734375
resnetse5,device:RealWorld_thigh+MotionSense:5+5,192,0,5,3,MotionSense,0.541015625,0.4668359008152117,5.230560302734375,5.230560302734375
resnetse5,device:RealWorld_thigh+MotionSense:5+5,192,0,5,4,RealWorld_thigh,0.5229166666666667,0.4785579328400325,5.230560302734375,5.230560302734375
resnetse5,device:RealWorld_thigh+MotionSense:5+5,192,0,5,4,MotionSense,0.5537109375,0.4739788662309454,5.230560302734375,5.230560302734375
resnetse5,device:RealWorld_thigh+MotionSense:5+5,192,0,5,5,RealWorld_thigh,0.5541666666666667,0.5133975937537224,5.230560302734375,5.230560302734375
resnetse5,device:RealWorld_thigh+MotionSense:5+5,192,0,5,5,MotionSense,0.60546875,0.5373749829348375,5.230560302734375,5.230560302734375
resnetse5,device:RealWorld_thigh+MotionSense:5+5,192,0,5,6,RealWorld_thigh,0.5572916666666666,0.5180438231617158,5.230560302734375,5.230560302734375
resnetse5,device:RealWorld_thigh+MotionSense:5+5,192,0,5,6,MotionSense,0.6298828125,0.5687587911044983,5.230560302734375,5.230560302734375
resnetse5,device:RealWorld_thigh+MotionSense:5+5,192,0,5,7,RealWorld_thigh,0.5916666666666667,0.5751274358317215,5.230560302734375,5.230560302734375
resnetse5,device:RealWorld_thigh+MotionSense:5+5,192,0,5,7,MotionSense,0.6787109375,0.6463014487770199,5.230560302734375,5.230560302734375
resnetse5,device:RealWorld_thigh+MotionSense:5+5,192,0,5,8,RealWorld_thigh,0.6131944444444445,0.6156283961983201,5.230560302734375,5.230560302734375
resnetse5,device:RealWorld_thigh+MotionSense:5+5,192,0,5,8,MotionSense,0.6591796875,0.6354876328639248,5.230560302734375,5.230560302734375
resnetse5,device:RealWorld_thigh+MotionSense:5+5,192,0,5,9,RealWorld_thigh,0.5826388888888889,0.5368614232975547,5.230560302734375,5.230560302734375
resnetse5,device:RealWorld_thigh+MotionSense:5+5,192,0,5,9,MotionSense,0.6904296875,0.6372625749293716,5.230560302734375,5.230560302734375
resnetse5,device:RealWorld_thigh+MotionSense:5+5,192,0,5,10,RealWorld_thigh,0.6489583333333333,0.6493149631124262,5.230560302734375,5.230560302734375
resnetse5,device:RealWorld_thigh+MotionSense:5+5,192,0,5,10,MotionSense,0.7412109375,0.7339540147442071,5.230560302734375,5.230560302734375
resnetse5,device:RealWorld_thigh+MotionSense:5+5,192,0,5,11,RealWorld_thigh,0.6194444444444445,0.6055259259278627,5.230560302734375,5.230560302734375
resnetse5,device:RealWorld_thigh+MotionSense:5+5,192,0,5,11,MotionSense,0.7109375,0.6750950035034732,5.230560302734375,5.230560302734375
resnetse5,device:RealWorld_thigh+MotionSense:5+5,192,0,5,12,RealWorld_thigh,0.6541666666666667,0.6559555906430693,5.230560302734375,5.230560302734375
resnetse5,device:RealWorld_thigh+MotionSense:5+5,192,0,5,12,MotionSense,0.7666015625,0.7666546585884081,5.230560302734375,5.230560302734375
resnetse5,device:RealWorld_thigh+MotionSense:5+5,192,0,5,13,RealWorld_thigh,0.6361111111111111,0.631037878061347,5.230560302734375,5.230560302734375
resnetse5,device:RealWorld_thigh+MotionSense:5+5,192,0,5,13,MotionSense,0.75390625,0.7444518259099936,5.230560302734375,5.230560302734375
resnetse5,device:RealWorld_thigh+MotionSense:5+5,192,0,5,14,RealWorld_thigh,0.6364583333333333,0.6293186386233057,5.230560302734375,5.230560302734375
resnetse5,device:RealWorld_thigh+MotionSense:5+5,192,0,5,14,MotionSense,0.74609375,0.733212760371995,5.230560302734375,5.230560302734375
resnetse5,device:RealWorld_thigh+MotionSense:5+5,192,0,5,15,RealWorld_thigh,0.6368055555555555,0.630072349288708,5.230560302734375,5.230560302734375
resnetse5,device:RealWorld_thigh+MotionSense:5+5,192,0,5,15,MotionSense,0.7568359375,0.747119515110552,5.230560302734375,5.230560302734375
resnetse5,device:RealWorld_thigh+MotionSense:5+5,192,0,5,16,RealWorld_thigh,0.640625,0.633089602439393,5.230560302734375,5.230560302734375
resnetse5,device:RealWorld_thigh+MotionSense:5+5,192,0,5,16,MotionSense,0.7548828125,0.7442077934173295,5.230560302734375,5.230560302734375
resnetse5,device:RealWorld_thigh+MotionSense:5+5,192,0,5,17,RealWorld_thigh,0.6427083333333333,0.6328240975611636,5.230560302734375,5.230560302734375
resnetse5,device:RealWorld_thigh+MotionSense:5+5,192,0,5,17,MotionSense,0.7412109375,0.7248063252276582,5.230560302734375,5.230560302734375
resnetse5,device:RealWorld_thigh+MotionSense:5+5,192,0,5,18,RealWorld_thigh,0.6416666666666667,0.6310321679545572,5.230560302734375,5.230560302734375
resnetse5,device:RealWorld_thigh+MotionSense:5+5,192,0,5,18,MotionSense,0.7392578125,0.7205707621507463,5.230560302734375,5.230560302734375
resnetse5,device:RealWorld_thigh+MotionSense:5+5,192,0,5,19,RealWorld_thigh,0.6371527777777778,0.6253694976816913,5.230560302734375,5.230560302734375
resnetse5,device:RealWorld_thigh+MotionSense:5+5,192,0,5,19,MotionSense,0.7421875,0.7206239614346722,5.230560302734375,5.230560302734375
resnetse5,device:RealWorld_thigh+MotionSense:5+5,192,0,5,20,RealWorld_thigh,0.6451388888888889,0.6359177080810358,5.230560302734375,5.230560302734375
resnetse5,device:RealWorld_thigh+MotionSense:5+5,192,0,5,20,MotionSense,0.7353515625,0.7180341554696916,5.230560302734375,5.230560302734375
resnetse5,device:RealWorld_thigh+MotionSense:5+5,192,0,5,21,RealWorld_thigh,0.6458333333333334,0.6374144357084602,5.230560302734375,5.230560302734375
resnetse5,device:RealWorld_thigh+MotionSense:5+5,192,0,5,21,MotionSense,0.736328125,0.721913793357596,5.230560302734375,5.230560302734375
resnetse5,device:RealWorld_thigh+MotionSense:5+5,192,0,5,22,RealWorld_thigh,0.6524305555555555,0.6415796422739495,5.230560302734375,5.230560302734375
resnetse5,device:RealWorld_thigh+MotionSense:5+5,192,0,5,22,MotionSense,0.7109375,0.6838734349144716,5.230560302734375,5.230560302734375
resnetse5,device:RealWorld_thigh+MotionSense:5+5,192,0,5,23,RealWorld_thigh,0.6545138888888888,0.6454739587740971,5.230560302734375,5.230560302734375
resnetse5,device:RealWorld_thigh+MotionSense:5+5,192,0,5,23,MotionSense,0.7265625,0.7061573612143413,5.230560302734375,5.230560302734375
resnetse5,device:RealWorld_thigh+MotionSense:5+5,192,0,5,24,RealWorld_thigh,0.6527777777777778,0.644207017874087,5.230560302734375,5.230560302734375
resnetse5,device:RealWorld_thigh+MotionSense:5+5,192,0,5,24,MotionSense,0.7392578125,0.725938429750932,5.230560302734375,5.230560302734375
resnetse5,device:RealWorld_thigh+MotionSense:5+5,192,0,5,25,RealWorld_thigh,0.6604166666666667,0.6557880188931784,5.230560302734375,5.230560302734375
resnetse5,device:RealWorld_thigh+MotionSense:5+5,192,0,5,25,MotionSense,0.744140625,0.7299929077990797,5.230560302734375,5.230560302734375
resnetse5,device:RealWorld_thigh+MotionSense:5+5,192,0,5,26,RealWorld_thigh,0.6333333333333333,0.6410177117988607,5.230560302734375,5.230560302734375
resnetse5,device:RealWorld_thigh+MotionSense:5+5,192,0,5,26,MotionSense,0.755859375,0.7490002071753485,5.230560302734375,5.230560302734375
resnetse5,device:RealWorld_thigh+MotionSense:5+5,192,0,5,27,RealWorld_thigh,0.6288194444444445,0.636207412805743,5.230560302734375,5.230560302734375
resnetse5,device:RealWorld_thigh+MotionSense:5+5,192,0,5,27,MotionSense,0.7626953125,0.7585578745299418,5.230560302734375,5.230560302734375
resnetse5,device:RealWorld_thigh+MotionSense:5+5,192,0,5,28,RealWorld_thigh,0.63125,0.6397447989438247,5.230560302734375,5.230560302734375
resnetse5,device:RealWorld_thigh+MotionSense:5+5,192,0,5,28,MotionSense,0.7626953125,0.7542606568670874,5.230560302734375,5.230560302734375
resnetse5,device:RealWorld_thigh+MotionSense:5+5,192,0,5,29,RealWorld_thigh,0.6253472222222223,0.6330578932527836,5.230560302734375,5.230560302734375
resnetse5,device:RealWorld_thigh+MotionSense:5+5,192,0,5,29,MotionSense,0.7734375,0.7654641331792053,5.230560302734375,5.230560302734375
resnetse5,device:RealWorld_thigh+MotionSense:5+5,192,0,5,30,RealWorld_thigh,0.628125,0.6365800622121328,5.230560302734375,5.230560302734375
resnetse5,device:RealWorld_thigh+MotionSense:5+5,192,0,5,30,MotionSense,0.7587890625,0.7461775746877718,5.230560302734375,5.230560302734375
resnetse5,device:RealWorld_thigh+MotionSense:5+5,192,0,5,31,RealWorld_thigh,0.6284722222222222,0.6366641062363328,5.230560302734375,5.230560302734375
resnetse5,device:RealWorld_thigh+MotionSense:5+5,192,0,5,31,MotionSense,0.6806640625,0.6234869255038763,5.230560302734375,5.230560302734375
resnetse5,device:RealWorld_thigh+MotionSense:5+5,192,0,5,32,RealWorld_thigh,0.6284722222222222,0.6371719076664161,5.230560302734375,5.230560302734375
resnetse5,device:RealWorld_thigh+MotionSense:5+5,192,0,5,32,MotionSense,0.7392578125,0.7175044481304379,5.230560302734375,5.230560302734375
resnetse5,device:RealWorld_thigh+MotionSense:5+5,192,0,5,33,RealWorld_thigh,0.6256944444444444,0.6334595851709879,5.230560302734375,5.230560302734375
resnetse5,device:RealWorld_thigh+MotionSense:5+5,192,0,5,33,MotionSense,0.6806640625,0.6178680480070795,5.230560302734375,5.230560302734375
resnetse5,device:RealWorld_thigh+MotionSense:5+5,192,0,5,34,RealWorld_thigh,0.628125,0.6364368160949379,5.230560302734375,5.230560302734375
resnetse5,device:RealWorld_thigh+MotionSense:5+5,192,0,5,34,MotionSense,0.6669921875,0.5977943655382038,5.230560302734375,5.230560302734375
resnetse5,device:RealWorld_thigh+MotionSense:5+5,192,0,5,35,RealWorld_thigh,0.6236111111111111,0.6316560574939752,5.230560302734375,5.230560302734375
resnetse5,device:RealWorld_thigh+MotionSense:5+5,192,0,5,35,MotionSense,0.681640625,0.6197378947748652,5.230560302734375,5.230560302734375
resnetse5,device:RealWorld_thigh+MotionSense:5+5,192,0,5,36,RealWorld_thigh,0.6232638888888888,0.6320030280154666,5.230560302734375,5.230560302734375
resnetse5,device:RealWorld_thigh+MotionSense:5+5,192,0,5,36,MotionSense,0.662109375,0.5896626169235296,5.230560302734375,5.230560302734375
resnetse5,device:RealWorld_thigh+MotionSense:5+5,192,0,5,37,RealWorld_thigh,0.6291666666666667,0.6357134667660811,5.230560302734375,5.230560302734375
resnetse5,device:RealWorld_thigh+MotionSense:5+5,192,0,5,37,MotionSense,0.6806640625,0.6181044175230136,5.230560302734375,5.230560302734375
resnetse5,device:RealWorld_thigh+MotionSense:5+5,192,0,5,38,RealWorld_thigh,0.6302083333333334,0.6382410919204853,5.230560302734375,5.230560302734375
resnetse5,device:RealWorld_thigh+MotionSense:5+5,192,0,5,38,MotionSense,0.66796875,0.5982036885811423,5.230560302734375,5.230560302734375
resnetse5,device:RealWorld_thigh+MotionSense:5+5,192,0,5,39,RealWorld_thigh,0.6274305555555556,0.6354836422927327,5.230560302734375,5.230560302734375
resnetse5,device:RealWorld_thigh+MotionSense:5+5,192,0,5,39,MotionSense,0.662109375,0.5903665397766521,5.230560302734375,5.230560302734375
resnetse5,device:RealWorld_thigh+MotionSense:5+5,192,0,5,40,RealWorld_thigh,0.6329861111111111,0.640773399574604,5.230560302734375,5.230560302734375
resnetse5,device:RealWorld_thigh+MotionSense:5+5,192,0,5,40,MotionSense,0.6640625,0.5901074150942183,5.230560302734375,5.230560302734375
resnetse5,device:RealWorld_thigh+MotionSense:5+5,192,0,5,41,RealWorld_thigh,0.6336805555555556,0.6400857106766981,5.230560302734375,5.230560302734375
resnetse5,device:RealWorld_thigh+MotionSense:5+5,192,0,5,41,MotionSense,0.67578125,0.6111388802525356,5.230560302734375,5.230560302734375
resnetse5,device:RealWorld_thigh+MotionSense:5+5,192,0,5,42,RealWorld_thigh,0.6368055555555555,0.6435974739039761,5.230560302734375,5.230560302734375
resnetse5,device:RealWorld_thigh+MotionSense:5+5,192,0,5,42,MotionSense,0.666015625,0.5933564185371151,5.230560302734375,5.230560302734375
resnetse5,device:RealWorld_thigh+MotionSense:5+5,192,0,5,43,RealWorld_thigh,0.6524305555555555,0.6579459192214537,5.230560302734375,5.230560302734375
resnetse5,device:RealWorld_thigh+MotionSense:5+5,192,0,5,43,MotionSense,0.6767578125,0.6108873098945264,5.230560302734375,5.230560302734375
resnetse5,device:RealWorld_thigh+MotionSense:5+5,192,0,5,44,RealWorld_thigh,0.6451388888888889,0.6517507941608863,5.230560302734375,5.230560302734375
resnetse5,device:RealWorld_thigh+MotionSense:5+5,192,0,5,44,MotionSense,0.669921875,0.5970113661419099,5.230560302734375,5.230560302734375
resnetse5,device:RealWorld_thigh+MotionSense:5+5,192,0,5,45,RealWorld_thigh,0.6513888888888889,0.6580567208563255,5.230560302734375,5.230560302734375
resnetse5,device:RealWorld_thigh+MotionSense:5+5,192,0,5,45,MotionSense,0.6650390625,0.5919914866576733,5.230560302734375,5.230560302734375
resnetse5,device:RealWorld_thigh+MotionSense:5+5,192,0,5,46,RealWorld_thigh,0.6288194444444445,0.6352168043225042,5.230560302734375,5.230560302734375
resnetse5,device:RealWorld_thigh+MotionSense:5+5,192,0,5,46,MotionSense,0.6708984375,0.6052248971456385,5.230560302734375,5.230560302734375
resnetse5,device:RealWorld_thigh+MotionSense:5+5,192,0,5,47,RealWorld_thigh,0.6534722222222222,0.6595954825018718,5.230560302734375,5.230560302734375
resnetse5,device:RealWorld_thigh+MotionSense:5+5,192,0,5,47,MotionSense,0.6748046875,0.6107334601103085,5.230560302734375,5.230560302734375
resnetse5,device:RealWorld_thigh+MotionSense:5+5,192,0,5,48,RealWorld_thigh,0.6434027777777778,0.6495366593231805,5.230560302734375,5.230560302734375
resnetse5,device:RealWorld_thigh+MotionSense:5+5,192,0,5,48,MotionSense,0.6748046875,0.6082350400748059,5.230560302734375,5.230560302734375
resnetse5,device:RealWorld_thigh+MotionSense:5+5,192,0,5,49,RealWorld_thigh,0.6392361111111111,0.6455042540080468,5.230560302734375,5.230560302734375
resnetse5,device:RealWorld_thigh+MotionSense:5+5,192,0,5,49,MotionSense,0.67578125,0.6117648614524187,5.230560302734375,5.230560302734375
resnetse5,device:RealWorld_thigh+MotionSense:5+5,192,0,5,50,RealWorld_thigh,0.6395833333333333,0.6464001964347285,5.230560302734375,5.230560302734375
resnetse5,device:RealWorld_thigh+MotionSense:5+5,192,0,5,50,MotionSense,0.6689453125,0.5994226610773609,5.230560302734375,5.230560302734375
resnetse5,device:RealWorld_thigh+MotionSense:5+5,192,0,5,51,RealWorld_thigh,0.6395833333333333,0.6459745489410998,5.230560302734375,5.230560302734375
resnetse5,device:RealWorld_thigh+MotionSense:5+5,192,0,5,51,MotionSense,0.6708984375,0.6068874749583851,5.230560302734375,5.230560302734375
resnetse5,device:RealWorld_thigh+MotionSense:5+5,192,0,5,52,RealWorld_thigh,0.6340277777777777,0.6406501016395159,5.230560302734375,5.230560302734375
resnetse5,device:RealWorld_thigh+MotionSense:5+5,192,0,5,52,MotionSense,0.671875,0.6062499292739317,5.230560302734375,5.230560302734375
resnetse5,device:RealWorld_thigh+MotionSense:5+5,192,0,5,53,RealWorld_thigh,0.634375,0.6403143520377672,5.230560302734375,5.230560302734375
resnetse5,device:RealWorld_thigh+MotionSense:5+5,192,0,5,53,MotionSense,0.6708984375,0.5992555513692166,5.230560302734375,5.230560302734375
resnetse5,device:RealWorld_thigh+MotionSense:5+5,192,0,5,54,RealWorld_thigh,0.6479166666666667,0.6542761716216253,5.230560302734375,5.230560302734375
resnetse5,device:RealWorld_thigh+MotionSense:5+5,192,0,5,54,MotionSense,0.6708984375,0.6028958167192425,5.230560302734375,5.230560302734375
resnetse5,device:RealWorld_thigh+MotionSense:5+5,192,0,5,55,RealWorld_thigh,0.6451388888888889,0.651636607632749,5.230560302734375,5.230560302734375
resnetse5,device:RealWorld_thigh+MotionSense:5+5,192,0,5,55,MotionSense,0.673828125,0.6035081623806224,5.230560302734375,5.230560302734375
resnetse5,device:RealWorld_thigh+MotionSense:5+5,192,0,5,56,RealWorld_thigh,0.6416666666666667,0.6484068313212289,5.230560302734375,5.230560302734375
resnetse5,device:RealWorld_thigh+MotionSense:5+5,192,0,5,56,MotionSense,0.6708984375,0.6019323264955044,5.230560302734375,5.230560302734375
resnetse5,device:RealWorld_thigh+MotionSense:5+5,192,0,5,57,RealWorld_thigh,0.621875,0.6276406987590043,5.230560302734375,5.230560302734375
resnetse5,device:RealWorld_thigh+MotionSense:5+5,192,0,5,57,MotionSense,0.681640625,0.6211858565465123,5.230560302734375,5.230560302734375
resnetse5,device:RealWorld_thigh+MotionSense:5+5,192,0,5,58,RealWorld_thigh,0.6427083333333333,0.6483827407951573,5.230560302734375,5.230560302734375
resnetse5,device:RealWorld_thigh+MotionSense:5+5,192,0,5,58,MotionSense,0.6689453125,0.6030032544733354,5.230560302734375,5.230560302734375
resnetse5,device:RealWorld_thigh+MotionSense:5+5,192,0,5,59,RealWorld_thigh,0.6430555555555556,0.6494240021043811,5.230560302734375,5.230560302734375
resnetse5,device:RealWorld_thigh+MotionSense:5+5,192,0,5,59,MotionSense,0.666015625,0.5925385714724957,5.230560302734375,5.230560302734375
resnetse5,device:RealWorld_thigh+MotionSense:5+5,192,0,5,60,RealWorld_thigh,0.6315972222222223,0.6376624647632718,5.230560302734375,5.230560302734375
resnetse5,device:RealWorld_thigh+MotionSense:5+5,192,0,5,60,MotionSense,0.6708984375,0.605426465046747,5.230560302734375,5.230560302734375
resnetse5,device:RealWorld_thigh+MotionSense:5+5,192,0,5,61,RealWorld_thigh,0.6416666666666667,0.6479022166822278,5.230560302734375,5.230560302734375
resnetse5,device:RealWorld_thigh+MotionSense:5+5,192,0,5,61,MotionSense,0.6572265625,0.5843436667623833,5.230560302734375,5.230560302734375
resnetse5,device:RealWorld_thigh+MotionSense:5+5,192,0,5,62,RealWorld_thigh,0.6197916666666666,0.6258018904277239,5.230560302734375,5.230560302734375
resnetse5,device:RealWorld_thigh+MotionSense:5+5,192,0,5,62,MotionSense,0.6630859375,0.5942754689148871,5.230560302734375,5.230560302734375
resnetse5,device:RealWorld_thigh+MotionSense:5+5,192,0,5,63,RealWorld_thigh,0.6416666666666667,0.647332694777936,5.230560302734375,5.230560302734375
resnetse5,device:RealWorld_thigh+MotionSense:5+5,192,0,5,63,MotionSense,0.6689453125,0.6011224158087121,5.230560302734375,5.230560302734375
resnetse5,device:RealWorld_thigh+MotionSense:5+5,192,0,5,64,RealWorld_thigh,0.6239583333333333,0.6296148869825573,5.230560302734375,5.230560302734375
resnetse5,device:RealWorld_thigh+MotionSense:5+5,192,0,5,64,MotionSense,0.673828125,0.6117924956713406,5.230560302734375,5.230560302734375
resnetse5,device:RealWorld_thigh+MotionSense:5+5,192,0,5,65,RealWorld_thigh,0.6229166666666667,0.6288766586895159,5.230560302734375,5.230560302734375
resnetse5,device:RealWorld_thigh+MotionSense:5+5,192,0,5,65,MotionSense,0.66015625,0.5869835021705945,5.230560302734375,5.230560302734375
resnetse5,device:RealWorld_thigh+MotionSense:5+5,192,0,5,66,RealWorld_thigh,0.6177083333333333,0.6221313208763725,5.230560302734375,5.230560302734375
resnetse5,device:RealWorld_thigh+MotionSense:5+5,192,0,5,66,MotionSense,0.6767578125,0.6145457072614068,5.230560302734375,5.230560302734375
resnetse5,device:RealWorld_thigh+MotionSense:5+5,192,0,5,67,RealWorld_thigh,0.5927083333333333,0.5947207015678387,5.230560302734375,5.230560302734375
resnetse5,device:RealWorld_thigh+MotionSense:5+5,192,0,5,67,MotionSense,0.6796875,0.627182929406714,5.230560302734375,5.230560302734375
resnetse5,device:RealWorld_thigh+MotionSense:5+5,192,0,5,68,RealWorld_thigh,0.64375,0.649632789918836,5.230560302734375,5.230560302734375
resnetse5,device:RealWorld_thigh+MotionSense:5+5,192,0,5,68,MotionSense,0.6533203125,0.5760043330910656,5.230560302734375,5.230560302734375
resnetse5,device:RealWorld_thigh+MotionSense:5+5,192,0,5,69,RealWorld_thigh,0.6315972222222223,0.6374010831641875,5.230560302734375,5.230560302734375
resnetse5,device:RealWorld_thigh+MotionSense:5+5,192,0,5,69,MotionSense,0.6669921875,0.5998137298795425,5.230560302734375,5.230560302734375
resnetse5,device:RealWorld_thigh+MotionSense:5+5,192,0,5,70,RealWorld_thigh,0.6434027777777778,0.6493974267401396,5.230560302734375,5.230560302734375
resnetse5,device:RealWorld_thigh+MotionSense:5+5,192,0,5,70,MotionSense,0.650390625,0.5690785464746467,5.230560302734375,5.230560302734375
resnetse5,device:RealWorld_thigh+MotionSense:5+5,192,0,5,71,RealWorld_thigh,0.6305555555555555,0.6363360636571348,5.230560302734375,5.230560302734375
resnetse5,device:RealWorld_thigh+MotionSense:5+5,192,0,5,71,MotionSense,0.6630859375,0.5905514639576687,5.230560302734375,5.230560302734375
resnetse5,device:RealWorld_thigh+MotionSense:5+5,192,0,5,72,RealWorld_thigh,0.6302083333333334,0.6334431678272744,5.230560302734375,5.230560302734375
resnetse5,device:RealWorld_thigh+MotionSense:5+5,192,0,5,72,MotionSense,0.6591796875,0.5917266005948646,5.230560302734375,5.230560302734375
resnetse5,device:RealWorld_thigh+MotionSense:5+5,192,0,5,73,RealWorld_thigh,0.6399305555555556,0.6449948140526135,5.230560302734375,5.230560302734375
resnetse5,device:RealWorld_thigh+MotionSense:5+5,192,0,5,73,MotionSense,0.65234375,0.5722161377232623,5.230560302734375,5.230560302734375
resnetse5,device:RealWorld_thigh+MotionSense:5+5,192,0,5,74,RealWorld_thigh,0.6423611111111112,0.6482269488379008,5.230560302734375,5.230560302734375
resnetse5,device:RealWorld_thigh+MotionSense:5+5,192,0,5,74,MotionSense,0.6474609375,0.5648302877919523,5.230560302734375,5.230560302734375
resnetse5,device:RealWorld_thigh+MotionSense:5+5,192,0,5,75,RealWorld_thigh,0.6336805555555556,0.6379743201624716,5.230560302734375,5.230560302734375
resnetse5,device:RealWorld_thigh+MotionSense:5+5,192,0,5,75,MotionSense,0.6767578125,0.6121162904951133,5.230560302734375,5.230560302734375
resnetse5,device:RealWorld_thigh+MotionSense:5+5,192,0,5,76,RealWorld_thigh,0.6430555555555556,0.6489286721505586,5.230560302734375,5.230560302734375
resnetse5,device:RealWorld_thigh+MotionSense:5+5,192,0,5,76,MotionSense,0.630859375,0.5376842157448992,5.230560302734375,5.230560302734375
resnetse5,device:RealWorld_thigh+MotionSense:5+5,192,0,5,77,RealWorld_thigh,0.6315972222222223,0.6364853638861541,5.230560302734375,5.230560302734375
resnetse5,device:RealWorld_thigh+MotionSense:5+5,192,0,5,77,MotionSense,0.6572265625,0.5836112879208042,5.230560302734375,5.230560302734375
resnetse5,device:RealWorld_thigh+MotionSense:5+5,192,0,5,78,RealWorld_thigh,0.6267361111111112,0.6309871573049737,5.230560302734375,5.230560302734375
resnetse5,device:RealWorld_thigh+MotionSense:5+5,192,0,5,78,MotionSense,0.6640625,0.59888509984185,5.230560302734375,5.230560302734375
resnetse5,device:RealWorld_thigh+MotionSense:5+5,192,0,5,79,RealWorld_thigh,0.6329861111111111,0.6398005237749492,5.230560302734375,5.230560302734375
resnetse5,device:RealWorld_thigh+MotionSense:5+5,192,0,5,79,MotionSense,0.6416015625,0.5548151651956259,5.230560302734375,5.230560302734375
resnetse5,device:RealWorld_thigh+MotionSense:5+5,192,0,5,80,RealWorld_thigh,0.6288194444444445,0.6337729060024874,5.230560302734375,5.230560302734375
resnetse5,device:RealWorld_thigh+MotionSense:5+5,192,0,5,80,MotionSense,0.6552734375,0.5715041773771398,5.230560302734375,5.230560302734375
resnetse5,device:RealWorld_thigh+MotionSense:5+5,192,0,5,81,RealWorld_thigh,0.6208333333333333,0.6241289419542975,5.230560302734375,5.230560302734375
resnetse5,device:RealWorld_thigh+MotionSense:5+5,192,0,5,81,MotionSense,0.6708984375,0.6103445722343452,5.230560302734375,5.230560302734375
resnetse5,device:RealWorld_thigh+MotionSense:5+5,192,0,5,82,RealWorld_thigh,0.6371527777777778,0.6413540975971151,5.230560302734375,5.230560302734375
resnetse5,device:RealWorld_thigh+MotionSense:5+5,192,0,5,82,MotionSense,0.646484375,0.5629462997064757,5.230560302734375,5.230560302734375
resnetse5,device:RealWorld_thigh+MotionSense:5+5,192,0,5,83,RealWorld_thigh,0.6253472222222223,0.6293451224528429,5.230560302734375,5.230560302734375
resnetse5,device:RealWorld_thigh+MotionSense:5+5,192,0,5,83,MotionSense,0.6474609375,0.5688862139143681,5.230560302734375,5.230560302734375
resnetse5,device:RealWorld_thigh+MotionSense:5+5,192,0,5,84,RealWorld_thigh,0.6357638888888889,0.6406954646788154,5.230560302734375,5.230560302734375
resnetse5,device:RealWorld_thigh+MotionSense:5+5,192,0,5,84,MotionSense,0.6455078125,0.5596888517920908,5.230560302734375,5.230560302734375
resnetse5,device:RealWorld_thigh+MotionSense:5+5,192,0,5,85,RealWorld_thigh,0.5788194444444444,0.5763004814133813,5.230560302734375,5.230560302734375
resnetse5,device:RealWorld_thigh+MotionSense:5+5,192,0,5,85,MotionSense,0.6591796875,0.5951567250907316,5.230560302734375,5.230560302734375
resnetse5,device:RealWorld_thigh+MotionSense:5+5,192,0,5,86,RealWorld_thigh,0.6159722222222223,0.6198469805770505,5.230560302734375,5.230560302734375
resnetse5,device:RealWorld_thigh+MotionSense:5+5,192,0,5,86,MotionSense,0.642578125,0.5561066927302584,5.230560302734375,5.230560302734375
resnetse5,device:RealWorld_thigh+MotionSense:5+5,192,0,5,87,RealWorld_thigh,0.6322916666666667,0.6364190916910037,5.230560302734375,5.230560302734375
resnetse5,device:RealWorld_thigh+MotionSense:5+5,192,0,5,87,MotionSense,0.66015625,0.5832612926986709,5.230560302734375,5.230560302734375
resnetse5,device:RealWorld_thigh+MotionSense:5+5,192,0,5,88,RealWorld_thigh,0.6260416666666667,0.6299356980744694,5.230560302734375,5.230560302734375
resnetse5,device:RealWorld_thigh+MotionSense:5+5,192,0,5,88,MotionSense,0.6455078125,0.5641592117357582,5.230560302734375,5.230560302734375
resnetse5,device:RealWorld_thigh+MotionSense:5+5,192,0,5,89,RealWorld_thigh,0.6253472222222223,0.629547368742699,5.230560302734375,5.230560302734375
resnetse5,device:RealWorld_thigh+MotionSense:5+5,192,0,5,89,MotionSense,0.6494140625,0.5687033566797125,5.230560302734375,5.230560302734375
resnetse5,device:RealWorld_thigh+MotionSense:5+5,192,0,5,90,RealWorld_thigh,0.6097222222222223,0.6134441786803982,5.230560302734375,5.230560302734375
resnetse5,device:RealWorld_thigh+MotionSense:5+5,192,0,5,90,MotionSense,0.6513671875,0.5669625811872141,5.230560302734375,5.230560302734375
resnetse5,device:RealWorld_thigh+MotionSense:5+5,192,0,5,91,RealWorld_thigh,0.6260416666666667,0.6295487291628836,5.230560302734375,5.230560302734375
resnetse5,device:RealWorld_thigh+MotionSense:5+5,192,0,5,91,MotionSense,0.6572265625,0.5760840298429533,5.230560302734375,5.230560302734375
resnetse5,device:RealWorld_thigh+MotionSense:5+5,192,0,5,92,RealWorld_thigh,0.6239583333333333,0.6279036213623884,5.230560302734375,5.230560302734375
resnetse5,device:RealWorld_thigh+MotionSense:5+5,192,0,5,92,MotionSense,0.6416015625,0.5592154803643118,5.230560302734375,5.230560302734375
resnetse5,device:RealWorld_thigh+MotionSense:5+5,192,0,5,93,RealWorld_thigh,0.6118055555555556,0.6155768901769925,5.230560302734375,5.230560302734375
resnetse5,device:RealWorld_thigh+MotionSense:5+5,192,0,5,93,MotionSense,0.6513671875,0.5779292727557727,5.230560302734375,5.230560302734375
resnetse5,device:RealWorld_thigh+MotionSense:5+5,192,0,5,94,RealWorld_thigh,0.578125,0.5774955833399177,5.230560302734375,5.230560302734375
resnetse5,device:RealWorld_thigh+MotionSense:5+5,192,0,5,94,MotionSense,0.6572265625,0.5859737173879246,5.230560302734375,5.230560302734375
resnetse5,device:RealWorld_thigh+MotionSense:5+5,192,0,5,95,RealWorld_thigh,0.59375,0.5980629339407061,5.230560302734375,5.230560302734375
resnetse5,device:RealWorld_thigh+MotionSense:5+5,192,0,5,95,MotionSense,0.6484375,0.5677105256081275,5.230560302734375,5.230560302734375
resnetse5,device:RealWorld_thigh+MotionSense:5+5,192,0,5,96,RealWorld_thigh,0.6173611111111111,0.6235131369898858,5.230560302734375,5.230560302734375
resnetse5,device:RealWorld_thigh+MotionSense:5+5,192,0,5,96,MotionSense,0.646484375,0.5594426287802412,5.230560302734375,5.230560302734375
resnetse5,device:RealWorld_thigh+MotionSense:5+5,192,0,5,97,RealWorld_thigh,0.5982638888888889,0.603320708180938,5.230560302734375,5.230560302734375
resnetse5,device:RealWorld_thigh+MotionSense:5+5,192,0,5,97,MotionSense,0.6416015625,0.5568823420443438,5.230560302734375,5.230560302734375
resnetse5,device:RealWorld_thigh+MotionSense:5+5,192,0,5,98,RealWorld_thigh,0.5802083333333333,0.5751644766858334,5.230560302734375,5.230560302734375
resnetse5,device:RealWorld_thigh+MotionSense:5+5,192,0,5,98,MotionSense,0.6435546875,0.5623996395297683,5.230560302734375,5.230560302734375
resnetse5,device:RealWorld_thigh+MotionSense:5+5,192,0,5,99,RealWorld_thigh,0.6204861111111111,0.6240190101127503,5.230560302734375,5.230560302734375
resnetse5,device:RealWorld_thigh+MotionSense:5+5,192,0,5,99,MotionSense,0.6455078125,0.5607049313345943,5.230560302734375,5.230560302734375
resnetse5,device:RealWorld_thigh+MotionSense:5+5,192,0,5,100,RealWorld_thigh,0.5815972222222222,0.5813517754008072,5.230560302734375,5.230560302734375
resnetse5,device:RealWorld_thigh+MotionSense:5+5,192,0,5,100,MotionSense,0.65625,0.5842395328538381,5.230560302734375,5.230560302734375
resnetse5,device:RealWorld_thigh+MotionSense:5+5,192,1,5,1,RealWorld_thigh,0.3034722222222222,0.1597665794800986,5.230560302734375,5.230560302734375
resnetse5,device:RealWorld_thigh+MotionSense:5+5,192,1,5,1,MotionSense,0.345703125,0.1806422083577738,5.230560302734375,5.230560302734375
resnetse5,device:RealWorld_thigh+MotionSense:5+5,192,1,5,2,RealWorld_thigh,0.3388888888888889,0.2197616568577828,5.230560302734375,5.230560302734375
resnetse5,device:RealWorld_thigh+MotionSense:5+5,192,1,5,2,MotionSense,0.3720703125,0.2265650827712906,5.230560302734375,5.230560302734375
resnetse5,device:RealWorld_thigh+MotionSense:5+5,192,1,5,3,RealWorld_thigh,0.4795138888888889,0.4169041246858821,5.230560302734375,5.230560302734375
resnetse5,device:RealWorld_thigh+MotionSense:5+5,192,1,5,3,MotionSense,0.58203125,0.5074561658895752,5.230560302734375,5.230560302734375
resnetse5,device:RealWorld_thigh+MotionSense:5+5,192,1,5,4,RealWorld_thigh,0.5572916666666666,0.4968652617492426,5.230560302734375,5.230560302734375
resnetse5,device:RealWorld_thigh+MotionSense:5+5,192,1,5,4,MotionSense,0.646484375,0.5839631832594226,5.230560302734375,5.230560302734375
resnetse5,device:RealWorld_thigh+MotionSense:5+5,192,1,5,5,RealWorld_thigh,0.5631944444444444,0.5071292797580331,5.230560302734375,5.230560302734375
resnetse5,device:RealWorld_thigh+MotionSense:5+5,192,1,5,5,MotionSense,0.6845703125,0.6276320862302293,5.230560302734375,5.230560302734375
resnetse5,device:RealWorld_thigh+MotionSense:5+5,192,1,5,6,RealWorld_thigh,0.5704861111111111,0.5171132527180952,5.230560302734375,5.230560302734375
resnetse5,device:RealWorld_thigh+MotionSense:5+5,192,1,5,6,MotionSense,0.724609375,0.6701041771856704,5.230560302734375,5.230560302734375
resnetse5,device:RealWorld_thigh+MotionSense:5+5,192,1,5,7,RealWorld_thigh,0.5861111111111111,0.5366716829770437,5.230560302734375,5.230560302734375
resnetse5,device:RealWorld_thigh+MotionSense:5+5,192,1,5,7,MotionSense,0.734375,0.6805272240635297,5.230560302734375,5.230560302734375
resnetse5,device:RealWorld_thigh+MotionSense:5+5,192,1,5,8,RealWorld_thigh,0.6128472222222222,0.5675819390640539,5.230560302734375,5.230560302734375
resnetse5,device:RealWorld_thigh+MotionSense:5+5,192,1,5,8,MotionSense,0.7421875,0.689248183407814,5.230560302734375,5.230560302734375
resnetse5,device:RealWorld_thigh+MotionSense:5+5,192,1,5,9,RealWorld_thigh,0.6270833333333333,0.5827347497333304,5.230560302734375,5.230560302734375
resnetse5,device:RealWorld_thigh+MotionSense:5+5,192,1,5,9,MotionSense,0.7490234375,0.6961953882570541,5.230560302734375,5.230560302734375
resnetse5,device:RealWorld_thigh+MotionSense:5+5,192,1,5,10,RealWorld_thigh,0.6423611111111112,0.5980115823796349,5.230560302734375,5.230560302734375
resnetse5,device:RealWorld_thigh+MotionSense:5+5,192,1,5,10,MotionSense,0.7490234375,0.6961260620852417,5.230560302734375,5.230560302734375
resnetse5,device:RealWorld_thigh+MotionSense:5+5,192,1,5,11,RealWorld_thigh,0.6447916666666667,0.6001409349391954,5.230560302734375,5.230560302734375
resnetse5,device:RealWorld_thigh+MotionSense:5+5,192,1,5,11,MotionSense,0.748046875,0.6952892119368475,5.230560302734375,5.230560302734375
resnetse5,device:RealWorld_thigh+MotionSense:5+5,192,1,5,12,RealWorld_thigh,0.6458333333333334,0.6010647451944214,5.230560302734375,5.230560302734375
resnetse5,device:RealWorld_thigh+MotionSense:5+5,192,1,5,12,MotionSense,0.748046875,0.6951887671582854,5.230560302734375,5.230560302734375
resnetse5,device:RealWorld_thigh+MotionSense:5+5,192,1,5,13,RealWorld_thigh,0.6479166666666667,0.6032436166152406,5.230560302734375,5.230560302734375
resnetse5,device:RealWorld_thigh+MotionSense:5+5,192,1,5,13,MotionSense,0.74609375,0.6928179274411984,5.230560302734375,5.230560302734375
resnetse5,device:RealWorld_thigh+MotionSense:5+5,192,1,5,14,RealWorld_thigh,0.6503472222222222,0.6060228179499128,5.230560302734375,5.230560302734375
resnetse5,device:RealWorld_thigh+MotionSense:5+5,192,1,5,14,MotionSense,0.7431640625,0.6898811255001269,5.230560302734375,5.230560302734375
resnetse5,device:RealWorld_thigh+MotionSense:5+5,192,1,5,15,RealWorld_thigh,0.6506944444444445,0.6064707542929648,5.230560302734375,5.230560302734375
resnetse5,device:RealWorld_thigh+MotionSense:5+5,192,1,5,15,MotionSense,0.7412109375,0.6874267316890169,5.230560302734375,5.230560302734375
resnetse5,device:RealWorld_thigh+MotionSense:5+5,192,1,5,16,RealWorld_thigh,0.6458333333333334,0.6016436004253659,5.230560302734375,5.230560302734375
resnetse5,device:RealWorld_thigh+MotionSense:5+5,192,1,5,16,MotionSense,0.7392578125,0.6855796825941137,5.230560302734375,5.230560302734375
resnetse5,device:RealWorld_thigh+MotionSense:5+5,192,1,5,17,RealWorld_thigh,0.6489583333333333,0.6491583211004383,5.230560302734375,5.230560302734375
resnetse5,device:RealWorld_thigh+MotionSense:5+5,192,1,5,17,MotionSense,0.734375,0.6801055408644179,5.230560302734375,5.230560302734375
resnetse5,device:RealWorld_thigh+MotionSense:5+5,192,1,5,18,RealWorld_thigh,0.7055555555555556,0.7045854407640763,5.230560302734375,5.230560302734375
resnetse5,device:RealWorld_thigh+MotionSense:5+5,192,1,5,18,MotionSense,0.783203125,0.7777465302354402,5.230560302734375,5.230560302734375
resnetse5,device:RealWorld_thigh+MotionSense:5+5,192,1,5,19,RealWorld_thigh,0.6996527777777778,0.6966314712851802,5.230560302734375,5.230560302734375
resnetse5,device:RealWorld_thigh+MotionSense:5+5,192,1,5,19,MotionSense,0.7841796875,0.7753939352212776,5.230560302734375,5.230560302734375
resnetse5,device:RealWorld_thigh+MotionSense:5+5,192,1,5,20,RealWorld_thigh,0.6923611111111111,0.6845277600671945,5.230560302734375,5.230560302734375
resnetse5,device:RealWorld_thigh+MotionSense:5+5,192,1,5,20,MotionSense,0.76171875,0.7412095100631982,5.230560302734375,5.230560302734375
resnetse5,device:RealWorld_thigh+MotionSense:5+5,192,1,5,21,RealWorld_thigh,0.7048611111111112,0.7013233821767574,5.230560302734375,5.230560302734375
resnetse5,device:RealWorld_thigh+MotionSense:5+5,192,1,5,21,MotionSense,0.7802734375,0.7708196632971575,5.230560302734375,5.230560302734375
resnetse5,device:RealWorld_thigh+MotionSense:5+5,192,1,5,22,RealWorld_thigh,0.6934027777777778,0.6826370879753222,5.230560302734375,5.230560302734375
resnetse5,device:RealWorld_thigh+MotionSense:5+5,192,1,5,22,MotionSense,0.7587890625,0.7345465990652872,5.230560302734375,5.230560302734375
resnetse5,device:RealWorld_thigh+MotionSense:5+5,192,1,5,23,RealWorld_thigh,0.6909722222222222,0.6777108154057424,5.230560302734375,5.230560302734375
resnetse5,device:RealWorld_thigh+MotionSense:5+5,192,1,5,23,MotionSense,0.74609375,0.7128460478563495,5.230560302734375,5.230560302734375
resnetse5,device:RealWorld_thigh+MotionSense:5+5,192,1,5,24,RealWorld_thigh,0.6982638888888889,0.6873348155569597,5.230560302734375,5.230560302734375
resnetse5,device:RealWorld_thigh+MotionSense:5+5,192,1,5,24,MotionSense,0.7568359375,0.7304215046720098,5.230560302734375,5.230560302734375
resnetse5,device:RealWorld_thigh+MotionSense:5+5,192,1,5,25,RealWorld_thigh,0.6916666666666667,0.6788197322782041,5.230560302734375,5.230560302734375
resnetse5,device:RealWorld_thigh+MotionSense:5+5,192,1,5,25,MotionSense,0.7509765625,0.7205194228119689,5.230560302734375,5.230560302734375
resnetse5,device:RealWorld_thigh+MotionSense:5+5,192,1,5,26,RealWorld_thigh,0.6982638888888889,0.6866761435280312,5.230560302734375,5.230560302734375
resnetse5,device:RealWorld_thigh+MotionSense:5+5,192,1,5,26,MotionSense,0.7568359375,0.7299447115711258,5.230560302734375,5.230560302734375
resnetse5,device:RealWorld_thigh+MotionSense:5+5,192,1,5,27,RealWorld_thigh,0.7045138888888889,0.6934229259422326,5.230560302734375,5.230560302734375
resnetse5,device:RealWorld_thigh+MotionSense:5+5,192,1,5,27,MotionSense,0.7587890625,0.7364720102580554,5.230560302734375,5.230560302734375
resnetse5,device:RealWorld_thigh+MotionSense:5+5,192,1,5,28,RealWorld_thigh,0.7024305555555556,0.6916692333275062,5.230560302734375,5.230560302734375
resnetse5,device:RealWorld_thigh+MotionSense:5+5,192,1,5,28,MotionSense,0.759765625,0.7367713897174722,5.230560302734375,5.230560302734375
resnetse5,device:RealWorld_thigh+MotionSense:5+5,192,1,5,29,RealWorld_thigh,0.7177083333333333,0.7134304971107251,5.230560302734375,5.230560302734375
resnetse5,device:RealWorld_thigh+MotionSense:5+5,192,1,5,29,MotionSense,0.775390625,0.7656299332221613,5.230560302734375,5.230560302734375
resnetse5,device:RealWorld_thigh+MotionSense:5+5,192,1,5,30,RealWorld_thigh,0.7135416666666666,0.709974089101904,5.230560302734375,5.230560302734375
resnetse5,device:RealWorld_thigh+MotionSense:5+5,192,1,5,30,MotionSense,0.78125,0.772428037768165,5.230560302734375,5.230560302734375
resnetse5,device:RealWorld_thigh+MotionSense:5+5,192,1,5,31,RealWorld_thigh,0.7229166666666667,0.7213875265109689,5.230560302734375,5.230560302734375
resnetse5,device:RealWorld_thigh+MotionSense:5+5,192,1,5,31,MotionSense,0.78125,0.7728190308747706,5.230560302734375,5.230560302734375
resnetse5,device:RealWorld_thigh+MotionSense:5+5,192,1,5,32,RealWorld_thigh,0.6743055555555556,0.6814760654511766,5.230560302734375,5.230560302734375
resnetse5,device:RealWorld_thigh+MotionSense:5+5,192,1,5,32,MotionSense,0.7880859375,0.7847196352357161,5.230560302734375,5.230560302734375
resnetse5,device:RealWorld_thigh+MotionSense:5+5,192,1,5,33,RealWorld_thigh,0.6795138888888889,0.6864831567656555,5.230560302734375,5.230560302734375
resnetse5,device:RealWorld_thigh+MotionSense:5+5,192,1,5,33,MotionSense,0.7978515625,0.7943659332828451,5.230560302734375,5.230560302734375
resnetse5,device:RealWorld_thigh+MotionSense:5+5,192,1,5,34,RealWorld_thigh,0.6885416666666667,0.6953182977395519,5.230560302734375,5.230560302734375
resnetse5,device:RealWorld_thigh+MotionSense:5+5,192,1,5,34,MotionSense,0.7724609375,0.7537668267683822,5.230560302734375,5.230560302734375
resnetse5,device:RealWorld_thigh+MotionSense:5+5,192,1,5,35,RealWorld_thigh,0.6989583333333333,0.7048096233308044,5.230560302734375,5.230560302734375
resnetse5,device:RealWorld_thigh+MotionSense:5+5,192,1,5,35,MotionSense,0.724609375,0.667757466957918,5.230560302734375,5.230560302734375
resnetse5,device:RealWorld_thigh+MotionSense:5+5,192,1,5,36,RealWorld_thigh,0.6645833333333333,0.6672449045772498,5.230560302734375,5.230560302734375
resnetse5,device:RealWorld_thigh+MotionSense:5+5,192,1,5,36,MotionSense,0.72265625,0.6659500151542113,5.230560302734375,5.230560302734375
resnetse5,device:RealWorld_thigh+MotionSense:5+5,192,1,5,37,RealWorld_thigh,0.6680555555555555,0.6715215891871568,5.230560302734375,5.230560302734375
resnetse5,device:RealWorld_thigh+MotionSense:5+5,192,1,5,37,MotionSense,0.728515625,0.6725245679097788,5.230560302734375,5.230560302734375
resnetse5,device:RealWorld_thigh+MotionSense:5+5,192,1,5,38,RealWorld_thigh,0.6722222222222223,0.6761014368022026,5.230560302734375,5.230560302734375
resnetse5,device:RealWorld_thigh+MotionSense:5+5,192,1,5,38,MotionSense,0.7265625,0.6685706016194938,5.230560302734375,5.230560302734375
resnetse5,device:RealWorld_thigh+MotionSense:5+5,192,1,5,39,RealWorld_thigh,0.6777777777777778,0.6794516310687727,5.230560302734375,5.230560302734375
resnetse5,device:RealWorld_thigh+MotionSense:5+5,192,1,5,39,MotionSense,0.716796875,0.6555379234078414,5.230560302734375,5.230560302734375
resnetse5,device:RealWorld_thigh+MotionSense:5+5,192,1,5,40,RealWorld_thigh,0.6809027777777777,0.6761243054101415,5.230560302734375,5.230560302734375
resnetse5,device:RealWorld_thigh+MotionSense:5+5,192,1,5,40,MotionSense,0.7236328125,0.6656672889483978,5.230560302734375,5.230560302734375
resnetse5,device:RealWorld_thigh+MotionSense:5+5,192,1,5,41,RealWorld_thigh,0.6881944444444444,0.681786218059279,5.230560302734375,5.230560302734375
resnetse5,device:RealWorld_thigh+MotionSense:5+5,192,1,5,41,MotionSense,0.720703125,0.661507135856429,5.230560302734375,5.230560302734375
resnetse5,device:RealWorld_thigh+MotionSense:5+5,192,1,5,42,RealWorld_thigh,0.6878472222222223,0.6831935530853529,5.230560302734375,5.230560302734375
resnetse5,device:RealWorld_thigh+MotionSense:5+5,192,1,5,42,MotionSense,0.7109375,0.6459707961424966,5.230560302734375,5.230560302734375
resnetse5,device:RealWorld_thigh+MotionSense:5+5,192,1,5,43,RealWorld_thigh,0.6927083333333334,0.6803310140125013,5.230560302734375,5.230560302734375
resnetse5,device:RealWorld_thigh+MotionSense:5+5,192,1,5,43,MotionSense,0.7216796875,0.6633750051683256,5.230560302734375,5.230560302734375
resnetse5,device:RealWorld_thigh+MotionSense:5+5,192,1,5,44,RealWorld_thigh,0.6760416666666667,0.6480522455618531,5.230560302734375,5.230560302734375
resnetse5,device:RealWorld_thigh+MotionSense:5+5,192,1,5,44,MotionSense,0.7197265625,0.661027553517702,5.230560302734375,5.230560302734375
resnetse5,device:RealWorld_thigh+MotionSense:5+5,192,1,5,45,RealWorld_thigh,0.69375,0.6808253266561061,5.230560302734375,5.230560302734375
resnetse5,device:RealWorld_thigh+MotionSense:5+5,192,1,5,45,MotionSense,0.708984375,0.6445612084569472,5.230560302734375,5.230560302734375
resnetse5,device:RealWorld_thigh+MotionSense:5+5,192,1,5,46,RealWorld_thigh,0.6833333333333333,0.6789975078050309,5.230560302734375,5.230560302734375
resnetse5,device:RealWorld_thigh+MotionSense:5+5,192,1,5,46,MotionSense,0.7236328125,0.6652484285948876,5.230560302734375,5.230560302734375
resnetse5,device:RealWorld_thigh+MotionSense:5+5,192,1,5,47,RealWorld_thigh,0.6868055555555556,0.6786775298270563,5.230560302734375,5.230560302734375
resnetse5,device:RealWorld_thigh+MotionSense:5+5,192,1,5,47,MotionSense,0.716796875,0.6566631334252079,5.230560302734375,5.230560302734375
resnetse5,device:RealWorld_thigh+MotionSense:5+5,192,1,5,48,RealWorld_thigh,0.6645833333333333,0.6247226497602408,5.230560302734375,5.230560302734375
resnetse5,device:RealWorld_thigh+MotionSense:5+5,192,1,5,48,MotionSense,0.71484375,0.6546006626772022,5.230560302734375,5.230560302734375
resnetse5,device:RealWorld_thigh+MotionSense:5+5,192,1,5,49,RealWorld_thigh,0.659375,0.620819704376377,5.230560302734375,5.230560302734375
resnetse5,device:RealWorld_thigh+MotionSense:5+5,192,1,5,49,MotionSense,0.703125,0.6404160308088981,5.230560302734375,5.230560302734375
resnetse5,device:RealWorld_thigh+MotionSense:5+5,192,1,5,50,RealWorld_thigh,0.6666666666666666,0.6280922153576515,5.230560302734375,5.230560302734375
resnetse5,device:RealWorld_thigh+MotionSense:5+5,192,1,5,50,MotionSense,0.7255859375,0.667673292817776,5.230560302734375,5.230560302734375
resnetse5,device:RealWorld_thigh+MotionSense:5+5,192,1,5,51,RealWorld_thigh,0.6631944444444444,0.6230595425566804,5.230560302734375,5.230560302734375
resnetse5,device:RealWorld_thigh+MotionSense:5+5,192,1,5,51,MotionSense,0.7080078125,0.6456898753388032,5.230560302734375,5.230560302734375
resnetse5,device:RealWorld_thigh+MotionSense:5+5,192,1,5,52,RealWorld_thigh,0.6628472222222223,0.6222475085577905,5.230560302734375,5.230560302734375
resnetse5,device:RealWorld_thigh+MotionSense:5+5,192,1,5,52,MotionSense,0.7216796875,0.6641924642178886,5.230560302734375,5.230560302734375
resnetse5,device:RealWorld_thigh+MotionSense:5+5,192,1,5,53,RealWorld_thigh,0.66875,0.6282781628966075,5.230560302734375,5.230560302734375
resnetse5,device:RealWorld_thigh+MotionSense:5+5,192,1,5,53,MotionSense,0.7158203125,0.6551709777748861,5.230560302734375,5.230560302734375
resnetse5,device:RealWorld_thigh+MotionSense:5+5,192,1,5,54,RealWorld_thigh,0.6625,0.6204481281400976,5.230560302734375,5.230560302734375
resnetse5,device:RealWorld_thigh+MotionSense:5+5,192,1,5,54,MotionSense,0.703125,0.6406932767064168,5.230560302734375,5.230560302734375
resnetse5,device:RealWorld_thigh+MotionSense:5+5,192,1,5,55,RealWorld_thigh,0.6638888888888889,0.6236278439756137,5.230560302734375,5.230560302734375
resnetse5,device:RealWorld_thigh+MotionSense:5+5,192,1,5,55,MotionSense,0.7099609375,0.6463478465504877,5.230560302734375,5.230560302734375
resnetse5,device:RealWorld_thigh+MotionSense:5+5,192,1,5,56,RealWorld_thigh,0.6767361111111111,0.6491818415880745,5.230560302734375,5.230560302734375
resnetse5,device:RealWorld_thigh+MotionSense:5+5,192,1,5,56,MotionSense,0.70703125,0.6436805389844563,5.230560302734375,5.230560302734375
resnetse5,device:RealWorld_thigh+MotionSense:5+5,192,1,5,57,RealWorld_thigh,0.6586805555555556,0.615827544947549,5.230560302734375,5.230560302734375
resnetse5,device:RealWorld_thigh+MotionSense:5+5,192,1,5,57,MotionSense,0.7021484375,0.639796673331295,5.230560302734375,5.230560302734375
resnetse5,device:RealWorld_thigh+MotionSense:5+5,192,1,5,58,RealWorld_thigh,0.6597222222222222,0.6173316688244568,5.230560302734375,5.230560302734375
resnetse5,device:RealWorld_thigh+MotionSense:5+5,192,1,5,58,MotionSense,0.701171875,0.6392441536959484,5.230560302734375,5.230560302734375
resnetse5,device:RealWorld_thigh+MotionSense:5+5,192,1,5,59,RealWorld_thigh,0.6666666666666666,0.624818509463624,5.230560302734375,5.230560302734375
resnetse5,device:RealWorld_thigh+MotionSense:5+5,192,1,5,59,MotionSense,0.7119140625,0.6489606618394584,5.230560302734375,5.230560302734375
resnetse5,device:RealWorld_thigh+MotionSense:5+5,192,1,5,60,RealWorld_thigh,0.6579861111111112,0.6141346004976218,5.230560302734375,5.230560302734375
resnetse5,device:RealWorld_thigh+MotionSense:5+5,192,1,5,60,MotionSense,0.708984375,0.6463362920377334,5.230560302734375,5.230560302734375
resnetse5,device:RealWorld_thigh+MotionSense:5+5,192,1,5,61,RealWorld_thigh,0.6600694444444445,0.6174084756317633,5.230560302734375,5.230560302734375
resnetse5,device:RealWorld_thigh+MotionSense:5+5,192,1,5,61,MotionSense,0.7177734375,0.658337993680126,5.230560302734375,5.230560302734375
resnetse5,device:RealWorld_thigh+MotionSense:5+5,192,1,5,62,RealWorld_thigh,0.6517361111111111,0.607714828716935,5.230560302734375,5.230560302734375
resnetse5,device:RealWorld_thigh+MotionSense:5+5,192,1,5,62,MotionSense,0.7109375,0.6522839535340408,5.230560302734375,5.230560302734375
resnetse5,device:RealWorld_thigh+MotionSense:5+5,192,1,5,63,RealWorld_thigh,0.6670138888888889,0.6246344710592503,5.230560302734375,5.230560302734375
resnetse5,device:RealWorld_thigh+MotionSense:5+5,192,1,5,63,MotionSense,0.71484375,0.6519115207108436,5.230560302734375,5.230560302734375
resnetse5,device:RealWorld_thigh+MotionSense:5+5,192,1,5,64,RealWorld_thigh,0.6600694444444445,0.6174092801121343,5.230560302734375,5.230560302734375
resnetse5,device:RealWorld_thigh+MotionSense:5+5,192,1,5,64,MotionSense,0.7099609375,0.6470562915411884,5.230560302734375,5.230560302734375
resnetse5,device:RealWorld_thigh+MotionSense:5+5,192,1,5,65,RealWorld_thigh,0.6597222222222222,0.6167394485844497,5.230560302734375,5.230560302734375
resnetse5,device:RealWorld_thigh+MotionSense:5+5,192,1,5,65,MotionSense,0.7138671875,0.6519762346769314,5.230560302734375,5.230560302734375
resnetse5,device:RealWorld_thigh+MotionSense:5+5,192,1,5,66,RealWorld_thigh,0.6597222222222222,0.6184107158056843,5.230560302734375,5.230560302734375
resnetse5,device:RealWorld_thigh+MotionSense:5+5,192,1,5,66,MotionSense,0.7158203125,0.6541937420432459,5.230560302734375,5.230560302734375
resnetse5,device:RealWorld_thigh+MotionSense:5+5,192,1,5,67,RealWorld_thigh,0.6579861111111112,0.6153188519668061,5.230560302734375,5.230560302734375
resnetse5,device:RealWorld_thigh+MotionSense:5+5,192,1,5,67,MotionSense,0.7197265625,0.6595026351728986,5.230560302734375,5.230560302734375
resnetse5,device:RealWorld_thigh+MotionSense:5+5,192,1,5,68,RealWorld_thigh,0.6604166666666667,0.6177478483103043,5.230560302734375,5.230560302734375
resnetse5,device:RealWorld_thigh+MotionSense:5+5,192,1,5,68,MotionSense,0.7109375,0.6476803982404177,5.230560302734375,5.230560302734375
resnetse5,device:RealWorld_thigh+MotionSense:5+5,192,1,5,69,RealWorld_thigh,0.6635416666666667,0.622586611187805,5.230560302734375,5.230560302734375
resnetse5,device:RealWorld_thigh+MotionSense:5+5,192,1,5,69,MotionSense,0.7041015625,0.6373040664547562,5.230560302734375,5.230560302734375
resnetse5,device:RealWorld_thigh+MotionSense:5+5,192,1,5,70,RealWorld_thigh,0.6552083333333333,0.6117940851116161,5.230560302734375,5.230560302734375
resnetse5,device:RealWorld_thigh+MotionSense:5+5,192,1,5,70,MotionSense,0.7216796875,0.6637327547408924,5.230560302734375,5.230560302734375
resnetse5,device:RealWorld_thigh+MotionSense:5+5,192,1,5,71,RealWorld_thigh,0.6600694444444445,0.6168612307471918,5.230560302734375,5.230560302734375
resnetse5,device:RealWorld_thigh+MotionSense:5+5,192,1,5,71,MotionSense,0.7138671875,0.651331340548562,5.230560302734375,5.230560302734375
resnetse5,device:RealWorld_thigh+MotionSense:5+5,192,1,5,72,RealWorld_thigh,0.6559027777777777,0.6113862419298391,5.230560302734375,5.230560302734375
resnetse5,device:RealWorld_thigh+MotionSense:5+5,192,1,5,72,MotionSense,0.7099609375,0.648154840775501,5.230560302734375,5.230560302734375
resnetse5,device:RealWorld_thigh+MotionSense:5+5,192,1,5,73,RealWorld_thigh,0.6520833333333333,0.6081278293454985,5.230560302734375,5.230560302734375
resnetse5,device:RealWorld_thigh+MotionSense:5+5,192,1,5,73,MotionSense,0.716796875,0.6590056691254846,5.230560302734375,5.230560302734375
resnetse5,device:RealWorld_thigh+MotionSense:5+5,192,1,5,74,RealWorld_thigh,0.6555555555555556,0.612080843458683,5.230560302734375,5.230560302734375
resnetse5,device:RealWorld_thigh+MotionSense:5+5,192,1,5,74,MotionSense,0.7109375,0.648486694865961,5.230560302734375,5.230560302734375
resnetse5,device:RealWorld_thigh+MotionSense:5+5,192,1,5,75,RealWorld_thigh,0.6552083333333333,0.6114230539761237,5.230560302734375,5.230560302734375
resnetse5,device:RealWorld_thigh+MotionSense:5+5,192,1,5,75,MotionSense,0.7109375,0.649384183083671,5.230560302734375,5.230560302734375
resnetse5,device:RealWorld_thigh+MotionSense:5+5,192,1,5,76,RealWorld_thigh,0.6559027777777777,0.6118813079600351,5.230560302734375,5.230560302734375
resnetse5,device:RealWorld_thigh+MotionSense:5+5,192,1,5,76,MotionSense,0.705078125,0.6377481629199523,5.230560302734375,5.230560302734375
resnetse5,device:RealWorld_thigh+MotionSense:5+5,192,1,5,77,RealWorld_thigh,0.6409722222222223,0.595718595572092,5.230560302734375,5.230560302734375
resnetse5,device:RealWorld_thigh+MotionSense:5+5,192,1,5,77,MotionSense,0.7138671875,0.6561833263645418,5.230560302734375,5.230560302734375
resnetse5,device:RealWorld_thigh+MotionSense:5+5,192,1,5,78,RealWorld_thigh,0.653125,0.6084690794418853,5.230560302734375,5.230560302734375
resnetse5,device:RealWorld_thigh+MotionSense:5+5,192,1,5,78,MotionSense,0.7080078125,0.6468323750818833,5.230560302734375,5.230560302734375
resnetse5,device:RealWorld_thigh+MotionSense:5+5,192,1,5,79,RealWorld_thigh,0.6534722222222222,0.6096045247386509,5.230560302734375,5.230560302734375
resnetse5,device:RealWorld_thigh+MotionSense:5+5,192,1,5,79,MotionSense,0.701171875,0.6330276614626759,5.230560302734375,5.230560302734375
resnetse5,device:RealWorld_thigh+MotionSense:5+5,192,1,5,80,RealWorld_thigh,0.6517361111111111,0.6079066053567485,5.230560302734375,5.230560302734375
resnetse5,device:RealWorld_thigh+MotionSense:5+5,192,1,5,80,MotionSense,0.712890625,0.6533330161310051,5.230560302734375,5.230560302734375
resnetse5,device:RealWorld_thigh+MotionSense:5+5,192,1,5,81,RealWorld_thigh,0.6444444444444445,0.6001349485536291,5.230560302734375,5.230560302734375
resnetse5,device:RealWorld_thigh+MotionSense:5+5,192,1,5,81,MotionSense,0.70703125,0.6485987718611775,5.230560302734375,5.230560302734375
resnetse5,device:RealWorld_thigh+MotionSense:5+5,192,1,5,82,RealWorld_thigh,0.6565972222222223,0.656457904603024,5.230560302734375,5.230560302734375
resnetse5,device:RealWorld_thigh+MotionSense:5+5,192,1,5,82,MotionSense,0.7109375,0.6530156191419542,5.230560302734375,5.230560302734375
resnetse5,device:RealWorld_thigh+MotionSense:5+5,192,1,5,83,RealWorld_thigh,0.6565972222222223,0.6130938912536038,5.230560302734375,5.230560302734375
resnetse5,device:RealWorld_thigh+MotionSense:5+5,192,1,5,83,MotionSense,0.6923828125,0.6188851426384068,5.230560302734375,5.230560302734375
resnetse5,device:RealWorld_thigh+MotionSense:5+5,192,1,5,84,RealWorld_thigh,0.653125,0.6088336266603962,5.230560302734375,5.230560302734375
resnetse5,device:RealWorld_thigh+MotionSense:5+5,192,1,5,84,MotionSense,0.7041015625,0.6429795771443266,5.230560302734375,5.230560302734375
resnetse5,device:RealWorld_thigh+MotionSense:5+5,192,1,5,85,RealWorld_thigh,0.6513888888888889,0.6074700247854161,5.230560302734375,5.230560302734375
resnetse5,device:RealWorld_thigh+MotionSense:5+5,192,1,5,85,MotionSense,0.6962890625,0.6282513099558004,5.230560302734375,5.230560302734375
resnetse5,device:RealWorld_thigh+MotionSense:5+5,192,1,5,86,RealWorld_thigh,0.6538194444444444,0.6100359633821802,5.230560302734375,5.230560302734375
resnetse5,device:RealWorld_thigh+MotionSense:5+5,192,1,5,86,MotionSense,0.703125,0.6393885401181708,5.230560302734375,5.230560302734375
resnetse5,device:RealWorld_thigh+MotionSense:5+5,192,1,5,87,RealWorld_thigh,0.6104166666666667,0.5897116410742123,5.230560302734375,5.230560302734375
resnetse5,device:RealWorld_thigh+MotionSense:5+5,192,1,5,87,MotionSense,0.7138671875,0.6598389806310483,5.230560302734375,5.230560302734375
resnetse5,device:RealWorld_thigh+MotionSense:5+5,192,1,5,88,RealWorld_thigh,0.6479166666666667,0.6021101713524845,5.230560302734375,5.230560302734375
resnetse5,device:RealWorld_thigh+MotionSense:5+5,192,1,5,88,MotionSense,0.7158203125,0.657200691323765,5.230560302734375,5.230560302734375
resnetse5,device:RealWorld_thigh+MotionSense:5+5,192,1,5,89,RealWorld_thigh,0.6447916666666667,0.6005228726886553,5.230560302734375,5.230560302734375
resnetse5,device:RealWorld_thigh+MotionSense:5+5,192,1,5,89,MotionSense,0.70703125,0.6475739916556256,5.230560302734375,5.230560302734375
resnetse5,device:RealWorld_thigh+MotionSense:5+5,192,1,5,90,RealWorld_thigh,0.6475694444444444,0.6030437973465189,5.230560302734375,5.230560302734375
resnetse5,device:RealWorld_thigh+MotionSense:5+5,192,1,5,90,MotionSense,0.7099609375,0.6514981553794746,5.230560302734375,5.230560302734375
resnetse5,device:RealWorld_thigh+MotionSense:5+5,192,1,5,91,RealWorld_thigh,0.6503472222222222,0.6053282940557349,5.230560302734375,5.230560302734375
resnetse5,device:RealWorld_thigh+MotionSense:5+5,192,1,5,91,MotionSense,0.7109375,0.652004401297556,5.230560302734375,5.230560302734375
resnetse5,device:RealWorld_thigh+MotionSense:5+5,192,1,5,92,RealWorld_thigh,0.6506944444444445,0.6553326953546109,5.230560302734375,5.230560302734375
resnetse5,device:RealWorld_thigh+MotionSense:5+5,192,1,5,92,MotionSense,0.73828125,0.6992933616184681,5.230560302734375,5.230560302734375
resnetse5,device:RealWorld_thigh+MotionSense:5+5,192,1,5,93,RealWorld_thigh,0.6427083333333333,0.6055274782300065,5.230560302734375,5.230560302734375
resnetse5,device:RealWorld_thigh+MotionSense:5+5,192,1,5,93,MotionSense,0.708984375,0.6507863949769811,5.230560302734375,5.230560302734375
resnetse5,device:RealWorld_thigh+MotionSense:5+5,192,1,5,94,RealWorld_thigh,0.6413194444444444,0.5987889477310006,5.230560302734375,5.230560302734375
resnetse5,device:RealWorld_thigh+MotionSense:5+5,192,1,5,94,MotionSense,0.69921875,0.6364247429997211,5.230560302734375,5.230560302734375
resnetse5,device:RealWorld_thigh+MotionSense:5+5,192,1,5,95,RealWorld_thigh,0.6222222222222222,0.6087603020061728,5.230560302734375,5.230560302734375
resnetse5,device:RealWorld_thigh+MotionSense:5+5,192,1,5,95,MotionSense,0.716796875,0.665149472159528,5.230560302734375,5.230560302734375
resnetse5,device:RealWorld_thigh+MotionSense:5+5,192,1,5,96,RealWorld_thigh,0.6684027777777778,0.655175670495994,5.230560302734375,5.230560302734375
resnetse5,device:RealWorld_thigh+MotionSense:5+5,192,1,5,96,MotionSense,0.84765625,0.8362036983401803,5.230560302734375,5.230560302734375
resnetse5,device:RealWorld_thigh+MotionSense:5+5,192,1,5,97,RealWorld_thigh,0.665625,0.662179671766833,5.230560302734375,5.230560302734375
resnetse5,device:RealWorld_thigh+MotionSense:5+5,192,1,5,97,MotionSense,0.71875,0.6709145657572573,5.230560302734375,5.230560302734375
resnetse5,device:RealWorld_thigh+MotionSense:5+5,192,1,5,98,RealWorld_thigh,0.6447916666666667,0.603499492548317,5.230560302734375,5.230560302734375
resnetse5,device:RealWorld_thigh+MotionSense:5+5,192,1,5,98,MotionSense,0.703125,0.6437261406994775,5.230560302734375,5.230560302734375
resnetse5,device:RealWorld_thigh+MotionSense:5+5,192,1,5,99,RealWorld_thigh,0.6493055555555556,0.6111929664564071,5.230560302734375,5.230560302734375
resnetse5,device:RealWorld_thigh+MotionSense:5+5,192,1,5,99,MotionSense,0.6943359375,0.6294106097861188,5.230560302734375,5.230560302734375
resnetse5,device:RealWorld_thigh+MotionSense:5+5,192,1,5,100,RealWorld_thigh,0.6447916666666667,0.6094162490850724,5.230560302734375,5.230560302734375
resnetse5,device:RealWorld_thigh+MotionSense:5+5,192,1,5,100,MotionSense,0.716796875,0.6623324841468302,5.230560302734375,5.230560302734375
resnetse5,device:RealWorld_thigh+MotionSense:5+5,192,2,5,1,RealWorld_thigh,0.3121527777777778,0.1803116291689475,5.230560302734375,5.230560302734375
resnetse5,device:RealWorld_thigh+MotionSense:5+5,192,2,5,1,MotionSense,0.3486328125,0.1877117132816455,5.230560302734375,5.230560302734375
resnetse5,device:RealWorld_thigh+MotionSense:5+5,192,2,5,2,RealWorld_thigh,0.3715277777777778,0.2613813347387022,5.230560302734375,5.230560302734375
resnetse5,device:RealWorld_thigh+MotionSense:5+5,192,2,5,2,MotionSense,0.361328125,0.2219830412623814,5.230560302734375,5.230560302734375
resnetse5,device:RealWorld_thigh+MotionSense:5+5,192,2,5,3,RealWorld_thigh,0.4277777777777777,0.3339533690066114,5.230560302734375,5.230560302734375
resnetse5,device:RealWorld_thigh+MotionSense:5+5,192,2,5,3,MotionSense,0.4326171875,0.3286834295006324,5.230560302734375,5.230560302734375
resnetse5,device:RealWorld_thigh+MotionSense:5+5,192,2,5,4,RealWorld_thigh,0.4684027777777778,0.402397264478101,5.230560302734375,5.230560302734375
resnetse5,device:RealWorld_thigh+MotionSense:5+5,192,2,5,4,MotionSense,0.4814453125,0.3940537154459099,5.230560302734375,5.230560302734375
resnetse5,device:RealWorld_thigh+MotionSense:5+5,192,2,5,5,RealWorld_thigh,0.5027777777777778,0.415566137134189,5.230560302734375,5.230560302734375
resnetse5,device:RealWorld_thigh+MotionSense:5+5,192,2,5,5,MotionSense,0.53125,0.4275773624250596,5.230560302734375,5.230560302734375
resnetse5,device:RealWorld_thigh+MotionSense:5+5,192,2,5,6,RealWorld_thigh,0.5055555555555555,0.4198747884136118,5.230560302734375,5.230560302734375
resnetse5,device:RealWorld_thigh+MotionSense:5+5,192,2,5,6,MotionSense,0.572265625,0.4665412274958413,5.230560302734375,5.230560302734375
resnetse5,device:RealWorld_thigh+MotionSense:5+5,192,2,5,7,RealWorld_thigh,0.509375,0.4277492570938053,5.230560302734375,5.230560302734375
resnetse5,device:RealWorld_thigh+MotionSense:5+5,192,2,5,7,MotionSense,0.6279296875,0.5433857017274889,5.230560302734375,5.230560302734375
resnetse5,device:RealWorld_thigh+MotionSense:5+5,192,2,5,8,RealWorld_thigh,0.5295138888888888,0.4681985699173308,5.230560302734375,5.230560302734375
resnetse5,device:RealWorld_thigh+MotionSense:5+5,192,2,5,8,MotionSense,0.6884765625,0.6286434508958408,5.230560302734375,5.230560302734375
resnetse5,device:RealWorld_thigh+MotionSense:5+5,192,2,5,9,RealWorld_thigh,0.55625,0.5078669361265714,5.230560302734375,5.230560302734375
resnetse5,device:RealWorld_thigh+MotionSense:5+5,192,2,5,9,MotionSense,0.712890625,0.6592414334874704,5.230560302734375,5.230560302734375
resnetse5,device:RealWorld_thigh+MotionSense:5+5,192,2,5,10,RealWorld_thigh,0.5756944444444444,0.5319420760036597,5.230560302734375,5.230560302734375
resnetse5,device:RealWorld_thigh+MotionSense:5+5,192,2,5,10,MotionSense,0.7294921875,0.6781235005632184,5.230560302734375,5.230560302734375
resnetse5,device:RealWorld_thigh+MotionSense:5+5,192,2,5,11,RealWorld_thigh,0.5878472222222222,0.545088707702271,5.230560302734375,5.230560302734375
resnetse5,device:RealWorld_thigh+MotionSense:5+5,192,2,5,11,MotionSense,0.7333984375,0.6822011468533679,5.230560302734375,5.230560302734375
resnetse5,device:RealWorld_thigh+MotionSense:5+5,192,2,5,12,RealWorld_thigh,0.5986111111111111,0.5573614895041202,5.230560302734375,5.230560302734375
resnetse5,device:RealWorld_thigh+MotionSense:5+5,192,2,5,12,MotionSense,0.73046875,0.679922957090216,5.230560302734375,5.230560302734375
resnetse5,device:RealWorld_thigh+MotionSense:5+5,192,2,5,13,RealWorld_thigh,0.6055555555555555,0.563150773479368,5.230560302734375,5.230560302734375
resnetse5,device:RealWorld_thigh+MotionSense:5+5,192,2,5,13,MotionSense,0.7353515625,0.6843669786567886,5.230560302734375,5.230560302734375
resnetse5,device:RealWorld_thigh+MotionSense:5+5,192,2,5,14,RealWorld_thigh,0.6149305555555555,0.6125164582331574,5.230560302734375,5.230560302734375
resnetse5,device:RealWorld_thigh+MotionSense:5+5,192,2,5,14,MotionSense,0.80078125,0.795010303262082,5.230560302734375,5.230560302734375
resnetse5,device:RealWorld_thigh+MotionSense:5+5,192,2,5,15,RealWorld_thigh,0.6267361111111112,0.5827299102209598,5.230560302734375,5.230560302734375
resnetse5,device:RealWorld_thigh+MotionSense:5+5,192,2,5,15,MotionSense,0.736328125,0.6843253666442118,5.230560302734375,5.230560302734375
resnetse5,device:RealWorld_thigh+MotionSense:5+5,192,2,5,16,RealWorld_thigh,0.6319444444444444,0.5871661231289605,5.230560302734375,5.230560302734375
resnetse5,device:RealWorld_thigh+MotionSense:5+5,192,2,5,16,MotionSense,0.7333984375,0.6814935240196563,5.230560302734375,5.230560302734375
resnetse5,device:RealWorld_thigh+MotionSense:5+5,192,2,5,17,RealWorld_thigh,0.6729166666666667,0.6738346595405602,5.230560302734375,5.230560302734375
resnetse5,device:RealWorld_thigh+MotionSense:5+5,192,2,5,17,MotionSense,0.7880859375,0.7860771788396842,5.230560302734375,5.230560302734375
resnetse5,device:RealWorld_thigh+MotionSense:5+5,192,2,5,18,RealWorld_thigh,0.6743055555555556,0.6687112031662735,5.230560302734375,5.230560302734375
resnetse5,device:RealWorld_thigh+MotionSense:5+5,192,2,5,18,MotionSense,0.7861328125,0.7767077558776952,5.230560302734375,5.230560302734375
resnetse5,device:RealWorld_thigh+MotionSense:5+5,192,2,5,19,RealWorld_thigh,0.6819444444444445,0.676841708031474,5.230560302734375,5.230560302734375
resnetse5,device:RealWorld_thigh+MotionSense:5+5,192,2,5,19,MotionSense,0.7861328125,0.7754608434484546,5.230560302734375,5.230560302734375
resnetse5,device:RealWorld_thigh+MotionSense:5+5,192,2,5,20,RealWorld_thigh,0.6815972222222222,0.6747919034744675,5.230560302734375,5.230560302734375
resnetse5,device:RealWorld_thigh+MotionSense:5+5,192,2,5,20,MotionSense,0.7734375,0.7580421124877361,5.230560302734375,5.230560302734375
resnetse5,device:RealWorld_thigh+MotionSense:5+5,192,2,5,21,RealWorld_thigh,0.6913194444444445,0.6855470674139426,5.230560302734375,5.230560302734375
resnetse5,device:RealWorld_thigh+MotionSense:5+5,192,2,5,21,MotionSense,0.7822265625,0.769741693900372,5.230560302734375,5.230560302734375
resnetse5,device:RealWorld_thigh+MotionSense:5+5,192,2,5,22,RealWorld_thigh,0.6868055555555556,0.6775756044237161,5.230560302734375,5.230560302734375
resnetse5,device:RealWorld_thigh+MotionSense:5+5,192,2,5,22,MotionSense,0.7587890625,0.7315744568507171,5.230560302734375,5.230560302734375
resnetse5,device:RealWorld_thigh+MotionSense:5+5,192,2,5,23,RealWorld_thigh,0.6902777777777778,0.6822836046782195,5.230560302734375,5.230560302734375
resnetse5,device:RealWorld_thigh+MotionSense:5+5,192,2,5,23,MotionSense,0.7685546875,0.750211269374708,5.230560302734375,5.230560302734375
resnetse5,device:RealWorld_thigh+MotionSense:5+5,192,2,5,24,RealWorld_thigh,0.6947916666666667,0.6883554434700466,5.230560302734375,5.230560302734375
resnetse5,device:RealWorld_thigh+MotionSense:5+5,192,2,5,24,MotionSense,0.771484375,0.7550036968191858,5.230560302734375,5.230560302734375
resnetse5,device:RealWorld_thigh+MotionSense:5+5,192,2,5,25,RealWorld_thigh,0.6930555555555555,0.6880397117662871,5.230560302734375,5.230560302734375
resnetse5,device:RealWorld_thigh+MotionSense:5+5,192,2,5,25,MotionSense,0.78515625,0.7739993996335653,5.230560302734375,5.230560302734375
resnetse5,device:RealWorld_thigh+MotionSense:5+5,192,2,5,26,RealWorld_thigh,0.7020833333333333,0.6979535442693984,5.230560302734375,5.230560302734375
resnetse5,device:RealWorld_thigh+MotionSense:5+5,192,2,5,26,MotionSense,0.7861328125,0.7776031594274406,5.230560302734375,5.230560302734375
resnetse5,device:RealWorld_thigh+MotionSense:5+5,192,2,5,27,RealWorld_thigh,0.6940972222222223,0.6917110943737003,5.230560302734375,5.230560302734375
resnetse5,device:RealWorld_thigh+MotionSense:5+5,192,2,5,27,MotionSense,0.7841796875,0.7798441617014729,5.230560302734375,5.230560302734375
resnetse5,device:RealWorld_thigh+MotionSense:5+5,192,2,5,28,RealWorld_thigh,0.6677083333333333,0.670799678721147,5.230560302734375,5.230560302734375
resnetse5,device:RealWorld_thigh+MotionSense:5+5,192,2,5,28,MotionSense,0.79296875,0.7909688673276429,5.230560302734375,5.230560302734375
resnetse5,device:RealWorld_thigh+MotionSense:5+5,192,2,5,29,RealWorld_thigh,0.6371527777777778,0.6449881940410459,5.230560302734375,5.230560302734375
resnetse5,device:RealWorld_thigh+MotionSense:5+5,192,2,5,29,MotionSense,0.8115234375,0.8112314073633855,5.230560302734375,5.230560302734375
resnetse5,device:RealWorld_thigh+MotionSense:5+5,192,2,5,30,RealWorld_thigh,0.6402777777777777,0.64829941489754,5.230560302734375,5.230560302734375
resnetse5,device:RealWorld_thigh+MotionSense:5+5,192,2,5,30,MotionSense,0.8125,0.8113134057832312,5.230560302734375,5.230560302734375
resnetse5,device:RealWorld_thigh+MotionSense:5+5,192,2,5,31,RealWorld_thigh,0.6326388888888889,0.6410616535875725,5.230560302734375,5.230560302734375
resnetse5,device:RealWorld_thigh+MotionSense:5+5,192,2,5,31,MotionSense,0.810546875,0.810501954433173,5.230560302734375,5.230560302734375
resnetse5,device:RealWorld_thigh+MotionSense:5+5,192,2,5,32,RealWorld_thigh,0.6232638888888888,0.6320944909336932,5.230560302734375,5.230560302734375
resnetse5,device:RealWorld_thigh+MotionSense:5+5,192,2,5,32,MotionSense,0.8154296875,0.8142486731979148,5.230560302734375,5.230560302734375
resnetse5,device:RealWorld_thigh+MotionSense:5+5,192,2,5,33,RealWorld_thigh,0.6381944444444444,0.6378563739096587,5.230560302734375,5.230560302734375
resnetse5,device:RealWorld_thigh+MotionSense:5+5,192,2,5,33,MotionSense,0.73828125,0.6864683620736547,5.230560302734375,5.230560302734375
resnetse5,device:RealWorld_thigh+MotionSense:5+5,192,2,5,34,RealWorld_thigh,0.6111111111111112,0.6189932977824831,5.230560302734375,5.230560302734375
resnetse5,device:RealWorld_thigh+MotionSense:5+5,192,2,5,34,MotionSense,0.796875,0.786690505660982,5.230560302734375,5.230560302734375
resnetse5,device:RealWorld_thigh+MotionSense:5+5,192,2,5,35,RealWorld_thigh,0.6513888888888889,0.6489134079001156,5.230560302734375,5.230560302734375
resnetse5,device:RealWorld_thigh+MotionSense:5+5,192,2,5,35,MotionSense,0.7392578125,0.6869640927381478,5.230560302734375,5.230560302734375
resnetse5,device:RealWorld_thigh+MotionSense:5+5,192,2,5,36,RealWorld_thigh,0.6479166666666667,0.6471367970947179,5.230560302734375,5.230560302734375
resnetse5,device:RealWorld_thigh+MotionSense:5+5,192,2,5,36,MotionSense,0.7412109375,0.6889942750385623,5.230560302734375,5.230560302734375
resnetse5,device:RealWorld_thigh+MotionSense:5+5,192,2,5,37,RealWorld_thigh,0.6517361111111111,0.6506046627258771,5.230560302734375,5.230560302734375
resnetse5,device:RealWorld_thigh+MotionSense:5+5,192,2,5,37,MotionSense,0.73828125,0.6858168082804134,5.230560302734375,5.230560302734375
resnetse5,device:RealWorld_thigh+MotionSense:5+5,192,2,5,38,RealWorld_thigh,0.6322916666666667,0.6361104288935527,5.230560302734375,5.230560302734375
resnetse5,device:RealWorld_thigh+MotionSense:5+5,192,2,5,38,MotionSense,0.7529296875,0.7162537260686231,5.230560302734375,5.230560302734375
resnetse5,device:RealWorld_thigh+MotionSense:5+5,192,2,5,39,RealWorld_thigh,0.6420138888888889,0.6416708273228181,5.230560302734375,5.230560302734375
resnetse5,device:RealWorld_thigh+MotionSense:5+5,192,2,5,39,MotionSense,0.7421875,0.6911853130017064,5.230560302734375,5.230560302734375
resnetse5,device:RealWorld_thigh+MotionSense:5+5,192,2,5,40,RealWorld_thigh,0.6482638888888889,0.6487800424868447,5.230560302734375,5.230560302734375
resnetse5,device:RealWorld_thigh+MotionSense:5+5,192,2,5,40,MotionSense,0.73828125,0.6854486198972088,5.230560302734375,5.230560302734375
resnetse5,device:RealWorld_thigh+MotionSense:5+5,192,2,5,41,RealWorld_thigh,0.6256944444444444,0.6100934663221637,5.230560302734375,5.230560302734375
resnetse5,device:RealWorld_thigh+MotionSense:5+5,192,2,5,41,MotionSense,0.740234375,0.6869523057327931,5.230560302734375,5.230560302734375
resnetse5,device:RealWorld_thigh+MotionSense:5+5,192,2,5,42,RealWorld_thigh,0.6430555555555556,0.640653198664785,5.230560302734375,5.230560302734375
resnetse5,device:RealWorld_thigh+MotionSense:5+5,192,2,5,42,MotionSense,0.7431640625,0.691805443341417,5.230560302734375,5.230560302734375
resnetse5,device:RealWorld_thigh+MotionSense:5+5,192,2,5,43,RealWorld_thigh,0.6416666666666667,0.6405944638781635,5.230560302734375,5.230560302734375
resnetse5,device:RealWorld_thigh+MotionSense:5+5,192,2,5,43,MotionSense,0.7431640625,0.6915764706175835,5.230560302734375,5.230560302734375
resnetse5,device:RealWorld_thigh+MotionSense:5+5,192,2,5,44,RealWorld_thigh,0.6454861111111111,0.6452552153612463,5.230560302734375,5.230560302734375
resnetse5,device:RealWorld_thigh+MotionSense:5+5,192,2,5,44,MotionSense,0.7421875,0.6904181773944084,5.230560302734375,5.230560302734375
resnetse5,device:RealWorld_thigh+MotionSense:5+5,192,2,5,45,RealWorld_thigh,0.6413194444444444,0.6405714316608205,5.230560302734375,5.230560302734375
resnetse5,device:RealWorld_thigh+MotionSense:5+5,192,2,5,45,MotionSense,0.7412109375,0.6897021036357098,5.230560302734375,5.230560302734375
resnetse5,device:RealWorld_thigh+MotionSense:5+5,192,2,5,46,RealWorld_thigh,0.60625,0.5850912701508104,5.230560302734375,5.230560302734375
resnetse5,device:RealWorld_thigh+MotionSense:5+5,192,2,5,46,MotionSense,0.7392578125,0.6873326871544249,5.230560302734375,5.230560302734375
resnetse5,device:RealWorld_thigh+MotionSense:5+5,192,2,5,47,RealWorld_thigh,0.6225694444444444,0.5971858448821544,5.230560302734375,5.230560302734375
resnetse5,device:RealWorld_thigh+MotionSense:5+5,192,2,5,47,MotionSense,0.7373046875,0.6830407471508516,5.230560302734375,5.230560302734375
resnetse5,device:RealWorld_thigh+MotionSense:5+5,192,2,5,48,RealWorld_thigh,0.6447916666666667,0.6402698796477354,5.230560302734375,5.230560302734375
resnetse5,device:RealWorld_thigh+MotionSense:5+5,192,2,5,48,MotionSense,0.7421875,0.6889657490673696,5.230560302734375,5.230560302734375
resnetse5,device:RealWorld_thigh+MotionSense:5+5,192,2,5,49,RealWorld_thigh,0.6361111111111111,0.6046292674046817,5.230560302734375,5.230560302734375
resnetse5,device:RealWorld_thigh+MotionSense:5+5,192,2,5,49,MotionSense,0.734375,0.6807152781022828,5.230560302734375,5.230560302734375
resnetse5,device:RealWorld_thigh+MotionSense:5+5,192,2,5,50,RealWorld_thigh,0.6309027777777778,0.636874565271004,5.230560302734375,5.230560302734375
resnetse5,device:RealWorld_thigh+MotionSense:5+5,192,2,5,50,MotionSense,0.740234375,0.6878458486314419,5.230560302734375,5.230560302734375
resnetse5,device:RealWorld_thigh+MotionSense:5+5,192,2,5,51,RealWorld_thigh,0.6625,0.659061577482634,5.230560302734375,5.230560302734375
resnetse5,device:RealWorld_thigh+MotionSense:5+5,192,2,5,51,MotionSense,0.740234375,0.6866396246939478,5.230560302734375,5.230560302734375
resnetse5,device:RealWorld_thigh+MotionSense:5+5,192,2,5,52,RealWorld_thigh,0.6569444444444444,0.6571187050151277,5.230560302734375,5.230560302734375
resnetse5,device:RealWorld_thigh+MotionSense:5+5,192,2,5,52,MotionSense,0.7373046875,0.6830061534939981,5.230560302734375,5.230560302734375
resnetse5,device:RealWorld_thigh+MotionSense:5+5,192,2,5,53,RealWorld_thigh,0.6305555555555555,0.6391045089270597,5.230560302734375,5.230560302734375
resnetse5,device:RealWorld_thigh+MotionSense:5+5,192,2,5,53,MotionSense,0.7431640625,0.6906520989301637,5.230560302734375,5.230560302734375
resnetse5,device:RealWorld_thigh+MotionSense:5+5,192,2,5,54,RealWorld_thigh,0.6260416666666667,0.635417580550578,5.230560302734375,5.230560302734375
resnetse5,device:RealWorld_thigh+MotionSense:5+5,192,2,5,54,MotionSense,0.7333984375,0.6778921645134641,5.230560302734375,5.230560302734375
resnetse5,device:RealWorld_thigh+MotionSense:5+5,192,2,5,55,RealWorld_thigh,0.6329861111111111,0.6423001986390399,5.230560302734375,5.230560302734375
resnetse5,device:RealWorld_thigh+MotionSense:5+5,192,2,5,55,MotionSense,0.7314453125,0.6749421093665662,5.230560302734375,5.230560302734375
resnetse5,device:RealWorld_thigh+MotionSense:5+5,192,2,5,56,RealWorld_thigh,0.6395833333333333,0.6484204632905451,5.230560302734375,5.230560302734375
resnetse5,device:RealWorld_thigh+MotionSense:5+5,192,2,5,56,MotionSense,0.7265625,0.6699211227784326,5.230560302734375,5.230560302734375
resnetse5,device:RealWorld_thigh+MotionSense:5+5,192,2,5,57,RealWorld_thigh,0.6458333333333334,0.6499573678490447,5.230560302734375,5.230560302734375
resnetse5,device:RealWorld_thigh+MotionSense:5+5,192,2,5,57,MotionSense,0.724609375,0.6658636851911576,5.230560302734375,5.230560302734375
resnetse5,device:RealWorld_thigh+MotionSense:5+5,192,2,5,58,RealWorld_thigh,0.6284722222222222,0.6344212435143165,5.230560302734375,5.230560302734375
resnetse5,device:RealWorld_thigh+MotionSense:5+5,192,2,5,58,MotionSense,0.734375,0.6785225680237694,5.230560302734375,5.230560302734375
resnetse5,device:RealWorld_thigh+MotionSense:5+5,192,2,5,59,RealWorld_thigh,0.6388888888888888,0.6436446654936866,5.230560302734375,5.230560302734375
resnetse5,device:RealWorld_thigh+MotionSense:5+5,192,2,5,59,MotionSense,0.734375,0.6802552321683017,5.230560302734375,5.230560302734375
resnetse5,device:RealWorld_thigh+MotionSense:5+5,192,2,5,60,RealWorld_thigh,0.6402777777777777,0.6369947943746719,5.230560302734375,5.230560302734375
resnetse5,device:RealWorld_thigh+MotionSense:5+5,192,2,5,60,MotionSense,0.7236328125,0.6645572812457142,5.230560302734375,5.230560302734375
resnetse5,device:RealWorld_thigh+MotionSense:5+5,192,2,5,61,RealWorld_thigh,0.6302083333333334,0.632879336530297,5.230560302734375,5.230560302734375
resnetse5,device:RealWorld_thigh+MotionSense:5+5,192,2,5,61,MotionSense,0.7373046875,0.6840076774910621,5.230560302734375,5.230560302734375
resnetse5,device:RealWorld_thigh+MotionSense:5+5,192,2,5,62,RealWorld_thigh,0.6350694444444445,0.6386034553264266,5.230560302734375,5.230560302734375
resnetse5,device:RealWorld_thigh+MotionSense:5+5,192,2,5,62,MotionSense,0.7265625,0.6690262275880715,5.230560302734375,5.230560302734375
resnetse5,device:RealWorld_thigh+MotionSense:5+5,192,2,5,63,RealWorld_thigh,0.6190972222222222,0.6159180377903183,5.230560302734375,5.230560302734375
resnetse5,device:RealWorld_thigh+MotionSense:5+5,192,2,5,63,MotionSense,0.736328125,0.6815501441724093,5.230560302734375,5.230560302734375
resnetse5,device:RealWorld_thigh+MotionSense:5+5,192,2,5,64,RealWorld_thigh,0.6361111111111111,0.6316581643037178,5.230560302734375,5.230560302734375
resnetse5,device:RealWorld_thigh+MotionSense:5+5,192,2,5,64,MotionSense,0.7353515625,0.679854569449099,5.230560302734375,5.230560302734375
resnetse5,device:RealWorld_thigh+MotionSense:5+5,192,2,5,65,RealWorld_thigh,0.640625,0.6415112394719128,5.230560302734375,5.230560302734375
resnetse5,device:RealWorld_thigh+MotionSense:5+5,192,2,5,65,MotionSense,0.732421875,0.6820870777713326,5.230560302734375,5.230560302734375
resnetse5,device:RealWorld_thigh+MotionSense:5+5,192,2,5,66,RealWorld_thigh,0.6291666666666667,0.6308514784028103,5.230560302734375,5.230560302734375
resnetse5,device:RealWorld_thigh+MotionSense:5+5,192,2,5,66,MotionSense,0.744140625,0.6919369275472705,5.230560302734375,5.230560302734375
resnetse5,device:RealWorld_thigh+MotionSense:5+5,192,2,5,67,RealWorld_thigh,0.6375,0.636585940084886,5.230560302734375,5.230560302734375
resnetse5,device:RealWorld_thigh+MotionSense:5+5,192,2,5,67,MotionSense,0.728515625,0.6705089184429857,5.230560302734375,5.230560302734375
resnetse5,device:RealWorld_thigh+MotionSense:5+5,192,2,5,68,RealWorld_thigh,0.6486111111111111,0.6473086452671272,5.230560302734375,5.230560302734375
resnetse5,device:RealWorld_thigh+MotionSense:5+5,192,2,5,68,MotionSense,0.724609375,0.6665535955438818,5.230560302734375,5.230560302734375
resnetse5,device:RealWorld_thigh+MotionSense:5+5,192,2,5,69,RealWorld_thigh,0.6211805555555555,0.6149569571542192,5.230560302734375,5.230560302734375
resnetse5,device:RealWorld_thigh+MotionSense:5+5,192,2,5,69,MotionSense,0.734375,0.6791181139928989,5.230560302734375,5.230560302734375
resnetse5,device:RealWorld_thigh+MotionSense:5+5,192,2,5,70,RealWorld_thigh,0.6659722222222222,0.6679114155155478,5.230560302734375,5.230560302734375
resnetse5,device:RealWorld_thigh+MotionSense:5+5,192,2,5,70,MotionSense,0.7255859375,0.668887129192922,5.230560302734375,5.230560302734375
resnetse5,device:RealWorld_thigh+MotionSense:5+5,192,2,5,71,RealWorld_thigh,0.6354166666666666,0.6343902669072717,5.230560302734375,5.230560302734375
resnetse5,device:RealWorld_thigh+MotionSense:5+5,192,2,5,71,MotionSense,0.734375,0.6800029485406552,5.230560302734375,5.230560302734375
resnetse5,device:RealWorld_thigh+MotionSense:5+5,192,2,5,72,RealWorld_thigh,0.6399305555555556,0.6400750453880524,5.230560302734375,5.230560302734375
resnetse5,device:RealWorld_thigh+MotionSense:5+5,192,2,5,72,MotionSense,0.74609375,0.6983856688492974,5.230560302734375,5.230560302734375
resnetse5,device:RealWorld_thigh+MotionSense:5+5,192,2,5,73,RealWorld_thigh,0.6163194444444444,0.610064976242089,5.230560302734375,5.230560302734375
resnetse5,device:RealWorld_thigh+MotionSense:5+5,192,2,5,73,MotionSense,0.732421875,0.6771585735164084,5.230560302734375,5.230560302734375
resnetse5,device:RealWorld_thigh+MotionSense:5+5,192,2,5,74,RealWorld_thigh,0.6263888888888889,0.6248443041932772,5.230560302734375,5.230560302734375
resnetse5,device:RealWorld_thigh+MotionSense:5+5,192,2,5,74,MotionSense,0.73046875,0.6755289971574294,5.230560302734375,5.230560302734375
resnetse5,device:RealWorld_thigh+MotionSense:5+5,192,2,5,75,RealWorld_thigh,0.6329861111111111,0.6303318191745415,5.230560302734375,5.230560302734375
resnetse5,device:RealWorld_thigh+MotionSense:5+5,192,2,5,75,MotionSense,0.736328125,0.6821775276516306,5.230560302734375,5.230560302734375
resnetse5,device:RealWorld_thigh+MotionSense:5+5,192,2,5,76,RealWorld_thigh,0.6649305555555556,0.6666290371581315,5.230560302734375,5.230560302734375
resnetse5,device:RealWorld_thigh+MotionSense:5+5,192,2,5,76,MotionSense,0.7177734375,0.6568935322223289,5.230560302734375,5.230560302734375
resnetse5,device:RealWorld_thigh+MotionSense:5+5,192,2,5,77,RealWorld_thigh,0.6277777777777778,0.6250387537816096,5.230560302734375,5.230560302734375
resnetse5,device:RealWorld_thigh+MotionSense:5+5,192,2,5,77,MotionSense,0.734375,0.6820112668420469,5.230560302734375,5.230560302734375
resnetse5,device:RealWorld_thigh+MotionSense:5+5,192,2,5,78,RealWorld_thigh,0.609375,0.6021497711702298,5.230560302734375,5.230560302734375
resnetse5,device:RealWorld_thigh+MotionSense:5+5,192,2,5,78,MotionSense,0.728515625,0.6715992718791197,5.230560302734375,5.230560302734375
resnetse5,device:RealWorld_thigh+MotionSense:5+5,192,2,5,79,RealWorld_thigh,0.6083333333333333,0.6019574875454228,5.230560302734375,5.230560302734375
resnetse5,device:RealWorld_thigh+MotionSense:5+5,192,2,5,79,MotionSense,0.728515625,0.6715219630185535,5.230560302734375,5.230560302734375
resnetse5,device:RealWorld_thigh+MotionSense:5+5,192,2,5,80,RealWorld_thigh,0.6010416666666667,0.5914480876627879,5.230560302734375,5.230560302734375
resnetse5,device:RealWorld_thigh+MotionSense:5+5,192,2,5,80,MotionSense,0.73046875,0.6725845004938241,5.230560302734375,5.230560302734375
resnetse5,device:RealWorld_thigh+MotionSense:5+5,192,2,5,81,RealWorld_thigh,0.6114583333333333,0.6050980517599093,5.230560302734375,5.230560302734375
resnetse5,device:RealWorld_thigh+MotionSense:5+5,192,2,5,81,MotionSense,0.74609375,0.7001863362592516,5.230560302734375,5.230560302734375
resnetse5,device:RealWorld_thigh+MotionSense:5+5,192,2,5,82,RealWorld_thigh,0.6309027777777778,0.6282556920298413,5.230560302734375,5.230560302734375
resnetse5,device:RealWorld_thigh+MotionSense:5+5,192,2,5,82,MotionSense,0.7333984375,0.6825959896282239,5.230560302734375,5.230560302734375
resnetse5,device:RealWorld_thigh+MotionSense:5+5,192,2,5,83,RealWorld_thigh,0.6246527777777777,0.6208679384587533,5.230560302734375,5.230560302734375
resnetse5,device:RealWorld_thigh+MotionSense:5+5,192,2,5,83,MotionSense,0.73828125,0.6878237810585336,5.230560302734375,5.230560302734375
resnetse5,device:RealWorld_thigh+MotionSense:5+5,192,2,5,84,RealWorld_thigh,0.621875,0.6166388283890468,5.230560302734375,5.230560302734375
resnetse5,device:RealWorld_thigh+MotionSense:5+5,192,2,5,84,MotionSense,0.7275390625,0.6706317047502776,5.230560302734375,5.230560302734375
resnetse5,device:RealWorld_thigh+MotionSense:5+5,192,2,5,85,RealWorld_thigh,0.6065972222222222,0.5983196290763299,5.230560302734375,5.230560302734375
resnetse5,device:RealWorld_thigh+MotionSense:5+5,192,2,5,85,MotionSense,0.7294921875,0.6720607027603046,5.230560302734375,5.230560302734375
resnetse5,device:RealWorld_thigh+MotionSense:5+5,192,2,5,86,RealWorld_thigh,0.5892361111111111,0.5794983561165048,5.230560302734375,5.230560302734375
resnetse5,device:RealWorld_thigh+MotionSense:5+5,192,2,5,86,MotionSense,0.7451171875,0.7043795473940287,5.230560302734375,5.230560302734375
resnetse5,device:RealWorld_thigh+MotionSense:5+5,192,2,5,87,RealWorld_thigh,0.6385416666666667,0.6362008432527785,5.230560302734375,5.230560302734375
resnetse5,device:RealWorld_thigh+MotionSense:5+5,192,2,5,87,MotionSense,0.744140625,0.697311959494296,5.230560302734375,5.230560302734375
resnetse5,device:RealWorld_thigh+MotionSense:5+5,192,2,5,88,RealWorld_thigh,0.5857638888888889,0.5811999238878204,5.230560302734375,5.230560302734375
resnetse5,device:RealWorld_thigh+MotionSense:5+5,192,2,5,88,MotionSense,0.7392578125,0.6911249401012901,5.230560302734375,5.230560302734375
resnetse5,device:RealWorld_thigh+MotionSense:5+5,192,2,5,89,RealWorld_thigh,0.6034722222222222,0.5943884435818503,5.230560302734375,5.230560302734375
resnetse5,device:RealWorld_thigh+MotionSense:5+5,192,2,5,89,MotionSense,0.8779296875,0.8689619993861237,5.230560302734375,5.230560302734375
resnetse5,device:RealWorld_thigh+MotionSense:5+5,192,2,5,90,RealWorld_thigh,0.5878472222222222,0.5668021265195217,5.230560302734375,5.230560302734375
resnetse5,device:RealWorld_thigh+MotionSense:5+5,192,2,5,90,MotionSense,0.8701171875,0.8603198742569922,5.230560302734375,5.230560302734375
resnetse5,device:RealWorld_thigh+MotionSense:5+5,192,2,5,91,RealWorld_thigh,0.609375,0.6021826358094741,5.230560302734375,5.230560302734375
resnetse5,device:RealWorld_thigh+MotionSense:5+5,192,2,5,91,MotionSense,0.755859375,0.7199849524719903,5.230560302734375,5.230560302734375
resnetse5,device:RealWorld_thigh+MotionSense:5+5,192,2,5,92,RealWorld_thigh,0.5940972222222223,0.5759279642870392,5.230560302734375,5.230560302734375
resnetse5,device:RealWorld_thigh+MotionSense:5+5,192,2,5,92,MotionSense,0.869140625,0.8629978206117167,5.230560302734375,5.230560302734375
resnetse5,device:RealWorld_thigh+MotionSense:5+5,192,2,5,93,RealWorld_thigh,0.5961805555555556,0.5883499400778104,5.230560302734375,5.230560302734375
resnetse5,device:RealWorld_thigh+MotionSense:5+5,192,2,5,93,MotionSense,0.7373046875,0.681575550574285,5.230560302734375,5.230560302734375
resnetse5,device:RealWorld_thigh+MotionSense:5+5,192,2,5,94,RealWorld_thigh,0.5909722222222222,0.584594546443861,5.230560302734375,5.230560302734375
resnetse5,device:RealWorld_thigh+MotionSense:5+5,192,2,5,94,MotionSense,0.7333984375,0.683060174807998,5.230560302734375,5.230560302734375
resnetse5,device:RealWorld_thigh+MotionSense:5+5,192,2,5,95,RealWorld_thigh,0.6451388888888889,0.6455677308765327,5.230560302734375,5.230560302734375
resnetse5,device:RealWorld_thigh+MotionSense:5+5,192,2,5,95,MotionSense,0.740234375,0.6948010037485024,5.230560302734375,5.230560302734375
resnetse5,device:RealWorld_thigh+MotionSense:5+5,192,2,5,96,RealWorld_thigh,0.5923611111111111,0.587423602307299,5.230560302734375,5.230560302734375
resnetse5,device:RealWorld_thigh+MotionSense:5+5,192,2,5,96,MotionSense,0.7412109375,0.6919549971717927,5.230560302734375,5.230560302734375
resnetse5,device:RealWorld_thigh+MotionSense:5+5,192,2,5,97,RealWorld_thigh,0.61875,0.6154764317207583,5.230560302734375,5.230560302734375
resnetse5,device:RealWorld_thigh+MotionSense:5+5,192,2,5,97,MotionSense,0.744140625,0.700729827791649,5.230560302734375,5.230560302734375
resnetse5,device:RealWorld_thigh+MotionSense:5+5,192,2,5,98,RealWorld_thigh,0.5982638888888889,0.5942058291884892,5.230560302734375,5.230560302734375
resnetse5,device:RealWorld_thigh+MotionSense:5+5,192,2,5,98,MotionSense,0.73828125,0.6902056385826058,5.230560302734375,5.230560302734375
resnetse5,device:RealWorld_thigh+MotionSense:5+5,192,2,5,99,RealWorld_thigh,0.5854166666666667,0.5810157054651522,5.230560302734375,5.230560302734375
resnetse5,device:RealWorld_thigh+MotionSense:5+5,192,2,5,99,MotionSense,0.736328125,0.6879781789982581,5.230560302734375,5.230560302734375
resnetse5,device:RealWorld_thigh+MotionSense:5+5,192,2,5,100,RealWorld_thigh,0.5927083333333333,0.5864260178941214,5.230560302734375,5.230560302734375
resnetse5,device:RealWorld_thigh+MotionSense:5+5,192,2,5,100,MotionSense,0.734375,0.6840239766025048,5.230560302734375,5.230560302734375
resnetse5,device:RealWorld_thigh+MotionSense:5+5,192,3,5,1,RealWorld_thigh,0.1454861111111111,0.0709030427591401,5.230560302734375,5.230560302734375
resnetse5,device:RealWorld_thigh+MotionSense:5+5,192,3,5,1,MotionSense,0.181640625,0.0809247564655218,5.230560302734375,5.230560302734375
resnetse5,device:RealWorld_thigh+MotionSense:5+5,192,3,5,2,RealWorld_thigh,0.4041666666666667,0.3210512873996063,5.230560302734375,5.230560302734375
resnetse5,device:RealWorld_thigh+MotionSense:5+5,192,3,5,2,MotionSense,0.439453125,0.2874924368754889,5.230560302734375,5.230560302734375
resnetse5,device:RealWorld_thigh+MotionSense:5+5,192,3,5,3,RealWorld_thigh,0.4864583333333333,0.3948817289166417,5.230560302734375,5.230560302734375
resnetse5,device:RealWorld_thigh+MotionSense:5+5,192,3,5,3,MotionSense,0.4716796875,0.3361371344303988,5.230560302734375,5.230560302734375
resnetse5,device:RealWorld_thigh+MotionSense:5+5,192,3,5,4,RealWorld_thigh,0.515625,0.4332765717511895,5.230560302734375,5.230560302734375
resnetse5,device:RealWorld_thigh+MotionSense:5+5,192,3,5,4,MotionSense,0.474609375,0.3709571348441496,5.230560302734375,5.230560302734375
resnetse5,device:RealWorld_thigh+MotionSense:5+5,192,3,5,5,RealWorld_thigh,0.5291666666666667,0.4607228109028047,5.230560302734375,5.230560302734375
resnetse5,device:RealWorld_thigh+MotionSense:5+5,192,3,5,5,MotionSense,0.4873046875,0.394027462610767,5.230560302734375,5.230560302734375
resnetse5,device:RealWorld_thigh+MotionSense:5+5,192,3,5,6,RealWorld_thigh,0.5479166666666667,0.4891417206321984,5.230560302734375,5.230560302734375
resnetse5,device:RealWorld_thigh+MotionSense:5+5,192,3,5,6,MotionSense,0.5390625,0.4632110069735741,5.230560302734375,5.230560302734375
resnetse5,device:RealWorld_thigh+MotionSense:5+5,192,3,5,7,RealWorld_thigh,0.5690972222222223,0.5193925711825021,5.230560302734375,5.230560302734375
resnetse5,device:RealWorld_thigh+MotionSense:5+5,192,3,5,7,MotionSense,0.60546875,0.5449675829344677,5.230560302734375,5.230560302734375
resnetse5,device:RealWorld_thigh+MotionSense:5+5,192,3,5,8,RealWorld_thigh,0.5875,0.5430068975109668,5.230560302734375,5.230560302734375
resnetse5,device:RealWorld_thigh+MotionSense:5+5,192,3,5,8,MotionSense,0.6591796875,0.6044954632645024,5.230560302734375,5.230560302734375
resnetse5,device:RealWorld_thigh+MotionSense:5+5,192,3,5,9,RealWorld_thigh,0.60625,0.5634403920795067,5.230560302734375,5.230560302734375
resnetse5,device:RealWorld_thigh+MotionSense:5+5,192,3,5,9,MotionSense,0.6806640625,0.6276098522970531,5.230560302734375,5.230560302734375
resnetse5,device:RealWorld_thigh+MotionSense:5+5,192,3,5,10,RealWorld_thigh,0.6211805555555555,0.5795841443546155,5.230560302734375,5.230560302734375
resnetse5,device:RealWorld_thigh+MotionSense:5+5,192,3,5,10,MotionSense,0.6865234375,0.6334142641715044,5.230560302734375,5.230560302734375
resnetse5,device:RealWorld_thigh+MotionSense:5+5,192,3,5,11,RealWorld_thigh,0.628125,0.5869773943751148,5.230560302734375,5.230560302734375
resnetse5,device:RealWorld_thigh+MotionSense:5+5,192,3,5,11,MotionSense,0.7001953125,0.6482787870663226,5.230560302734375,5.230560302734375
resnetse5,device:RealWorld_thigh+MotionSense:5+5,192,3,5,12,RealWorld_thigh,0.6440972222222222,0.6026101341005944,5.230560302734375,5.230560302734375
resnetse5,device:RealWorld_thigh+MotionSense:5+5,192,3,5,12,MotionSense,0.7041015625,0.6531876587296811,5.230560302734375,5.230560302734375
resnetse5,device:RealWorld_thigh+MotionSense:5+5,192,3,5,13,RealWorld_thigh,0.684375,0.666831587488772,5.230560302734375,5.230560302734375
resnetse5,device:RealWorld_thigh+MotionSense:5+5,192,3,5,13,MotionSense,0.7099609375,0.6604229412414675,5.230560302734375,5.230560302734375
resnetse5,device:RealWorld_thigh+MotionSense:5+5,192,3,5,14,RealWorld_thigh,0.6590277777777778,0.6153417238165755,5.230560302734375,5.230560302734375
resnetse5,device:RealWorld_thigh+MotionSense:5+5,192,3,5,14,MotionSense,0.7158203125,0.6669745700181272,5.230560302734375,5.230560302734375
resnetse5,device:RealWorld_thigh+MotionSense:5+5,192,3,5,15,RealWorld_thigh,0.684375,0.6674986223110396,5.230560302734375,5.230560302734375
resnetse5,device:RealWorld_thigh+MotionSense:5+5,192,3,5,15,MotionSense,0.7275390625,0.6928537086191154,5.230560302734375,5.230560302734375
resnetse5,device:RealWorld_thigh+MotionSense:5+5,192,3,5,16,RealWorld_thigh,0.6871527777777777,0.672181642059261,5.230560302734375,5.230560302734375
resnetse5,device:RealWorld_thigh+MotionSense:5+5,192,3,5,16,MotionSense,0.7421875,0.7152569127010676,5.230560302734375,5.230560302734375
resnetse5,device:RealWorld_thigh+MotionSense:5+5,192,3,5,17,RealWorld_thigh,0.6947916666666667,0.6860732028074729,5.230560302734375,5.230560302734375
resnetse5,device:RealWorld_thigh+MotionSense:5+5,192,3,5,17,MotionSense,0.75390625,0.7400679128651735,5.230560302734375,5.230560302734375
resnetse5,device:RealWorld_thigh+MotionSense:5+5,192,3,5,18,RealWorld_thigh,0.6847222222222222,0.6680920428244533,5.230560302734375,5.230560302734375
resnetse5,device:RealWorld_thigh+MotionSense:5+5,192,3,5,18,MotionSense,0.732421875,0.7003969325808067,5.230560302734375,5.230560302734375
resnetse5,device:RealWorld_thigh+MotionSense:5+5,192,3,5,19,RealWorld_thigh,0.6864583333333333,0.6721407910697949,5.230560302734375,5.230560302734375
resnetse5,device:RealWorld_thigh+MotionSense:5+5,192,3,5,19,MotionSense,0.736328125,0.7116661208793369,5.230560302734375,5.230560302734375
resnetse5,device:RealWorld_thigh+MotionSense:5+5,192,3,5,20,RealWorld_thigh,0.6885416666666667,0.6784036787280834,5.230560302734375,5.230560302734375
resnetse5,device:RealWorld_thigh+MotionSense:5+5,192,3,5,20,MotionSense,0.7509765625,0.737222349614535,5.230560302734375,5.230560302734375
resnetse5,device:RealWorld_thigh+MotionSense:5+5,192,3,5,21,RealWorld_thigh,0.6864583333333333,0.678003595982999,5.230560302734375,5.230560302734375
resnetse5,device:RealWorld_thigh+MotionSense:5+5,192,3,5,21,MotionSense,0.7587890625,0.7496148203415638,5.230560302734375,5.230560302734375
resnetse5,device:RealWorld_thigh+MotionSense:5+5,192,3,5,22,RealWorld_thigh,0.6923611111111111,0.6829041703504254,5.230560302734375,5.230560302734375
resnetse5,device:RealWorld_thigh+MotionSense:5+5,192,3,5,22,MotionSense,0.7431640625,0.7308631490956543,5.230560302734375,5.230560302734375
resnetse5,device:RealWorld_thigh+MotionSense:5+5,192,3,5,23,RealWorld_thigh,0.6885416666666667,0.6826335005875217,5.230560302734375,5.230560302734375
resnetse5,device:RealWorld_thigh+MotionSense:5+5,192,3,5,23,MotionSense,0.767578125,0.7615987895033857,5.230560302734375,5.230560302734375
resnetse5,device:RealWorld_thigh+MotionSense:5+5,192,3,5,24,RealWorld_thigh,0.6822916666666666,0.6757489231767391,5.230560302734375,5.230560302734375
resnetse5,device:RealWorld_thigh+MotionSense:5+5,192,3,5,24,MotionSense,0.7666015625,0.7605738835809454,5.230560302734375,5.230560302734375
resnetse5,device:RealWorld_thigh+MotionSense:5+5,192,3,5,25,RealWorld_thigh,0.6920138888888889,0.6879383213957655,5.230560302734375,5.230560302734375
resnetse5,device:RealWorld_thigh+MotionSense:5+5,192,3,5,25,MotionSense,0.76171875,0.757125350800731,5.230560302734375,5.230560302734375
resnetse5,device:RealWorld_thigh+MotionSense:5+5,192,3,5,26,RealWorld_thigh,0.6791666666666667,0.6787402359292241,5.230560302734375,5.230560302734375
resnetse5,device:RealWorld_thigh+MotionSense:5+5,192,3,5,26,MotionSense,0.7685546875,0.7673640920963608,5.230560302734375,5.230560302734375
resnetse5,device:RealWorld_thigh+MotionSense:5+5,192,3,5,27,RealWorld_thigh,0.6763888888888889,0.6772982418414264,5.230560302734375,5.230560302734375
resnetse5,device:RealWorld_thigh+MotionSense:5+5,192,3,5,27,MotionSense,0.767578125,0.7663410728937915,5.230560302734375,5.230560302734375
resnetse5,device:RealWorld_thigh+MotionSense:5+5,192,3,5,28,RealWorld_thigh,0.63125,0.6358291132227354,5.230560302734375,5.230560302734375
resnetse5,device:RealWorld_thigh+MotionSense:5+5,192,3,5,28,MotionSense,0.763671875,0.7633937501741482,5.230560302734375,5.230560302734375
resnetse5,device:RealWorld_thigh+MotionSense:5+5,192,3,5,29,RealWorld_thigh,0.6305555555555555,0.6364924842688325,5.230560302734375,5.230560302734375
resnetse5,device:RealWorld_thigh+MotionSense:5+5,192,3,5,29,MotionSense,0.771484375,0.7728942517205594,5.230560302734375,5.230560302734375
resnetse5,device:RealWorld_thigh+MotionSense:5+5,192,3,5,30,RealWorld_thigh,0.6201388888888889,0.6275402681719361,5.230560302734375,5.230560302734375
resnetse5,device:RealWorld_thigh+MotionSense:5+5,192,3,5,30,MotionSense,0.7763671875,0.7781241318475175,5.230560302734375,5.230560302734375
resnetse5,device:RealWorld_thigh+MotionSense:5+5,192,3,5,31,RealWorld_thigh,0.6201388888888889,0.6273507103536052,5.230560302734375,5.230560302734375
resnetse5,device:RealWorld_thigh+MotionSense:5+5,192,3,5,31,MotionSense,0.7763671875,0.7781311562555975,5.230560302734375,5.230560302734375
resnetse5,device:RealWorld_thigh+MotionSense:5+5,192,3,5,32,RealWorld_thigh,0.6010416666666667,0.6071916715930986,5.230560302734375,5.230560302734375
resnetse5,device:RealWorld_thigh+MotionSense:5+5,192,3,5,32,MotionSense,0.7734375,0.7708672946368283,5.230560302734375,5.230560302734375
resnetse5,device:RealWorld_thigh+MotionSense:5+5,192,3,5,33,RealWorld_thigh,0.6104166666666667,0.6135813135918355,5.230560302734375,5.230560302734375
resnetse5,device:RealWorld_thigh+MotionSense:5+5,192,3,5,33,MotionSense,0.7783203125,0.775644586829499,5.230560302734375,5.230560302734375
resnetse5,device:RealWorld_thigh+MotionSense:5+5,192,3,5,34,RealWorld_thigh,0.6197916666666666,0.6208927667279719,5.230560302734375,5.230560302734375
resnetse5,device:RealWorld_thigh+MotionSense:5+5,192,3,5,34,MotionSense,0.7705078125,0.7668900761706353,5.230560302734375,5.230560302734375
resnetse5,device:RealWorld_thigh+MotionSense:5+5,192,3,5,35,RealWorld_thigh,0.6319444444444444,0.625509393198486,5.230560302734375,5.230560302734375
resnetse5,device:RealWorld_thigh+MotionSense:5+5,192,3,5,35,MotionSense,0.6953125,0.6441446350884322,5.230560302734375,5.230560302734375
resnetse5,device:RealWorld_thigh+MotionSense:5+5,192,3,5,36,RealWorld_thigh,0.6350694444444445,0.6299013676524933,5.230560302734375,5.230560302734375
resnetse5,device:RealWorld_thigh+MotionSense:5+5,192,3,5,36,MotionSense,0.6953125,0.6469424035782431,5.230560302734375,5.230560302734375
resnetse5,device:RealWorld_thigh+MotionSense:5+5,192,3,5,37,RealWorld_thigh,0.6295138888888889,0.6220273849023783,5.230560302734375,5.230560302734375
resnetse5,device:RealWorld_thigh+MotionSense:5+5,192,3,5,37,MotionSense,0.689453125,0.6408417741577528,5.230560302734375,5.230560302734375
resnetse5,device:RealWorld_thigh+MotionSense:5+5,192,3,5,38,RealWorld_thigh,0.5895833333333333,0.5587748483486988,5.230560302734375,5.230560302734375
resnetse5,device:RealWorld_thigh+MotionSense:5+5,192,3,5,38,MotionSense,0.6875,0.6373725154702362,5.230560302734375,5.230560302734375
resnetse5,device:RealWorld_thigh+MotionSense:5+5,192,3,5,39,RealWorld_thigh,0.6100694444444444,0.5915492902335197,5.230560302734375,5.230560302734375
resnetse5,device:RealWorld_thigh+MotionSense:5+5,192,3,5,39,MotionSense,0.69140625,0.6430942737300489,5.230560302734375,5.230560302734375
resnetse5,device:RealWorld_thigh+MotionSense:5+5,192,3,5,40,RealWorld_thigh,0.5979166666666667,0.5689499694184468,5.230560302734375,5.230560302734375
resnetse5,device:RealWorld_thigh+MotionSense:5+5,192,3,5,40,MotionSense,0.6875,0.637313241641751,5.230560302734375,5.230560302734375
resnetse5,device:RealWorld_thigh+MotionSense:5+5,192,3,5,41,RealWorld_thigh,0.6388888888888888,0.6352014852500806,5.230560302734375,5.230560302734375
resnetse5,device:RealWorld_thigh+MotionSense:5+5,192,3,5,41,MotionSense,0.68359375,0.6330287233183931,5.230560302734375,5.230560302734375
resnetse5,device:RealWorld_thigh+MotionSense:5+5,192,3,5,42,RealWorld_thigh,0.6246527777777777,0.6170828356027581,5.230560302734375,5.230560302734375
resnetse5,device:RealWorld_thigh+MotionSense:5+5,192,3,5,42,MotionSense,0.689453125,0.6400416950425859,5.230560302734375,5.230560302734375
resnetse5,device:RealWorld_thigh+MotionSense:5+5,192,3,5,43,RealWorld_thigh,0.6305555555555555,0.6249467037166606,5.230560302734375,5.230560302734375
resnetse5,device:RealWorld_thigh+MotionSense:5+5,192,3,5,43,MotionSense,0.6845703125,0.6354187845690681,5.230560302734375,5.230560302734375
resnetse5,device:RealWorld_thigh+MotionSense:5+5,192,3,5,44,RealWorld_thigh,0.625,0.6253057828179073,5.230560302734375,5.230560302734375
resnetse5,device:RealWorld_thigh+MotionSense:5+5,192,3,5,44,MotionSense,0.6865234375,0.6371498745607617,5.230560302734375,5.230560302734375
resnetse5,device:RealWorld_thigh+MotionSense:5+5,192,3,5,45,RealWorld_thigh,0.6069444444444444,0.5748971402017276,5.230560302734375,5.230560302734375
resnetse5,device:RealWorld_thigh+MotionSense:5+5,192,3,5,45,MotionSense,0.6904296875,0.6418874162345743,5.230560302734375,5.230560302734375
resnetse5,device:RealWorld_thigh+MotionSense:5+5,192,3,5,46,RealWorld_thigh,0.6204861111111111,0.5705220682324066,5.230560302734375,5.230560302734375
resnetse5,device:RealWorld_thigh+MotionSense:5+5,192,3,5,46,MotionSense,0.6923828125,0.6430935774886296,5.230560302734375,5.230560302734375
resnetse5,device:RealWorld_thigh+MotionSense:5+5,192,3,5,47,RealWorld_thigh,0.6114583333333333,0.579067640562552,5.230560302734375,5.230560302734375
resnetse5,device:RealWorld_thigh+MotionSense:5+5,192,3,5,47,MotionSense,0.6845703125,0.6354680610960409,5.230560302734375,5.230560302734375
resnetse5,device:RealWorld_thigh+MotionSense:5+5,192,3,5,48,RealWorld_thigh,0.6288194444444445,0.6177739131741266,5.230560302734375,5.230560302734375
resnetse5,device:RealWorld_thigh+MotionSense:5+5,192,3,5,48,MotionSense,0.6923828125,0.6425585161844589,5.230560302734375,5.230560302734375
resnetse5,device:RealWorld_thigh+MotionSense:5+5,192,3,5,49,RealWorld_thigh,0.6291666666666667,0.6022129383939911,5.230560302734375,5.230560302734375
resnetse5,device:RealWorld_thigh+MotionSense:5+5,192,3,5,49,MotionSense,0.68359375,0.633929350446139,5.230560302734375,5.230560302734375
resnetse5,device:RealWorld_thigh+MotionSense:5+5,192,3,5,50,RealWorld_thigh,0.5944444444444444,0.5983812961879721,5.230560302734375,5.230560302734375
resnetse5,device:RealWorld_thigh+MotionSense:5+5,192,3,5,50,MotionSense,0.685546875,0.6366146611833924,5.230560302734375,5.230560302734375
resnetse5,device:RealWorld_thigh+MotionSense:5+5,192,3,5,51,RealWorld_thigh,0.6402777777777777,0.633732231291328,5.230560302734375,5.230560302734375
resnetse5,device:RealWorld_thigh+MotionSense:5+5,192,3,5,51,MotionSense,0.689453125,0.6403270312342996,5.230560302734375,5.230560302734375
resnetse5,device:RealWorld_thigh+MotionSense:5+5,192,3,5,52,RealWorld_thigh,0.6131944444444445,0.5696101114816785,5.230560302734375,5.230560302734375
resnetse5,device:RealWorld_thigh+MotionSense:5+5,192,3,5,52,MotionSense,0.6904296875,0.6405396011223247,5.230560302734375,5.230560302734375
resnetse5,device:RealWorld_thigh+MotionSense:5+5,192,3,5,53,RealWorld_thigh,0.6239583333333333,0.6221343201056125,5.230560302734375,5.230560302734375
resnetse5,device:RealWorld_thigh+MotionSense:5+5,192,3,5,53,MotionSense,0.6845703125,0.6349678761724461,5.230560302734375,5.230560302734375
resnetse5,device:RealWorld_thigh+MotionSense:5+5,192,3,5,54,RealWorld_thigh,0.6361111111111111,0.6371864156136813,5.230560302734375,5.230560302734375
resnetse5,device:RealWorld_thigh+MotionSense:5+5,192,3,5,54,MotionSense,0.69140625,0.6420256720400845,5.230560302734375,5.230560302734375
resnetse5,device:RealWorld_thigh+MotionSense:5+5,192,3,5,55,RealWorld_thigh,0.6163194444444444,0.5740564050315424,5.230560302734375,5.230560302734375
resnetse5,device:RealWorld_thigh+MotionSense:5+5,192,3,5,55,MotionSense,0.6865234375,0.6368056869786711,5.230560302734375,5.230560302734375
resnetse5,device:RealWorld_thigh+MotionSense:5+5,192,3,5,56,RealWorld_thigh,0.596875,0.5633776418919991,5.230560302734375,5.230560302734375
resnetse5,device:RealWorld_thigh+MotionSense:5+5,192,3,5,56,MotionSense,0.6884765625,0.6380009653664538,5.230560302734375,5.230560302734375
resnetse5,device:RealWorld_thigh+MotionSense:5+5,192,3,5,57,RealWorld_thigh,0.6586805555555556,0.6602037136914439,5.230560302734375,5.230560302734375
resnetse5,device:RealWorld_thigh+MotionSense:5+5,192,3,5,57,MotionSense,0.6904296875,0.6411406802743524,5.230560302734375,5.230560302734375
resnetse5,device:RealWorld_thigh+MotionSense:5+5,192,3,5,58,RealWorld_thigh,0.659375,0.6618174496658077,5.230560302734375,5.230560302734375
resnetse5,device:RealWorld_thigh+MotionSense:5+5,192,3,5,58,MotionSense,0.6904296875,0.6406613706695814,5.230560302734375,5.230560302734375
resnetse5,device:RealWorld_thigh+MotionSense:5+5,192,3,5,59,RealWorld_thigh,0.6225694444444444,0.6211448325740672,5.230560302734375,5.230560302734375
resnetse5,device:RealWorld_thigh+MotionSense:5+5,192,3,5,59,MotionSense,0.6953125,0.6469837896471345,5.230560302734375,5.230560302734375
resnetse5,device:RealWorld_thigh+MotionSense:5+5,192,3,5,60,RealWorld_thigh,0.6197916666666666,0.6174443580184147,5.230560302734375,5.230560302734375
resnetse5,device:RealWorld_thigh+MotionSense:5+5,192,3,5,60,MotionSense,0.6904296875,0.6411767102869562,5.230560302734375,5.230560302734375
resnetse5,device:RealWorld_thigh+MotionSense:5+5,192,3,5,61,RealWorld_thigh,0.6329861111111111,0.6331019695509318,5.230560302734375,5.230560302734375
resnetse5,device:RealWorld_thigh+MotionSense:5+5,192,3,5,61,MotionSense,0.685546875,0.6346930556623834,5.230560302734375,5.230560302734375
resnetse5,device:RealWorld_thigh+MotionSense:5+5,192,3,5,62,RealWorld_thigh,0.6145833333333334,0.6114932013658724,5.230560302734375,5.230560302734375
resnetse5,device:RealWorld_thigh+MotionSense:5+5,192,3,5,62,MotionSense,0.689453125,0.6404548683253634,5.230560302734375,5.230560302734375
resnetse5,device:RealWorld_thigh+MotionSense:5+5,192,3,5,63,RealWorld_thigh,0.6375,0.6373692771687502,5.230560302734375,5.230560302734375
resnetse5,device:RealWorld_thigh+MotionSense:5+5,192,3,5,63,MotionSense,0.69140625,0.6421577042609368,5.230560302734375,5.230560302734375
resnetse5,device:RealWorld_thigh+MotionSense:5+5,192,3,5,64,RealWorld_thigh,0.5753472222222222,0.5520034237380101,5.230560302734375,5.230560302734375
resnetse5,device:RealWorld_thigh+MotionSense:5+5,192,3,5,64,MotionSense,0.6904296875,0.6406455704404747,5.230560302734375,5.230560302734375
resnetse5,device:RealWorld_thigh+MotionSense:5+5,192,3,5,65,RealWorld_thigh,0.5871527777777777,0.5712646892415131,5.230560302734375,5.230560302734375
resnetse5,device:RealWorld_thigh+MotionSense:5+5,192,3,5,65,MotionSense,0.6884765625,0.6390835702944684,5.230560302734375,5.230560302734375
resnetse5,device:RealWorld_thigh+MotionSense:5+5,192,3,5,66,RealWorld_thigh,0.6399305555555556,0.6395856141693443,5.230560302734375,5.230560302734375
resnetse5,device:RealWorld_thigh+MotionSense:5+5,192,3,5,66,MotionSense,0.6923828125,0.6428303317291797,5.230560302734375,5.230560302734375
resnetse5,device:RealWorld_thigh+MotionSense:5+5,192,3,5,67,RealWorld_thigh,0.6347222222222222,0.6349750342341053,5.230560302734375,5.230560302734375
resnetse5,device:RealWorld_thigh+MotionSense:5+5,192,3,5,67,MotionSense,0.68359375,0.6318315325625298,5.230560302734375,5.230560302734375
resnetse5,device:RealWorld_thigh+MotionSense:5+5,192,3,5,68,RealWorld_thigh,0.653125,0.6522448609743897,5.230560302734375,5.230560302734375
resnetse5,device:RealWorld_thigh+MotionSense:5+5,192,3,5,68,MotionSense,0.693359375,0.642777896113911,5.230560302734375,5.230560302734375
resnetse5,device:RealWorld_thigh+MotionSense:5+5,192,3,5,69,RealWorld_thigh,0.65625,0.6555781873545333,5.230560302734375,5.230560302734375
resnetse5,device:RealWorld_thigh+MotionSense:5+5,192,3,5,69,MotionSense,0.6875,0.6355038781052201,5.230560302734375,5.230560302734375
resnetse5,device:RealWorld_thigh+MotionSense:5+5,192,3,5,70,RealWorld_thigh,0.6302083333333334,0.6288071632586111,5.230560302734375,5.230560302734375
resnetse5,device:RealWorld_thigh+MotionSense:5+5,192,3,5,70,MotionSense,0.6865234375,0.6360378744885583,5.230560302734375,5.230560302734375
resnetse5,device:RealWorld_thigh+MotionSense:5+5,192,3,5,71,RealWorld_thigh,0.6506944444444445,0.6508087154555975,5.230560302734375,5.230560302734375
resnetse5,device:RealWorld_thigh+MotionSense:5+5,192,3,5,71,MotionSense,0.6865234375,0.6353248736022478,5.230560302734375,5.230560302734375
resnetse5,device:RealWorld_thigh+MotionSense:5+5,192,3,5,72,RealWorld_thigh,0.6184027777777777,0.6155241899487156,5.230560302734375,5.230560302734375
resnetse5,device:RealWorld_thigh+MotionSense:5+5,192,3,5,72,MotionSense,0.6865234375,0.6356518035379558,5.230560302734375,5.230560302734375
resnetse5,device:RealWorld_thigh+MotionSense:5+5,192,3,5,73,RealWorld_thigh,0.6513888888888889,0.6511110586111449,5.230560302734375,5.230560302734375
resnetse5,device:RealWorld_thigh+MotionSense:5+5,192,3,5,73,MotionSense,0.689453125,0.6385539148611087,5.230560302734375,5.230560302734375
resnetse5,device:RealWorld_thigh+MotionSense:5+5,192,3,5,74,RealWorld_thigh,0.6583333333333333,0.656493901187596,5.230560302734375,5.230560302734375
resnetse5,device:RealWorld_thigh+MotionSense:5+5,192,3,5,74,MotionSense,0.6904296875,0.6370030954708374,5.230560302734375,5.230560302734375
resnetse5,device:RealWorld_thigh+MotionSense:5+5,192,3,5,75,RealWorld_thigh,0.6503472222222222,0.6494876244442888,5.230560302734375,5.230560302734375
resnetse5,device:RealWorld_thigh+MotionSense:5+5,192,3,5,75,MotionSense,0.689453125,0.6377971463893215,5.230560302734375,5.230560302734375
resnetse5,device:RealWorld_thigh+MotionSense:5+5,192,3,5,76,RealWorld_thigh,0.6111111111111112,0.6057556102592683,5.230560302734375,5.230560302734375
resnetse5,device:RealWorld_thigh+MotionSense:5+5,192,3,5,76,MotionSense,0.6904296875,0.63825002867863,5.230560302734375,5.230560302734375
resnetse5,device:RealWorld_thigh+MotionSense:5+5,192,3,5,77,RealWorld_thigh,0.6645833333333333,0.6631842347929328,5.230560302734375,5.230560302734375
resnetse5,device:RealWorld_thigh+MotionSense:5+5,192,3,5,77,MotionSense,0.68359375,0.6294142680583007,5.230560302734375,5.230560302734375
resnetse5,device:RealWorld_thigh+MotionSense:5+5,192,3,5,78,RealWorld_thigh,0.6670138888888889,0.6678972605359291,5.230560302734375,5.230560302734375
resnetse5,device:RealWorld_thigh+MotionSense:5+5,192,3,5,78,MotionSense,0.6875,0.6340245306217919,5.230560302734375,5.230560302734375
resnetse5,device:RealWorld_thigh+MotionSense:5+5,192,3,5,79,RealWorld_thigh,0.6600694444444445,0.6589696389921433,5.230560302734375,5.230560302734375
resnetse5,device:RealWorld_thigh+MotionSense:5+5,192,3,5,79,MotionSense,0.6962890625,0.6472730239763393,5.230560302734375,5.230560302734375
resnetse5,device:RealWorld_thigh+MotionSense:5+5,192,3,5,80,RealWorld_thigh,0.6576388888888889,0.6564259421488581,5.230560302734375,5.230560302734375
resnetse5,device:RealWorld_thigh+MotionSense:5+5,192,3,5,80,MotionSense,0.69140625,0.6390261620700101,5.230560302734375,5.230560302734375
resnetse5,device:RealWorld_thigh+MotionSense:5+5,192,3,5,81,RealWorld_thigh,0.6347222222222222,0.6330814054159907,5.230560302734375,5.230560302734375
resnetse5,device:RealWorld_thigh+MotionSense:5+5,192,3,5,81,MotionSense,0.6796875,0.6245474039142161,5.230560302734375,5.230560302734375
resnetse5,device:RealWorld_thigh+MotionSense:5+5,192,3,5,82,RealWorld_thigh,0.6697916666666667,0.6711076317425019,5.230560302734375,5.230560302734375
resnetse5,device:RealWorld_thigh+MotionSense:5+5,192,3,5,82,MotionSense,0.68359375,0.6291170471305201,5.230560302734375,5.230560302734375
resnetse5,device:RealWorld_thigh+MotionSense:5+5,192,3,5,83,RealWorld_thigh,0.6673611111111111,0.6682340344230934,5.230560302734375,5.230560302734375
resnetse5,device:RealWorld_thigh+MotionSense:5+5,192,3,5,83,MotionSense,0.689453125,0.638161971866042,5.230560302734375,5.230560302734375
resnetse5,device:RealWorld_thigh+MotionSense:5+5,192,3,5,84,RealWorld_thigh,0.6635416666666667,0.6635714975747398,5.230560302734375,5.230560302734375
resnetse5,device:RealWorld_thigh+MotionSense:5+5,192,3,5,84,MotionSense,0.6875,0.6350667421153178,5.230560302734375,5.230560302734375
resnetse5,device:RealWorld_thigh+MotionSense:5+5,192,3,5,85,RealWorld_thigh,0.6572916666666667,0.6571740370213397,5.230560302734375,5.230560302734375
resnetse5,device:RealWorld_thigh+MotionSense:5+5,192,3,5,85,MotionSense,0.6943359375,0.6417750094146273,5.230560302734375,5.230560302734375
resnetse5,device:RealWorld_thigh+MotionSense:5+5,192,3,5,86,RealWorld_thigh,0.6538194444444444,0.6518575791733611,5.230560302734375,5.230560302734375
resnetse5,device:RealWorld_thigh+MotionSense:5+5,192,3,5,86,MotionSense,0.68359375,0.6317935820029991,5.230560302734375,5.230560302734375
resnetse5,device:RealWorld_thigh+MotionSense:5+5,192,3,5,87,RealWorld_thigh,0.6475694444444444,0.6464053941591651,5.230560302734375,5.230560302734375
resnetse5,device:RealWorld_thigh+MotionSense:5+5,192,3,5,87,MotionSense,0.7021484375,0.6512389682718775,5.230560302734375,5.230560302734375
resnetse5,device:RealWorld_thigh+MotionSense:5+5,192,3,5,88,RealWorld_thigh,0.6534722222222222,0.6522742278230382,5.230560302734375,5.230560302734375
resnetse5,device:RealWorld_thigh+MotionSense:5+5,192,3,5,88,MotionSense,0.6953125,0.6447615890491619,5.230560302734375,5.230560302734375
resnetse5,device:RealWorld_thigh+MotionSense:5+5,192,3,5,89,RealWorld_thigh,0.6555555555555556,0.6545542810384446,5.230560302734375,5.230560302734375
resnetse5,device:RealWorld_thigh+MotionSense:5+5,192,3,5,89,MotionSense,0.6943359375,0.6429703505958859,5.230560302734375,5.230560302734375
resnetse5,device:RealWorld_thigh+MotionSense:5+5,192,3,5,90,RealWorld_thigh,0.6465277777777778,0.6431742154741623,5.230560302734375,5.230560302734375
resnetse5,device:RealWorld_thigh+MotionSense:5+5,192,3,5,90,MotionSense,0.7001953125,0.6522959162375499,5.230560302734375,5.230560302734375
resnetse5,device:RealWorld_thigh+MotionSense:5+5,192,3,5,91,RealWorld_thigh,0.6590277777777778,0.6558854181311528,5.230560302734375,5.230560302734375
resnetse5,device:RealWorld_thigh+MotionSense:5+5,192,3,5,91,MotionSense,0.6865234375,0.6360038697180442,5.230560302734375,5.230560302734375
resnetse5,device:RealWorld_thigh+MotionSense:5+5,192,3,5,92,RealWorld_thigh,0.6534722222222222,0.6515919824565978,5.230560302734375,5.230560302734375
resnetse5,device:RealWorld_thigh+MotionSense:5+5,192,3,5,92,MotionSense,0.685546875,0.6341468207506139,5.230560302734375,5.230560302734375
resnetse5,device:RealWorld_thigh+MotionSense:5+5,192,3,5,93,RealWorld_thigh,0.6572916666666667,0.6547536906929324,5.230560302734375,5.230560302734375
resnetse5,device:RealWorld_thigh+MotionSense:5+5,192,3,5,93,MotionSense,0.6845703125,0.6327559561824493,5.230560302734375,5.230560302734375
resnetse5,device:RealWorld_thigh+MotionSense:5+5,192,3,5,94,RealWorld_thigh,0.65,0.6411502765343394,5.230560302734375,5.230560302734375
resnetse5,device:RealWorld_thigh+MotionSense:5+5,192,3,5,94,MotionSense,0.7001953125,0.6519371358582801,5.230560302734375,5.230560302734375
resnetse5,device:RealWorld_thigh+MotionSense:5+5,192,3,5,95,RealWorld_thigh,0.6881944444444444,0.6784512223188903,5.230560302734375,5.230560302734375
resnetse5,device:RealWorld_thigh+MotionSense:5+5,192,3,5,95,MotionSense,0.7060546875,0.6631514264296131,5.230560302734375,5.230560302734375
resnetse5,device:RealWorld_thigh+MotionSense:5+5,192,3,5,96,RealWorld_thigh,0.69375,0.6813852252597523,5.230560302734375,5.230560302734375
resnetse5,device:RealWorld_thigh+MotionSense:5+5,192,3,5,96,MotionSense,0.7265625,0.7003609170197933,5.230560302734375,5.230560302734375
resnetse5,device:RealWorld_thigh+MotionSense:5+5,192,3,5,97,RealWorld_thigh,0.6461805555555555,0.6443184387940349,5.230560302734375,5.230560302734375
resnetse5,device:RealWorld_thigh+MotionSense:5+5,192,3,5,97,MotionSense,0.697265625,0.6469972895318731,5.230560302734375,5.230560302734375
resnetse5,device:RealWorld_thigh+MotionSense:5+5,192,3,5,98,RealWorld_thigh,0.6704861111111111,0.6624183572095838,5.230560302734375,5.230560302734375
resnetse5,device:RealWorld_thigh+MotionSense:5+5,192,3,5,98,MotionSense,0.71484375,0.6815569158770676,5.230560302734375,5.230560302734375
resnetse5,device:RealWorld_thigh+MotionSense:5+5,192,3,5,99,RealWorld_thigh,0.6381944444444444,0.6301544301119838,5.230560302734375,5.230560302734375
resnetse5,device:RealWorld_thigh+MotionSense:5+5,192,3,5,99,MotionSense,0.697265625,0.6469460913170967,5.230560302734375,5.230560302734375
resnetse5,device:RealWorld_thigh+MotionSense:5+5,192,3,5,100,RealWorld_thigh,0.6881944444444444,0.6770442133404898,5.230560302734375,5.230560302734375
resnetse5,device:RealWorld_thigh+MotionSense:5+5,192,3,5,100,MotionSense,0.7666015625,0.7584339020431913,5.230560302734375,5.230560302734375
resnetse5,device:RealWorld_thigh:10,192,0,1,1,RealWorld_thigh,0.1267361111111111,0.0805780029748058,5.230560302734375,5.230560302734375
resnetse5,device:RealWorld_thigh:10,192,0,1,2,RealWorld_thigh,0.1309027777777777,0.0859514170674321,5.230560302734375,5.230560302734375
resnetse5,device:RealWorld_thigh:10,192,0,1,3,RealWorld_thigh,0.3239583333333333,0.245569250088484,5.230560302734375,5.230560302734375
resnetse5,device:RealWorld_thigh:10,192,0,1,4,RealWorld_thigh,0.3413194444444444,0.2324637791166796,5.230560302734375,5.230560302734375
resnetse5,device:RealWorld_thigh:10,192,0,1,5,RealWorld_thigh,0.3479166666666666,0.2446417376900516,5.230560302734375,5.230560302734375
resnetse5,device:RealWorld_thigh:10,192,0,1,6,RealWorld_thigh,0.3625,0.2642583133222237,5.230560302734375,5.230560302734375
resnetse5,device:RealWorld_thigh:10,192,0,1,7,RealWorld_thigh,0.3965277777777777,0.3061055419195146,5.230560302734375,5.230560302734375
resnetse5,device:RealWorld_thigh:10,192,0,1,8,RealWorld_thigh,0.4145833333333333,0.3222156083487501,5.230560302734375,5.230560302734375
resnetse5,device:RealWorld_thigh:10,192,0,1,9,RealWorld_thigh,0.4291666666666666,0.3367523007270339,5.230560302734375,5.230560302734375
resnetse5,device:RealWorld_thigh:10,192,0,1,10,RealWorld_thigh,0.4357638888888889,0.3408051940864728,5.230560302734375,5.230560302734375
resnetse5,device:RealWorld_thigh:10,192,0,1,11,RealWorld_thigh,0.4465277777777778,0.3526925014743265,5.230560302734375,5.230560302734375
resnetse5,device:RealWorld_thigh:10,192,0,1,12,RealWorld_thigh,0.4836805555555555,0.4310191678432855,5.230560302734375,5.230560302734375
resnetse5,device:RealWorld_thigh:10,192,0,1,13,RealWorld_thigh,0.4770833333333333,0.4079675217309479,5.230560302734375,5.230560302734375
resnetse5,device:RealWorld_thigh:10,192,0,1,14,RealWorld_thigh,0.4913194444444444,0.4213640381107488,5.230560302734375,5.230560302734375
resnetse5,device:RealWorld_thigh:10,192,0,1,15,RealWorld_thigh,0.5052083333333334,0.4344176895962326,5.230560302734375,5.230560302734375
resnetse5,device:RealWorld_thigh:10,192,0,1,16,RealWorld_thigh,0.5197916666666667,0.4549632088563496,5.230560302734375,5.230560302734375
resnetse5,device:RealWorld_thigh:10,192,0,1,17,RealWorld_thigh,0.5329861111111112,0.4701722267733954,5.230560302734375,5.230560302734375
resnetse5,device:RealWorld_thigh:10,192,0,1,18,RealWorld_thigh,0.5350694444444445,0.4707824821494132,5.230560302734375,5.230560302734375
resnetse5,device:RealWorld_thigh:10,192,0,1,19,RealWorld_thigh,0.5340277777777778,0.4686372779147334,5.230560302734375,5.230560302734375
resnetse5,device:RealWorld_thigh:10,192,0,1,20,RealWorld_thigh,0.5375,0.4735374767137885,5.230560302734375,5.230560302734375
resnetse5,device:RealWorld_thigh:10,192,0,1,21,RealWorld_thigh,0.5392361111111111,0.4770593322711842,5.230560302734375,5.230560302734375
resnetse5,device:RealWorld_thigh:10,192,0,1,22,RealWorld_thigh,0.5381944444444444,0.4756605438841435,5.230560302734375,5.230560302734375
resnetse5,device:RealWorld_thigh:10,192,0,1,23,RealWorld_thigh,0.5357638888888889,0.4728027910866574,5.230560302734375,5.230560302734375
resnetse5,device:RealWorld_thigh:10,192,0,1,24,RealWorld_thigh,0.5361111111111111,0.4726338226364343,5.230560302734375,5.230560302734375
resnetse5,device:RealWorld_thigh:10,192,0,1,25,RealWorld_thigh,0.5329861111111112,0.4695072234021675,5.230560302734375,5.230560302734375
resnetse5,device:RealWorld_thigh:10,192,0,1,26,RealWorld_thigh,0.5420138888888889,0.4872252225421135,5.230560302734375,5.230560302734375
resnetse5,device:RealWorld_thigh:10,192,0,1,27,RealWorld_thigh,0.5385416666666667,0.4806459743091384,5.230560302734375,5.230560302734375
resnetse5,device:RealWorld_thigh:10,192,0,1,28,RealWorld_thigh,0.540625,0.4871957669448057,5.230560302734375,5.230560302734375
resnetse5,device:RealWorld_thigh:10,192,0,1,29,RealWorld_thigh,0.5645833333333333,0.5280245008398601,5.230560302734375,5.230560302734375
resnetse5,device:RealWorld_thigh:10,192,0,1,30,RealWorld_thigh,0.5524305555555555,0.507568679801452,5.230560302734375,5.230560302734375
resnetse5,device:RealWorld_thigh:10,192,0,1,31,RealWorld_thigh,0.5565972222222222,0.5128167220529111,5.230560302734375,5.230560302734375
resnetse5,device:RealWorld_thigh:10,192,0,1,32,RealWorld_thigh,0.5680555555555555,0.5312032285300984,5.230560302734375,5.230560302734375
resnetse5,device:RealWorld_thigh:10,192,0,1,33,RealWorld_thigh,0.5795138888888889,0.5482591953787523,5.230560302734375,5.230560302734375
resnetse5,device:RealWorld_thigh:10,192,0,1,34,RealWorld_thigh,0.5635416666666667,0.5080220720505485,5.230560302734375,5.230560302734375
resnetse5,device:RealWorld_thigh:10,192,0,1,35,RealWorld_thigh,0.615625,0.6137142090579267,5.230560302734375,5.230560302734375
resnetse5,device:RealWorld_thigh:10,192,0,1,36,RealWorld_thigh,0.5802083333333333,0.5280027074059697,5.230560302734375,5.230560302734375
resnetse5,device:RealWorld_thigh:10,192,0,1,37,RealWorld_thigh,0.5885416666666666,0.5374167502909795,5.230560302734375,5.230560302734375
resnetse5,device:RealWorld_thigh:10,192,0,1,38,RealWorld_thigh,0.5565972222222222,0.5287389561819255,5.230560302734375,5.230560302734375
resnetse5,device:RealWorld_thigh:10,192,0,1,39,RealWorld_thigh,0.596875,0.5464830644367341,5.230560302734375,5.230560302734375
resnetse5,device:RealWorld_thigh:10,192,0,1,40,RealWorld_thigh,0.6395833333333333,0.6284579929511679,5.230560302734375,5.230560302734375
resnetse5,device:RealWorld_thigh:10,192,0,1,41,RealWorld_thigh,0.6059027777777778,0.6054092740165435,5.230560302734375,5.230560302734375
resnetse5,device:RealWorld_thigh:10,192,0,1,42,RealWorld_thigh,0.6479166666666667,0.6503859081287074,5.230560302734375,5.230560302734375
resnetse5,device:RealWorld_thigh:10,192,0,1,43,RealWorld_thigh,0.6395833333333333,0.6243843817920585,5.230560302734375,5.230560302734375
resnetse5,device:RealWorld_thigh:10,192,0,1,44,RealWorld_thigh,0.6364583333333333,0.6156902587004133,5.230560302734375,5.230560302734375
resnetse5,device:RealWorld_thigh:10,192,0,1,45,RealWorld_thigh,0.6375,0.6165164124028384,5.230560302734375,5.230560302734375
resnetse5,device:RealWorld_thigh:10,192,0,1,46,RealWorld_thigh,0.6170138888888889,0.6169810309136201,5.230560302734375,5.230560302734375
resnetse5,device:RealWorld_thigh:10,192,0,1,47,RealWorld_thigh,0.6170138888888889,0.5693042092465054,5.230560302734375,5.230560302734375
resnetse5,device:RealWorld_thigh:10,192,0,1,48,RealWorld_thigh,0.6506944444444445,0.6395541707839907,5.230560302734375,5.230560302734375
resnetse5,device:RealWorld_thigh:10,192,0,1,49,RealWorld_thigh,0.6423611111111112,0.6235727051565199,5.230560302734375,5.230560302734375
resnetse5,device:RealWorld_thigh:10,192,0,1,50,RealWorld_thigh,0.6322916666666667,0.6080925065413734,5.230560302734375,5.230560302734375
resnetse5,device:RealWorld_thigh:10,192,0,1,51,RealWorld_thigh,0.6274305555555556,0.624572281358262,5.230560302734375,5.230560302734375
resnetse5,device:RealWorld_thigh:10,192,0,1,52,RealWorld_thigh,0.6211805555555555,0.6192490954877062,5.230560302734375,5.230560302734375
resnetse5,device:RealWorld_thigh:10,192,0,1,53,RealWorld_thigh,0.6635416666666667,0.6590316988540375,5.230560302734375,5.230560302734375
resnetse5,device:RealWorld_thigh:10,192,0,1,54,RealWorld_thigh,0.6805555555555556,0.6782156688329962,5.230560302734375,5.230560302734375
resnetse5,device:RealWorld_thigh:10,192,0,1,55,RealWorld_thigh,0.6538194444444444,0.637306911908859,5.230560302734375,5.230560302734375
resnetse5,device:RealWorld_thigh:10,192,0,1,56,RealWorld_thigh,0.6375,0.6130134648539073,5.230560302734375,5.230560302734375
resnetse5,device:RealWorld_thigh:10,192,0,1,57,RealWorld_thigh,0.6368055555555555,0.6110277749309517,5.230560302734375,5.230560302734375
resnetse5,device:RealWorld_thigh:10,192,0,1,58,RealWorld_thigh,0.6604166666666667,0.6487713876021816,5.230560302734375,5.230560302734375
resnetse5,device:RealWorld_thigh:10,192,0,1,59,RealWorld_thigh,0.6447916666666667,0.6507580657196286,5.230560302734375,5.230560302734375
resnetse5,device:RealWorld_thigh:10,192,0,1,60,RealWorld_thigh,0.6270833333333333,0.5798920575362931,5.230560302734375,5.230560302734375
resnetse5,device:RealWorld_thigh:10,192,0,1,61,RealWorld_thigh,0.6298611111111111,0.583783481387426,5.230560302734375,5.230560302734375
resnetse5,device:RealWorld_thigh:10,192,0,1,62,RealWorld_thigh,0.6295138888888889,0.5822908482013451,5.230560302734375,5.230560302734375
resnetse5,device:RealWorld_thigh:10,192,0,1,63,RealWorld_thigh,0.6305555555555555,0.5836342942417952,5.230560302734375,5.230560302734375
resnetse5,device:RealWorld_thigh:10,192,0,1,64,RealWorld_thigh,0.6364583333333333,0.5900037437999766,5.230560302734375,5.230560302734375
resnetse5,device:RealWorld_thigh:10,192,0,1,65,RealWorld_thigh,0.6295138888888889,0.5826406155634217,5.230560302734375,5.230560302734375
resnetse5,device:RealWorld_thigh:10,192,0,1,66,RealWorld_thigh,0.6336805555555556,0.6348849368714649,5.230560302734375,5.230560302734375
resnetse5,device:RealWorld_thigh:10,192,0,1,67,RealWorld_thigh,0.6670138888888889,0.655420237409646,5.230560302734375,5.230560302734375
resnetse5,device:RealWorld_thigh:10,192,0,1,68,RealWorld_thigh,0.6559027777777777,0.6346883901086028,5.230560302734375,5.230560302734375
resnetse5,device:RealWorld_thigh:10,192,0,1,69,RealWorld_thigh,0.6534722222222222,0.6313324653525347,5.230560302734375,5.230560302734375
resnetse5,device:RealWorld_thigh:10,192,0,1,70,RealWorld_thigh,0.6517361111111111,0.6322334064364455,5.230560302734375,5.230560302734375
resnetse5,device:RealWorld_thigh:10,192,0,1,71,RealWorld_thigh,0.6604166666666667,0.6423117195781083,5.230560302734375,5.230560302734375
resnetse5,device:RealWorld_thigh:10,192,0,1,72,RealWorld_thigh,0.6659722222222222,0.6519501995020418,5.230560302734375,5.230560302734375
resnetse5,device:RealWorld_thigh:10,192,0,1,73,RealWorld_thigh,0.7010416666666667,0.7008416007562973,5.230560302734375,5.230560302734375
resnetse5,device:RealWorld_thigh:10,192,0,1,74,RealWorld_thigh,0.6788194444444444,0.6707806289245685,5.230560302734375,5.230560302734375
resnetse5,device:RealWorld_thigh:10,192,0,1,75,RealWorld_thigh,0.6885416666666667,0.6854191870323398,5.230560302734375,5.230560302734375
resnetse5,device:RealWorld_thigh:10,192,0,1,76,RealWorld_thigh,0.6621527777777778,0.6494388367058489,5.230560302734375,5.230560302734375
resnetse5,device:RealWorld_thigh:10,192,0,1,77,RealWorld_thigh,0.6600694444444445,0.647238837674207,5.230560302734375,5.230560302734375
resnetse5,device:RealWorld_thigh:10,192,0,1,78,RealWorld_thigh,0.6697916666666667,0.6496492053964639,5.230560302734375,5.230560302734375
resnetse5,device:RealWorld_thigh:10,192,0,1,79,RealWorld_thigh,0.6663194444444445,0.6483232871793759,5.230560302734375,5.230560302734375
resnetse5,device:RealWorld_thigh:10,192,0,1,80,RealWorld_thigh,0.6638888888888889,0.6411568937839681,5.230560302734375,5.230560302734375
resnetse5,device:RealWorld_thigh:10,192,0,1,81,RealWorld_thigh,0.6729166666666667,0.6552480110503449,5.230560302734375,5.230560302734375
resnetse5,device:RealWorld_thigh:10,192,0,1,82,RealWorld_thigh,0.6763888888888889,0.6589765254440828,5.230560302734375,5.230560302734375
resnetse5,device:RealWorld_thigh:10,192,0,1,83,RealWorld_thigh,0.6805555555555556,0.6669747343530265,5.230560302734375,5.230560302734375
resnetse5,device:RealWorld_thigh:10,192,0,1,84,RealWorld_thigh,0.6788194444444444,0.6627075614488819,5.230560302734375,5.230560302734375
resnetse5,device:RealWorld_thigh:10,192,0,1,85,RealWorld_thigh,0.6763888888888889,0.6637587806089414,5.230560302734375,5.230560302734375
resnetse5,device:RealWorld_thigh:10,192,0,1,86,RealWorld_thigh,0.6805555555555556,0.6687677828637361,5.230560302734375,5.230560302734375
resnetse5,device:RealWorld_thigh:10,192,0,1,87,RealWorld_thigh,0.6798611111111111,0.666982571255745,5.230560302734375,5.230560302734375
resnetse5,device:RealWorld_thigh:10,192,0,1,88,RealWorld_thigh,0.6756944444444445,0.6595460663451362,5.230560302734375,5.230560302734375
resnetse5,device:RealWorld_thigh:10,192,0,1,89,RealWorld_thigh,0.6729166666666667,0.6544900680404444,5.230560302734375,5.230560302734375
resnetse5,device:RealWorld_thigh:10,192,0,1,90,RealWorld_thigh,0.6736111111111112,0.656684842995967,5.230560302734375,5.230560302734375
resnetse5,device:RealWorld_thigh:10,192,0,1,91,RealWorld_thigh,0.6802083333333333,0.6659077406079308,5.230560302734375,5.230560302734375
resnetse5,device:RealWorld_thigh:10,192,0,1,92,RealWorld_thigh,0.6850694444444444,0.6719586859831125,5.230560302734375,5.230560302734375
resnetse5,device:RealWorld_thigh:10,192,0,1,93,RealWorld_thigh,0.6809027777777777,0.6682385184352354,5.230560302734375,5.230560302734375
resnetse5,device:RealWorld_thigh:10,192,0,1,94,RealWorld_thigh,0.6822916666666666,0.6692390373933518,5.230560302734375,5.230560302734375
resnetse5,device:RealWorld_thigh:10,192,0,1,95,RealWorld_thigh,0.6774305555555555,0.6605747326802796,5.230560302734375,5.230560302734375
resnetse5,device:RealWorld_thigh:10,192,0,1,96,RealWorld_thigh,0.671875,0.6551224776100119,5.230560302734375,5.230560302734375
resnetse5,device:RealWorld_thigh:10,192,0,1,97,RealWorld_thigh,0.6711805555555556,0.654501261663917,5.230560302734375,5.230560302734375
resnetse5,device:RealWorld_thigh:10,192,0,1,98,RealWorld_thigh,0.6850694444444444,0.6743196734901299,5.230560302734375,5.230560302734375
resnetse5,device:RealWorld_thigh:10,192,0,1,99,RealWorld_thigh,0.6909722222222222,0.6842549515033002,5.230560302734375,5.230560302734375
resnetse5,device:RealWorld_thigh:10,192,0,1,100,RealWorld_thigh,0.6934027777777778,0.687579886887541,5.230560302734375,5.230560302734375
resnetse5,device:RealWorld_thigh:10,192,1,1,1,RealWorld_thigh,0.1666666666666666,0.0484230658533641,5.230560302734375,5.230560302734375
resnetse5,device:RealWorld_thigh:10,192,1,1,2,RealWorld_thigh,0.1677083333333333,0.0491270178454286,5.230560302734375,5.230560302734375
resnetse5,device:RealWorld_thigh:10,192,1,1,3,RealWorld_thigh,0.2958333333333333,0.1563172626913492,5.230560302734375,5.230560302734375
resnetse5,device:RealWorld_thigh:10,192,1,1,4,RealWorld_thigh,0.3041666666666666,0.1602382028637417,5.230560302734375,5.230560302734375
resnetse5,device:RealWorld_thigh:10,192,1,1,5,RealWorld_thigh,0.3041666666666666,0.1600634727500326,5.230560302734375,5.230560302734375
resnetse5,device:RealWorld_thigh:10,192,1,1,6,RealWorld_thigh,0.3052083333333333,0.1604388143153261,5.230560302734375,5.230560302734375
resnetse5,device:RealWorld_thigh:10,192,1,1,7,RealWorld_thigh,0.3045138888888888,0.1599741733280457,5.230560302734375,5.230560302734375
resnetse5,device:RealWorld_thigh:10,192,1,1,8,RealWorld_thigh,0.3048611111111111,0.1616578840691326,5.230560302734375,5.230560302734375
resnetse5,device:RealWorld_thigh:10,192,1,1,9,RealWorld_thigh,0.3409722222222222,0.2225508612525051,5.230560302734375,5.230560302734375
resnetse5,device:RealWorld_thigh:10,192,1,1,10,RealWorld_thigh,0.3590277777777778,0.2424902143050769,5.230560302734375,5.230560302734375
resnetse5,device:RealWorld_thigh:10,192,1,1,11,RealWorld_thigh,0.3802083333333333,0.2643749629781388,5.230560302734375,5.230560302734375
resnetse5,device:RealWorld_thigh:10,192,1,1,12,RealWorld_thigh,0.4159722222222222,0.3125853319939158,5.230560302734375,5.230560302734375
resnetse5,device:RealWorld_thigh:10,192,1,1,13,RealWorld_thigh,0.4510416666666667,0.366857978300334,5.230560302734375,5.230560302734375
resnetse5,device:RealWorld_thigh:10,192,1,1,14,RealWorld_thigh,0.4795138888888889,0.402762689075022,5.230560302734375,5.230560302734375
resnetse5,device:RealWorld_thigh:10,192,1,1,15,RealWorld_thigh,0.5184027777777778,0.4526099490971309,5.230560302734375,5.230560302734375
resnetse5,device:RealWorld_thigh:10,192,1,1,16,RealWorld_thigh,0.5479166666666667,0.486626983386037,5.230560302734375,5.230560302734375
resnetse5,device:RealWorld_thigh:10,192,1,1,17,RealWorld_thigh,0.5763888888888888,0.5200884580113688,5.230560302734375,5.230560302734375
resnetse5,device:RealWorld_thigh:10,192,1,1,18,RealWorld_thigh,0.5868055555555556,0.5314564954407426,5.230560302734375,5.230560302734375
resnetse5,device:RealWorld_thigh:10,192,1,1,19,RealWorld_thigh,0.6017361111111111,0.5498459782384405,5.230560302734375,5.230560302734375
resnetse5,device:RealWorld_thigh:10,192,1,1,20,RealWorld_thigh,0.6065972222222222,0.5555006832868592,5.230560302734375,5.230560302734375
resnetse5,device:RealWorld_thigh:10,192,1,1,21,RealWorld_thigh,0.6104166666666667,0.5603414862319922,5.230560302734375,5.230560302734375
resnetse5,device:RealWorld_thigh:10,192,1,1,22,RealWorld_thigh,0.6125,0.5627727030571205,5.230560302734375,5.230560302734375
resnetse5,device:RealWorld_thigh:10,192,1,1,23,RealWorld_thigh,0.6173611111111111,0.5687856609868042,5.230560302734375,5.230560302734375
resnetse5,device:RealWorld_thigh:10,192,1,1,24,RealWorld_thigh,0.6138888888888889,0.5643380092697787,5.230560302734375,5.230560302734375
resnetse5,device:RealWorld_thigh:10,192,1,1,25,RealWorld_thigh,0.6239583333333333,0.5764933562430191,5.230560302734375,5.230560302734375
resnetse5,device:RealWorld_thigh:10,192,1,1,26,RealWorld_thigh,0.6177083333333333,0.5691679019069609,5.230560302734375,5.230560302734375
resnetse5,device:RealWorld_thigh:10,192,1,1,27,RealWorld_thigh,0.6232638888888888,0.5758257815229956,5.230560302734375,5.230560302734375
resnetse5,device:RealWorld_thigh:10,192,1,1,28,RealWorld_thigh,0.6177083333333333,0.5702344755196269,5.230560302734375,5.230560302734375
resnetse5,device:RealWorld_thigh:10,192,1,1,29,RealWorld_thigh,0.6288194444444445,0.5826186836822499,5.230560302734375,5.230560302734375
resnetse5,device:RealWorld_thigh:10,192,1,1,30,RealWorld_thigh,0.6350694444444445,0.5888518523608918,5.230560302734375,5.230560302734375
resnetse5,device:RealWorld_thigh:10,192,1,1,31,RealWorld_thigh,0.6263888888888889,0.5791600078051582,5.230560302734375,5.230560302734375
resnetse5,device:RealWorld_thigh:10,192,1,1,32,RealWorld_thigh,0.6288194444444445,0.5819362911670961,5.230560302734375,5.230560302734375
resnetse5,device:RealWorld_thigh:10,192,1,1,33,RealWorld_thigh,0.6350694444444445,0.5886794592048451,5.230560302734375,5.230560302734375
resnetse5,device:RealWorld_thigh:10,192,1,1,34,RealWorld_thigh,0.6284722222222222,0.5816366741983001,5.230560302734375,5.230560302734375
resnetse5,device:RealWorld_thigh:10,192,1,1,35,RealWorld_thigh,0.6392361111111111,0.593298064614003,5.230560302734375,5.230560302734375
resnetse5,device:RealWorld_thigh:10,192,1,1,36,RealWorld_thigh,0.653125,0.6078468791284845,5.230560302734375,5.230560302734375
resnetse5,device:RealWorld_thigh:10,192,1,1,37,RealWorld_thigh,0.640625,0.5948918074331307,5.230560302734375,5.230560302734375
resnetse5,device:RealWorld_thigh:10,192,1,1,38,RealWorld_thigh,0.6336805555555556,0.5873257784951945,5.230560302734375,5.230560302734375
resnetse5,device:RealWorld_thigh:10,192,1,1,39,RealWorld_thigh,0.6451388888888889,0.5990698354292096,5.230560302734375,5.230560302734375
resnetse5,device:RealWorld_thigh:10,192,1,1,40,RealWorld_thigh,0.6534722222222222,0.6077685665857117,5.230560302734375,5.230560302734375
resnetse5,device:RealWorld_thigh:10,192,1,1,41,RealWorld_thigh,0.6552083333333333,0.6097284896858669,5.230560302734375,5.230560302734375
resnetse5,device:RealWorld_thigh:10,192,1,1,42,RealWorld_thigh,0.6545138888888888,0.6089987025106476,5.230560302734375,5.230560302734375
resnetse5,device:RealWorld_thigh:10,192,1,1,43,RealWorld_thigh,0.6642361111111111,0.6191558472260175,5.230560302734375,5.230560302734375
resnetse5,device:RealWorld_thigh:10,192,1,1,44,RealWorld_thigh,0.6697916666666667,0.6248886001855664,5.230560302734375,5.230560302734375
resnetse5,device:RealWorld_thigh:10,192,1,1,45,RealWorld_thigh,0.6736111111111112,0.6287339168775928,5.230560302734375,5.230560302734375
resnetse5,device:RealWorld_thigh:10,192,1,1,46,RealWorld_thigh,0.6722222222222223,0.6273740352570613,5.230560302734375,5.230560302734375
resnetse5,device:RealWorld_thigh:10,192,1,1,47,RealWorld_thigh,0.6805555555555556,0.6357274231277596,5.230560302734375,5.230560302734375
resnetse5,device:RealWorld_thigh:10,192,1,1,48,RealWorld_thigh,0.6694444444444444,0.6242958050351745,5.230560302734375,5.230560302734375
resnetse5,device:RealWorld_thigh:10,192,1,1,49,RealWorld_thigh,0.6774305555555555,0.6324703250290916,5.230560302734375,5.230560302734375
resnetse5,device:RealWorld_thigh:10,192,1,1,50,RealWorld_thigh,0.6788194444444444,0.6339179933086047,5.230560302734375,5.230560302734375
resnetse5,device:RealWorld_thigh:10,192,1,1,51,RealWorld_thigh,0.6850694444444444,0.6403310338753917,5.230560302734375,5.230560302734375
resnetse5,device:RealWorld_thigh:10,192,1,1,52,RealWorld_thigh,0.6805555555555556,0.6357022756121946,5.230560302734375,5.230560302734375
resnetse5,device:RealWorld_thigh:10,192,1,1,53,RealWorld_thigh,0.6840277777777778,0.639204881365064,5.230560302734375,5.230560302734375
resnetse5,device:RealWorld_thigh:10,192,1,1,54,RealWorld_thigh,0.6927083333333334,0.648008004722857,5.230560302734375,5.230560302734375
resnetse5,device:RealWorld_thigh:10,192,1,1,55,RealWorld_thigh,0.6944444444444444,0.6497594761450435,5.230560302734375,5.230560302734375
resnetse5,device:RealWorld_thigh:10,192,1,1,56,RealWorld_thigh,0.7006944444444444,0.6562045860061455,5.230560302734375,5.230560302734375
resnetse5,device:RealWorld_thigh:10,192,1,1,57,RealWorld_thigh,0.7027777777777777,0.6581681898793849,5.230560302734375,5.230560302734375
resnetse5,device:RealWorld_thigh:10,192,1,1,58,RealWorld_thigh,0.7013888888888888,0.6567292967859278,5.230560302734375,5.230560302734375
resnetse5,device:RealWorld_thigh:10,192,1,1,59,RealWorld_thigh,0.7059027777777778,0.6612616482578342,5.230560302734375,5.230560302734375
resnetse5,device:RealWorld_thigh:10,192,1,1,60,RealWorld_thigh,0.7003472222222222,0.6556135118941767,5.230560302734375,5.230560302734375
resnetse5,device:RealWorld_thigh:10,192,1,1,61,RealWorld_thigh,0.7826388888888889,0.7866068506749847,5.230560302734375,5.230560302734375
resnetse5,device:RealWorld_thigh:10,192,1,1,62,RealWorld_thigh,0.7097222222222223,0.7132258259179016,5.230560302734375,5.230560302734375
resnetse5,device:RealWorld_thigh:10,192,1,1,63,RealWorld_thigh,0.7784722222222222,0.7824437099263376,5.230560302734375,5.230560302734375
resnetse5,device:RealWorld_thigh:10,192,1,1,64,RealWorld_thigh,0.7239583333333334,0.7093092599606207,5.230560302734375,5.230560302734375
resnetse5,device:RealWorld_thigh:10,192,1,1,65,RealWorld_thigh,0.7232638888888889,0.701345951180321,5.230560302734375,5.230560302734375
resnetse5,device:RealWorld_thigh:10,192,1,1,66,RealWorld_thigh,0.7243055555555555,0.7089500558822994,5.230560302734375,5.230560302734375
resnetse5,device:RealWorld_thigh:10,192,1,1,67,RealWorld_thigh,0.7305555555555555,0.7165363657204598,5.230560302734375,5.230560302734375
resnetse5,device:RealWorld_thigh:10,192,1,1,68,RealWorld_thigh,0.7263888888888889,0.7063915950600022,5.230560302734375,5.230560302734375
resnetse5,device:RealWorld_thigh:10,192,1,1,69,RealWorld_thigh,0.728125,0.7044803321989025,5.230560302734375,5.230560302734375
resnetse5,device:RealWorld_thigh:10,192,1,1,70,RealWorld_thigh,0.721875,0.6997668658847932,5.230560302734375,5.230560302734375
resnetse5,device:RealWorld_thigh:10,192,1,1,71,RealWorld_thigh,0.7336805555555556,0.7139122342966631,5.230560302734375,5.230560302734375
resnetse5,device:RealWorld_thigh:10,192,1,1,72,RealWorld_thigh,0.7322916666666667,0.7163754082198673,5.230560302734375,5.230560302734375
resnetse5,device:RealWorld_thigh:10,192,1,1,73,RealWorld_thigh,0.7354166666666667,0.7195196420728234,5.230560302734375,5.230560302734375
resnetse5,device:RealWorld_thigh:10,192,1,1,74,RealWorld_thigh,0.7378472222222222,0.7245470512223805,5.230560302734375,5.230560302734375
resnetse5,device:RealWorld_thigh:10,192,1,1,75,RealWorld_thigh,0.7489583333333333,0.7419664262093045,5.230560302734375,5.230560302734375
resnetse5,device:RealWorld_thigh:10,192,1,1,76,RealWorld_thigh,0.7559027777777778,0.7546556616770118,5.230560302734375,5.230560302734375
resnetse5,device:RealWorld_thigh:10,192,1,1,77,RealWorld_thigh,0.7770833333333333,0.7831376404931198,5.230560302734375,5.230560302734375
resnetse5,device:RealWorld_thigh:10,192,1,1,78,RealWorld_thigh,0.7454861111111111,0.7341319720713014,5.230560302734375,5.230560302734375
resnetse5,device:RealWorld_thigh:10,192,1,1,79,RealWorld_thigh,0.7447916666666666,0.735936487742835,5.230560302734375,5.230560302734375
resnetse5,device:RealWorld_thigh:10,192,1,1,80,RealWorld_thigh,0.740625,0.7298901958053937,5.230560302734375,5.230560302734375
resnetse5,device:RealWorld_thigh:10,192,1,1,81,RealWorld_thigh,0.7402777777777778,0.7245361867203516,5.230560302734375,5.230560302734375
resnetse5,device:RealWorld_thigh:10,192,1,1,82,RealWorld_thigh,0.7461805555555555,0.7334262035955267,5.230560302734375,5.230560302734375
resnetse5,device:RealWorld_thigh:10,192,1,1,83,RealWorld_thigh,0.7375,0.7184058861775188,5.230560302734375,5.230560302734375
resnetse5,device:RealWorld_thigh:10,192,1,1,84,RealWorld_thigh,0.7402777777777778,0.722264585200543,5.230560302734375,5.230560302734375
resnetse5,device:RealWorld_thigh:10,192,1,1,85,RealWorld_thigh,0.7371527777777778,0.7196866983115803,5.230560302734375,5.230560302734375
resnetse5,device:RealWorld_thigh:10,192,1,1,86,RealWorld_thigh,0.7333333333333333,0.7200529718234389,5.230560302734375,5.230560302734375
resnetse5,device:RealWorld_thigh:10,192,1,1,87,RealWorld_thigh,0.7444444444444445,0.7299383632585554,5.230560302734375,5.230560302734375
resnetse5,device:RealWorld_thigh:10,192,1,1,88,RealWorld_thigh,0.7340277777777777,0.7143653534440975,5.230560302734375,5.230560302734375
resnetse5,device:RealWorld_thigh:10,192,1,1,89,RealWorld_thigh,0.7322916666666667,0.7100160342126453,5.230560302734375,5.230560302734375
resnetse5,device:RealWorld_thigh:10,192,1,1,90,RealWorld_thigh,0.7350694444444444,0.7108834688589537,5.230560302734375,5.230560302734375
resnetse5,device:RealWorld_thigh:10,192,1,1,91,RealWorld_thigh,0.7350694444444444,0.7096397997148763,5.230560302734375,5.230560302734375
resnetse5,device:RealWorld_thigh:10,192,1,1,92,RealWorld_thigh,0.7347222222222223,0.7141969152738815,5.230560302734375,5.230560302734375
resnetse5,device:RealWorld_thigh:10,192,1,1,93,RealWorld_thigh,0.7399305555555555,0.7262886431488638,5.230560302734375,5.230560302734375
resnetse5,device:RealWorld_thigh:10,192,1,1,94,RealWorld_thigh,0.74375,0.7274978076493834,5.230560302734375,5.230560302734375
resnetse5,device:RealWorld_thigh:10,192,1,1,95,RealWorld_thigh,0.7548611111111111,0.7475210555888943,5.230560302734375,5.230560302734375
resnetse5,device:RealWorld_thigh:10,192,1,1,96,RealWorld_thigh,0.7559027777777778,0.74855203339069,5.230560302734375,5.230560302734375
resnetse5,device:RealWorld_thigh:10,192,1,1,97,RealWorld_thigh,0.7583333333333333,0.751759733025112,5.230560302734375,5.230560302734375
resnetse5,device:RealWorld_thigh:10,192,1,1,98,RealWorld_thigh,0.7520833333333333,0.7433466540816429,5.230560302734375,5.230560302734375
resnetse5,device:RealWorld_thigh:10,192,1,1,99,RealWorld_thigh,0.753125,0.7461526861908498,5.230560302734375,5.230560302734375
resnetse5,device:RealWorld_thigh:10,192,1,1,100,RealWorld_thigh,0.7680555555555556,0.7693016507002919,5.230560302734375,5.230560302734375
resnetse5,device:RealWorld_thigh:10,192,2,1,1,RealWorld_thigh,0.00625,0.0034605648814281,5.230560302734375,5.230560302734375
resnetse5,device:RealWorld_thigh:10,192,2,1,2,RealWorld_thigh,0.103125,0.041983954183021,5.230560302734375,5.230560302734375
resnetse5,device:RealWorld_thigh:10,192,2,1,3,RealWorld_thigh,0.184375,0.1135789219594771,5.230560302734375,5.230560302734375
resnetse5,device:RealWorld_thigh:10,192,2,1,4,RealWorld_thigh,0.3243055555555555,0.1965886028888709,5.230560302734375,5.230560302734375
resnetse5,device:RealWorld_thigh:10,192,2,1,5,RealWorld_thigh,0.3232638888888889,0.1942882518650114,5.230560302734375,5.230560302734375
resnetse5,device:RealWorld_thigh:10,192,2,1,6,RealWorld_thigh,0.3302083333333333,0.2019888285114337,5.230560302734375,5.230560302734375
resnetse5,device:RealWorld_thigh:10,192,2,1,7,RealWorld_thigh,0.3427083333333333,0.2156326294340355,5.230560302734375,5.230560302734375
resnetse5,device:RealWorld_thigh:10,192,2,1,8,RealWorld_thigh,0.3722222222222222,0.264058182091496,5.230560302734375,5.230560302734375
resnetse5,device:RealWorld_thigh:10,192,2,1,9,RealWorld_thigh,0.4010416666666667,0.3056914649075812,5.230560302734375,5.230560302734375
resnetse5,device:RealWorld_thigh:10,192,2,1,10,RealWorld_thigh,0.4131944444444444,0.3194404677058017,5.230560302734375,5.230560302734375
resnetse5,device:RealWorld_thigh:10,192,2,1,11,RealWorld_thigh,0.4180555555555555,0.3212481661423849,5.230560302734375,5.230560302734375
resnetse5,device:RealWorld_thigh:10,192,2,1,12,RealWorld_thigh,0.4208333333333333,0.3181662461107665,5.230560302734375,5.230560302734375
resnetse5,device:RealWorld_thigh:10,192,2,1,13,RealWorld_thigh,0.4361111111111111,0.3338297423831425,5.230560302734375,5.230560302734375
resnetse5,device:RealWorld_thigh:10,192,2,1,14,RealWorld_thigh,0.446875,0.3450717072167231,5.230560302734375,5.230560302734375
resnetse5,device:RealWorld_thigh:10,192,2,1,15,RealWorld_thigh,0.4677083333333333,0.3669705953031231,5.230560302734375,5.230560302734375
resnetse5,device:RealWorld_thigh:10,192,2,1,16,RealWorld_thigh,0.4826388888888889,0.3832950752348235,5.230560302734375,5.230560302734375
resnetse5,device:RealWorld_thigh:10,192,2,1,17,RealWorld_thigh,0.4954861111111111,0.3971374652426462,5.230560302734375,5.230560302734375
resnetse5,device:RealWorld_thigh:10,192,2,1,18,RealWorld_thigh,0.5013888888888889,0.403750720199043,5.230560302734375,5.230560302734375
resnetse5,device:RealWorld_thigh:10,192,2,1,19,RealWorld_thigh,0.5079861111111111,0.4112126262031425,5.230560302734375,5.230560302734375
resnetse5,device:RealWorld_thigh:10,192,2,1,20,RealWorld_thigh,0.5107638888888889,0.4147912726327196,5.230560302734375,5.230560302734375
resnetse5,device:RealWorld_thigh:10,192,2,1,21,RealWorld_thigh,0.5152777777777777,0.4203263017746075,5.230560302734375,5.230560302734375
resnetse5,device:RealWorld_thigh:10,192,2,1,22,RealWorld_thigh,0.4635416666666667,0.4108241942983027,5.230560302734375,5.230560302734375
resnetse5,device:RealWorld_thigh:10,192,2,1,23,RealWorld_thigh,0.5142361111111111,0.4365378129539439,5.230560302734375,5.230560302734375
resnetse5,device:RealWorld_thigh:10,192,2,1,24,RealWorld_thigh,0.5180555555555556,0.4357108703527397,5.230560302734375,5.230560302734375
resnetse5,device:RealWorld_thigh:10,192,2,1,25,RealWorld_thigh,0.5246527777777777,0.4380603567637965,5.230560302734375,5.230560302734375
resnetse5,device:RealWorld_thigh:10,192,2,1,26,RealWorld_thigh,0.528125,0.4416380021432626,5.230560302734375,5.230560302734375
resnetse5,device:RealWorld_thigh:10,192,2,1,27,RealWorld_thigh,0.5336805555555556,0.4432980856885893,5.230560302734375,5.230560302734375
resnetse5,device:RealWorld_thigh:10,192,2,1,28,RealWorld_thigh,0.5333333333333333,0.4426892490087665,5.230560302734375,5.230560302734375
resnetse5,device:RealWorld_thigh:10,192,2,1,29,RealWorld_thigh,0.5354166666666667,0.4468989983680786,5.230560302734375,5.230560302734375
resnetse5,device:RealWorld_thigh:10,192,2,1,30,RealWorld_thigh,0.5361111111111111,0.4494949594811839,5.230560302734375,5.230560302734375
resnetse5,device:RealWorld_thigh:10,192,2,1,31,RealWorld_thigh,0.5350694444444445,0.4537167716388942,5.230560302734375,5.230560302734375
resnetse5,device:RealWorld_thigh:10,192,2,1,32,RealWorld_thigh,0.5388888888888889,0.461525880414874,5.230560302734375,5.230560302734375
resnetse5,device:RealWorld_thigh:10,192,2,1,33,RealWorld_thigh,0.5524305555555555,0.4816738833462691,5.230560302734375,5.230560302734375
resnetse5,device:RealWorld_thigh:10,192,2,1,34,RealWorld_thigh,0.5513888888888889,0.4845813827999286,5.230560302734375,5.230560302734375
resnetse5,device:RealWorld_thigh:10,192,2,1,35,RealWorld_thigh,0.5614583333333333,0.5004652676228424,5.230560302734375,5.230560302734375
resnetse5,device:RealWorld_thigh:10,192,2,1,36,RealWorld_thigh,0.5708333333333333,0.5138025427402613,5.230560302734375,5.230560302734375
resnetse5,device:RealWorld_thigh:10,192,2,1,37,RealWorld_thigh,0.5763888888888888,0.5216608343382749,5.230560302734375,5.230560302734375
resnetse5,device:RealWorld_thigh:10,192,2,1,38,RealWorld_thigh,0.5864583333333333,0.5359538509848476,5.230560302734375,5.230560302734375
resnetse5,device:RealWorld_thigh:10,192,2,1,39,RealWorld_thigh,0.5777777777777777,0.525646897854967,5.230560302734375,5.230560302734375
resnetse5,device:RealWorld_thigh:10,192,2,1,40,RealWorld_thigh,0.5635416666666667,0.5330016302381516,5.230560302734375,5.230560302734375
resnetse5,device:RealWorld_thigh:10,192,2,1,41,RealWorld_thigh,0.5857638888888889,0.5358350962885589,5.230560302734375,5.230560302734375
resnetse5,device:RealWorld_thigh:10,192,2,1,42,RealWorld_thigh,0.5996527777777778,0.5522650489586501,5.230560302734375,5.230560302734375
resnetse5,device:RealWorld_thigh:10,192,2,1,43,RealWorld_thigh,0.5760416666666667,0.5474258447838812,5.230560302734375,5.230560302734375
resnetse5,device:RealWorld_thigh:10,192,2,1,44,RealWorld_thigh,0.6388888888888888,0.6205131284136942,5.230560302734375,5.230560302734375
resnetse5,device:RealWorld_thigh:10,192,2,1,45,RealWorld_thigh,0.6861111111111111,0.6836523860619614,5.230560302734375,5.230560302734375
resnetse5,device:RealWorld_thigh:10,192,2,1,46,RealWorld_thigh,0.646875,0.6341033245008644,5.230560302734375,5.230560302734375
resnetse5,device:RealWorld_thigh:10,192,2,1,47,RealWorld_thigh,0.6461805555555555,0.6468486366190294,5.230560302734375,5.230560302734375
resnetse5,device:RealWorld_thigh:10,192,2,1,48,RealWorld_thigh,0.6631944444444444,0.6549936618788853,5.230560302734375,5.230560302734375
resnetse5,device:RealWorld_thigh:10,192,2,1,49,RealWorld_thigh,0.6604166666666667,0.6449254375373686,5.230560302734375,5.230560302734375
resnetse5,device:RealWorld_thigh:10,192,2,1,50,RealWorld_thigh,0.6399305555555556,0.6072369798761534,5.230560302734375,5.230560302734375
resnetse5,device:RealWorld_thigh:10,192,2,1,51,RealWorld_thigh,0.6475694444444444,0.61748759853327,5.230560302734375,5.230560302734375
resnetse5,device:RealWorld_thigh:10,192,2,1,52,RealWorld_thigh,0.6534722222222222,0.6282208748586232,5.230560302734375,5.230560302734375
resnetse5,device:RealWorld_thigh:10,192,2,1,53,RealWorld_thigh,0.6552083333333333,0.6339850297243449,5.230560302734375,5.230560302734375
resnetse5,device:RealWorld_thigh:10,192,2,1,54,RealWorld_thigh,0.6788194444444444,0.6747778845536843,5.230560302734375,5.230560302734375
resnetse5,device:RealWorld_thigh:10,192,2,1,55,RealWorld_thigh,0.6753472222222222,0.6691116201137209,5.230560302734375,5.230560302734375
resnetse5,device:RealWorld_thigh:10,192,2,1,56,RealWorld_thigh,0.6649305555555556,0.6520989854531886,5.230560302734375,5.230560302734375
resnetse5,device:RealWorld_thigh:10,192,2,1,57,RealWorld_thigh,0.6847222222222222,0.6808830821435379,5.230560302734375,5.230560302734375
resnetse5,device:RealWorld_thigh:10,192,2,1,58,RealWorld_thigh,0.7197916666666667,0.7212567665267056,5.230560302734375,5.230560302734375
resnetse5,device:RealWorld_thigh:10,192,2,1,59,RealWorld_thigh,0.6673611111111111,0.6466582411230387,5.230560302734375,5.230560302734375
resnetse5,device:RealWorld_thigh:10,192,2,1,60,RealWorld_thigh,0.6760416666666667,0.6613695325424992,5.230560302734375,5.230560302734375
resnetse5,device:RealWorld_thigh:10,192,2,1,61,RealWorld_thigh,0.6711805555555556,0.6537640439170557,5.230560302734375,5.230560302734375
resnetse5,device:RealWorld_thigh:10,192,2,1,62,RealWorld_thigh,0.6767361111111111,0.663607477778832,5.230560302734375,5.230560302734375
resnetse5,device:RealWorld_thigh:10,192,2,1,63,RealWorld_thigh,0.6760416666666667,0.6599833373487587,5.230560302734375,5.230560302734375
resnetse5,device:RealWorld_thigh:10,192,2,1,64,RealWorld_thigh,0.7072916666666667,0.7056327052565522,5.230560302734375,5.230560302734375
resnetse5,device:RealWorld_thigh:10,192,2,1,65,RealWorld_thigh,0.6822916666666666,0.6744449870323415,5.230560302734375,5.230560302734375
resnetse5,device:RealWorld_thigh:10,192,2,1,66,RealWorld_thigh,0.6850694444444444,0.6763852277655861,5.230560302734375,5.230560302734375
resnetse5,device:RealWorld_thigh:10,192,2,1,67,RealWorld_thigh,0.684375,0.6700867785560477,5.230560302734375,5.230560302734375
resnetse5,device:RealWorld_thigh:10,192,2,1,68,RealWorld_thigh,0.6972222222222222,0.6906878451394842,5.230560302734375,5.230560302734375
resnetse5,device:RealWorld_thigh:10,192,2,1,69,RealWorld_thigh,0.690625,0.6753479917003972,5.230560302734375,5.230560302734375
resnetse5,device:RealWorld_thigh:10,192,2,1,70,RealWorld_thigh,0.6913194444444445,0.6772946272979211,5.230560302734375,5.230560302734375
resnetse5,device:RealWorld_thigh:10,192,2,1,71,RealWorld_thigh,0.6833333333333333,0.6642314112724885,5.230560302734375,5.230560302734375
resnetse5,device:RealWorld_thigh:10,192,2,1,72,RealWorld_thigh,0.6916666666666667,0.677459066210694,5.230560302734375,5.230560302734375
resnetse5,device:RealWorld_thigh:10,192,2,1,73,RealWorld_thigh,0.6916666666666667,0.6799610339274068,5.230560302734375,5.230560302734375
resnetse5,device:RealWorld_thigh:10,192,2,1,74,RealWorld_thigh,0.6979166666666666,0.6864785183132872,5.230560302734375,5.230560302734375
resnetse5,device:RealWorld_thigh:10,192,2,1,75,RealWorld_thigh,0.6927083333333334,0.6789366523478098,5.230560302734375,5.230560302734375
resnetse5,device:RealWorld_thigh:10,192,2,1,76,RealWorld_thigh,0.6923611111111111,0.6816385690536579,5.230560302734375,5.230560302734375
resnetse5,device:RealWorld_thigh:10,192,2,1,77,RealWorld_thigh,0.6961805555555556,0.6818252240266235,5.230560302734375,5.230560302734375
resnetse5,device:RealWorld_thigh:10,192,2,1,78,RealWorld_thigh,0.6989583333333333,0.6865223919606245,5.230560302734375,5.230560302734375
resnetse5,device:RealWorld_thigh:10,192,2,1,79,RealWorld_thigh,0.6982638888888889,0.6853378716319446,5.230560302734375,5.230560302734375
resnetse5,device:RealWorld_thigh:10,192,2,1,80,RealWorld_thigh,0.7041666666666667,0.6974033554760485,5.230560302734375,5.230560302734375
resnetse5,device:RealWorld_thigh:10,192,2,1,81,RealWorld_thigh,0.7076388888888889,0.6991029953709061,5.230560302734375,5.230560302734375
resnetse5,device:RealWorld_thigh:10,192,2,1,82,RealWorld_thigh,0.7104166666666667,0.7022374831342765,5.230560302734375,5.230560302734375
resnetse5,device:RealWorld_thigh:10,192,2,1,83,RealWorld_thigh,0.6934027777777778,0.6811325809956763,5.230560302734375,5.230560302734375
resnetse5,device:RealWorld_thigh:10,192,2,1,84,RealWorld_thigh,0.6989583333333333,0.6852703274946718,5.230560302734375,5.230560302734375
resnetse5,device:RealWorld_thigh:10,192,2,1,85,RealWorld_thigh,0.7333333333333333,0.7332497881842222,5.230560302734375,5.230560302734375
resnetse5,device:RealWorld_thigh:10,192,2,1,86,RealWorld_thigh,0.7170138888888888,0.7125616434401955,5.230560302734375,5.230560302734375
resnetse5,device:RealWorld_thigh:10,192,2,1,87,RealWorld_thigh,0.7170138888888888,0.7123431650473427,5.230560302734375,5.230560302734375
resnetse5,device:RealWorld_thigh:10,192,2,1,88,RealWorld_thigh,0.7097222222222223,0.7018611890311303,5.230560302734375,5.230560302734375
resnetse5,device:RealWorld_thigh:10,192,2,1,89,RealWorld_thigh,0.7045138888888889,0.6921222806577254,5.230560302734375,5.230560302734375
resnetse5,device:RealWorld_thigh:10,192,2,1,90,RealWorld_thigh,0.7173611111111111,0.7099685620777322,5.230560302734375,5.230560302734375
resnetse5,device:RealWorld_thigh:10,192,2,1,91,RealWorld_thigh,0.7111111111111111,0.7016519550301236,5.230560302734375,5.230560302734375
resnetse5,device:RealWorld_thigh:10,192,2,1,92,RealWorld_thigh,0.7048611111111112,0.6897113873005128,5.230560302734375,5.230560302734375
resnetse5,device:RealWorld_thigh:10,192,2,1,93,RealWorld_thigh,0.7118055555555556,0.6995426987439902,5.230560302734375,5.230560302734375
resnetse5,device:RealWorld_thigh:10,192,2,1,94,RealWorld_thigh,0.7163194444444444,0.7070919732854404,5.230560302734375,5.230560302734375
resnetse5,device:RealWorld_thigh:10,192,2,1,95,RealWorld_thigh,0.7149305555555555,0.7048523076556407,5.230560302734375,5.230560302734375
resnetse5,device:RealWorld_thigh:10,192,2,1,96,RealWorld_thigh,0.7180555555555556,0.7122125249773252,5.230560302734375,5.230560302734375
resnetse5,device:RealWorld_thigh:10,192,2,1,97,RealWorld_thigh,0.7135416666666666,0.7028848282935946,5.230560302734375,5.230560302734375
resnetse5,device:RealWorld_thigh:10,192,2,1,98,RealWorld_thigh,0.721875,0.7138909723433094,5.230560302734375,5.230560302734375
resnetse5,device:RealWorld_thigh:10,192,2,1,99,RealWorld_thigh,0.7190972222222223,0.7122763734936575,5.230560302734375,5.230560302734375
resnetse5,device:RealWorld_thigh:10,192,2,1,100,RealWorld_thigh,0.7288194444444445,0.7249920372423394,5.230560302734375,5.230560302734375
resnetse5,device:RealWorld_thigh:10,192,3,1,1,RealWorld_thigh,0.1673611111111111,0.0906660860342226,5.230560302734375,5.230560302734375
resnetse5,device:RealWorld_thigh:10,192,3,1,2,RealWorld_thigh,0.1472222222222222,0.0727108184774635,5.230560302734375,5.230560302734375
resnetse5,device:RealWorld_thigh:10,192,3,1,3,RealWorld_thigh,0.1427083333333333,0.0671401865095754,5.230560302734375,5.230560302734375
resnetse5,device:RealWorld_thigh:10,192,3,1,4,RealWorld_thigh,0.1427083333333333,0.0671973892405063,5.230560302734375,5.230560302734375
resnetse5,device:RealWorld_thigh:10,192,3,1,5,RealWorld_thigh,0.1486111111111111,0.0757919677216878,5.230560302734375,5.230560302734375
resnetse5,device:RealWorld_thigh:10,192,3,1,6,RealWorld_thigh,0.1559027777777777,0.0882561794380819,5.230560302734375,5.230560302734375
resnetse5,device:RealWorld_thigh:10,192,3,1,7,RealWorld_thigh,0.3239583333333333,0.2056011497230897,5.230560302734375,5.230560302734375
resnetse5,device:RealWorld_thigh:10,192,3,1,8,RealWorld_thigh,0.2805555555555555,0.1937981976566472,5.230560302734375,5.230560302734375
resnetse5,device:RealWorld_thigh:10,192,3,1,9,RealWorld_thigh,0.2975694444444444,0.2170526773537719,5.230560302734375,5.230560302734375
resnetse5,device:RealWorld_thigh:10,192,3,1,10,RealWorld_thigh,0.3333333333333333,0.2558592362337044,5.230560302734375,5.230560302734375
resnetse5,device:RealWorld_thigh:10,192,3,1,11,RealWorld_thigh,0.4527777777777778,0.3823156625973811,5.230560302734375,5.230560302734375
resnetse5,device:RealWorld_thigh:10,192,3,1,12,RealWorld_thigh,0.4302083333333333,0.3817074252913726,5.230560302734375,5.230560302734375
resnetse5,device:RealWorld_thigh:10,192,3,1,13,RealWorld_thigh,0.4243055555555555,0.3645412978929113,5.230560302734375,5.230560302734375
resnetse5,device:RealWorld_thigh:10,192,3,1,14,RealWorld_thigh,0.4510416666666667,0.3878950292940556,5.230560302734375,5.230560302734375
resnetse5,device:RealWorld_thigh:10,192,3,1,15,RealWorld_thigh,0.5305555555555556,0.438405465274533,5.230560302734375,5.230560302734375
resnetse5,device:RealWorld_thigh:10,192,3,1,16,RealWorld_thigh,0.5496527777777778,0.4596008250372403,5.230560302734375,5.230560302734375
resnetse5,device:RealWorld_thigh:10,192,3,1,17,RealWorld_thigh,0.5628472222222223,0.4806753753202844,5.230560302734375,5.230560302734375
resnetse5,device:RealWorld_thigh:10,192,3,1,18,RealWorld_thigh,0.5729166666666666,0.5009623572102534,5.230560302734375,5.230560302734375
resnetse5,device:RealWorld_thigh:10,192,3,1,19,RealWorld_thigh,0.5746527777777778,0.5085743755896647,5.230560302734375,5.230560302734375
resnetse5,device:RealWorld_thigh:10,192,3,1,20,RealWorld_thigh,0.5739583333333333,0.5117185087561256,5.230560302734375,5.230560302734375
resnetse5,device:RealWorld_thigh:10,192,3,1,21,RealWorld_thigh,0.5711805555555556,0.511954738952296,5.230560302734375,5.230560302734375
resnetse5,device:RealWorld_thigh:10,192,3,1,22,RealWorld_thigh,0.5715277777777777,0.5151397865954285,5.230560302734375,5.230560302734375
resnetse5,device:RealWorld_thigh:10,192,3,1,23,RealWorld_thigh,0.575,0.5195960532586384,5.230560302734375,5.230560302734375
resnetse5,device:RealWorld_thigh:10,192,3,1,24,RealWorld_thigh,0.5756944444444444,0.5213411704442791,5.230560302734375,5.230560302734375
resnetse5,device:RealWorld_thigh:10,192,3,1,25,RealWorld_thigh,0.5864583333333333,0.5347334190491845,5.230560302734375,5.230560302734375
resnetse5,device:RealWorld_thigh:10,192,3,1,26,RealWorld_thigh,0.5902777777777778,0.5388489367945287,5.230560302734375,5.230560302734375
resnetse5,device:RealWorld_thigh:10,192,3,1,27,RealWorld_thigh,0.5947916666666667,0.5444412508762454,5.230560302734375,5.230560302734375
resnetse5,device:RealWorld_thigh:10,192,3,1,28,RealWorld_thigh,0.6045138888888889,0.5557050538669616,5.230560302734375,5.230560302734375
resnetse5,device:RealWorld_thigh:10,192,3,1,29,RealWorld_thigh,0.6142361111111111,0.567096908954478,5.230560302734375,5.230560302734375
resnetse5,device:RealWorld_thigh:10,192,3,1,30,RealWorld_thigh,0.6260416666666667,0.5803490094794816,5.230560302734375,5.230560302734375
resnetse5,device:RealWorld_thigh:10,192,3,1,31,RealWorld_thigh,0.6350694444444445,0.5902857924656051,5.230560302734375,5.230560302734375
resnetse5,device:RealWorld_thigh:10,192,3,1,32,RealWorld_thigh,0.6409722222222223,0.5962004367830931,5.230560302734375,5.230560302734375
resnetse5,device:RealWorld_thigh:10,192,3,1,33,RealWorld_thigh,0.6552083333333333,0.6105248938434805,5.230560302734375,5.230560302734375
resnetse5,device:RealWorld_thigh:10,192,3,1,34,RealWorld_thigh,0.6576388888888889,0.6144377712916651,5.230560302734375,5.230560302734375
resnetse5,device:RealWorld_thigh:10,192,3,1,35,RealWorld_thigh,0.6597222222222222,0.6162805996979276,5.230560302734375,5.230560302734375
resnetse5,device:RealWorld_thigh:10,192,3,1,36,RealWorld_thigh,0.6684027777777778,0.6260074284620678,5.230560302734375,5.230560302734375
resnetse5,device:RealWorld_thigh:10,192,3,1,37,RealWorld_thigh,0.6222222222222222,0.6036382529384429,5.230560302734375,5.230560302734375
resnetse5,device:RealWorld_thigh:10,192,3,1,38,RealWorld_thigh,0.6659722222222222,0.6240699271662659,5.230560302734375,5.230560302734375
resnetse5,device:RealWorld_thigh:10,192,3,1,39,RealWorld_thigh,0.6284722222222222,0.6069902916548643,5.230560302734375,5.230560302734375
resnetse5,device:RealWorld_thigh:10,192,3,1,40,RealWorld_thigh,0.6270833333333333,0.6079603981114167,5.230560302734375,5.230560302734375
resnetse5,device:RealWorld_thigh:10,192,3,1,41,RealWorld_thigh,0.63125,0.6118224872537738,5.230560302734375,5.230560302734375
resnetse5,device:RealWorld_thigh:10,192,3,1,42,RealWorld_thigh,0.66875,0.6277739658425614,5.230560302734375,5.230560302734375
resnetse5,device:RealWorld_thigh:10,192,3,1,43,RealWorld_thigh,0.6211805555555555,0.6089937433681913,5.230560302734375,5.230560302734375
resnetse5,device:RealWorld_thigh:10,192,3,1,44,RealWorld_thigh,0.6770833333333334,0.6352043075401237,5.230560302734375,5.230560302734375
resnetse5,device:RealWorld_thigh:10,192,3,1,45,RealWorld_thigh,0.6986111111111111,0.6843593285492894,5.230560302734375,5.230560302734375
resnetse5,device:RealWorld_thigh:10,192,3,1,46,RealWorld_thigh,0.634375,0.6167532680561234,5.230560302734375,5.230560302734375
resnetse5,device:RealWorld_thigh:10,192,3,1,47,RealWorld_thigh,0.6802083333333333,0.6396190336902262,5.230560302734375,5.230560302734375
resnetse5,device:RealWorld_thigh:10,192,3,1,48,RealWorld_thigh,0.6791666666666667,0.6386830712570358,5.230560302734375,5.230560302734375
resnetse5,device:RealWorld_thigh:10,192,3,1,49,RealWorld_thigh,0.6777777777777778,0.6375611316312438,5.230560302734375,5.230560302734375
resnetse5,device:RealWorld_thigh:10,192,3,1,50,RealWorld_thigh,0.6711805555555556,0.6308138326628704,5.230560302734375,5.230560302734375
resnetse5,device:RealWorld_thigh:10,192,3,1,51,RealWorld_thigh,0.6333333333333333,0.6150937342847285,5.230560302734375,5.230560302734375
resnetse5,device:RealWorld_thigh:10,192,3,1,52,RealWorld_thigh,0.6357638888888889,0.6188656220970574,5.230560302734375,5.230560302734375
resnetse5,device:RealWorld_thigh:10,192,3,1,53,RealWorld_thigh,0.6798611111111111,0.639314763979692,5.230560302734375,5.230560302734375
resnetse5,device:RealWorld_thigh:10,192,3,1,54,RealWorld_thigh,0.6829861111111111,0.642544649721653,5.230560302734375,5.230560302734375
resnetse5,device:RealWorld_thigh:10,192,3,1,55,RealWorld_thigh,0.7447916666666666,0.7488481457802659,5.230560302734375,5.230560302734375
resnetse5,device:RealWorld_thigh:10,192,3,1,56,RealWorld_thigh,0.6586805555555556,0.6302987592402499,5.230560302734375,5.230560302734375
resnetse5,device:RealWorld_thigh:10,192,3,1,57,RealWorld_thigh,0.6829861111111111,0.6419685924152931,5.230560302734375,5.230560302734375
resnetse5,device:RealWorld_thigh:10,192,3,1,58,RealWorld_thigh,0.6854166666666667,0.6440233917558706,5.230560302734375,5.230560302734375
resnetse5,device:RealWorld_thigh:10,192,3,1,59,RealWorld_thigh,0.6822916666666666,0.6412264737206946,5.230560302734375,5.230560302734375
resnetse5,device:RealWorld_thigh:10,192,3,1,60,RealWorld_thigh,0.6416666666666667,0.6231432027301329,5.230560302734375,5.230560302734375
resnetse5,device:RealWorld_thigh:10,192,3,1,61,RealWorld_thigh,0.7065972222222222,0.6923347709865096,5.230560302734375,5.230560302734375
resnetse5,device:RealWorld_thigh:10,192,3,1,62,RealWorld_thigh,0.6784722222222223,0.6366819854099968,5.230560302734375,5.230560302734375
resnetse5,device:RealWorld_thigh:10,192,3,1,63,RealWorld_thigh,0.646875,0.6261366103067233,5.230560302734375,5.230560302734375
resnetse5,device:RealWorld_thigh:10,192,3,1,64,RealWorld_thigh,0.6770833333333334,0.635197018428244,5.230560302734375,5.230560302734375
resnetse5,device:RealWorld_thigh:10,192,3,1,65,RealWorld_thigh,0.6909722222222222,0.6937537196368403,5.230560302734375,5.230560302734375
resnetse5,device:RealWorld_thigh:10,192,3,1,66,RealWorld_thigh,0.6434027777777778,0.6216692291176095,5.230560302734375,5.230560302734375
resnetse5,device:RealWorld_thigh:10,192,3,1,67,RealWorld_thigh,0.7010416666666667,0.6807043092746947,5.230560302734375,5.230560302734375
resnetse5,device:RealWorld_thigh:10,192,3,1,68,RealWorld_thigh,0.6982638888888889,0.675789060567304,5.230560302734375,5.230560302734375
resnetse5,device:RealWorld_thigh:10,192,3,1,69,RealWorld_thigh,0.6482638888888889,0.6234582871562772,5.230560302734375,5.230560302734375
resnetse5,device:RealWorld_thigh:10,192,3,1,70,RealWorld_thigh,0.6840277777777778,0.6409288701005339,5.230560302734375,5.230560302734375
resnetse5,device:RealWorld_thigh:10,192,3,1,71,RealWorld_thigh,0.6840277777777778,0.6405477903414059,5.230560302734375,5.230560302734375
resnetse5,device:RealWorld_thigh:10,192,3,1,72,RealWorld_thigh,0.7135416666666666,0.7083615041877374,5.230560302734375,5.230560302734375
resnetse5,device:RealWorld_thigh:10,192,3,1,73,RealWorld_thigh,0.7489583333333333,0.7539002735107149,5.230560302734375,5.230560302734375
resnetse5,device:RealWorld_thigh:10,192,3,1,74,RealWorld_thigh,0.690625,0.6470128668110412,5.230560302734375,5.230560302734375
resnetse5,device:RealWorld_thigh:10,192,3,1,75,RealWorld_thigh,0.6951388888888889,0.65129526418569,5.230560302734375,5.230560302734375
resnetse5,device:RealWorld_thigh:10,192,3,1,76,RealWorld_thigh,0.6878472222222223,0.6440748656484084,5.230560302734375,5.230560302734375
resnetse5,device:RealWorld_thigh:10,192,3,1,77,RealWorld_thigh,0.6881944444444444,0.644474369837135,5.230560302734375,5.230560302734375
resnetse5,device:RealWorld_thigh:10,192,3,1,78,RealWorld_thigh,0.6899305555555556,0.6459570885952385,5.230560302734375,5.230560302734375
resnetse5,device:RealWorld_thigh:10,192,3,1,79,RealWorld_thigh,0.6947916666666667,0.6509315647212724,5.230560302734375,5.230560302734375
resnetse5,device:RealWorld_thigh:10,192,3,1,80,RealWorld_thigh,0.6868055555555556,0.6429631730659996,5.230560302734375,5.230560302734375
resnetse5,device:RealWorld_thigh:10,192,3,1,81,RealWorld_thigh,0.6836805555555555,0.6397246859949558,5.230560302734375,5.230560302734375
resnetse5,device:RealWorld_thigh:10,192,3,1,82,RealWorld_thigh,0.6815972222222222,0.6377225484170883,5.230560302734375,5.230560302734375
resnetse5,device:RealWorld_thigh:10,192,3,1,83,RealWorld_thigh,0.7496527777777777,0.7536900280386883,5.230560302734375,5.230560302734375
resnetse5,device:RealWorld_thigh:10,192,3,1,84,RealWorld_thigh,0.6774305555555555,0.6702758582523088,5.230560302734375,5.230560302734375
resnetse5,device:RealWorld_thigh:10,192,3,1,85,RealWorld_thigh,0.7208333333333333,0.7190349568820685,5.230560302734375,5.230560302734375
resnetse5,device:RealWorld_thigh:10,192,3,1,86,RealWorld_thigh,0.7239583333333334,0.7250014201219038,5.230560302734375,5.230560302734375
resnetse5,device:RealWorld_thigh:10,192,3,1,87,RealWorld_thigh,0.6815972222222222,0.6750688207510773,5.230560302734375,5.230560302734375
resnetse5,device:RealWorld_thigh:10,192,3,1,88,RealWorld_thigh,0.7277777777777777,0.7221141805521193,5.230560302734375,5.230560302734375
resnetse5,device:RealWorld_thigh:10,192,3,1,89,RealWorld_thigh,0.7149305555555555,0.7018368100202439,5.230560302734375,5.230560302734375
resnetse5,device:RealWorld_thigh:10,192,3,1,90,RealWorld_thigh,0.71875,0.7081035623458125,5.230560302734375,5.230560302734375
resnetse5,device:RealWorld_thigh:10,192,3,1,91,RealWorld_thigh,0.7118055555555556,0.6917196979363007,5.230560302734375,5.230560302734375
resnetse5,device:RealWorld_thigh:10,192,3,1,92,RealWorld_thigh,0.7118055555555556,0.7010396984701366,5.230560302734375,5.230560302734375
resnetse5,device:RealWorld_thigh:10,192,3,1,93,RealWorld_thigh,0.7142361111111111,0.7005424604483629,5.230560302734375,5.230560302734375
resnetse5,device:RealWorld_thigh:10,192,3,1,94,RealWorld_thigh,0.7211805555555556,0.7116645625868675,5.230560302734375,5.230560302734375
resnetse5,device:RealWorld_thigh:10,192,3,1,95,RealWorld_thigh,0.7138888888888889,0.7030096510843699,5.230560302734375,5.230560302734375
resnetse5,device:RealWorld_thigh:10,192,3,1,96,RealWorld_thigh,0.7190972222222223,0.7135303696993759,5.230560302734375,5.230560302734375
resnetse5,device:RealWorld_thigh:10,192,3,1,97,RealWorld_thigh,0.7166666666666667,0.7049102067826004,5.230560302734375,5.230560302734375
resnetse5,device:RealWorld_thigh:10,192,3,1,98,RealWorld_thigh,0.7288194444444445,0.7285378763135003,5.230560302734375,5.230560302734375
resnetse5,device:RealWorld_thigh:10,192,3,1,99,RealWorld_thigh,0.7302083333333333,0.7277314462306913,5.230560302734375,5.230560302734375
resnetse5,device:RealWorld_thigh:10,192,3,1,100,RealWorld_thigh,0.7215277777777778,0.7150871999481695,5.230560302734375,5.230560302734375
resnetse5,device:RealWorld_thigh:10,192,0,5,1,RealWorld_thigh,0.3447916666666666,0.2395877512111173,5.230560302734375,5.230560302734375
resnetse5,device:RealWorld_thigh:10,192,0,5,2,RealWorld_thigh,0.4336805555555555,0.3381014909192363,5.230560302734375,5.230560302734375
resnetse5,device:RealWorld_thigh:10,192,0,5,3,RealWorld_thigh,0.5076388888888889,0.4443470424929992,5.230560302734375,5.230560302734375
resnetse5,device:RealWorld_thigh:10,192,0,5,4,RealWorld_thigh,0.5350694444444445,0.4698825148479362,5.230560302734375,5.230560302734375
resnetse5,device:RealWorld_thigh:10,192,0,5,5,RealWorld_thigh,0.5392361111111111,0.4808104329816853,5.230560302734375,5.230560302734375
resnetse5,device:RealWorld_thigh:10,192,0,5,6,RealWorld_thigh,0.5635416666666667,0.520232554221655,5.230560302734375,5.230560302734375
resnetse5,device:RealWorld_thigh:10,192,0,5,7,RealWorld_thigh,0.6079861111111111,0.5767405830697593,5.230560302734375,5.230560302734375
resnetse5,device:RealWorld_thigh:10,192,0,5,8,RealWorld_thigh,0.6277777777777778,0.5997780806968221,5.230560302734375,5.230560302734375
resnetse5,device:RealWorld_thigh:10,192,0,5,9,RealWorld_thigh,0.6309027777777778,0.6045303937434664,5.230560302734375,5.230560302734375
resnetse5,device:RealWorld_thigh:10,192,0,5,10,RealWorld_thigh,0.6340277777777777,0.6058751435095078,5.230560302734375,5.230560302734375
resnetse5,device:RealWorld_thigh:10,192,0,5,11,RealWorld_thigh,0.6388888888888888,0.6152341615922079,5.230560302734375,5.230560302734375
resnetse5,device:RealWorld_thigh:10,192,0,5,12,RealWorld_thigh,0.6510416666666666,0.6379469131508031,5.230560302734375,5.230560302734375
resnetse5,device:RealWorld_thigh:10,192,0,5,13,RealWorld_thigh,0.65,0.6289458015297391,5.230560302734375,5.230560302734375
resnetse5,device:RealWorld_thigh:10,192,0,5,14,RealWorld_thigh,0.6583333333333333,0.6445478106479857,5.230560302734375,5.230560302734375
resnetse5,device:RealWorld_thigh:10,192,0,5,15,RealWorld_thigh,0.6628472222222223,0.6496583377293081,5.230560302734375,5.230560302734375
resnetse5,device:RealWorld_thigh:10,192,0,5,16,RealWorld_thigh,0.6534722222222222,0.6368591779224544,5.230560302734375,5.230560302734375
resnetse5,device:RealWorld_thigh:10,192,0,5,17,RealWorld_thigh,0.6645833333333333,0.6522204663810088,5.230560302734375,5.230560302734375
resnetse5,device:RealWorld_thigh:10,192,0,5,18,RealWorld_thigh,0.6635416666666667,0.6464339341282234,5.230560302734375,5.230560302734375
resnetse5,device:RealWorld_thigh:10,192,0,5,19,RealWorld_thigh,0.6743055555555556,0.663814470983311,5.230560302734375,5.230560302734375
resnetse5,device:RealWorld_thigh:10,192,0,5,20,RealWorld_thigh,0.6760416666666667,0.6648657930821094,5.230560302734375,5.230560302734375
resnetse5,device:RealWorld_thigh:10,192,0,5,21,RealWorld_thigh,0.6802083333333333,0.6696648171904723,5.230560302734375,5.230560302734375
resnetse5,device:RealWorld_thigh:10,192,0,5,22,RealWorld_thigh,0.6795138888888889,0.6696605538956265,5.230560302734375,5.230560302734375
resnetse5,device:RealWorld_thigh:10,192,0,5,23,RealWorld_thigh,0.6899305555555556,0.6847200365485787,5.230560302734375,5.230560302734375
resnetse5,device:RealWorld_thigh:10,192,0,5,24,RealWorld_thigh,0.6916666666666667,0.6857797089047661,5.230560302734375,5.230560302734375
resnetse5,device:RealWorld_thigh:10,192,0,5,25,RealWorld_thigh,0.6322916666666667,0.6375823722402508,5.230560302734375,5.230560302734375
resnetse5,device:RealWorld_thigh:10,192,0,5,26,RealWorld_thigh,0.6371527777777778,0.6445033566274874,5.230560302734375,5.230560302734375
resnetse5,device:RealWorld_thigh:10,192,0,5,27,RealWorld_thigh,0.6302083333333334,0.6381867525214494,5.230560302734375,5.230560302734375
resnetse5,device:RealWorld_thigh:10,192,0,5,28,RealWorld_thigh,0.6024305555555556,0.6136101010846037,5.230560302734375,5.230560302734375
resnetse5,device:RealWorld_thigh:10,192,0,5,29,RealWorld_thigh,0.6003472222222223,0.6118471175704364,5.230560302734375,5.230560302734375
resnetse5,device:RealWorld_thigh:10,192,0,5,30,RealWorld_thigh,0.6017361111111111,0.6136570110441663,5.230560302734375,5.230560302734375
resnetse5,device:RealWorld_thigh:10,192,0,5,31,RealWorld_thigh,0.596875,0.6075793561380037,5.230560302734375,5.230560302734375
resnetse5,device:RealWorld_thigh:10,192,0,5,32,RealWorld_thigh,0.6038194444444445,0.6148120357789564,5.230560302734375,5.230560302734375
resnetse5,device:RealWorld_thigh:10,192,0,5,33,RealWorld_thigh,0.603125,0.6144259492561067,5.230560302734375,5.230560302734375
resnetse5,device:RealWorld_thigh:10,192,0,5,34,RealWorld_thigh,0.6246527777777777,0.6317227499082184,5.230560302734375,5.230560302734375
resnetse5,device:RealWorld_thigh:10,192,0,5,35,RealWorld_thigh,0.6270833333333333,0.6346703439974133,5.230560302734375,5.230560302734375
resnetse5,device:RealWorld_thigh:10,192,0,5,36,RealWorld_thigh,0.6541666666666667,0.6527012016403969,5.230560302734375,5.230560302734375
resnetse5,device:RealWorld_thigh:10,192,0,5,37,RealWorld_thigh,0.6621527777777778,0.6518001309669993,5.230560302734375,5.230560302734375
resnetse5,device:RealWorld_thigh:10,192,0,5,38,RealWorld_thigh,0.6770833333333334,0.6660899917182634,5.230560302734375,5.230560302734375
resnetse5,device:RealWorld_thigh:10,192,0,5,39,RealWorld_thigh,0.6416666666666667,0.6028702279424465,5.230560302734375,5.230560302734375
resnetse5,device:RealWorld_thigh:10,192,0,5,40,RealWorld_thigh,0.6461805555555555,0.6068244311965968,5.230560302734375,5.230560302734375
resnetse5,device:RealWorld_thigh:10,192,0,5,41,RealWorld_thigh,0.6420138888888889,0.6038392923662165,5.230560302734375,5.230560302734375
resnetse5,device:RealWorld_thigh:10,192,0,5,42,RealWorld_thigh,0.6364583333333333,0.5973845906740322,5.230560302734375,5.230560302734375
resnetse5,device:RealWorld_thigh:10,192,0,5,43,RealWorld_thigh,0.6461805555555555,0.606153477812405,5.230560302734375,5.230560302734375
resnetse5,device:RealWorld_thigh:10,192,0,5,44,RealWorld_thigh,0.6454861111111111,0.6067583977903496,5.230560302734375,5.230560302734375
resnetse5,device:RealWorld_thigh:10,192,0,5,45,RealWorld_thigh,0.6409722222222223,0.6019405295778512,5.230560302734375,5.230560302734375
resnetse5,device:RealWorld_thigh:10,192,0,5,46,RealWorld_thigh,0.6350694444444445,0.5939937140121975,5.230560302734375,5.230560302734375
resnetse5,device:RealWorld_thigh:10,192,0,5,47,RealWorld_thigh,0.6465277777777778,0.6075469011983982,5.230560302734375,5.230560302734375
resnetse5,device:RealWorld_thigh:10,192,0,5,48,RealWorld_thigh,0.6423611111111112,0.6020429389962305,5.230560302734375,5.230560302734375
resnetse5,device:RealWorld_thigh:10,192,0,5,49,RealWorld_thigh,0.6409722222222223,0.6010455940755776,5.230560302734375,5.230560302734375
resnetse5,device:RealWorld_thigh:10,192,0,5,50,RealWorld_thigh,0.6364583333333333,0.5951406891927967,5.230560302734375,5.230560302734375
resnetse5,device:RealWorld_thigh:10,192,0,5,51,RealWorld_thigh,0.6409722222222223,0.6014440662874846,5.230560302734375,5.230560302734375
resnetse5,device:RealWorld_thigh:10,192,0,5,52,RealWorld_thigh,0.6392361111111111,0.5984808567545622,5.230560302734375,5.230560302734375
resnetse5,device:RealWorld_thigh:10,192,0,5,53,RealWorld_thigh,0.6423611111111112,0.6050754565912494,5.230560302734375,5.230560302734375
resnetse5,device:RealWorld_thigh:10,192,0,5,54,RealWorld_thigh,0.6371527777777778,0.596531859473697,5.230560302734375,5.230560302734375
resnetse5,device:RealWorld_thigh:10,192,0,5,55,RealWorld_thigh,0.6402777777777777,0.5984999125311226,5.230560302734375,5.230560302734375
resnetse5,device:RealWorld_thigh:10,192,0,5,56,RealWorld_thigh,0.634375,0.5922566532386334,5.230560302734375,5.230560302734375
resnetse5,device:RealWorld_thigh:10,192,0,5,57,RealWorld_thigh,0.6364583333333333,0.5965599155779502,5.230560302734375,5.230560302734375
resnetse5,device:RealWorld_thigh:10,192,0,5,58,RealWorld_thigh,0.6371527777777778,0.5958187418474195,5.230560302734375,5.230560302734375
resnetse5,device:RealWorld_thigh:10,192,0,5,59,RealWorld_thigh,0.6357638888888889,0.5937552849904755,5.230560302734375,5.230560302734375
resnetse5,device:RealWorld_thigh:10,192,0,5,60,RealWorld_thigh,0.6309027777777778,0.5871258986367138,5.230560302734375,5.230560302734375
resnetse5,device:RealWorld_thigh:10,192,0,5,61,RealWorld_thigh,0.6385416666666667,0.5975818242671229,5.230560302734375,5.230560302734375
resnetse5,device:RealWorld_thigh:10,192,0,5,62,RealWorld_thigh,0.6347222222222222,0.592589285914058,5.230560302734375,5.230560302734375
resnetse5,device:RealWorld_thigh:10,192,0,5,63,RealWorld_thigh,0.6350694444444445,0.5955949285035209,5.230560302734375,5.230560302734375
resnetse5,device:RealWorld_thigh:10,192,0,5,64,RealWorld_thigh,0.6347222222222222,0.5918410369482894,5.230560302734375,5.230560302734375
resnetse5,device:RealWorld_thigh:10,192,0,5,65,RealWorld_thigh,0.6357638888888889,0.5957583227405988,5.230560302734375,5.230560302734375
resnetse5,device:RealWorld_thigh:10,192,0,5,66,RealWorld_thigh,0.6399305555555556,0.5998572887601098,5.230560302734375,5.230560302734375
resnetse5,device:RealWorld_thigh:10,192,0,5,67,RealWorld_thigh,0.6357638888888889,0.5925494352900232,5.230560302734375,5.230560302734375
resnetse5,device:RealWorld_thigh:10,192,0,5,68,RealWorld_thigh,0.6309027777777778,0.5866853893025438,5.230560302734375,5.230560302734375
resnetse5,device:RealWorld_thigh:10,192,0,5,69,RealWorld_thigh,0.6329861111111111,0.5917842815906119,5.230560302734375,5.230560302734375
resnetse5,device:RealWorld_thigh:10,192,0,5,70,RealWorld_thigh,0.6322916666666667,0.5916433134915421,5.230560302734375,5.230560302734375
resnetse5,device:RealWorld_thigh:10,192,0,5,71,RealWorld_thigh,0.6315972222222223,0.5890542243317872,5.230560302734375,5.230560302734375
resnetse5,device:RealWorld_thigh:10,192,0,5,72,RealWorld_thigh,0.6416666666666667,0.601612509707085,5.230560302734375,5.230560302734375
resnetse5,device:RealWorld_thigh:10,192,0,5,73,RealWorld_thigh,0.6298611111111111,0.5874558960416447,5.230560302734375,5.230560302734375
resnetse5,device:RealWorld_thigh:10,192,0,5,74,RealWorld_thigh,0.6347222222222222,0.5918124041876865,5.230560302734375,5.230560302734375
resnetse5,device:RealWorld_thigh:10,192,0,5,75,RealWorld_thigh,0.6350694444444445,0.5925723845837686,5.230560302734375,5.230560302734375
resnetse5,device:RealWorld_thigh:10,192,0,5,76,RealWorld_thigh,0.6309027777777778,0.5887584362168107,5.230560302734375,5.230560302734375
resnetse5,device:RealWorld_thigh:10,192,0,5,77,RealWorld_thigh,0.6364583333333333,0.5941434609758666,5.230560302734375,5.230560302734375
resnetse5,device:RealWorld_thigh:10,192,0,5,78,RealWorld_thigh,0.6357638888888889,0.5937044447948603,5.230560302734375,5.230560302734375
resnetse5,device:RealWorld_thigh:10,192,0,5,79,RealWorld_thigh,0.6263888888888889,0.5816066791918433,5.230560302734375,5.230560302734375
resnetse5,device:RealWorld_thigh:10,192,0,5,80,RealWorld_thigh,0.6270833333333333,0.5813059183358417,5.230560302734375,5.230560302734375
resnetse5,device:RealWorld_thigh:10,192,0,5,81,RealWorld_thigh,0.6409722222222223,0.5987548214991271,5.230560302734375,5.230560302734375
resnetse5,device:RealWorld_thigh:10,192,0,5,82,RealWorld_thigh,0.6329861111111111,0.5888995772792177,5.230560302734375,5.230560302734375
resnetse5,device:RealWorld_thigh:10,192,0,5,83,RealWorld_thigh,0.6274305555555556,0.5829015220363528,5.230560302734375,5.230560302734375
resnetse5,device:RealWorld_thigh:10,192,0,5,84,RealWorld_thigh,0.6413194444444444,0.6003421969380784,5.230560302734375,5.230560302734375
resnetse5,device:RealWorld_thigh:10,192,0,5,85,RealWorld_thigh,0.6239583333333333,0.5775764332632325,5.230560302734375,5.230560302734375
resnetse5,device:RealWorld_thigh:10,192,0,5,86,RealWorld_thigh,0.6246527777777777,0.5790533520012611,5.230560302734375,5.230560302734375
resnetse5,device:RealWorld_thigh:10,192,0,5,87,RealWorld_thigh,0.6381944444444444,0.5941222863001808,5.230560302734375,5.230560302734375
resnetse5,device:RealWorld_thigh:10,192,0,5,88,RealWorld_thigh,0.6434027777777778,0.600922728445155,5.230560302734375,5.230560302734375
resnetse5,device:RealWorld_thigh:10,192,0,5,89,RealWorld_thigh,0.6229166666666667,0.5759896108386701,5.230560302734375,5.230560302734375
resnetse5,device:RealWorld_thigh:10,192,0,5,90,RealWorld_thigh,0.6347222222222222,0.5913446301862398,5.230560302734375,5.230560302734375
resnetse5,device:RealWorld_thigh:10,192,0,5,91,RealWorld_thigh,0.6277777777777778,0.5829258178989023,5.230560302734375,5.230560302734375
resnetse5,device:RealWorld_thigh:10,192,0,5,92,RealWorld_thigh,0.6277777777777778,0.5829475715272838,5.230560302734375,5.230560302734375
resnetse5,device:RealWorld_thigh:10,192,0,5,93,RealWorld_thigh,0.6284722222222222,0.58392168794387,5.230560302734375,5.230560302734375
resnetse5,device:RealWorld_thigh:10,192,0,5,94,RealWorld_thigh,0.6357638888888889,0.5926921974774029,5.230560302734375,5.230560302734375
resnetse5,device:RealWorld_thigh:10,192,0,5,95,RealWorld_thigh,0.6329861111111111,0.5903722682582561,5.230560302734375,5.230560302734375
resnetse5,device:RealWorld_thigh:10,192,0,5,96,RealWorld_thigh,0.6416666666666667,0.5970894779382194,5.230560302734375,5.230560302734375
resnetse5,device:RealWorld_thigh:10,192,0,5,97,RealWorld_thigh,0.6340277777777777,0.590765238342062,5.230560302734375,5.230560302734375
resnetse5,device:RealWorld_thigh:10,192,0,5,98,RealWorld_thigh,0.6270833333333333,0.5824990941774897,5.230560302734375,5.230560302734375
resnetse5,device:RealWorld_thigh:10,192,0,5,99,RealWorld_thigh,0.6333333333333333,0.5885128809513989,5.230560302734375,5.230560302734375
resnetse5,device:RealWorld_thigh:10,192,0,5,100,RealWorld_thigh,0.628125,0.5835720673304964,5.230560302734375,5.230560302734375
resnetse5,device:RealWorld_thigh:10,192,1,5,1,RealWorld_thigh,0.3041666666666666,0.1600513853963578,5.230560302734375,5.230560302734375
resnetse5,device:RealWorld_thigh:10,192,1,5,2,RealWorld_thigh,0.3541666666666667,0.2391657034964782,5.230560302734375,5.230560302734375
resnetse5,device:RealWorld_thigh:10,192,1,5,3,RealWorld_thigh,0.5246527777777777,0.4628725204166486,5.230560302734375,5.230560302734375
resnetse5,device:RealWorld_thigh:10,192,1,5,4,RealWorld_thigh,0.6284722222222222,0.5799423190569011,5.230560302734375,5.230560302734375
resnetse5,device:RealWorld_thigh:10,192,1,5,5,RealWorld_thigh,0.640625,0.5942051908226854,5.230560302734375,5.230560302734375
resnetse5,device:RealWorld_thigh:10,192,1,5,6,RealWorld_thigh,0.6444444444444445,0.5977478769276341,5.230560302734375,5.230560302734375
resnetse5,device:RealWorld_thigh:10,192,1,5,7,RealWorld_thigh,0.6555555555555556,0.6092462783644174,5.230560302734375,5.230560302734375
resnetse5,device:RealWorld_thigh:10,192,1,5,8,RealWorld_thigh,0.6795138888888889,0.6343566382057811,5.230560302734375,5.230560302734375
resnetse5,device:RealWorld_thigh:10,192,1,5,9,RealWorld_thigh,0.6902777777777778,0.6454484044455162,5.230560302734375,5.230560302734375
resnetse5,device:RealWorld_thigh:10,192,1,5,10,RealWorld_thigh,0.6947916666666667,0.649901351410299,5.230560302734375,5.230560302734375
resnetse5,device:RealWorld_thigh:10,192,1,5,11,RealWorld_thigh,0.7003472222222222,0.6556232799638713,5.230560302734375,5.230560302734375
resnetse5,device:RealWorld_thigh:10,192,1,5,12,RealWorld_thigh,0.7538194444444445,0.7545910591963562,5.230560302734375,5.230560302734375
resnetse5,device:RealWorld_thigh:10,192,1,5,13,RealWorld_thigh,0.7458333333333333,0.740209217286253,5.230560302734375,5.230560302734375
resnetse5,device:RealWorld_thigh:10,192,1,5,14,RealWorld_thigh,0.7517361111111112,0.7456109649833484,5.230560302734375,5.230560302734375
resnetse5,device:RealWorld_thigh:10,192,1,5,15,RealWorld_thigh,0.7420138888888889,0.7295886741297268,5.230560302734375,5.230560302734375
resnetse5,device:RealWorld_thigh:10,192,1,5,16,RealWorld_thigh,0.7604166666666666,0.7556285348504153,5.230560302734375,5.230560302734375
resnetse5,device:RealWorld_thigh:10,192,1,5,17,RealWorld_thigh,0.7447916666666666,0.7324245414419419,5.230560302734375,5.230560302734375
resnetse5,device:RealWorld_thigh:10,192,1,5,18,RealWorld_thigh,0.7496527777777777,0.7348292906638246,5.230560302734375,5.230560302734375
resnetse5,device:RealWorld_thigh:10,192,1,5,19,RealWorld_thigh,0.7572916666666667,0.7517472820751679,5.230560302734375,5.230560302734375
resnetse5,device:RealWorld_thigh:10,192,1,5,20,RealWorld_thigh,0.7548611111111111,0.7456744338071859,5.230560302734375,5.230560302734375
resnetse5,device:RealWorld_thigh:10,192,1,5,21,RealWorld_thigh,0.7559027777777778,0.7454192025414522,5.230560302734375,5.230560302734375
resnetse5,device:RealWorld_thigh:10,192,1,5,22,RealWorld_thigh,0.7527777777777778,0.7389858973551728,5.230560302734375,5.230560302734375
resnetse5,device:RealWorld_thigh:10,192,1,5,23,RealWorld_thigh,0.7472222222222222,0.7362803264689252,5.230560302734375,5.230560302734375
resnetse5,device:RealWorld_thigh:10,192,1,5,24,RealWorld_thigh,0.7545138888888889,0.7418196225604872,5.230560302734375,5.230560302734375
resnetse5,device:RealWorld_thigh:10,192,1,5,25,RealWorld_thigh,0.7579861111111111,0.7458197042592811,5.230560302734375,5.230560302734375
resnetse5,device:RealWorld_thigh:10,192,1,5,26,RealWorld_thigh,0.7604166666666666,0.7508553556400215,5.230560302734375,5.230560302734375
resnetse5,device:RealWorld_thigh:10,192,1,5,27,RealWorld_thigh,0.7666666666666667,0.7606717137033492,5.230560302734375,5.230560302734375
resnetse5,device:RealWorld_thigh:10,192,1,5,28,RealWorld_thigh,0.7625,0.760858244892289,5.230560302734375,5.230560302734375
resnetse5,device:RealWorld_thigh:10,192,1,5,29,RealWorld_thigh,0.7180555555555556,0.7256401427995093,5.230560302734375,5.230560302734375
resnetse5,device:RealWorld_thigh:10,192,1,5,30,RealWorld_thigh,0.7104166666666667,0.7181508122171456,5.230560302734375,5.230560302734375
resnetse5,device:RealWorld_thigh:10,192,1,5,31,RealWorld_thigh,0.6798611111111111,0.6913180444608482,5.230560302734375,5.230560302734375
resnetse5,device:RealWorld_thigh:10,192,1,5,32,RealWorld_thigh,0.6784722222222223,0.6903122482864994,5.230560302734375,5.230560302734375
resnetse5,device:RealWorld_thigh:10,192,1,5,33,RealWorld_thigh,0.728125,0.7284711765255327,5.230560302734375,5.230560302734375
resnetse5,device:RealWorld_thigh:10,192,1,5,34,RealWorld_thigh,0.7260416666666667,0.7162249705630916,5.230560302734375,5.230560302734375
resnetse5,device:RealWorld_thigh:10,192,1,5,35,RealWorld_thigh,0.7211805555555556,0.7188739460650805,5.230560302734375,5.230560302734375
resnetse5,device:RealWorld_thigh:10,192,1,5,36,RealWorld_thigh,0.6756944444444445,0.6564740214660101,5.230560302734375,5.230560302734375
resnetse5,device:RealWorld_thigh:10,192,1,5,37,RealWorld_thigh,0.7114583333333333,0.676126174862445,5.230560302734375,5.230560302734375
resnetse5,device:RealWorld_thigh:10,192,1,5,38,RealWorld_thigh,0.7072916666666667,0.6677599173751013,5.230560302734375,5.230560302734375
resnetse5,device:RealWorld_thigh:10,192,1,5,39,RealWorld_thigh,0.7100694444444444,0.6696085351328686,5.230560302734375,5.230560302734375
resnetse5,device:RealWorld_thigh:10,192,1,5,40,RealWorld_thigh,0.7114583333333333,0.674686118914876,5.230560302734375,5.230560302734375
resnetse5,device:RealWorld_thigh:10,192,1,5,41,RealWorld_thigh,0.7076388888888889,0.6654836614508929,5.230560302734375,5.230560302734375
resnetse5,device:RealWorld_thigh:10,192,1,5,42,RealWorld_thigh,0.6958333333333333,0.6520364177235302,5.230560302734375,5.230560302734375
resnetse5,device:RealWorld_thigh:10,192,1,5,43,RealWorld_thigh,0.7020833333333333,0.6596659700690575,5.230560302734375,5.230560302734375
resnetse5,device:RealWorld_thigh:10,192,1,5,44,RealWorld_thigh,0.7052083333333333,0.6628404515864154,5.230560302734375,5.230560302734375
resnetse5,device:RealWorld_thigh:10,192,1,5,45,RealWorld_thigh,0.7114583333333333,0.6693310374082051,5.230560302734375,5.230560302734375
resnetse5,device:RealWorld_thigh:10,192,1,5,46,RealWorld_thigh,0.7090277777777778,0.6673373968175156,5.230560302734375,5.230560302734375
resnetse5,device:RealWorld_thigh:10,192,1,5,47,RealWorld_thigh,0.7069444444444445,0.6647413151799852,5.230560302734375,5.230560302734375
resnetse5,device:RealWorld_thigh:10,192,1,5,48,RealWorld_thigh,0.7048611111111112,0.6618564038872635,5.230560302734375,5.230560302734375
resnetse5,device:RealWorld_thigh:10,192,1,5,49,RealWorld_thigh,0.70625,0.6637097432035696,5.230560302734375,5.230560302734375
resnetse5,device:RealWorld_thigh:10,192,1,5,50,RealWorld_thigh,0.7048611111111112,0.6616934249457013,5.230560302734375,5.230560302734375
resnetse5,device:RealWorld_thigh:10,192,1,5,51,RealWorld_thigh,0.70625,0.6633255698044339,5.230560302734375,5.230560302734375
resnetse5,device:RealWorld_thigh:10,192,1,5,52,RealWorld_thigh,0.6986111111111111,0.6545671150082648,5.230560302734375,5.230560302734375
resnetse5,device:RealWorld_thigh:10,192,1,5,53,RealWorld_thigh,0.7013888888888888,0.6584275912851746,5.230560302734375,5.230560302734375
resnetse5,device:RealWorld_thigh:10,192,1,5,54,RealWorld_thigh,0.7034722222222223,0.6603233227908428,5.230560302734375,5.230560302734375
resnetse5,device:RealWorld_thigh:10,192,1,5,55,RealWorld_thigh,0.7020833333333333,0.6585777215289914,5.230560302734375,5.230560302734375
resnetse5,device:RealWorld_thigh:10,192,1,5,56,RealWorld_thigh,0.6972222222222222,0.6532256524974955,5.230560302734375,5.230560302734375
resnetse5,device:RealWorld_thigh:10,192,1,5,57,RealWorld_thigh,0.7065972222222222,0.6637352094085867,5.230560302734375,5.230560302734375
resnetse5,device:RealWorld_thigh:10,192,1,5,58,RealWorld_thigh,0.6850694444444444,0.6382084383756698,5.230560302734375,5.230560302734375
resnetse5,device:RealWorld_thigh:10,192,1,5,59,RealWorld_thigh,0.6993055555555555,0.6552861646689979,5.230560302734375,5.230560302734375
resnetse5,device:RealWorld_thigh:10,192,1,5,60,RealWorld_thigh,0.7013888888888888,0.657830774602144,5.230560302734375,5.230560302734375
resnetse5,device:RealWorld_thigh:10,192,1,5,61,RealWorld_thigh,0.6993055555555555,0.6554936646797508,5.230560302734375,5.230560302734375
resnetse5,device:RealWorld_thigh:10,192,1,5,62,RealWorld_thigh,0.6993055555555555,0.6550514158058587,5.230560302734375,5.230560302734375
resnetse5,device:RealWorld_thigh:10,192,1,5,63,RealWorld_thigh,0.6958333333333333,0.6472796869740695,5.230560302734375,5.230560302734375
resnetse5,device:RealWorld_thigh:10,192,1,5,64,RealWorld_thigh,0.6975694444444445,0.6532310485232405,5.230560302734375,5.230560302734375
resnetse5,device:RealWorld_thigh:10,192,1,5,65,RealWorld_thigh,0.6899305555555556,0.6434749277035398,5.230560302734375,5.230560302734375
resnetse5,device:RealWorld_thigh:10,192,1,5,66,RealWorld_thigh,0.696875,0.6513695028834668,5.230560302734375,5.230560302734375
resnetse5,device:RealWorld_thigh:10,192,1,5,67,RealWorld_thigh,0.6940972222222223,0.6483547343454571,5.230560302734375,5.230560302734375
resnetse5,device:RealWorld_thigh:10,192,1,5,68,RealWorld_thigh,0.6986111111111111,0.6531526018695913,5.230560302734375,5.230560302734375
resnetse5,device:RealWorld_thigh:10,192,1,5,69,RealWorld_thigh,0.696875,0.6510475676712728,5.230560302734375,5.230560302734375
resnetse5,device:RealWorld_thigh:10,192,1,5,70,RealWorld_thigh,0.6927083333333334,0.6466064373745847,5.230560302734375,5.230560302734375
resnetse5,device:RealWorld_thigh:10,192,1,5,71,RealWorld_thigh,0.6868055555555556,0.6400075200408774,5.230560302734375,5.230560302734375
resnetse5,device:RealWorld_thigh:10,192,1,5,72,RealWorld_thigh,0.6909722222222222,0.6450760655026753,5.230560302734375,5.230560302734375
resnetse5,device:RealWorld_thigh:10,192,1,5,73,RealWorld_thigh,0.6944444444444444,0.6487411997242202,5.230560302734375,5.230560302734375
resnetse5,device:RealWorld_thigh:10,192,1,5,74,RealWorld_thigh,0.6881944444444444,0.6413270841397186,5.230560302734375,5.230560302734375
resnetse5,device:RealWorld_thigh:10,192,1,5,75,RealWorld_thigh,0.6954861111111111,0.6500174590136448,5.230560302734375,5.230560302734375
resnetse5,device:RealWorld_thigh:10,192,1,5,76,RealWorld_thigh,0.7013888888888888,0.6566641344461646,5.230560302734375,5.230560302734375
resnetse5,device:RealWorld_thigh:10,192,1,5,77,RealWorld_thigh,0.7020833333333333,0.6575401037665604,5.230560302734375,5.230560302734375
resnetse5,device:RealWorld_thigh:10,192,1,5,78,RealWorld_thigh,0.696875,0.6520448318262732,5.230560302734375,5.230560302734375
resnetse5,device:RealWorld_thigh:10,192,1,5,79,RealWorld_thigh,0.6986111111111111,0.6539831006577265,5.230560302734375,5.230560302734375
resnetse5,device:RealWorld_thigh:10,192,1,5,80,RealWorld_thigh,0.6986111111111111,0.6535746269266802,5.230560302734375,5.230560302734375
resnetse5,device:RealWorld_thigh:10,192,1,5,81,RealWorld_thigh,0.7034722222222223,0.6592773816356297,5.230560302734375,5.230560302734375
resnetse5,device:RealWorld_thigh:10,192,1,5,82,RealWorld_thigh,0.6909722222222222,0.6447924938013831,5.230560302734375,5.230560302734375
resnetse5,device:RealWorld_thigh:10,192,1,5,83,RealWorld_thigh,0.7010416666666667,0.6560901381116379,5.230560302734375,5.230560302734375
resnetse5,device:RealWorld_thigh:10,192,1,5,84,RealWorld_thigh,0.7010416666666667,0.6569150147638353,5.230560302734375,5.230560302734375
resnetse5,device:RealWorld_thigh:10,192,1,5,85,RealWorld_thigh,0.6909722222222222,0.645315761313196,5.230560302734375,5.230560302734375
resnetse5,device:RealWorld_thigh:10,192,1,5,86,RealWorld_thigh,0.6996527777777778,0.6552134076100898,5.230560302734375,5.230560302734375
resnetse5,device:RealWorld_thigh:10,192,1,5,87,RealWorld_thigh,0.6951388888888889,0.6497466649082948,5.230560302734375,5.230560302734375
resnetse5,device:RealWorld_thigh:10,192,1,5,88,RealWorld_thigh,0.7006944444444444,0.6566086227599826,5.230560302734375,5.230560302734375
resnetse5,device:RealWorld_thigh:10,192,1,5,89,RealWorld_thigh,0.6993055555555555,0.65494201298488,5.230560302734375,5.230560302734375
resnetse5,device:RealWorld_thigh:10,192,1,5,90,RealWorld_thigh,0.6944444444444444,0.6493804184456503,5.230560302734375,5.230560302734375
resnetse5,device:RealWorld_thigh:10,192,1,5,91,RealWorld_thigh,0.6895833333333333,0.6437513645044298,5.230560302734375,5.230560302734375
resnetse5,device:RealWorld_thigh:10,192,1,5,92,RealWorld_thigh,0.7013888888888888,0.6568908743771238,5.230560302734375,5.230560302734375
resnetse5,device:RealWorld_thigh:10,192,1,5,93,RealWorld_thigh,0.6954861111111111,0.6501997328825793,5.230560302734375,5.230560302734375
resnetse5,device:RealWorld_thigh:10,192,1,5,94,RealWorld_thigh,0.7076388888888889,0.6620376790841536,5.230560302734375,5.230560302734375
resnetse5,device:RealWorld_thigh:10,192,1,5,95,RealWorld_thigh,0.6913194444444445,0.6457598582638023,5.230560302734375,5.230560302734375
resnetse5,device:RealWorld_thigh:10,192,1,5,96,RealWorld_thigh,0.7059027777777778,0.6619843950208152,5.230560302734375,5.230560302734375
resnetse5,device:RealWorld_thigh:10,192,1,5,97,RealWorld_thigh,0.7041666666666667,0.6593758093936757,5.230560302734375,5.230560302734375
resnetse5,device:RealWorld_thigh:10,192,1,5,98,RealWorld_thigh,0.6989583333333333,0.6536789134040792,5.230560302734375,5.230560302734375
resnetse5,device:RealWorld_thigh:10,192,1,5,99,RealWorld_thigh,0.7010416666666667,0.6560907104552535,5.230560302734375,5.230560302734375
resnetse5,device:RealWorld_thigh:10,192,1,5,100,RealWorld_thigh,0.7048611111111112,0.6609451116479352,5.230560302734375,5.230560302734375
resnetse5,device:RealWorld_thigh:10,192,2,5,1,RealWorld_thigh,0.3204861111111111,0.190938860376257,5.230560302734375,5.230560302734375
resnetse5,device:RealWorld_thigh:10,192,2,5,2,RealWorld_thigh,0.4069444444444444,0.3127545594254257,5.230560302734375,5.230560302734375
resnetse5,device:RealWorld_thigh:10,192,2,5,3,RealWorld_thigh,0.4524305555555555,0.3511038309363079,5.230560302734375,5.230560302734375
resnetse5,device:RealWorld_thigh:10,192,2,5,4,RealWorld_thigh,0.4989583333333333,0.4195985052573857,5.230560302734375,5.230560302734375
resnetse5,device:RealWorld_thigh:10,192,2,5,5,RealWorld_thigh,0.5204861111111111,0.4343688058219888,5.230560302734375,5.230560302734375
resnetse5,device:RealWorld_thigh:10,192,2,5,6,RealWorld_thigh,0.5388888888888889,0.457030413220634,5.230560302734375,5.230560302734375
resnetse5,device:RealWorld_thigh:10,192,2,5,7,RealWorld_thigh,0.5680555555555555,0.5135058747869573,5.230560302734375,5.230560302734375
resnetse5,device:RealWorld_thigh:10,192,2,5,8,RealWorld_thigh,0.6256944444444444,0.6000939283174326,5.230560302734375,5.230560302734375
resnetse5,device:RealWorld_thigh:10,192,2,5,9,RealWorld_thigh,0.6451388888888889,0.6191698972846519,5.230560302734375,5.230560302734375
resnetse5,device:RealWorld_thigh:10,192,2,5,10,RealWorld_thigh,0.6663194444444445,0.6471910065177027,5.230560302734375,5.230560302734375
resnetse5,device:RealWorld_thigh:10,192,2,5,11,RealWorld_thigh,0.6635416666666667,0.6369270958447463,5.230560302734375,5.230560302734375
resnetse5,device:RealWorld_thigh:10,192,2,5,12,RealWorld_thigh,0.6822916666666666,0.6677678211620157,5.230560302734375,5.230560302734375
resnetse5,device:RealWorld_thigh:10,192,2,5,13,RealWorld_thigh,0.6840277777777778,0.6643196290701234,5.230560302734375,5.230560302734375
resnetse5,device:RealWorld_thigh:10,192,2,5,14,RealWorld_thigh,0.6878472222222223,0.6695527146155796,5.230560302734375,5.230560302734375
resnetse5,device:RealWorld_thigh:10,192,2,5,15,RealWorld_thigh,0.696875,0.6828069100603303,5.230560302734375,5.230560302734375
resnetse5,device:RealWorld_thigh:10,192,2,5,16,RealWorld_thigh,0.7107638888888889,0.7005207052022038,5.230560302734375,5.230560302734375
resnetse5,device:RealWorld_thigh:10,192,2,5,17,RealWorld_thigh,0.7072916666666667,0.6924963242287608,5.230560302734375,5.230560302734375
resnetse5,device:RealWorld_thigh:10,192,2,5,18,RealWorld_thigh,0.7166666666666667,0.7075425831698907,5.230560302734375,5.230560302734375
resnetse5,device:RealWorld_thigh:10,192,2,5,19,RealWorld_thigh,0.715625,0.7062309768230994,5.230560302734375,5.230560302734375
resnetse5,device:RealWorld_thigh:10,192,2,5,20,RealWorld_thigh,0.7215277777777778,0.7124862240486901,5.230560302734375,5.230560302734375
resnetse5,device:RealWorld_thigh:10,192,2,5,21,RealWorld_thigh,0.7239583333333334,0.716769289635113,5.230560302734375,5.230560302734375
resnetse5,device:RealWorld_thigh:10,192,2,5,22,RealWorld_thigh,0.7319444444444444,0.7284500658939805,5.230560302734375,5.230560302734375
resnetse5,device:RealWorld_thigh:10,192,2,5,23,RealWorld_thigh,0.7434027777777777,0.7449190662574493,5.230560302734375,5.230560302734375
resnetse5,device:RealWorld_thigh:10,192,2,5,24,RealWorld_thigh,0.6982638888888889,0.6992133777149213,5.230560302734375,5.230560302734375
resnetse5,device:RealWorld_thigh:10,192,2,5,25,RealWorld_thigh,0.6770833333333334,0.6731915084900262,5.230560302734375,5.230560302734375
resnetse5,device:RealWorld_thigh:10,192,2,5,26,RealWorld_thigh,0.6395833333333333,0.6181480248868677,5.230560302734375,5.230560302734375
resnetse5,device:RealWorld_thigh:10,192,2,5,27,RealWorld_thigh,0.6420138888888889,0.6172031203293863,5.230560302734375,5.230560302734375
resnetse5,device:RealWorld_thigh:10,192,2,5,28,RealWorld_thigh,0.6503472222222222,0.6244428267315407,5.230560302734375,5.230560302734375
resnetse5,device:RealWorld_thigh:10,192,2,5,29,RealWorld_thigh,0.6524305555555555,0.6258561291083283,5.230560302734375,5.230560302734375
resnetse5,device:RealWorld_thigh:10,192,2,5,30,RealWorld_thigh,0.6555555555555556,0.627314343642115,5.230560302734375,5.230560302734375
resnetse5,device:RealWorld_thigh:10,192,2,5,31,RealWorld_thigh,0.6871527777777777,0.641344481233354,5.230560302734375,5.230560302734375
resnetse5,device:RealWorld_thigh:10,192,2,5,32,RealWorld_thigh,0.69375,0.6488127574388493,5.230560302734375,5.230560302734375
resnetse5,device:RealWorld_thigh:10,192,2,5,33,RealWorld_thigh,0.6899305555555556,0.6449414854124689,5.230560302734375,5.230560302734375
resnetse5,device:RealWorld_thigh:10,192,2,5,34,RealWorld_thigh,0.6927083333333334,0.6479511567374602,5.230560302734375,5.230560302734375
resnetse5,device:RealWorld_thigh:10,192,2,5,35,RealWorld_thigh,0.6892361111111112,0.6440717786435595,5.230560302734375,5.230560302734375
resnetse5,device:RealWorld_thigh:10,192,2,5,36,RealWorld_thigh,0.6878472222222223,0.6425927537258146,5.230560302734375,5.230560302734375
resnetse5,device:RealWorld_thigh:10,192,2,5,37,RealWorld_thigh,0.6902777777777778,0.6451928785863466,5.230560302734375,5.230560302734375
resnetse5,device:RealWorld_thigh:10,192,2,5,38,RealWorld_thigh,0.6916666666666667,0.6464975068076018,5.230560302734375,5.230560302734375
resnetse5,device:RealWorld_thigh:10,192,2,5,39,RealWorld_thigh,0.6944444444444444,0.648821169963982,5.230560302734375,5.230560302734375
resnetse5,device:RealWorld_thigh:10,192,2,5,40,RealWorld_thigh,0.6899305555555556,0.6449404271051967,5.230560302734375,5.230560302734375
resnetse5,device:RealWorld_thigh:10,192,2,5,41,RealWorld_thigh,0.6878472222222223,0.6428104758696725,5.230560302734375,5.230560302734375
resnetse5,device:RealWorld_thigh:10,192,2,5,42,RealWorld_thigh,0.6868055555555556,0.6416315487850173,5.230560302734375,5.230560302734375
resnetse5,device:RealWorld_thigh:10,192,2,5,43,RealWorld_thigh,0.6861111111111111,0.6413010206300424,5.230560302734375,5.230560302734375
resnetse5,device:RealWorld_thigh:10,192,2,5,44,RealWorld_thigh,0.6847222222222222,0.6398691935897727,5.230560302734375,5.230560302734375
resnetse5,device:RealWorld_thigh:10,192,2,5,45,RealWorld_thigh,0.6868055555555556,0.6423929661486095,5.230560302734375,5.230560302734375
resnetse5,device:RealWorld_thigh:10,192,2,5,46,RealWorld_thigh,0.6871527777777777,0.6419372595592122,5.230560302734375,5.230560302734375
resnetse5,device:RealWorld_thigh:10,192,2,5,47,RealWorld_thigh,0.6829861111111111,0.6378101182522383,5.230560302734375,5.230560302734375
resnetse5,device:RealWorld_thigh:10,192,2,5,48,RealWorld_thigh,0.6819444444444445,0.6369198574570464,5.230560302734375,5.230560302734375
resnetse5,device:RealWorld_thigh:10,192,2,5,49,RealWorld_thigh,0.6836805555555555,0.639014932972452,5.230560302734375,5.230560302734375
resnetse5,device:RealWorld_thigh:10,192,2,5,50,RealWorld_thigh,0.6836805555555555,0.6388679127003778,5.230560302734375,5.230560302734375
resnetse5,device:RealWorld_thigh:10,192,2,5,51,RealWorld_thigh,0.6753472222222222,0.6302361867124321,5.230560302734375,5.230560302734375
resnetse5,device:RealWorld_thigh:10,192,2,5,52,RealWorld_thigh,0.6649305555555556,0.6196899316844716,5.230560302734375,5.230560302734375
resnetse5,device:RealWorld_thigh:10,192,2,5,53,RealWorld_thigh,0.6840277777777778,0.6394523364686358,5.230560302734375,5.230560302734375
resnetse5,device:RealWorld_thigh:10,192,2,5,54,RealWorld_thigh,0.6722222222222223,0.6269464659393136,5.230560302734375,5.230560302734375
resnetse5,device:RealWorld_thigh:10,192,2,5,55,RealWorld_thigh,0.6732638888888889,0.6283135976548405,5.230560302734375,5.230560302734375
resnetse5,device:RealWorld_thigh:10,192,2,5,56,RealWorld_thigh,0.6694444444444444,0.6243364834139958,5.230560302734375,5.230560302734375
resnetse5,device:RealWorld_thigh:10,192,2,5,57,RealWorld_thigh,0.6770833333333334,0.6325327095365353,5.230560302734375,5.230560302734375
resnetse5,device:RealWorld_thigh:10,192,2,5,58,RealWorld_thigh,0.6777777777777778,0.6340125494983453,5.230560302734375,5.230560302734375
resnetse5,device:RealWorld_thigh:10,192,2,5,59,RealWorld_thigh,0.6704861111111111,0.6262270744264179,5.230560302734375,5.230560302734375
resnetse5,device:RealWorld_thigh:10,192,2,5,60,RealWorld_thigh,0.6722222222222223,0.6283667278099706,5.230560302734375,5.230560302734375
resnetse5,device:RealWorld_thigh:10,192,2,5,61,RealWorld_thigh,0.6805555555555556,0.6360182830106483,5.230560302734375,5.230560302734375
resnetse5,device:RealWorld_thigh:10,192,2,5,62,RealWorld_thigh,0.6774305555555555,0.6340312226035533,5.230560302734375,5.230560302734375
resnetse5,device:RealWorld_thigh:10,192,2,5,63,RealWorld_thigh,0.6791666666666667,0.6353086554492878,5.230560302734375,5.230560302734375
resnetse5,device:RealWorld_thigh:10,192,2,5,64,RealWorld_thigh,0.6756944444444445,0.6309401800372098,5.230560302734375,5.230560302734375
resnetse5,device:RealWorld_thigh:10,192,2,5,65,RealWorld_thigh,0.6736111111111112,0.6288942558209458,5.230560302734375,5.230560302734375
resnetse5,device:RealWorld_thigh:10,192,2,5,66,RealWorld_thigh,0.6805555555555556,0.6356550781065099,5.230560302734375,5.230560302734375
resnetse5,device:RealWorld_thigh:10,192,2,5,67,RealWorld_thigh,0.6684027777777778,0.6233431766834538,5.230560302734375,5.230560302734375
resnetse5,device:RealWorld_thigh:10,192,2,5,68,RealWorld_thigh,0.678125,0.6332507315841179,5.230560302734375,5.230560302734375
resnetse5,device:RealWorld_thigh:10,192,2,5,69,RealWorld_thigh,0.6614583333333334,0.6162495278356633,5.230560302734375,5.230560302734375
resnetse5,device:RealWorld_thigh:10,192,2,5,70,RealWorld_thigh,0.6729166666666667,0.628123088925586,5.230560302734375,5.230560302734375
resnetse5,device:RealWorld_thigh:10,192,2,5,71,RealWorld_thigh,0.6625,0.6174546871031742,5.230560302734375,5.230560302734375
resnetse5,device:RealWorld_thigh:10,192,2,5,72,RealWorld_thigh,0.6722222222222223,0.6273486453779561,5.230560302734375,5.230560302734375
resnetse5,device:RealWorld_thigh:10,192,2,5,73,RealWorld_thigh,0.6586805555555556,0.6134140689605813,5.230560302734375,5.230560302734375
resnetse5,device:RealWorld_thigh:10,192,2,5,74,RealWorld_thigh,0.6739583333333333,0.6291350715241031,5.230560302734375,5.230560302734375
resnetse5,device:RealWorld_thigh:10,192,2,5,75,RealWorld_thigh,0.665625,0.620605958946404,5.230560302734375,5.230560302734375
resnetse5,device:RealWorld_thigh:10,192,2,5,76,RealWorld_thigh,0.6701388888888888,0.6249716263291519,5.230560302734375,5.230560302734375
resnetse5,device:RealWorld_thigh:10,192,2,5,77,RealWorld_thigh,0.6729166666666667,0.6281240824326079,5.230560302734375,5.230560302734375
resnetse5,device:RealWorld_thigh:10,192,2,5,78,RealWorld_thigh,0.653125,0.6075095831971195,5.230560302734375,5.230560302734375
resnetse5,device:RealWorld_thigh:10,192,2,5,79,RealWorld_thigh,0.6732638888888889,0.6282180370656597,5.230560302734375,5.230560302734375
resnetse5,device:RealWorld_thigh:10,192,2,5,80,RealWorld_thigh,0.6673611111111111,0.6227248456948993,5.230560302734375,5.230560302734375
resnetse5,device:RealWorld_thigh:10,192,2,5,81,RealWorld_thigh,0.6659722222222222,0.621333578294497,5.230560302734375,5.230560302734375
resnetse5,device:RealWorld_thigh:10,192,2,5,82,RealWorld_thigh,0.6572916666666667,0.6121328329257167,5.230560302734375,5.230560302734375
resnetse5,device:RealWorld_thigh:10,192,2,5,83,RealWorld_thigh,0.6784722222222223,0.6334092956841977,5.230560302734375,5.230560302734375
resnetse5,device:RealWorld_thigh:10,192,2,5,84,RealWorld_thigh,0.6736111111111112,0.6290380181208934,5.230560302734375,5.230560302734375
resnetse5,device:RealWorld_thigh:10,192,2,5,85,RealWorld_thigh,0.6715277777777777,0.6265576074913325,5.230560302734375,5.230560302734375
resnetse5,device:RealWorld_thigh:10,192,2,5,86,RealWorld_thigh,0.6791666666666667,0.6345104336633159,5.230560302734375,5.230560302734375
resnetse5,device:RealWorld_thigh:10,192,2,5,87,RealWorld_thigh,0.6697916666666667,0.6238294678823203,5.230560302734375,5.230560302734375
resnetse5,device:RealWorld_thigh:10,192,2,5,88,RealWorld_thigh,0.6704861111111111,0.6256471755448303,5.230560302734375,5.230560302734375
resnetse5,device:RealWorld_thigh:10,192,2,5,89,RealWorld_thigh,0.6753472222222222,0.6304783403464604,5.230560302734375,5.230560302734375
resnetse5,device:RealWorld_thigh:10,192,2,5,90,RealWorld_thigh,0.6635416666666667,0.6188866073429738,5.230560302734375,5.230560302734375
resnetse5,device:RealWorld_thigh:10,192,2,5,91,RealWorld_thigh,0.671875,0.6273578963873662,5.230560302734375,5.230560302734375
resnetse5,device:RealWorld_thigh:10,192,2,5,92,RealWorld_thigh,0.6670138888888889,0.6225349592186348,5.230560302734375,5.230560302734375
resnetse5,device:RealWorld_thigh:10,192,2,5,93,RealWorld_thigh,0.6746527777777778,0.6277122678326764,5.230560302734375,5.230560302734375
resnetse5,device:RealWorld_thigh:10,192,2,5,94,RealWorld_thigh,0.6746527777777778,0.6291563331595379,5.230560302734375,5.230560302734375
resnetse5,device:RealWorld_thigh:10,192,2,5,95,RealWorld_thigh,0.6267361111111112,0.5793105610215338,5.230560302734375,5.230560302734375
resnetse5,device:RealWorld_thigh:10,192,2,5,96,RealWorld_thigh,0.6583333333333333,0.613413333088931,5.230560302734375,5.230560302734375
resnetse5,device:RealWorld_thigh:10,192,2,5,97,RealWorld_thigh,0.6701388888888888,0.6257878767386739,5.230560302734375,5.230560302734375
resnetse5,device:RealWorld_thigh:10,192,2,5,98,RealWorld_thigh,0.6541666666666667,0.608385763866644,5.230560302734375,5.230560302734375
resnetse5,device:RealWorld_thigh:10,192,2,5,99,RealWorld_thigh,0.6496527777777777,0.6078511626007629,5.230560302734375,5.230560302734375
resnetse5,device:RealWorld_thigh:10,192,2,5,100,RealWorld_thigh,0.6756944444444445,0.6306263066554342,5.230560302734375,5.230560302734375
resnetse5,device:RealWorld_thigh:10,192,3,5,1,RealWorld_thigh,0.1472222222222222,0.0737389159888658,5.230560302734375,5.230560302734375
resnetse5,device:RealWorld_thigh:10,192,3,5,2,RealWorld_thigh,0.3923611111111111,0.2951593321320064,5.230560302734375,5.230560302734375
resnetse5,device:RealWorld_thigh:10,192,3,5,3,RealWorld_thigh,0.4642361111111111,0.3991898033542234,5.230560302734375,5.230560302734375
resnetse5,device:RealWorld_thigh:10,192,3,5,4,RealWorld_thigh,0.5809027777777778,0.5143188389945456,5.230560302734375,5.230560302734375
resnetse5,device:RealWorld_thigh:10,192,3,5,5,RealWorld_thigh,0.5951388888888889,0.5430013634410652,5.230560302734375,5.230560302734375
resnetse5,device:RealWorld_thigh:10,192,3,5,6,RealWorld_thigh,0.6381944444444444,0.5925370553333303,5.230560302734375,5.230560302734375
resnetse5,device:RealWorld_thigh:10,192,3,5,7,RealWorld_thigh,0.6760416666666667,0.633385740377289,5.230560302734375,5.230560302734375
resnetse5,device:RealWorld_thigh:10,192,3,5,8,RealWorld_thigh,0.6701388888888888,0.629422309633125,5.230560302734375,5.230560302734375
resnetse5,device:RealWorld_thigh:10,192,3,5,9,RealWorld_thigh,0.6701388888888888,0.6287580449188861,5.230560302734375,5.230560302734375
resnetse5,device:RealWorld_thigh:10,192,3,5,10,RealWorld_thigh,0.6736111111111112,0.6329645592683759,5.230560302734375,5.230560302734375
resnetse5,device:RealWorld_thigh:10,192,3,5,11,RealWorld_thigh,0.6725694444444444,0.6308034131500653,5.230560302734375,5.230560302734375
resnetse5,device:RealWorld_thigh:10,192,3,5,12,RealWorld_thigh,0.6788194444444444,0.6363464236499797,5.230560302734375,5.230560302734375
resnetse5,device:RealWorld_thigh:10,192,3,5,13,RealWorld_thigh,0.675,0.6314371153100607,5.230560302734375,5.230560302734375
resnetse5,device:RealWorld_thigh:10,192,3,5,14,RealWorld_thigh,0.65625,0.6235968593669406,5.230560302734375,5.230560302734375
resnetse5,device:RealWorld_thigh:10,192,3,5,15,RealWorld_thigh,0.7239583333333334,0.7287816141889577,5.230560302734375,5.230560302734375
resnetse5,device:RealWorld_thigh:10,192,3,5,16,RealWorld_thigh,0.728125,0.7312119168512586,5.230560302734375,5.230560302734375
resnetse5,device:RealWorld_thigh:10,192,3,5,17,RealWorld_thigh,0.7125,0.7014792567369589,5.230560302734375,5.230560302734375
resnetse5,device:RealWorld_thigh:10,192,3,5,18,RealWorld_thigh,0.7118055555555556,0.7046362358607459,5.230560302734375,5.230560302734375
resnetse5,device:RealWorld_thigh:10,192,3,5,19,RealWorld_thigh,0.7177083333333333,0.7070071754604229,5.230560302734375,5.230560302734375
resnetse5,device:RealWorld_thigh:10,192,3,5,20,RealWorld_thigh,0.7142361111111111,0.7069396400378724,5.230560302734375,5.230560302734375
resnetse5,device:RealWorld_thigh:10,192,3,5,21,RealWorld_thigh,0.7201388888888889,0.7123936088380046,5.230560302734375,5.230560302734375
resnetse5,device:RealWorld_thigh:10,192,3,5,22,RealWorld_thigh,0.7149305555555555,0.7074551714679073,5.230560302734375,5.230560302734375
resnetse5,device:RealWorld_thigh:10,192,3,5,23,RealWorld_thigh,0.7270833333333333,0.7179344366062619,5.230560302734375,5.230560302734375
resnetse5,device:RealWorld_thigh:10,192,3,5,24,RealWorld_thigh,0.7319444444444444,0.7234413343661532,5.230560302734375,5.230560302734375
resnetse5,device:RealWorld_thigh:10,192,3,5,25,RealWorld_thigh,0.7381944444444445,0.7323152751702061,5.230560302734375,5.230560302734375
resnetse5,device:RealWorld_thigh:10,192,3,5,26,RealWorld_thigh,0.7305555555555555,0.731118416300936,5.230560302734375,5.230560302734375
resnetse5,device:RealWorld_thigh:10,192,3,5,27,RealWorld_thigh,0.6989583333333333,0.7033717292287345,5.230560302734375,5.230560302734375
resnetse5,device:RealWorld_thigh:10,192,3,5,28,RealWorld_thigh,0.6902777777777778,0.6985379678616286,5.230560302734375,5.230560302734375
resnetse5,device:RealWorld_thigh:10,192,3,5,29,RealWorld_thigh,0.6829861111111111,0.6921481363799976,5.230560302734375,5.230560302734375
resnetse5,device:RealWorld_thigh:10,192,3,5,30,RealWorld_thigh,0.6840277777777778,0.6929647318015938,5.230560302734375,5.230560302734375
resnetse5,device:RealWorld_thigh:10,192,3,5,31,RealWorld_thigh,0.6770833333333334,0.6865338913085813,5.230560302734375,5.230560302734375
resnetse5,device:RealWorld_thigh:10,192,3,5,32,RealWorld_thigh,0.6697916666666667,0.6793129170992369,5.230560302734375,5.230560302734375
resnetse5,device:RealWorld_thigh:10,192,3,5,33,RealWorld_thigh,0.6583333333333333,0.6691448918386751,5.230560302734375,5.230560302734375
resnetse5,device:RealWorld_thigh:10,192,3,5,34,RealWorld_thigh,0.6583333333333333,0.6690962607645855,5.230560302734375,5.230560302734375
resnetse5,device:RealWorld_thigh:10,192,3,5,35,RealWorld_thigh,0.6694444444444444,0.6785464428946323,5.230560302734375,5.230560302734375
resnetse5,device:RealWorld_thigh:10,192,3,5,36,RealWorld_thigh,0.6545138888888888,0.664497861252342,5.230560302734375,5.230560302734375
resnetse5,device:RealWorld_thigh:10,192,3,5,37,RealWorld_thigh,0.6590277777777778,0.6694116745432583,5.230560302734375,5.230560302734375
resnetse5,device:RealWorld_thigh:10,192,3,5,38,RealWorld_thigh,0.6576388888888889,0.6671743245732759,5.230560302734375,5.230560302734375
resnetse5,device:RealWorld_thigh:10,192,3,5,39,RealWorld_thigh,0.6732638888888889,0.6808593095365976,5.230560302734375,5.230560302734375
resnetse5,device:RealWorld_thigh:10,192,3,5,40,RealWorld_thigh,0.675,0.6785982835021338,5.230560302734375,5.230560302734375
resnetse5,device:RealWorld_thigh:10,192,3,5,41,RealWorld_thigh,0.6927083333333334,0.6941592401375649,5.230560302734375,5.230560302734375
resnetse5,device:RealWorld_thigh:10,192,3,5,42,RealWorld_thigh,0.6836805555555555,0.6856765549381549,5.230560302734375,5.230560302734375
resnetse5,device:RealWorld_thigh:10,192,3,5,43,RealWorld_thigh,0.6958333333333333,0.6953446432749333,5.230560302734375,5.230560302734375
resnetse5,device:RealWorld_thigh:10,192,3,5,44,RealWorld_thigh,0.6850694444444444,0.6836299493624448,5.230560302734375,5.230560302734375
resnetse5,device:RealWorld_thigh:10,192,3,5,45,RealWorld_thigh,0.6486111111111111,0.6583222325780628,5.230560302734375,5.230560302734375
resnetse5,device:RealWorld_thigh:10,192,3,5,46,RealWorld_thigh,0.6763888888888889,0.6818657847947999,5.230560302734375,5.230560302734375
resnetse5,device:RealWorld_thigh:10,192,3,5,47,RealWorld_thigh,0.7243055555555555,0.7132367493980215,5.230560302734375,5.230560302734375
resnetse5,device:RealWorld_thigh:10,192,3,5,48,RealWorld_thigh,0.6961805555555556,0.6749478801747467,5.230560302734375,5.230560302734375
resnetse5,device:RealWorld_thigh:10,192,3,5,49,RealWorld_thigh,0.6701388888888888,0.6709314011686774,5.230560302734375,5.230560302734375
resnetse5,device:RealWorld_thigh:10,192,3,5,50,RealWorld_thigh,0.6684027777777778,0.6756455563492206,5.230560302734375,5.230560302734375
resnetse5,device:RealWorld_thigh:10,192,3,5,51,RealWorld_thigh,0.6625,0.6720362253528478,5.230560302734375,5.230560302734375
resnetse5,device:RealWorld_thigh:10,192,3,5,52,RealWorld_thigh,0.6663194444444445,0.6706515491915922,5.230560302734375,5.230560302734375
resnetse5,device:RealWorld_thigh:10,192,3,5,53,RealWorld_thigh,0.6652777777777777,0.6735044412992228,5.230560302734375,5.230560302734375
resnetse5,device:RealWorld_thigh:10,192,3,5,54,RealWorld_thigh,0.6722222222222223,0.6797192330740044,5.230560302734375,5.230560302734375
resnetse5,device:RealWorld_thigh:10,192,3,5,55,RealWorld_thigh,0.6690972222222222,0.6773411002909584,5.230560302734375,5.230560302734375
resnetse5,device:RealWorld_thigh:10,192,3,5,56,RealWorld_thigh,0.7159722222222222,0.7060740669881084,5.230560302734375,5.230560302734375
resnetse5,device:RealWorld_thigh:10,192,3,5,57,RealWorld_thigh,0.7121527777777777,0.7041066864988608,5.230560302734375,5.230560302734375
resnetse5,device:RealWorld_thigh:10,192,3,5,58,RealWorld_thigh,0.675,0.6790166202452594,5.230560302734375,5.230560302734375
resnetse5,device:RealWorld_thigh:10,192,3,5,59,RealWorld_thigh,0.7100694444444444,0.7041655544659701,5.230560302734375,5.230560302734375
resnetse5,device:RealWorld_thigh:10,192,3,5,60,RealWorld_thigh,0.6809027777777777,0.6882996173051615,5.230560302734375,5.230560302734375
resnetse5,device:RealWorld_thigh:10,192,3,5,61,RealWorld_thigh,0.6673611111111111,0.6728702684571664,5.230560302734375,5.230560302734375
resnetse5,device:RealWorld_thigh:10,192,3,5,62,RealWorld_thigh,0.6864583333333333,0.6871715392518137,5.230560302734375,5.230560302734375
resnetse5,device:RealWorld_thigh:10,192,3,5,63,RealWorld_thigh,0.6753472222222222,0.6837588748284574,5.230560302734375,5.230560302734375
resnetse5,device:RealWorld_thigh:10,192,3,5,64,RealWorld_thigh,0.6763888888888889,0.6845141749553597,5.230560302734375,5.230560302734375
resnetse5,device:RealWorld_thigh:10,192,3,5,65,RealWorld_thigh,0.6795138888888889,0.6874195468764212,5.230560302734375,5.230560302734375
resnetse5,device:RealWorld_thigh:10,192,3,5,66,RealWorld_thigh,0.6743055555555556,0.6806967071614253,5.230560302734375,5.230560302734375
resnetse5,device:RealWorld_thigh:10,192,3,5,67,RealWorld_thigh,0.6756944444444445,0.6828209594494251,5.230560302734375,5.230560302734375
resnetse5,device:RealWorld_thigh:10,192,3,5,68,RealWorld_thigh,0.7090277777777778,0.7148821021255173,5.230560302734375,5.230560302734375
resnetse5,device:RealWorld_thigh:10,192,3,5,69,RealWorld_thigh,0.7104166666666667,0.7097695144518892,5.230560302734375,5.230560302734375
resnetse5,device:RealWorld_thigh:10,192,3,5,70,RealWorld_thigh,0.6774305555555555,0.6829702779533037,5.230560302734375,5.230560302734375
resnetse5,device:RealWorld_thigh:10,192,3,5,71,RealWorld_thigh,0.7201388888888889,0.7105163380429563,5.230560302734375,5.230560302734375
resnetse5,device:RealWorld_thigh:10,192,3,5,72,RealWorld_thigh,0.684375,0.6869521172188181,5.230560302734375,5.230560302734375
resnetse5,device:RealWorld_thigh:10,192,3,5,73,RealWorld_thigh,0.6722222222222223,0.6700982384995591,5.230560302734375,5.230560302734375
resnetse5,device:RealWorld_thigh:10,192,3,5,74,RealWorld_thigh,0.6815972222222222,0.6814833897215843,5.230560302734375,5.230560302734375
resnetse5,device:RealWorld_thigh:10,192,3,5,75,RealWorld_thigh,0.7017361111111111,0.705836831409348,5.230560302734375,5.230560302734375
resnetse5,device:RealWorld_thigh:10,192,3,5,76,RealWorld_thigh,0.6916666666666667,0.6820061263007684,5.230560302734375,5.230560302734375
resnetse5,device:RealWorld_thigh:10,192,3,5,77,RealWorld_thigh,0.6711805555555556,0.6751326971000476,5.230560302734375,5.230560302734375
resnetse5,device:RealWorld_thigh:10,192,3,5,78,RealWorld_thigh,0.6861111111111111,0.6835377766728815,5.230560302734375,5.230560302734375
resnetse5,device:RealWorld_thigh:10,192,3,5,79,RealWorld_thigh,0.6809027777777777,0.6822902669420411,5.230560302734375,5.230560302734375
resnetse5,device:RealWorld_thigh:10,192,3,5,80,RealWorld_thigh,0.6701388888888888,0.6627337434547367,5.230560302734375,5.230560302734375
resnetse5,device:RealWorld_thigh:10,192,3,5,81,RealWorld_thigh,0.6354166666666666,0.6232334951834946,5.230560302734375,5.230560302734375
resnetse5,device:RealWorld_thigh:10,192,3,5,82,RealWorld_thigh,0.6680555555555555,0.659780246327699,5.230560302734375,5.230560302734375
resnetse5,device:RealWorld_thigh:10,192,3,5,83,RealWorld_thigh,0.6722222222222223,0.6637402243965543,5.230560302734375,5.230560302734375
resnetse5,device:RealWorld_thigh:10,192,3,5,84,RealWorld_thigh,0.6565972222222223,0.650183989518745,5.230560302734375,5.230560302734375
resnetse5,device:RealWorld_thigh:10,192,3,5,85,RealWorld_thigh,0.6371527777777778,0.5911504017257203,5.230560302734375,5.230560302734375
resnetse5,device:RealWorld_thigh:10,192,3,5,86,RealWorld_thigh,0.6690972222222222,0.659713452812189,5.230560302734375,5.230560302734375
resnetse5,device:RealWorld_thigh:10,192,3,5,87,RealWorld_thigh,0.675,0.6649963177934858,5.230560302734375,5.230560302734375
resnetse5,device:RealWorld_thigh:10,192,3,5,88,RealWorld_thigh,0.6673611111111111,0.658374454292831,5.230560302734375,5.230560302734375
resnetse5,device:RealWorld_thigh:10,192,3,5,89,RealWorld_thigh,0.6670138888888889,0.6540668236701036,5.230560302734375,5.230560302734375
resnetse5,device:RealWorld_thigh:10,192,3,5,90,RealWorld_thigh,0.6746527777777778,0.6650470783340403,5.230560302734375,5.230560302734375
resnetse5,device:RealWorld_thigh:10,192,3,5,91,RealWorld_thigh,0.6725694444444444,0.6646826934522391,5.230560302734375,5.230560302734375
resnetse5,device:RealWorld_thigh:10,192,3,5,92,RealWorld_thigh,0.6305555555555555,0.5908520055760735,5.230560302734375,5.230560302734375
resnetse5,device:RealWorld_thigh:10,192,3,5,93,RealWorld_thigh,0.6302083333333334,0.5835904929435207,5.230560302734375,5.230560302734375
resnetse5,device:RealWorld_thigh:10,192,3,5,94,RealWorld_thigh,0.6315972222222223,0.5892097104729402,5.230560302734375,5.230560302734375
resnetse5,device:RealWorld_thigh:10,192,3,5,95,RealWorld_thigh,0.6239583333333333,0.5785767762564825,5.230560302734375,5.230560302734375
resnetse5,device:RealWorld_thigh:10,192,3,5,96,RealWorld_thigh,0.6635416666666667,0.6603080652723584,5.230560302734375,5.230560302734375
resnetse5,device:RealWorld_thigh:10,192,3,5,97,RealWorld_thigh,0.6673611111111111,0.6557492582373453,5.230560302734375,5.230560302734375
resnetse5,device:RealWorld_thigh:10,192,3,5,98,RealWorld_thigh,0.6857638888888888,0.6737409513079439,5.230560302734375,5.230560302734375
resnetse5,device:RealWorld_thigh:10,192,3,5,99,RealWorld_thigh,0.6545138888888888,0.6372090104271583,5.230560302734375,5.230560302734375
resnetse5,device:RealWorld_thigh:10,192,3,5,100,RealWorld_thigh,0.7125,0.6914492728305616,5.230560302734375,5.230560302734375
resnetse5,iid:MotionSense:10,192,0,1,1,MotionSense,0.091796875,0.0508012432358306,5.230560302734375,5.230560302734375
resnetse5,iid:MotionSense:10,192,0,1,2,MotionSense,0.1962890625,0.1560343544484017,5.230560302734375,5.230560302734375
resnetse5,iid:MotionSense:10,192,0,1,3,MotionSense,0.265625,0.1935340926159114,5.230560302734375,5.230560302734375
resnetse5,iid:MotionSense:10,192,0,1,4,MotionSense,0.3564453125,0.2081570767287392,5.230560302734375,5.230560302734375
resnetse5,iid:MotionSense:10,192,0,1,5,MotionSense,0.3759765625,0.2387817807646781,5.230560302734375,5.230560302734375
resnetse5,iid:MotionSense:10,192,0,1,6,MotionSense,0.3984375,0.270082770379987,5.230560302734375,5.230560302734375
resnetse5,iid:MotionSense:10,192,0,1,7,MotionSense,0.4404296875,0.3260728990764972,5.230560302734375,5.230560302734375
resnetse5,iid:MotionSense:10,192,0,1,8,MotionSense,0.46875,0.3619814065875671,5.230560302734375,5.230560302734375
resnetse5,iid:MotionSense:10,192,0,1,9,MotionSense,0.51171875,0.4169772754761535,5.230560302734375,5.230560302734375
resnetse5,iid:MotionSense:10,192,0,1,10,MotionSense,0.5341796875,0.4418987951776443,5.230560302734375,5.230560302734375
resnetse5,iid:MotionSense:10,192,0,1,11,MotionSense,0.5703125,0.4871668873396172,5.230560302734375,5.230560302734375
resnetse5,iid:MotionSense:10,192,0,1,12,MotionSense,0.595703125,0.51517700953739,5.230560302734375,5.230560302734375
resnetse5,iid:MotionSense:10,192,0,1,13,MotionSense,0.615234375,0.5372918693421442,5.230560302734375,5.230560302734375
resnetse5,iid:MotionSense:10,192,0,1,14,MotionSense,0.6337890625,0.5625332018999702,5.230560302734375,5.230560302734375
resnetse5,iid:MotionSense:10,192,0,1,15,MotionSense,0.6552734375,0.5878814851129756,5.230560302734375,5.230560302734375
resnetse5,iid:MotionSense:10,192,0,1,16,MotionSense,0.6630859375,0.5961143713035953,5.230560302734375,5.230560302734375
resnetse5,iid:MotionSense:10,192,0,1,17,MotionSense,0.6806640625,0.618445703288701,5.230560302734375,5.230560302734375
resnetse5,iid:MotionSense:10,192,0,1,18,MotionSense,0.6884765625,0.6281087178493738,5.230560302734375,5.230560302734375
resnetse5,iid:MotionSense:10,192,0,1,19,MotionSense,0.7080078125,0.6508872692943241,5.230560302734375,5.230560302734375
resnetse5,iid:MotionSense:10,192,0,1,20,MotionSense,0.71875,0.6640232330044209,5.230560302734375,5.230560302734375
resnetse5,iid:MotionSense:10,192,0,1,21,MotionSense,0.7236328125,0.6698101638210541,5.230560302734375,5.230560302734375
resnetse5,iid:MotionSense:10,192,0,1,22,MotionSense,0.724609375,0.6707290870290691,5.230560302734375,5.230560302734375
resnetse5,iid:MotionSense:10,192,0,1,23,MotionSense,0.732421875,0.6791802205862378,5.230560302734375,5.230560302734375
resnetse5,iid:MotionSense:10,192,0,1,24,MotionSense,0.7373046875,0.6843179437258845,5.230560302734375,5.230560302734375
resnetse5,iid:MotionSense:10,192,0,1,25,MotionSense,0.7451171875,0.6929516191246323,5.230560302734375,5.230560302734375
resnetse5,iid:MotionSense:10,192,0,1,26,MotionSense,0.7509765625,0.6997107644568348,5.230560302734375,5.230560302734375
resnetse5,iid:MotionSense:10,192,0,1,27,MotionSense,0.755859375,0.7048555764988934,5.230560302734375,5.230560302734375
resnetse5,iid:MotionSense:10,192,0,1,28,MotionSense,0.7587890625,0.7076357993626815,5.230560302734375,5.230560302734375
resnetse5,iid:MotionSense:10,192,0,1,29,MotionSense,0.7587890625,0.7075782372873575,5.230560302734375,5.230560302734375
resnetse5,iid:MotionSense:10,192,0,1,30,MotionSense,0.763671875,0.712697859830573,5.230560302734375,5.230560302734375
resnetse5,iid:MotionSense:10,192,0,1,31,MotionSense,0.763671875,0.712659117602592,5.230560302734375,5.230560302734375
resnetse5,iid:MotionSense:10,192,0,1,32,MotionSense,0.7587890625,0.7073363893148121,5.230560302734375,5.230560302734375
resnetse5,iid:MotionSense:10,192,0,1,33,MotionSense,0.759765625,0.708215740783007,5.230560302734375,5.230560302734375
resnetse5,iid:MotionSense:10,192,0,1,34,MotionSense,0.77734375,0.7485130836692621,5.230560302734375,5.230560302734375
resnetse5,iid:MotionSense:10,192,0,1,35,MotionSense,0.7666015625,0.7261102562284956,5.230560302734375,5.230560302734375
resnetse5,iid:MotionSense:10,192,0,1,36,MotionSense,0.806640625,0.8049892555804852,5.230560302734375,5.230560302734375
resnetse5,iid:MotionSense:10,192,0,1,37,MotionSense,0.8046875,0.8044251443002176,5.230560302734375,5.230560302734375
resnetse5,iid:MotionSense:10,192,0,1,38,MotionSense,0.8095703125,0.8037114663159642,5.230560302734375,5.230560302734375
resnetse5,iid:MotionSense:10,192,0,1,39,MotionSense,0.7587890625,0.7068146889217807,5.230560302734375,5.230560302734375
resnetse5,iid:MotionSense:10,192,0,1,40,MotionSense,0.7578125,0.7057506442459253,5.230560302734375,5.230560302734375
resnetse5,iid:MotionSense:10,192,0,1,41,MotionSense,0.76953125,0.7286244779606849,5.230560302734375,5.230560302734375
resnetse5,iid:MotionSense:10,192,0,1,42,MotionSense,0.759765625,0.7077149351862729,5.230560302734375,5.230560302734375
resnetse5,iid:MotionSense:10,192,0,1,43,MotionSense,0.8173828125,0.8164717105494615,5.230560302734375,5.230560302734375
resnetse5,iid:MotionSense:10,192,0,1,44,MotionSense,0.7763671875,0.7464911624839209,5.230560302734375,5.230560302734375
resnetse5,iid:MotionSense:10,192,0,1,45,MotionSense,0.7861328125,0.7626186480967666,5.230560302734375,5.230560302734375
resnetse5,iid:MotionSense:10,192,0,1,46,MotionSense,0.787109375,0.7672113668224013,5.230560302734375,5.230560302734375
resnetse5,iid:MotionSense:10,192,0,1,47,MotionSense,0.7734375,0.7382741472619331,5.230560302734375,5.230560302734375
resnetse5,iid:MotionSense:10,192,0,1,48,MotionSense,0.8193359375,0.8137068712444498,5.230560302734375,5.230560302734375
resnetse5,iid:MotionSense:10,192,0,1,49,MotionSense,0.8037109375,0.7919553767116537,5.230560302734375,5.230560302734375
resnetse5,iid:MotionSense:10,192,0,1,50,MotionSense,0.814453125,0.8071127602977054,5.230560302734375,5.230560302734375
resnetse5,iid:MotionSense:10,192,0,1,51,MotionSense,0.8134765625,0.8057666677100834,5.230560302734375,5.230560302734375
resnetse5,iid:MotionSense:10,192,0,1,52,MotionSense,0.783203125,0.7583462988017656,5.230560302734375,5.230560302734375
resnetse5,iid:MotionSense:10,192,0,1,53,MotionSense,0.771484375,0.737596235730065,5.230560302734375,5.230560302734375
resnetse5,iid:MotionSense:10,192,0,1,54,MotionSense,0.765625,0.7318706082412095,5.230560302734375,5.230560302734375
resnetse5,iid:MotionSense:10,192,0,1,55,MotionSense,0.76171875,0.7276368685436289,5.230560302734375,5.230560302734375
resnetse5,iid:MotionSense:10,192,0,1,56,MotionSense,0.775390625,0.7464319993708579,5.230560302734375,5.230560302734375
resnetse5,iid:MotionSense:10,192,0,1,57,MotionSense,0.779296875,0.7530401775143641,5.230560302734375,5.230560302734375
resnetse5,iid:MotionSense:10,192,0,1,58,MotionSense,0.7861328125,0.7647737339385965,5.230560302734375,5.230560302734375
resnetse5,iid:MotionSense:10,192,0,1,59,MotionSense,0.7841796875,0.7620089800339902,5.230560302734375,5.230560302734375
resnetse5,iid:MotionSense:10,192,0,1,60,MotionSense,0.7783203125,0.7523652134608539,5.230560302734375,5.230560302734375
resnetse5,iid:MotionSense:10,192,0,1,61,MotionSense,0.783203125,0.7580940149646768,5.230560302734375,5.230560302734375
resnetse5,iid:MotionSense:10,192,0,1,62,MotionSense,0.775390625,0.7473749168493491,5.230560302734375,5.230560302734375
resnetse5,iid:MotionSense:10,192,0,1,63,MotionSense,0.78515625,0.766138203818227,5.230560302734375,5.230560302734375
resnetse5,iid:MotionSense:10,192,0,1,64,MotionSense,0.775390625,0.7485344403319426,5.230560302734375,5.230560302734375
resnetse5,iid:MotionSense:10,192,0,1,65,MotionSense,0.7724609375,0.7437117261870809,5.230560302734375,5.230560302734375
resnetse5,iid:MotionSense:10,192,0,1,66,MotionSense,0.771484375,0.7382640912907051,5.230560302734375,5.230560302734375
resnetse5,iid:MotionSense:10,192,0,1,67,MotionSense,0.7783203125,0.7494119266466748,5.230560302734375,5.230560302734375
resnetse5,iid:MotionSense:10,192,0,1,68,MotionSense,0.779296875,0.7558135995280143,5.230560302734375,5.230560302734375
resnetse5,iid:MotionSense:10,192,0,1,69,MotionSense,0.7841796875,0.7607306881313214,5.230560302734375,5.230560302734375
resnetse5,iid:MotionSense:10,192,0,1,70,MotionSense,0.802734375,0.792202020809508,5.230560302734375,5.230560302734375
resnetse5,iid:MotionSense:10,192,0,1,71,MotionSense,0.783203125,0.7618296319975152,5.230560302734375,5.230560302734375
resnetse5,iid:MotionSense:10,192,0,1,72,MotionSense,0.7822265625,0.7608613859165777,5.230560302734375,5.230560302734375
resnetse5,iid:MotionSense:10,192,0,1,73,MotionSense,0.8037109375,0.7939675521254023,5.230560302734375,5.230560302734375
resnetse5,iid:MotionSense:10,192,0,1,74,MotionSense,0.8330078125,0.8343099444229342,5.230560302734375,5.230560302734375
resnetse5,iid:MotionSense:10,192,0,1,75,MotionSense,0.8193359375,0.8149930045187962,5.230560302734375,5.230560302734375
resnetse5,iid:MotionSense:10,192,0,1,76,MotionSense,0.8154296875,0.8082564044430233,5.230560302734375,5.230560302734375
resnetse5,iid:MotionSense:10,192,0,1,77,MotionSense,0.814453125,0.8097128264051641,5.230560302734375,5.230560302734375
resnetse5,iid:MotionSense:10,192,0,1,78,MotionSense,0.7998046875,0.7891594309458819,5.230560302734375,5.230560302734375
resnetse5,iid:MotionSense:10,192,0,1,79,MotionSense,0.7978515625,0.7895445142388491,5.230560302734375,5.230560302734375
resnetse5,iid:MotionSense:10,192,0,1,80,MotionSense,0.787109375,0.7721362663473199,5.230560302734375,5.230560302734375
resnetse5,iid:MotionSense:10,192,0,1,81,MotionSense,0.77734375,0.7560505228710465,5.230560302734375,5.230560302734375
resnetse5,iid:MotionSense:10,192,0,1,82,MotionSense,0.8076171875,0.8004807336922947,5.230560302734375,5.230560302734375
resnetse5,iid:MotionSense:10,192,0,1,83,MotionSense,0.7900390625,0.7717438493290197,5.230560302734375,5.230560302734375
resnetse5,iid:MotionSense:10,192,0,1,84,MotionSense,0.8017578125,0.7919172154958001,5.230560302734375,5.230560302734375
resnetse5,iid:MotionSense:10,192,0,1,85,MotionSense,0.8173828125,0.8128178072334666,5.230560302734375,5.230560302734375
resnetse5,iid:MotionSense:10,192,0,1,86,MotionSense,0.8154296875,0.8109263167729873,5.230560302734375,5.230560302734375
resnetse5,iid:MotionSense:10,192,0,1,87,MotionSense,0.8056640625,0.7944731866455101,5.230560302734375,5.230560302734375
resnetse5,iid:MotionSense:10,192,0,1,88,MotionSense,0.8115234375,0.8049000974456083,5.230560302734375,5.230560302734375
resnetse5,iid:MotionSense:10,192,0,1,89,MotionSense,0.8251953125,0.8205440077583122,5.230560302734375,5.230560302734375
resnetse5,iid:MotionSense:10,192,0,1,90,MotionSense,0.80078125,0.7902162469192479,5.230560302734375,5.230560302734375
resnetse5,iid:MotionSense:10,192,0,1,91,MotionSense,0.8134765625,0.8097265949949465,5.230560302734375,5.230560302734375
resnetse5,iid:MotionSense:10,192,0,1,92,MotionSense,0.7978515625,0.7887984791941424,5.230560302734375,5.230560302734375
resnetse5,iid:MotionSense:10,192,0,1,93,MotionSense,0.8017578125,0.7925414562386862,5.230560302734375,5.230560302734375
resnetse5,iid:MotionSense:10,192,0,1,94,MotionSense,0.8291015625,0.8284214450126437,5.230560302734375,5.230560302734375
resnetse5,iid:MotionSense:10,192,0,1,95,MotionSense,0.8193359375,0.8160023456684753,5.230560302734375,5.230560302734375
resnetse5,iid:MotionSense:10,192,0,1,96,MotionSense,0.8046875,0.7901735031532086,5.230560302734375,5.230560302734375
resnetse5,iid:MotionSense:10,192,0,1,97,MotionSense,0.8193359375,0.8170188397398958,5.230560302734375,5.230560302734375
resnetse5,iid:MotionSense:10,192,0,1,98,MotionSense,0.82421875,0.8217747186613348,5.230560302734375,5.230560302734375
resnetse5,iid:MotionSense:10,192,0,1,99,MotionSense,0.8251953125,0.8226319904636483,5.230560302734375,5.230560302734375
resnetse5,iid:MotionSense:10,192,0,1,100,MotionSense,0.814453125,0.8085750597015507,5.230560302734375,5.230560302734375
resnetse5,iid:MotionSense:10,192,1,1,1,MotionSense,0.173828125,0.0511625505711845,5.230560302734375,5.230560302734375
resnetse5,iid:MotionSense:10,192,1,1,2,MotionSense,0.1845703125,0.070715931242247,5.230560302734375,5.230560302734375
resnetse5,iid:MotionSense:10,192,1,1,3,MotionSense,0.3447265625,0.1801409798328134,5.230560302734375,5.230560302734375
resnetse5,iid:MotionSense:10,192,1,1,4,MotionSense,0.345703125,0.1806422083577738,5.230560302734375,5.230560302734375
resnetse5,iid:MotionSense:10,192,1,1,5,MotionSense,0.345703125,0.1806422083577738,5.230560302734375,5.230560302734375
resnetse5,iid:MotionSense:10,192,1,1,6,MotionSense,0.345703125,0.1805166690720161,5.230560302734375,5.230560302734375
resnetse5,iid:MotionSense:10,192,1,1,7,MotionSense,0.34765625,0.1844067162545588,5.230560302734375,5.230560302734375
resnetse5,iid:MotionSense:10,192,1,1,8,MotionSense,0.3671875,0.2190420103031668,5.230560302734375,5.230560302734375
resnetse5,iid:MotionSense:10,192,1,1,9,MotionSense,0.392578125,0.2548485289426927,5.230560302734375,5.230560302734375
resnetse5,iid:MotionSense:10,192,1,1,10,MotionSense,0.455078125,0.3330870865462984,5.230560302734375,5.230560302734375
resnetse5,iid:MotionSense:10,192,1,1,11,MotionSense,0.533203125,0.4402301306924947,5.230560302734375,5.230560302734375
resnetse5,iid:MotionSense:10,192,1,1,12,MotionSense,0.607421875,0.5359836584010832,5.230560302734375,5.230560302734375
resnetse5,iid:MotionSense:10,192,1,1,13,MotionSense,0.65625,0.5918163236105008,5.230560302734375,5.230560302734375
resnetse5,iid:MotionSense:10,192,1,1,14,MotionSense,0.6806640625,0.6186709872238025,5.230560302734375,5.230560302734375
resnetse5,iid:MotionSense:10,192,1,1,15,MotionSense,0.70703125,0.6485528054046837,5.230560302734375,5.230560302734375
resnetse5,iid:MotionSense:10,192,1,1,16,MotionSense,0.7265625,0.6705718376919183,5.230560302734375,5.230560302734375
resnetse5,iid:MotionSense:10,192,1,1,17,MotionSense,0.73828125,0.6833286478662745,5.230560302734375,5.230560302734375
resnetse5,iid:MotionSense:10,192,1,1,18,MotionSense,0.75390625,0.7002278146148155,5.230560302734375,5.230560302734375
resnetse5,iid:MotionSense:10,192,1,1,19,MotionSense,0.76171875,0.7087608753674361,5.230560302734375,5.230560302734375
resnetse5,iid:MotionSense:10,192,1,1,20,MotionSense,0.7685546875,0.7162509471983222,5.230560302734375,5.230560302734375
resnetse5,iid:MotionSense:10,192,1,1,21,MotionSense,0.771484375,0.7192468996543351,5.230560302734375,5.230560302734375
resnetse5,iid:MotionSense:10,192,1,1,22,MotionSense,0.771484375,0.7191751512129118,5.230560302734375,5.230560302734375
resnetse5,iid:MotionSense:10,192,1,1,23,MotionSense,0.7734375,0.7212911670348073,5.230560302734375,5.230560302734375
resnetse5,iid:MotionSense:10,192,1,1,24,MotionSense,0.779296875,0.7275488339769582,5.230560302734375,5.230560302734375
resnetse5,iid:MotionSense:10,192,1,1,25,MotionSense,0.78125,0.7296242244183583,5.230560302734375,5.230560302734375
resnetse5,iid:MotionSense:10,192,1,1,26,MotionSense,0.783203125,0.7317182353692413,5.230560302734375,5.230560302734375
resnetse5,iid:MotionSense:10,192,1,1,27,MotionSense,0.7841796875,0.7328425602594786,5.230560302734375,5.230560302734375
resnetse5,iid:MotionSense:10,192,1,1,28,MotionSense,0.787109375,0.735900805172138,5.230560302734375,5.230560302734375
resnetse5,iid:MotionSense:10,192,1,1,29,MotionSense,0.7861328125,0.7348986346891072,5.230560302734375,5.230560302734375
resnetse5,iid:MotionSense:10,192,1,1,30,MotionSense,0.7890625,0.7380130116816046,5.230560302734375,5.230560302734375
resnetse5,iid:MotionSense:10,192,1,1,31,MotionSense,0.7900390625,0.7390179481137645,5.230560302734375,5.230560302734375
resnetse5,iid:MotionSense:10,192,1,1,32,MotionSense,0.7900390625,0.7390179481137645,5.230560302734375,5.230560302734375
resnetse5,iid:MotionSense:10,192,1,1,33,MotionSense,0.7890625,0.7379840799472465,5.230560302734375,5.230560302734375
resnetse5,iid:MotionSense:10,192,1,1,34,MotionSense,0.7890625,0.7378944373725566,5.230560302734375,5.230560302734375
resnetse5,iid:MotionSense:10,192,1,1,35,MotionSense,0.7900390625,0.7390179481137645,5.230560302734375,5.230560302734375
resnetse5,iid:MotionSense:10,192,1,1,36,MotionSense,0.7900390625,0.7391074534838878,5.230560302734375,5.230560302734375
resnetse5,iid:MotionSense:10,192,1,1,37,MotionSense,0.7900390625,0.739061122540461,5.230560302734375,5.230560302734375
resnetse5,iid:MotionSense:10,192,1,1,38,MotionSense,0.7900390625,0.7390474214705072,5.230560302734375,5.230560302734375
resnetse5,iid:MotionSense:10,192,1,1,39,MotionSense,0.7861328125,0.7349544780271627,5.230560302734375,5.230560302734375
resnetse5,iid:MotionSense:10,192,1,1,40,MotionSense,0.791015625,0.7400209903492304,5.230560302734375,5.230560302734375
resnetse5,iid:MotionSense:10,192,1,1,41,MotionSense,0.7880859375,0.7369707370094508,5.230560302734375,5.230560302734375
resnetse5,iid:MotionSense:10,192,1,1,42,MotionSense,0.78515625,0.7339281616634018,5.230560302734375,5.230560302734375
resnetse5,iid:MotionSense:10,192,1,1,43,MotionSense,0.787109375,0.7359426165857937,5.230560302734375,5.230560302734375
resnetse5,iid:MotionSense:10,192,1,1,44,MotionSense,0.7861328125,0.7349187755176866,5.230560302734375,5.230560302734375
resnetse5,iid:MotionSense:10,192,1,1,45,MotionSense,0.787109375,0.7359446476877235,5.230560302734375,5.230560302734375
resnetse5,iid:MotionSense:10,192,1,1,46,MotionSense,0.78515625,0.7337399061714566,5.230560302734375,5.230560302734375
resnetse5,iid:MotionSense:10,192,1,1,47,MotionSense,0.78515625,0.7337399061714566,5.230560302734375,5.230560302734375
resnetse5,iid:MotionSense:10,192,1,1,48,MotionSense,0.7841796875,0.7328520114771201,5.230560302734375,5.230560302734375
resnetse5,iid:MotionSense:10,192,1,1,49,MotionSense,0.7841796875,0.7327008722005655,5.230560302734375,5.230560302734375
resnetse5,iid:MotionSense:10,192,1,1,50,MotionSense,0.7822265625,0.7307415190823656,5.230560302734375,5.230560302734375
resnetse5,iid:MotionSense:10,192,1,1,51,MotionSense,0.7822265625,0.7308823528308491,5.230560302734375,5.230560302734375
resnetse5,iid:MotionSense:10,192,1,1,52,MotionSense,0.7802734375,0.7289005318188343,5.230560302734375,5.230560302734375
resnetse5,iid:MotionSense:10,192,1,1,53,MotionSense,0.78125,0.7299229982091106,5.230560302734375,5.230560302734375
resnetse5,iid:MotionSense:10,192,1,1,54,MotionSense,0.78125,0.7299229982091106,5.230560302734375,5.230560302734375
resnetse5,iid:MotionSense:10,192,1,1,55,MotionSense,0.7822265625,0.7306545706013078,5.230560302734375,5.230560302734375
resnetse5,iid:MotionSense:10,192,1,1,56,MotionSense,0.7783203125,0.7267450869432014,5.230560302734375,5.230560302734375
resnetse5,iid:MotionSense:10,192,1,1,57,MotionSense,0.7802734375,0.7285660632846365,5.230560302734375,5.230560302734375
resnetse5,iid:MotionSense:10,192,1,1,58,MotionSense,0.7802734375,0.7287753388731485,5.230560302734375,5.230560302734375
resnetse5,iid:MotionSense:10,192,1,1,59,MotionSense,0.7822265625,0.7307853645204375,5.230560302734375,5.230560302734375
resnetse5,iid:MotionSense:10,192,1,1,60,MotionSense,0.7822265625,0.7307853645204375,5.230560302734375,5.230560302734375
resnetse5,iid:MotionSense:10,192,1,1,61,MotionSense,0.779296875,0.7276511317960543,5.230560302734375,5.230560302734375
resnetse5,iid:MotionSense:10,192,1,1,62,MotionSense,0.78125,0.7296120899263084,5.230560302734375,5.230560302734375
resnetse5,iid:MotionSense:10,192,1,1,63,MotionSense,0.779296875,0.7277500652731074,5.230560302734375,5.230560302734375
resnetse5,iid:MotionSense:10,192,1,1,64,MotionSense,0.7763671875,0.7247586281293956,5.230560302734375,5.230560302734375
resnetse5,iid:MotionSense:10,192,1,1,65,MotionSense,0.78125,0.7297599909590565,5.230560302734375,5.230560302734375
resnetse5,iid:MotionSense:10,192,1,1,66,MotionSense,0.775390625,0.723883415815814,5.230560302734375,5.230560302734375
resnetse5,iid:MotionSense:10,192,1,1,67,MotionSense,0.7783203125,0.7267645923972886,5.230560302734375,5.230560302734375
resnetse5,iid:MotionSense:10,192,1,1,68,MotionSense,0.783203125,0.7316910494715066,5.230560302734375,5.230560302734375
resnetse5,iid:MotionSense:10,192,1,1,69,MotionSense,0.78125,0.7297599909590565,5.230560302734375,5.230560302734375
resnetse5,iid:MotionSense:10,192,1,1,70,MotionSense,0.794921875,0.76418935203028,5.230560302734375,5.230560302734375
resnetse5,iid:MotionSense:10,192,1,1,71,MotionSense,0.7861328125,0.7443850823474388,5.230560302734375,5.230560302734375
resnetse5,iid:MotionSense:10,192,1,1,72,MotionSense,0.794921875,0.7657068919017761,5.230560302734375,5.230560302734375
resnetse5,iid:MotionSense:10,192,1,1,73,MotionSense,0.7783203125,0.7268322079974693,5.230560302734375,5.230560302734375
resnetse5,iid:MotionSense:10,192,1,1,74,MotionSense,0.833984375,0.8347364116009808,5.230560302734375,5.230560302734375
resnetse5,iid:MotionSense:10,192,1,1,75,MotionSense,0.775390625,0.7240279095678832,5.230560302734375,5.230560302734375
resnetse5,iid:MotionSense:10,192,1,1,76,MotionSense,0.7724609375,0.721052794021646,5.230560302734375,5.230560302734375
resnetse5,iid:MotionSense:10,192,1,1,77,MotionSense,0.77734375,0.7254988282413581,5.230560302734375,5.230560302734375
resnetse5,iid:MotionSense:10,192,1,1,78,MotionSense,0.8154296875,0.8001982591153207,5.230560302734375,5.230560302734375
resnetse5,iid:MotionSense:10,192,1,1,79,MotionSense,0.833984375,0.8336773197544218,5.230560302734375,5.230560302734375
resnetse5,iid:MotionSense:10,192,1,1,80,MotionSense,0.77734375,0.7259408474790879,5.230560302734375,5.230560302734375
resnetse5,iid:MotionSense:10,192,1,1,81,MotionSense,0.8544921875,0.8555744863122761,5.230560302734375,5.230560302734375
resnetse5,iid:MotionSense:10,192,1,1,82,MotionSense,0.8564453125,0.8571653711304862,5.230560302734375,5.230560302734375
resnetse5,iid:MotionSense:10,192,1,1,83,MotionSense,0.79296875,0.7631716084934129,5.230560302734375,5.230560302734375
resnetse5,iid:MotionSense:10,192,1,1,84,MotionSense,0.8232421875,0.8140063075727869,5.230560302734375,5.230560302734375
resnetse5,iid:MotionSense:10,192,1,1,85,MotionSense,0.828125,0.8186054937522723,5.230560302734375,5.230560302734375
resnetse5,iid:MotionSense:10,192,1,1,86,MotionSense,0.7822265625,0.7440207988131841,5.230560302734375,5.230560302734375
resnetse5,iid:MotionSense:10,192,1,1,87,MotionSense,0.8193359375,0.810922310025723,5.230560302734375,5.230560302734375
resnetse5,iid:MotionSense:10,192,1,1,88,MotionSense,0.8330078125,0.8297310361224572,5.230560302734375,5.230560302734375
resnetse5,iid:MotionSense:10,192,1,1,89,MotionSense,0.77734375,0.725653366029209,5.230560302734375,5.230560302734375
resnetse5,iid:MotionSense:10,192,1,1,90,MotionSense,0.8310546875,0.8309453133809398,5.230560302734375,5.230560302734375
resnetse5,iid:MotionSense:10,192,1,1,91,MotionSense,0.8291015625,0.8273604722286594,5.230560302734375,5.230560302734375
resnetse5,iid:MotionSense:10,192,1,1,92,MotionSense,0.8271484375,0.8200301112818074,5.230560302734375,5.230560302734375
resnetse5,iid:MotionSense:10,192,1,1,93,MotionSense,0.7646484375,0.7131701130047019,5.230560302734375,5.230560302734375
resnetse5,iid:MotionSense:10,192,1,1,94,MotionSense,0.767578125,0.7162378206900152,5.230560302734375,5.230560302734375
resnetse5,iid:MotionSense:10,192,1,1,95,MotionSense,0.826171875,0.8234163882716032,5.230560302734375,5.230560302734375
resnetse5,iid:MotionSense:10,192,1,1,96,MotionSense,0.81640625,0.8022496661102752,5.230560302734375,5.230560302734375
resnetse5,iid:MotionSense:10,192,1,1,97,MotionSense,0.8564453125,0.8527986016171205,5.230560302734375,5.230560302734375
resnetse5,iid:MotionSense:10,192,1,1,98,MotionSense,0.8310546875,0.8263644164685052,5.230560302734375,5.230560302734375
resnetse5,iid:MotionSense:10,192,1,1,99,MotionSense,0.78515625,0.7487249220318536,5.230560302734375,5.230560302734375
resnetse5,iid:MotionSense:10,192,1,1,100,MotionSense,0.7841796875,0.7476977133423817,5.230560302734375,5.230560302734375
resnetse5,iid:MotionSense:10,192,2,1,1,MotionSense,0.0,0.0,5.230560302734375,5.230560302734375
resnetse5,iid:MotionSense:10,192,2,1,2,MotionSense,0.076171875,0.0801303567345278,5.230560302734375,5.230560302734375
resnetse5,iid:MotionSense:10,192,2,1,3,MotionSense,0.3369140625,0.180796373811234,5.230560302734375,5.230560302734375
resnetse5,iid:MotionSense:10,192,2,1,4,MotionSense,0.349609375,0.1902664323637497,5.230560302734375,5.230560302734375
resnetse5,iid:MotionSense:10,192,2,1,5,MotionSense,0.349609375,0.1941875681431002,5.230560302734375,5.230560302734375
resnetse5,iid:MotionSense:10,192,2,1,6,MotionSense,0.3564453125,0.2080392205523171,5.230560302734375,5.230560302734375
resnetse5,iid:MotionSense:10,192,2,1,7,MotionSense,0.36328125,0.2211712046553313,5.230560302734375,5.230560302734375
resnetse5,iid:MotionSense:10,192,2,1,8,MotionSense,0.3798828125,0.2439256212519925,5.230560302734375,5.230560302734375
resnetse5,iid:MotionSense:10,192,2,1,9,MotionSense,0.400390625,0.277690771457486,5.230560302734375,5.230560302734375
resnetse5,iid:MotionSense:10,192,2,1,10,MotionSense,0.4306640625,0.3229294384683243,5.230560302734375,5.230560302734375
resnetse5,iid:MotionSense:10,192,2,1,11,MotionSense,0.4580078125,0.3575075164841669,5.230560302734375,5.230560302734375
resnetse5,iid:MotionSense:10,192,2,1,12,MotionSense,0.4814453125,0.3815614611413876,5.230560302734375,5.230560302734375
resnetse5,iid:MotionSense:10,192,2,1,13,MotionSense,0.5048828125,0.4042553307695275,5.230560302734375,5.230560302734375
resnetse5,iid:MotionSense:10,192,2,1,14,MotionSense,0.541015625,0.435986963210936,5.230560302734375,5.230560302734375
resnetse5,iid:MotionSense:10,192,2,1,15,MotionSense,0.5615234375,0.4535478388614897,5.230560302734375,5.230560302734375
resnetse5,iid:MotionSense:10,192,2,1,16,MotionSense,0.5830078125,0.472586011391209,5.230560302734375,5.230560302734375
resnetse5,iid:MotionSense:10,192,2,1,17,MotionSense,0.6064453125,0.4939769615606739,5.230560302734375,5.230560302734375
resnetse5,iid:MotionSense:10,192,2,1,18,MotionSense,0.611328125,0.498870715743702,5.230560302734375,5.230560302734375
resnetse5,iid:MotionSense:10,192,2,1,19,MotionSense,0.6201171875,0.5066702993156268,5.230560302734375,5.230560302734375
resnetse5,iid:MotionSense:10,192,2,1,20,MotionSense,0.625,0.511313608069689,5.230560302734375,5.230560302734375
resnetse5,iid:MotionSense:10,192,2,1,21,MotionSense,0.625,0.5121773312083605,5.230560302734375,5.230560302734375
resnetse5,iid:MotionSense:10,192,2,1,22,MotionSense,0.630859375,0.5170835657887943,5.230560302734375,5.230560302734375
resnetse5,iid:MotionSense:10,192,2,1,23,MotionSense,0.6337890625,0.520149402420815,5.230560302734375,5.230560302734375
resnetse5,iid:MotionSense:10,192,2,1,24,MotionSense,0.6357421875,0.5218131285130806,5.230560302734375,5.230560302734375
resnetse5,iid:MotionSense:10,192,2,1,25,MotionSense,0.634765625,0.5211202673406886,5.230560302734375,5.230560302734375
resnetse5,iid:MotionSense:10,192,2,1,26,MotionSense,0.6337890625,0.5199840810878297,5.230560302734375,5.230560302734375
resnetse5,iid:MotionSense:10,192,2,1,27,MotionSense,0.63671875,0.5227945298893452,5.230560302734375,5.230560302734375
resnetse5,iid:MotionSense:10,192,2,1,28,MotionSense,0.63671875,0.527672335605167,5.230560302734375,5.230560302734375
resnetse5,iid:MotionSense:10,192,2,1,29,MotionSense,0.6416015625,0.53688841053006,5.230560302734375,5.230560302734375
resnetse5,iid:MotionSense:10,192,2,1,30,MotionSense,0.6572265625,0.5674640608654825,5.230560302734375,5.230560302734375
resnetse5,iid:MotionSense:10,192,2,1,31,MotionSense,0.673828125,0.5962434866525945,5.230560302734375,5.230560302734375
resnetse5,iid:MotionSense:10,192,2,1,32,MotionSense,0.693359375,0.6261699382001368,5.230560302734375,5.230560302734375
resnetse5,iid:MotionSense:10,192,2,1,33,MotionSense,0.708984375,0.6461168485515446,5.230560302734375,5.230560302734375
resnetse5,iid:MotionSense:10,192,2,1,34,MotionSense,0.71875,0.6589593886825397,5.230560302734375,5.230560302734375
resnetse5,iid:MotionSense:10,192,2,1,35,MotionSense,0.7392578125,0.6830937074282134,5.230560302734375,5.230560302734375
resnetse5,iid:MotionSense:10,192,2,1,36,MotionSense,0.744140625,0.690212717349243,5.230560302734375,5.230560302734375
resnetse5,iid:MotionSense:10,192,2,1,37,MotionSense,0.7587890625,0.7063550004840854,5.230560302734375,5.230560302734375
resnetse5,iid:MotionSense:10,192,2,1,38,MotionSense,0.7568359375,0.7034203541193907,5.230560302734375,5.230560302734375
resnetse5,iid:MotionSense:10,192,2,1,39,MotionSense,0.7626953125,0.7111382696497827,5.230560302734375,5.230560302734375
resnetse5,iid:MotionSense:10,192,2,1,40,MotionSense,0.7685546875,0.7164229177315913,5.230560302734375,5.230560302734375
resnetse5,iid:MotionSense:10,192,2,1,41,MotionSense,0.771484375,0.7206415672753902,5.230560302734375,5.230560302734375
resnetse5,iid:MotionSense:10,192,2,1,42,MotionSense,0.775390625,0.7248350666273936,5.230560302734375,5.230560302734375
resnetse5,iid:MotionSense:10,192,2,1,43,MotionSense,0.7783203125,0.7280268802490387,5.230560302734375,5.230560302734375
resnetse5,iid:MotionSense:10,192,2,1,44,MotionSense,0.779296875,0.7290615578897893,5.230560302734375,5.230560302734375
resnetse5,iid:MotionSense:10,192,2,1,45,MotionSense,0.7841796875,0.7362436650084588,5.230560302734375,5.230560302734375
resnetse5,iid:MotionSense:10,192,2,1,46,MotionSense,0.78515625,0.7372278013549324,5.230560302734375,5.230560302734375
resnetse5,iid:MotionSense:10,192,2,1,47,MotionSense,0.7841796875,0.7363601486350525,5.230560302734375,5.230560302734375
resnetse5,iid:MotionSense:10,192,2,1,48,MotionSense,0.78125,0.7335065426995565,5.230560302734375,5.230560302734375
resnetse5,iid:MotionSense:10,192,2,1,49,MotionSense,0.7841796875,0.7366020100267109,5.230560302734375,5.230560302734375
resnetse5,iid:MotionSense:10,192,2,1,50,MotionSense,0.783203125,0.7356526784909283,5.230560302734375,5.230560302734375
resnetse5,iid:MotionSense:10,192,2,1,51,MotionSense,0.78515625,0.7387109616349856,5.230560302734375,5.230560302734375
resnetse5,iid:MotionSense:10,192,2,1,52,MotionSense,0.7890625,0.7446635131854147,5.230560302734375,5.230560302734375
resnetse5,iid:MotionSense:10,192,2,1,53,MotionSense,0.7890625,0.7456794897619502,5.230560302734375,5.230560302734375
resnetse5,iid:MotionSense:10,192,2,1,54,MotionSense,0.787109375,0.740676157803581,5.230560302734375,5.230560302734375
resnetse5,iid:MotionSense:10,192,2,1,55,MotionSense,0.7900390625,0.7482920236692974,5.230560302734375,5.230560302734375
resnetse5,iid:MotionSense:10,192,2,1,56,MotionSense,0.7939453125,0.7563337962917389,5.230560302734375,5.230560302734375
resnetse5,iid:MotionSense:10,192,2,1,57,MotionSense,0.8046875,0.7805583587488586,5.230560302734375,5.230560302734375
resnetse5,iid:MotionSense:10,192,2,1,58,MotionSense,0.791015625,0.7558222349677864,5.230560302734375,5.230560302734375
resnetse5,iid:MotionSense:10,192,2,1,59,MotionSense,0.7890625,0.7472034248673225,5.230560302734375,5.230560302734375
resnetse5,iid:MotionSense:10,192,2,1,60,MotionSense,0.7890625,0.7472658778343599,5.230560302734375,5.230560302734375
resnetse5,iid:MotionSense:10,192,2,1,61,MotionSense,0.79296875,0.7527768716956099,5.230560302734375,5.230560302734375
resnetse5,iid:MotionSense:10,192,2,1,62,MotionSense,0.8046875,0.7772822225240378,5.230560302734375,5.230560302734375
resnetse5,iid:MotionSense:10,192,2,1,63,MotionSense,0.796875,0.7627800435660363,5.230560302734375,5.230560302734375
resnetse5,iid:MotionSense:10,192,2,1,64,MotionSense,0.7958984375,0.7625277830454285,5.230560302734375,5.230560302734375
resnetse5,iid:MotionSense:10,192,2,1,65,MotionSense,0.8046875,0.7789687386078207,5.230560302734375,5.230560302734375
resnetse5,iid:MotionSense:10,192,2,1,66,MotionSense,0.80078125,0.7689279219238375,5.230560302734375,5.230560302734375
resnetse5,iid:MotionSense:10,192,2,1,67,MotionSense,0.810546875,0.788360886183336,5.230560302734375,5.230560302734375
resnetse5,iid:MotionSense:10,192,2,1,68,MotionSense,0.802734375,0.7750209330654805,5.230560302734375,5.230560302734375
resnetse5,iid:MotionSense:10,192,2,1,69,MotionSense,0.791015625,0.7545245581787571,5.230560302734375,5.230560302734375
resnetse5,iid:MotionSense:10,192,2,1,70,MotionSense,0.794921875,0.7625253348739003,5.230560302734375,5.230560302734375
resnetse5,iid:MotionSense:10,192,2,1,71,MotionSense,0.796875,0.7660355959672951,5.230560302734375,5.230560302734375
resnetse5,iid:MotionSense:10,192,2,1,72,MotionSense,0.814453125,0.7944543031654253,5.230560302734375,5.230560302734375
resnetse5,iid:MotionSense:10,192,2,1,73,MotionSense,0.8154296875,0.7989785895389684,5.230560302734375,5.230560302734375
resnetse5,iid:MotionSense:10,192,2,1,74,MotionSense,0.8125,0.7923120597081575,5.230560302734375,5.230560302734375
resnetse5,iid:MotionSense:10,192,2,1,75,MotionSense,0.822265625,0.8090548490296419,5.230560302734375,5.230560302734375
resnetse5,iid:MotionSense:10,192,2,1,76,MotionSense,0.8125,0.7924423571434326,5.230560302734375,5.230560302734375
resnetse5,iid:MotionSense:10,192,2,1,77,MotionSense,0.83203125,0.8239455668360418,5.230560302734375,5.230560302734375
resnetse5,iid:MotionSense:10,192,2,1,78,MotionSense,0.833984375,0.826465742553626,5.230560302734375,5.230560302734375
resnetse5,iid:MotionSense:10,192,2,1,79,MotionSense,0.837890625,0.8326974291080672,5.230560302734375,5.230560302734375
resnetse5,iid:MotionSense:10,192,2,1,80,MotionSense,0.8017578125,0.7776572529829148,5.230560302734375,5.230560302734375
resnetse5,iid:MotionSense:10,192,2,1,81,MotionSense,0.8076171875,0.7890351969659233,5.230560302734375,5.230560302734375
resnetse5,iid:MotionSense:10,192,2,1,82,MotionSense,0.810546875,0.7958232001931195,5.230560302734375,5.230560302734375
resnetse5,iid:MotionSense:10,192,2,1,83,MotionSense,0.818359375,0.8045421991669645,5.230560302734375,5.230560302734375
resnetse5,iid:MotionSense:10,192,2,1,84,MotionSense,0.8203125,0.8102223686929749,5.230560302734375,5.230560302734375
resnetse5,iid:MotionSense:10,192,2,1,85,MotionSense,0.8310546875,0.8240747275410651,5.230560302734375,5.230560302734375
resnetse5,iid:MotionSense:10,192,2,1,86,MotionSense,0.83203125,0.8246940732972191,5.230560302734375,5.230560302734375
resnetse5,iid:MotionSense:10,192,2,1,87,MotionSense,0.83203125,0.8248066764806352,5.230560302734375,5.230560302734375
resnetse5,iid:MotionSense:10,192,2,1,88,MotionSense,0.8427734375,0.8398402568783799,5.230560302734375,5.230560302734375
resnetse5,iid:MotionSense:10,192,2,1,89,MotionSense,0.828125,0.8210403717471041,5.230560302734375,5.230560302734375
resnetse5,iid:MotionSense:10,192,2,1,90,MotionSense,0.8447265625,0.8412209364154543,5.230560302734375,5.230560302734375
resnetse5,iid:MotionSense:10,192,2,1,91,MotionSense,0.822265625,0.812783230865984,5.230560302734375,5.230560302734375
resnetse5,iid:MotionSense:10,192,2,1,92,MotionSense,0.830078125,0.8234796680762169,5.230560302734375,5.230560302734375
resnetse5,iid:MotionSense:10,192,2,1,93,MotionSense,0.818359375,0.807990578716017,5.230560302734375,5.230560302734375
resnetse5,iid:MotionSense:10,192,2,1,94,MotionSense,0.828125,0.8204493296659706,5.230560302734375,5.230560302734375
resnetse5,iid:MotionSense:10,192,2,1,95,MotionSense,0.828125,0.8200981867954044,5.230560302734375,5.230560302734375
resnetse5,iid:MotionSense:10,192,2,1,96,MotionSense,0.8427734375,0.8387654271698116,5.230560302734375,5.230560302734375
resnetse5,iid:MotionSense:10,192,2,1,97,MotionSense,0.8310546875,0.8242182735301503,5.230560302734375,5.230560302734375
resnetse5,iid:MotionSense:10,192,2,1,98,MotionSense,0.8505859375,0.8495323279171284,5.230560302734375,5.230560302734375
resnetse5,iid:MotionSense:10,192,2,1,99,MotionSense,0.8564453125,0.857455003664759,5.230560302734375,5.230560302734375
resnetse5,iid:MotionSense:10,192,2,1,100,MotionSense,0.8486328125,0.8453934525075155,5.230560302734375,5.230560302734375
resnetse5,iid:MotionSense:10,192,3,1,1,MotionSense,0.2236328125,0.1177829950605942,5.230560302734375,5.230560302734375
resnetse5,iid:MotionSense:10,192,3,1,2,MotionSense,0.1845703125,0.0818203699883089,5.230560302734375,5.230560302734375
resnetse5,iid:MotionSense:10,192,3,1,3,MotionSense,0.1767578125,0.0745921305356829,5.230560302734375,5.230560302734375
resnetse5,iid:MotionSense:10,192,3,1,4,MotionSense,0.1787109375,0.0773831129548007,5.230560302734375,5.230560302734375
resnetse5,iid:MotionSense:10,192,3,1,5,MotionSense,0.1865234375,0.092024916777392,5.230560302734375,5.230560302734375
resnetse5,iid:MotionSense:10,192,3,1,6,MotionSense,0.216796875,0.1302684028700504,5.230560302734375,5.230560302734375
resnetse5,iid:MotionSense:10,192,3,1,7,MotionSense,0.4443359375,0.3534585146677785,5.230560302734375,5.230560302734375
resnetse5,iid:MotionSense:10,192,3,1,8,MotionSense,0.4326171875,0.2837553677941966,5.230560302734375,5.230560302734375
resnetse5,iid:MotionSense:10,192,3,1,9,MotionSense,0.44921875,0.3000579807672122,5.230560302734375,5.230560302734375
resnetse5,iid:MotionSense:10,192,3,1,10,MotionSense,0.4833984375,0.3537494939327743,5.230560302734375,5.230560302734375
resnetse5,iid:MotionSense:10,192,3,1,11,MotionSense,0.5185546875,0.4058322824850954,5.230560302734375,5.230560302734375
resnetse5,iid:MotionSense:10,192,3,1,12,MotionSense,0.546875,0.4397651849433717,5.230560302734375,5.230560302734375
resnetse5,iid:MotionSense:10,192,3,1,13,MotionSense,0.5625,0.4581991777794964,5.230560302734375,5.230560302734375
resnetse5,iid:MotionSense:10,192,3,1,14,MotionSense,0.5703125,0.4660745575281953,5.230560302734375,5.230560302734375
resnetse5,iid:MotionSense:10,192,3,1,15,MotionSense,0.583984375,0.4837110521619647,5.230560302734375,5.230560302734375
resnetse5,iid:MotionSense:10,192,3,1,16,MotionSense,0.591796875,0.4941433603136034,5.230560302734375,5.230560302734375
resnetse5,iid:MotionSense:10,192,3,1,17,MotionSense,0.6005859375,0.5042011408437949,5.230560302734375,5.230560302734375
resnetse5,iid:MotionSense:10,192,3,1,18,MotionSense,0.611328125,0.5181181153854456,5.230560302734375,5.230560302734375
resnetse5,iid:MotionSense:10,192,3,1,19,MotionSense,0.611328125,0.5207043569613955,5.230560302734375,5.230560302734375
resnetse5,iid:MotionSense:10,192,3,1,20,MotionSense,0.6201171875,0.5321338269219584,5.230560302734375,5.230560302734375
resnetse5,iid:MotionSense:10,192,3,1,21,MotionSense,0.6259765625,0.5400711191308444,5.230560302734375,5.230560302734375
resnetse5,iid:MotionSense:10,192,3,1,22,MotionSense,0.63671875,0.5538871430479231,5.230560302734375,5.230560302734375
resnetse5,iid:MotionSense:10,192,3,1,23,MotionSense,0.646484375,0.5669179511333285,5.230560302734375,5.230560302734375
resnetse5,iid:MotionSense:10,192,3,1,24,MotionSense,0.654296875,0.5755653008327941,5.230560302734375,5.230560302734375
resnetse5,iid:MotionSense:10,192,3,1,25,MotionSense,0.6689453125,0.5977700585975543,5.230560302734375,5.230560302734375
resnetse5,iid:MotionSense:10,192,3,1,26,MotionSense,0.685546875,0.6201636763640154,5.230560302734375,5.230560302734375
resnetse5,iid:MotionSense:10,192,3,1,27,MotionSense,0.703125,0.6438684702251639,5.230560302734375,5.230560302734375
resnetse5,iid:MotionSense:10,192,3,1,28,MotionSense,0.71875,0.6639045328472989,5.230560302734375,5.230560302734375
resnetse5,iid:MotionSense:10,192,3,1,29,MotionSense,0.724609375,0.6708623331262804,5.230560302734375,5.230560302734375
resnetse5,iid:MotionSense:10,192,3,1,30,MotionSense,0.7314453125,0.6790785897489044,5.230560302734375,5.230560302734375
resnetse5,iid:MotionSense:10,192,3,1,31,MotionSense,0.740234375,0.6894266446234997,5.230560302734375,5.230560302734375
resnetse5,iid:MotionSense:10,192,3,1,32,MotionSense,0.744140625,0.6942081428813273,5.230560302734375,5.230560302734375
resnetse5,iid:MotionSense:10,192,3,1,33,MotionSense,0.7578125,0.714810018708159,5.230560302734375,5.230560302734375
resnetse5,iid:MotionSense:10,192,3,1,34,MotionSense,0.7587890625,0.7148320245960577,5.230560302734375,5.230560302734375
resnetse5,iid:MotionSense:10,192,3,1,35,MotionSense,0.763671875,0.7199271054676983,5.230560302734375,5.230560302734375
resnetse5,iid:MotionSense:10,192,3,1,36,MotionSense,0.7666015625,0.7254744899217559,5.230560302734375,5.230560302734375
resnetse5,iid:MotionSense:10,192,3,1,37,MotionSense,0.767578125,0.7249345625963999,5.230560302734375,5.230560302734375
resnetse5,iid:MotionSense:10,192,3,1,38,MotionSense,0.7724609375,0.7323414610249938,5.230560302734375,5.230560302734375
resnetse5,iid:MotionSense:10,192,3,1,39,MotionSense,0.7734375,0.7308800294152363,5.230560302734375,5.230560302734375
resnetse5,iid:MotionSense:10,192,3,1,40,MotionSense,0.7734375,0.7317752779933716,5.230560302734375,5.230560302734375
resnetse5,iid:MotionSense:10,192,3,1,41,MotionSense,0.7734375,0.7333105904141326,5.230560302734375,5.230560302734375
resnetse5,iid:MotionSense:10,192,3,1,42,MotionSense,0.7783203125,0.7356932544739191,5.230560302734375,5.230560302734375
resnetse5,iid:MotionSense:10,192,3,1,43,MotionSense,0.7783203125,0.7369606284845475,5.230560302734375,5.230560302734375
resnetse5,iid:MotionSense:10,192,3,1,44,MotionSense,0.78515625,0.7485567315155423,5.230560302734375,5.230560302734375
resnetse5,iid:MotionSense:10,192,3,1,45,MotionSense,0.8349609375,0.8338681625289524,5.230560302734375,5.230560302734375
resnetse5,iid:MotionSense:10,192,3,1,46,MotionSense,0.8505859375,0.8536377361001467,5.230560302734375,5.230560302734375
resnetse5,iid:MotionSense:10,192,3,1,47,MotionSense,0.8466796875,0.850277447854085,5.230560302734375,5.230560302734375
resnetse5,iid:MotionSense:10,192,3,1,48,MotionSense,0.83203125,0.8268904714472898,5.230560302734375,5.230560302734375
resnetse5,iid:MotionSense:10,192,3,1,49,MotionSense,0.802734375,0.7777789308568402,5.230560302734375,5.230560302734375
resnetse5,iid:MotionSense:10,192,3,1,50,MotionSense,0.7861328125,0.7490647285132227,5.230560302734375,5.230560302734375
resnetse5,iid:MotionSense:10,192,3,1,51,MotionSense,0.7841796875,0.7453272932237224,5.230560302734375,5.230560302734375
resnetse5,iid:MotionSense:10,192,3,1,52,MotionSense,0.7890625,0.7537046910764896,5.230560302734375,5.230560302734375
resnetse5,iid:MotionSense:10,192,3,1,53,MotionSense,0.802734375,0.7777844172842857,5.230560302734375,5.230560302734375
resnetse5,iid:MotionSense:10,192,3,1,54,MotionSense,0.8017578125,0.7784850821499086,5.230560302734375,5.230560302734375
resnetse5,iid:MotionSense:10,192,3,1,55,MotionSense,0.837890625,0.839926676338802,5.230560302734375,5.230560302734375
resnetse5,iid:MotionSense:10,192,3,1,56,MotionSense,0.77734375,0.7289297155444722,5.230560302734375,5.230560302734375
resnetse5,iid:MotionSense:10,192,3,1,57,MotionSense,0.8125,0.7991744060314535,5.230560302734375,5.230560302734375
resnetse5,iid:MotionSense:10,192,3,1,58,MotionSense,0.833984375,0.8286788618338257,5.230560302734375,5.230560302734375
resnetse5,iid:MotionSense:10,192,3,1,59,MotionSense,0.8564453125,0.8582487028750564,5.230560302734375,5.230560302734375
resnetse5,iid:MotionSense:10,192,3,1,60,MotionSense,0.7744140625,0.7262562306514749,5.230560302734375,5.230560302734375
resnetse5,iid:MotionSense:10,192,3,1,61,MotionSense,0.775390625,0.7258269265759553,5.230560302734375,5.230560302734375
resnetse5,iid:MotionSense:10,192,3,1,62,MotionSense,0.7763671875,0.7279084412239986,5.230560302734375,5.230560302734375
resnetse5,iid:MotionSense:10,192,3,1,63,MotionSense,0.7763671875,0.7279084412239986,5.230560302734375,5.230560302734375
resnetse5,iid:MotionSense:10,192,3,1,64,MotionSense,0.8291015625,0.8217955083509715,5.230560302734375,5.230560302734375
resnetse5,iid:MotionSense:10,192,3,1,65,MotionSense,0.8330078125,0.8283694118600468,5.230560302734375,5.230560302734375
resnetse5,iid:MotionSense:10,192,3,1,66,MotionSense,0.7861328125,0.7508874108207818,5.230560302734375,5.230560302734375
resnetse5,iid:MotionSense:10,192,3,1,67,MotionSense,0.8359375,0.8348639800984868,5.230560302734375,5.230560302734375
resnetse5,iid:MotionSense:10,192,3,1,68,MotionSense,0.798828125,0.7798674904398758,5.230560302734375,5.230560302734375
resnetse5,iid:MotionSense:10,192,3,1,69,MotionSense,0.783203125,0.752115083295758,5.230560302734375,5.230560302734375
resnetse5,iid:MotionSense:10,192,3,1,70,MotionSense,0.8251953125,0.8227183699978777,5.230560302734375,5.230560302734375
resnetse5,iid:MotionSense:10,192,3,1,71,MotionSense,0.802734375,0.7810602799286376,5.230560302734375,5.230560302734375
resnetse5,iid:MotionSense:10,192,3,1,72,MotionSense,0.78515625,0.7530517013247113,5.230560302734375,5.230560302734375
resnetse5,iid:MotionSense:10,192,3,1,73,MotionSense,0.79296875,0.7766939900159562,5.230560302734375,5.230560302734375
resnetse5,iid:MotionSense:10,192,3,1,74,MotionSense,0.79296875,0.7694370529912068,5.230560302734375,5.230560302734375
resnetse5,iid:MotionSense:10,192,3,1,75,MotionSense,0.8291015625,0.8268880519186329,5.230560302734375,5.230560302734375
resnetse5,iid:MotionSense:10,192,3,1,76,MotionSense,0.8125,0.8022680998421666,5.230560302734375,5.230560302734375
resnetse5,iid:MotionSense:10,192,3,1,77,MotionSense,0.8232421875,0.817166210539904,5.230560302734375,5.230560302734375
resnetse5,iid:MotionSense:10,192,3,1,78,MotionSense,0.8046875,0.789034659578904,5.230560302734375,5.230560302734375
resnetse5,iid:MotionSense:10,192,3,1,79,MotionSense,0.8037109375,0.7883201075180927,5.230560302734375,5.230560302734375
resnetse5,iid:MotionSense:10,192,3,1,80,MotionSense,0.78125,0.7495536469660258,5.230560302734375,5.230560302734375
resnetse5,iid:MotionSense:10,192,3,1,81,MotionSense,0.8154296875,0.805587308281007,5.230560302734375,5.230560302734375
resnetse5,iid:MotionSense:10,192,3,1,82,MotionSense,0.7880859375,0.7630023609805759,5.230560302734375,5.230560302734375
resnetse5,iid:MotionSense:10,192,3,1,83,MotionSense,0.78515625,0.7639305592234172,5.230560302734375,5.230560302734375
resnetse5,iid:MotionSense:10,192,3,1,84,MotionSense,0.7890625,0.7639528978578863,5.230560302734375,5.230560302734375
resnetse5,iid:MotionSense:10,192,3,1,85,MotionSense,0.779296875,0.7442839266418821,5.230560302734375,5.230560302734375
resnetse5,iid:MotionSense:10,192,3,1,86,MotionSense,0.775390625,0.744776151470008,5.230560302734375,5.230560302734375
resnetse5,iid:MotionSense:10,192,3,1,87,MotionSense,0.794921875,0.7816779998867808,5.230560302734375,5.230560302734375
resnetse5,iid:MotionSense:10,192,3,1,88,MotionSense,0.77734375,0.7472715265691171,5.230560302734375,5.230560302734375
resnetse5,iid:MotionSense:10,192,3,1,89,MotionSense,0.79296875,0.780474931012174,5.230560302734375,5.230560302734375
resnetse5,iid:MotionSense:10,192,3,1,90,MotionSense,0.8017578125,0.7849057124019755,5.230560302734375,5.230560302734375
resnetse5,iid:MotionSense:10,192,3,1,91,MotionSense,0.7978515625,0.7845365357620956,5.230560302734375,5.230560302734375
resnetse5,iid:MotionSense:10,192,3,1,92,MotionSense,0.7958984375,0.7742622290948361,5.230560302734375,5.230560302734375
resnetse5,iid:MotionSense:10,192,3,1,93,MotionSense,0.8017578125,0.7936359605649218,5.230560302734375,5.230560302734375
resnetse5,iid:MotionSense:10,192,3,1,94,MotionSense,0.79296875,0.7776733903658696,5.230560302734375,5.230560302734375
resnetse5,iid:MotionSense:10,192,3,1,95,MotionSense,0.814453125,0.8093523060018556,5.230560302734375,5.230560302734375
resnetse5,iid:MotionSense:10,192,3,1,96,MotionSense,0.779296875,0.757989760580284,5.230560302734375,5.230560302734375
resnetse5,iid:MotionSense:10,192,3,1,97,MotionSense,0.8037109375,0.788479043257701,5.230560302734375,5.230560302734375
resnetse5,iid:MotionSense:10,192,3,1,98,MotionSense,0.802734375,0.7928137824115891,5.230560302734375,5.230560302734375
resnetse5,iid:MotionSense:10,192,3,1,99,MotionSense,0.783203125,0.7618285242199018,5.230560302734375,5.230560302734375
resnetse5,iid:MotionSense:10,192,3,1,100,MotionSense,0.775390625,0.7489073291638535,5.230560302734375,5.230560302734375
resnetse5,iid:MotionSense:10,192,0,5,1,MotionSense,0.3642578125,0.2186931983009763,5.230560302734375,5.230560302734375
resnetse5,iid:MotionSense:10,192,0,5,2,MotionSense,0.5087890625,0.4143266655044128,5.230560302734375,5.230560302734375
resnetse5,iid:MotionSense:10,192,0,5,3,MotionSense,0.6376953125,0.5701664018468829,5.230560302734375,5.230560302734375
resnetse5,iid:MotionSense:10,192,0,5,4,MotionSense,0.7119140625,0.6671355790575734,5.230560302734375,5.230560302734375
resnetse5,iid:MotionSense:10,192,0,5,5,MotionSense,0.7451171875,0.7000473278568591,5.230560302734375,5.230560302734375
resnetse5,iid:MotionSense:10,192,0,5,6,MotionSense,0.7587890625,0.7108128287814552,5.230560302734375,5.230560302734375
resnetse5,iid:MotionSense:10,192,0,5,7,MotionSense,0.7685546875,0.7299720914886868,5.230560302734375,5.230560302734375
resnetse5,iid:MotionSense:10,192,0,5,8,MotionSense,0.7802734375,0.7520249102573574,5.230560302734375,5.230560302734375
resnetse5,iid:MotionSense:10,192,0,5,9,MotionSense,0.7705078125,0.7340318585664217,5.230560302734375,5.230560302734375
resnetse5,iid:MotionSense:10,192,0,5,10,MotionSense,0.77734375,0.7494376694616416,5.230560302734375,5.230560302734375
resnetse5,iid:MotionSense:10,192,0,5,11,MotionSense,0.765625,0.7286611289455937,5.230560302734375,5.230560302734375
resnetse5,iid:MotionSense:10,192,0,5,12,MotionSense,0.7705078125,0.7366502338789096,5.230560302734375,5.230560302734375
resnetse5,iid:MotionSense:10,192,0,5,13,MotionSense,0.7685546875,0.7351261236596777,5.230560302734375,5.230560302734375
resnetse5,iid:MotionSense:10,192,0,5,14,MotionSense,0.7763671875,0.7514407378172168,5.230560302734375,5.230560302734375
resnetse5,iid:MotionSense:10,192,0,5,15,MotionSense,0.7763671875,0.7509159172124439,5.230560302734375,5.230560302734375
resnetse5,iid:MotionSense:10,192,0,5,16,MotionSense,0.7744140625,0.750637483569149,5.230560302734375,5.230560302734375
resnetse5,iid:MotionSense:10,192,0,5,17,MotionSense,0.77734375,0.7500068804532608,5.230560302734375,5.230560302734375
resnetse5,iid:MotionSense:10,192,0,5,18,MotionSense,0.791015625,0.7756016264441,5.230560302734375,5.230560302734375
resnetse5,iid:MotionSense:10,192,0,5,19,MotionSense,0.787109375,0.7680366449694666,5.230560302734375,5.230560302734375
resnetse5,iid:MotionSense:10,192,0,5,20,MotionSense,0.8173828125,0.8098864537212225,5.230560302734375,5.230560302734375
resnetse5,iid:MotionSense:10,192,0,5,21,MotionSense,0.8251953125,0.821336340295758,5.230560302734375,5.230560302734375
resnetse5,iid:MotionSense:10,192,0,5,22,MotionSense,0.8134765625,0.8044579271648747,5.230560302734375,5.230560302734375
resnetse5,iid:MotionSense:10,192,0,5,23,MotionSense,0.833984375,0.829141806188283,5.230560302734375,5.230560302734375
resnetse5,iid:MotionSense:10,192,0,5,24,MotionSense,0.8427734375,0.8404922649605964,5.230560302734375,5.230560302734375
resnetse5,iid:MotionSense:10,192,0,5,25,MotionSense,0.8486328125,0.848763107141124,5.230560302734375,5.230560302734375
resnetse5,iid:MotionSense:10,192,0,5,26,MotionSense,0.8486328125,0.85129784449974,5.230560302734375,5.230560302734375
resnetse5,iid:MotionSense:10,192,0,5,27,MotionSense,0.8486328125,0.8494948760947801,5.230560302734375,5.230560302734375
resnetse5,iid:MotionSense:10,192,0,5,28,MotionSense,0.8525390625,0.85486112894756,5.230560302734375,5.230560302734375
resnetse5,iid:MotionSense:10,192,0,5,29,MotionSense,0.853515625,0.8556400604369944,5.230560302734375,5.230560302734375
resnetse5,iid:MotionSense:10,192,0,5,30,MotionSense,0.8525390625,0.8540537341766402,5.230560302734375,5.230560302734375
resnetse5,iid:MotionSense:10,192,0,5,31,MotionSense,0.8623046875,0.8619972019771631,5.230560302734375,5.230560302734375
resnetse5,iid:MotionSense:10,192,0,5,32,MotionSense,0.8623046875,0.8630274860560649,5.230560302734375,5.230560302734375
resnetse5,iid:MotionSense:10,192,0,5,33,MotionSense,0.8671875,0.8675574210755018,5.230560302734375,5.230560302734375
resnetse5,iid:MotionSense:10,192,0,5,34,MotionSense,0.85546875,0.8549236786750952,5.230560302734375,5.230560302734375
resnetse5,iid:MotionSense:10,192,0,5,35,MotionSense,0.88671875,0.8879619580391447,5.230560302734375,5.230560302734375
resnetse5,iid:MotionSense:10,192,0,5,36,MotionSense,0.857421875,0.8567261862263585,5.230560302734375,5.230560302734375
resnetse5,iid:MotionSense:10,192,0,5,37,MotionSense,0.794921875,0.7834784104795093,5.230560302734375,5.230560302734375
resnetse5,iid:MotionSense:10,192,0,5,38,MotionSense,0.8779296875,0.8781738982776321,5.230560302734375,5.230560302734375
resnetse5,iid:MotionSense:10,192,0,5,39,MotionSense,0.853515625,0.8510983271058913,5.230560302734375,5.230560302734375
resnetse5,iid:MotionSense:10,192,0,5,40,MotionSense,0.8701171875,0.8686366552588761,5.230560302734375,5.230560302734375
resnetse5,iid:MotionSense:10,192,0,5,41,MotionSense,0.880859375,0.880292296513892,5.230560302734375,5.230560302734375
resnetse5,iid:MotionSense:10,192,0,5,42,MotionSense,0.85546875,0.8539117024271173,5.230560302734375,5.230560302734375
resnetse5,iid:MotionSense:10,192,0,5,43,MotionSense,0.890625,0.8908495957405842,5.230560302734375,5.230560302734375
resnetse5,iid:MotionSense:10,192,0,5,44,MotionSense,0.880859375,0.8808143294753377,5.230560302734375,5.230560302734375
resnetse5,iid:MotionSense:10,192,0,5,45,MotionSense,0.8837890625,0.883258241270127,5.230560302734375,5.230560302734375
resnetse5,iid:MotionSense:10,192,0,5,46,MotionSense,0.8720703125,0.87175022709493,5.230560302734375,5.230560302734375
resnetse5,iid:MotionSense:10,192,0,5,47,MotionSense,0.87890625,0.8781428042916913,5.230560302734375,5.230560302734375
resnetse5,iid:MotionSense:10,192,0,5,48,MotionSense,0.755859375,0.7153621033009373,5.230560302734375,5.230560302734375
resnetse5,iid:MotionSense:10,192,0,5,49,MotionSense,0.7802734375,0.7545146078180814,5.230560302734375,5.230560302734375
resnetse5,iid:MotionSense:10,192,0,5,50,MotionSense,0.7666015625,0.7304535201788741,5.230560302734375,5.230560302734375
resnetse5,iid:MotionSense:10,192,0,5,51,MotionSense,0.7724609375,0.7316165742249682,5.230560302734375,5.230560302734375
resnetse5,iid:MotionSense:10,192,0,5,52,MotionSense,0.876953125,0.876525407149274,5.230560302734375,5.230560302734375
resnetse5,iid:MotionSense:10,192,0,5,53,MotionSense,0.7841796875,0.7572793182736056,5.230560302734375,5.230560302734375
resnetse5,iid:MotionSense:10,192,0,5,54,MotionSense,0.9052734375,0.9055345721408328,5.230560302734375,5.230560302734375
resnetse5,iid:MotionSense:10,192,0,5,55,MotionSense,0.771484375,0.7326089051721502,5.230560302734375,5.230560302734375
resnetse5,iid:MotionSense:10,192,0,5,56,MotionSense,0.8876953125,0.8871869791404041,5.230560302734375,5.230560302734375
resnetse5,iid:MotionSense:10,192,0,5,57,MotionSense,0.75390625,0.7151035962431064,5.230560302734375,5.230560302734375
resnetse5,iid:MotionSense:10,192,0,5,58,MotionSense,0.7841796875,0.7569344482890695,5.230560302734375,5.230560302734375
resnetse5,iid:MotionSense:10,192,0,5,59,MotionSense,0.8330078125,0.8261869086441473,5.230560302734375,5.230560302734375
resnetse5,iid:MotionSense:10,192,0,5,60,MotionSense,0.7783203125,0.7525126723356329,5.230560302734375,5.230560302734375
resnetse5,iid:MotionSense:10,192,0,5,61,MotionSense,0.775390625,0.749207635446726,5.230560302734375,5.230560302734375
resnetse5,iid:MotionSense:10,192,0,5,62,MotionSense,0.9091796875,0.9092678656667912,5.230560302734375,5.230560302734375
resnetse5,iid:MotionSense:10,192,0,5,63,MotionSense,0.775390625,0.7487561857264029,5.230560302734375,5.230560302734375
resnetse5,iid:MotionSense:10,192,0,5,64,MotionSense,0.8994140625,0.8990323196357632,5.230560302734375,5.230560302734375
resnetse5,iid:MotionSense:10,192,0,5,65,MotionSense,0.8740234375,0.8736414332278719,5.230560302734375,5.230560302734375
resnetse5,iid:MotionSense:10,192,0,5,66,MotionSense,0.7587890625,0.7305187772855293,5.230560302734375,5.230560302734375
resnetse5,iid:MotionSense:10,192,0,5,67,MotionSense,0.8369140625,0.8339974498838227,5.230560302734375,5.230560302734375
resnetse5,iid:MotionSense:10,192,0,5,68,MotionSense,0.771484375,0.7458712776262243,5.230560302734375,5.230560302734375
resnetse5,iid:MotionSense:10,192,0,5,69,MotionSense,0.8876953125,0.8878796250286977,5.230560302734375,5.230560302734375
resnetse5,iid:MotionSense:10,192,0,5,70,MotionSense,0.7646484375,0.7336432791113877,5.230560302734375,5.230560302734375
resnetse5,iid:MotionSense:10,192,0,5,71,MotionSense,0.8994140625,0.8993564103532314,5.230560302734375,5.230560302734375
resnetse5,iid:MotionSense:10,192,0,5,72,MotionSense,0.767578125,0.736774004613519,5.230560302734375,5.230560302734375
resnetse5,iid:MotionSense:10,192,0,5,73,MotionSense,0.853515625,0.8533436864961361,5.230560302734375,5.230560302734375
resnetse5,iid:MotionSense:10,192,0,5,74,MotionSense,0.78125,0.7571044600783198,5.230560302734375,5.230560302734375
resnetse5,iid:MotionSense:10,192,0,5,75,MotionSense,0.904296875,0.9038717154847804,5.230560302734375,5.230560302734375
resnetse5,iid:MotionSense:10,192,0,5,76,MotionSense,0.8994140625,0.899760636819196,5.230560302734375,5.230560302734375
resnetse5,iid:MotionSense:10,192,0,5,77,MotionSense,0.7841796875,0.7617100960511448,5.230560302734375,5.230560302734375
resnetse5,iid:MotionSense:10,192,0,5,78,MotionSense,0.900390625,0.9006375780420804,5.230560302734375,5.230560302734375
resnetse5,iid:MotionSense:10,192,0,5,79,MotionSense,0.8896484375,0.8897641893841142,5.230560302734375,5.230560302734375
resnetse5,iid:MotionSense:10,192,0,5,80,MotionSense,0.791015625,0.7745065035679333,5.230560302734375,5.230560302734375
resnetse5,iid:MotionSense:10,192,0,5,81,MotionSense,0.8798828125,0.8796326207412992,5.230560302734375,5.230560302734375
resnetse5,iid:MotionSense:10,192,0,5,82,MotionSense,0.7763671875,0.745851882221099,5.230560302734375,5.230560302734375
resnetse5,iid:MotionSense:10,192,0,5,83,MotionSense,0.830078125,0.8269712528679465,5.230560302734375,5.230560302734375
resnetse5,iid:MotionSense:10,192,0,5,84,MotionSense,0.7939453125,0.7764478714556625,5.230560302734375,5.230560302734375
resnetse5,iid:MotionSense:10,192,0,5,85,MotionSense,0.8974609375,0.8979258736800341,5.230560302734375,5.230560302734375
resnetse5,iid:MotionSense:10,192,0,5,86,MotionSense,0.7705078125,0.7459966756750628,5.230560302734375,5.230560302734375
resnetse5,iid:MotionSense:10,192,0,5,87,MotionSense,0.9091796875,0.908657246302784,5.230560302734375,5.230560302734375
resnetse5,iid:MotionSense:10,192,0,5,88,MotionSense,0.8974609375,0.8976106027006717,5.230560302734375,5.230560302734375
resnetse5,iid:MotionSense:10,192,0,5,89,MotionSense,0.8955078125,0.8956580963552883,5.230560302734375,5.230560302734375
resnetse5,iid:MotionSense:10,192,0,5,90,MotionSense,0.794921875,0.778183316333135,5.230560302734375,5.230560302734375
resnetse5,iid:MotionSense:10,192,0,5,91,MotionSense,0.78515625,0.7680821267807421,5.230560302734375,5.230560302734375
resnetse5,iid:MotionSense:10,192,0,5,92,MotionSense,0.7734375,0.7460405581283364,5.230560302734375,5.230560302734375
resnetse5,iid:MotionSense:10,192,0,5,93,MotionSense,0.890625,0.8901916621503242,5.230560302734375,5.230560302734375
resnetse5,iid:MotionSense:10,192,0,5,94,MotionSense,0.7626953125,0.7387022822621692,5.230560302734375,5.230560302734375
resnetse5,iid:MotionSense:10,192,0,5,95,MotionSense,0.7939453125,0.779551759719307,5.230560302734375,5.230560302734375
resnetse5,iid:MotionSense:10,192,0,5,96,MotionSense,0.8974609375,0.8973174541841584,5.230560302734375,5.230560302734375
resnetse5,iid:MotionSense:10,192,0,5,97,MotionSense,0.8671875,0.8665264120124356,5.230560302734375,5.230560302734375
resnetse5,iid:MotionSense:10,192,0,5,98,MotionSense,0.9072265625,0.9067547656203062,5.230560302734375,5.230560302734375
resnetse5,iid:MotionSense:10,192,0,5,99,MotionSense,0.8994140625,0.8996373329988104,5.230560302734375,5.230560302734375
resnetse5,iid:MotionSense:10,192,0,5,100,MotionSense,0.908203125,0.9067241048482496,5.230560302734375,5.230560302734375
resnetse5,iid:MotionSense:10,192,1,5,1,MotionSense,0.345703125,0.1806422083577738,5.230560302734375,5.230560302734375
resnetse5,iid:MotionSense:10,192,1,5,2,MotionSense,0.4013671875,0.2675210171623371,5.230560302734375,5.230560302734375
resnetse5,iid:MotionSense:10,192,1,5,3,MotionSense,0.6884765625,0.6263766513877299,5.230560302734375,5.230560302734375
resnetse5,iid:MotionSense:10,192,1,5,4,MotionSense,0.7646484375,0.7120086819566112,5.230560302734375,5.230560302734375
resnetse5,iid:MotionSense:10,192,1,5,5,MotionSense,0.7763671875,0.724393963676541,5.230560302734375,5.230560302734375
resnetse5,iid:MotionSense:10,192,1,5,6,MotionSense,0.7880859375,0.7370238919981228,5.230560302734375,5.230560302734375
resnetse5,iid:MotionSense:10,192,1,5,7,MotionSense,0.7890625,0.7381037610862172,5.230560302734375,5.230560302734375
resnetse5,iid:MotionSense:10,192,1,5,8,MotionSense,0.7900390625,0.739061122540461,5.230560302734375,5.230560302734375
resnetse5,iid:MotionSense:10,192,1,5,9,MotionSense,0.7841796875,0.7328301473000262,5.230560302734375,5.230560302734375
resnetse5,iid:MotionSense:10,192,1,5,10,MotionSense,0.779296875,0.7279693944277147,5.230560302734375,5.230560302734375
resnetse5,iid:MotionSense:10,192,1,5,11,MotionSense,0.78125,0.72973873000995,5.230560302734375,5.230560302734375
resnetse5,iid:MotionSense:10,192,1,5,12,MotionSense,0.7783203125,0.7269999758318787,5.230560302734375,5.230560302734375
resnetse5,iid:MotionSense:10,192,1,5,13,MotionSense,0.7783203125,0.7278759226201892,5.230560302734375,5.230560302734375
resnetse5,iid:MotionSense:10,192,1,5,14,MotionSense,0.77734375,0.7269320373458125,5.230560302734375,5.230560302734375
resnetse5,iid:MotionSense:10,192,1,5,15,MotionSense,0.7763671875,0.7259111883836605,5.230560302734375,5.230560302734375
resnetse5,iid:MotionSense:10,192,1,5,16,MotionSense,0.7919921875,0.7582676197133015,5.230560302734375,5.230560302734375
resnetse5,iid:MotionSense:10,192,1,5,17,MotionSense,0.7919921875,0.7680038892286132,5.230560302734375,5.230560302734375
resnetse5,iid:MotionSense:10,192,1,5,18,MotionSense,0.8056640625,0.7905930743607867,5.230560302734375,5.230560302734375
resnetse5,iid:MotionSense:10,192,1,5,19,MotionSense,0.7783203125,0.7416372078896311,5.230560302734375,5.230560302734375
resnetse5,iid:MotionSense:10,192,1,5,20,MotionSense,0.8388671875,0.8402540961145069,5.230560302734375,5.230560302734375
resnetse5,iid:MotionSense:10,192,1,5,21,MotionSense,0.7802734375,0.7441232512570788,5.230560302734375,5.230560302734375
resnetse5,iid:MotionSense:10,192,1,5,22,MotionSense,0.79296875,0.7737732854806608,5.230560302734375,5.230560302734375
resnetse5,iid:MotionSense:10,192,1,5,23,MotionSense,0.7861328125,0.7527040318940778,5.230560302734375,5.230560302734375
resnetse5,iid:MotionSense:10,192,1,5,24,MotionSense,0.7841796875,0.7472944829286855,5.230560302734375,5.230560302734375
resnetse5,iid:MotionSense:10,192,1,5,25,MotionSense,0.77734375,0.7411367922185814,5.230560302734375,5.230560302734375
resnetse5,iid:MotionSense:10,192,1,5,26,MotionSense,0.7978515625,0.7845839830521242,5.230560302734375,5.230560302734375
resnetse5,iid:MotionSense:10,192,1,5,27,MotionSense,0.791015625,0.7725824558567501,5.230560302734375,5.230560302734375
resnetse5,iid:MotionSense:10,192,1,5,28,MotionSense,0.7685546875,0.7335485518390867,5.230560302734375,5.230560302734375
resnetse5,iid:MotionSense:10,192,1,5,29,MotionSense,0.7861328125,0.7632162330626331,5.230560302734375,5.230560302734375
resnetse5,iid:MotionSense:10,192,1,5,30,MotionSense,0.78515625,0.767297798665122,5.230560302734375,5.230560302734375
resnetse5,iid:MotionSense:10,192,1,5,31,MotionSense,0.798828125,0.7808146423463662,5.230560302734375,5.230560302734375
resnetse5,iid:MotionSense:10,192,1,5,32,MotionSense,0.7958984375,0.7784074917898346,5.230560302734375,5.230560302734375
resnetse5,iid:MotionSense:10,192,1,5,33,MotionSense,0.8095703125,0.7986069895682343,5.230560302734375,5.230560302734375
resnetse5,iid:MotionSense:10,192,1,5,34,MotionSense,0.830078125,0.8220293651535683,5.230560302734375,5.230560302734375
resnetse5,iid:MotionSense:10,192,1,5,35,MotionSense,0.818359375,0.815531769116927,5.230560302734375,5.230560302734375
resnetse5,iid:MotionSense:10,192,1,5,36,MotionSense,0.83203125,0.8323903485781946,5.230560302734375,5.230560302734375
resnetse5,iid:MotionSense:10,192,1,5,37,MotionSense,0.8271484375,0.8268160748879748,5.230560302734375,5.230560302734375
resnetse5,iid:MotionSense:10,192,1,5,38,MotionSense,0.8408203125,0.8423046403146568,5.230560302734375,5.230560302734375
resnetse5,iid:MotionSense:10,192,1,5,39,MotionSense,0.8349609375,0.836861422331014,5.230560302734375,5.230560302734375
resnetse5,iid:MotionSense:10,192,1,5,40,MotionSense,0.8466796875,0.8480396033428025,5.230560302734375,5.230560302734375
resnetse5,iid:MotionSense:10,192,1,5,41,MotionSense,0.8583984375,0.8585823370760411,5.230560302734375,5.230560302734375
resnetse5,iid:MotionSense:10,192,1,5,42,MotionSense,0.84375,0.8451489275455657,5.230560302734375,5.230560302734375
resnetse5,iid:MotionSense:10,192,1,5,43,MotionSense,0.8603515625,0.8611600747087254,5.230560302734375,5.230560302734375
resnetse5,iid:MotionSense:10,192,1,5,44,MotionSense,0.7841796875,0.7591057287720014,5.230560302734375,5.230560302734375
resnetse5,iid:MotionSense:10,192,1,5,45,MotionSense,0.8564453125,0.8543773739957529,5.230560302734375,5.230560302734375
resnetse5,iid:MotionSense:10,192,1,5,46,MotionSense,0.8359375,0.8342722285074898,5.230560302734375,5.230560302734375
resnetse5,iid:MotionSense:10,192,1,5,47,MotionSense,0.8525390625,0.8501564829175626,5.230560302734375,5.230560302734375
resnetse5,iid:MotionSense:10,192,1,5,48,MotionSense,0.7548828125,0.7122814675139005,5.230560302734375,5.230560302734375
resnetse5,iid:MotionSense:10,192,1,5,49,MotionSense,0.86328125,0.8637778712933958,5.230560302734375,5.230560302734375
resnetse5,iid:MotionSense:10,192,1,5,50,MotionSense,0.7509765625,0.7177472013873089,5.230560302734375,5.230560302734375
resnetse5,iid:MotionSense:10,192,1,5,51,MotionSense,0.7626953125,0.7294433268116621,5.230560302734375,5.230560302734375
resnetse5,iid:MotionSense:10,192,1,5,52,MotionSense,0.7587890625,0.7221460911219476,5.230560302734375,5.230560302734375
resnetse5,iid:MotionSense:10,192,1,5,53,MotionSense,0.7734375,0.7481160836001891,5.230560302734375,5.230560302734375
resnetse5,iid:MotionSense:10,192,1,5,54,MotionSense,0.8837890625,0.8832721269824136,5.230560302734375,5.230560302734375
resnetse5,iid:MotionSense:10,192,1,5,55,MotionSense,0.76171875,0.718863050425636,5.230560302734375,5.230560302734375
resnetse5,iid:MotionSense:10,192,1,5,56,MotionSense,0.7861328125,0.7616434566148902,5.230560302734375,5.230560302734375
resnetse5,iid:MotionSense:10,192,1,5,57,MotionSense,0.7568359375,0.7177454574551433,5.230560302734375,5.230560302734375
resnetse5,iid:MotionSense:10,192,1,5,58,MotionSense,0.765625,0.7276355405706093,5.230560302734375,5.230560302734375
resnetse5,iid:MotionSense:10,192,1,5,59,MotionSense,0.7529296875,0.705637239674982,5.230560302734375,5.230560302734375
resnetse5,iid:MotionSense:10,192,1,5,60,MotionSense,0.75390625,0.7076263227266528,5.230560302734375,5.230560302734375
resnetse5,iid:MotionSense:10,192,1,5,61,MotionSense,0.7568359375,0.7123637357551017,5.230560302734375,5.230560302734375
resnetse5,iid:MotionSense:10,192,1,5,62,MotionSense,0.755859375,0.7072244785782641,5.230560302734375,5.230560302734375
resnetse5,iid:MotionSense:10,192,1,5,63,MotionSense,0.7734375,0.7353436971275152,5.230560302734375,5.230560302734375
resnetse5,iid:MotionSense:10,192,1,5,64,MotionSense,0.7607421875,0.7154746379856721,5.230560302734375,5.230560302734375
resnetse5,iid:MotionSense:10,192,1,5,65,MotionSense,0.77734375,0.7406213886534109,5.230560302734375,5.230560302734375
resnetse5,iid:MotionSense:10,192,1,5,66,MotionSense,0.7607421875,0.7204327233656777,5.230560302734375,5.230560302734375
resnetse5,iid:MotionSense:10,192,1,5,67,MotionSense,0.7685546875,0.7226962791860859,5.230560302734375,5.230560302734375
resnetse5,iid:MotionSense:10,192,1,5,68,MotionSense,0.76953125,0.7303199845328797,5.230560302734375,5.230560302734375
resnetse5,iid:MotionSense:10,192,1,5,69,MotionSense,0.7861328125,0.7584620556138443,5.230560302734375,5.230560302734375
resnetse5,iid:MotionSense:10,192,1,5,70,MotionSense,0.775390625,0.7386449608567255,5.230560302734375,5.230560302734375
resnetse5,iid:MotionSense:10,192,1,5,71,MotionSense,0.7578125,0.7170312982757602,5.230560302734375,5.230560302734375
resnetse5,iid:MotionSense:10,192,1,5,72,MotionSense,0.765625,0.7198075006917413,5.230560302734375,5.230560302734375
resnetse5,iid:MotionSense:10,192,1,5,73,MotionSense,0.759765625,0.7169285233055147,5.230560302734375,5.230560302734375
resnetse5,iid:MotionSense:10,192,1,5,74,MotionSense,0.7607421875,0.7166810360877026,5.230560302734375,5.230560302734375
resnetse5,iid:MotionSense:10,192,1,5,75,MotionSense,0.755859375,0.7118350901644629,5.230560302734375,5.230560302734375
resnetse5,iid:MotionSense:10,192,1,5,76,MotionSense,0.7529296875,0.7057680630555435,5.230560302734375,5.230560302734375
resnetse5,iid:MotionSense:10,192,1,5,77,MotionSense,0.76953125,0.7367239173060546,5.230560302734375,5.230560302734375
resnetse5,iid:MotionSense:10,192,1,5,78,MotionSense,0.76171875,0.714900962790907,5.230560302734375,5.230560302734375
resnetse5,iid:MotionSense:10,192,1,5,79,MotionSense,0.765625,0.7196728430684526,5.230560302734375,5.230560302734375
resnetse5,iid:MotionSense:10,192,1,5,80,MotionSense,0.755859375,0.7126465572735992,5.230560302734375,5.230560302734375
resnetse5,iid:MotionSense:10,192,1,5,81,MotionSense,0.765625,0.7220461512616402,5.230560302734375,5.230560302734375
resnetse5,iid:MotionSense:10,192,1,5,82,MotionSense,0.765625,0.7314709145744368,5.230560302734375,5.230560302734375
resnetse5,iid:MotionSense:10,192,1,5,83,MotionSense,0.7734375,0.7271015966035428,5.230560302734375,5.230560302734375
resnetse5,iid:MotionSense:10,192,1,5,84,MotionSense,0.7626953125,0.7202878623214036,5.230560302734375,5.230560302734375
resnetse5,iid:MotionSense:10,192,1,5,85,MotionSense,0.755859375,0.7108811575748479,5.230560302734375,5.230560302734375
resnetse5,iid:MotionSense:10,192,1,5,86,MotionSense,0.76171875,0.7220701425392875,5.230560302734375,5.230560302734375
resnetse5,iid:MotionSense:10,192,1,5,87,MotionSense,0.74609375,0.700804519773922,5.230560302734375,5.230560302734375
resnetse5,iid:MotionSense:10,192,1,5,88,MotionSense,0.7783203125,0.7457657917967576,5.230560302734375,5.230560302734375
resnetse5,iid:MotionSense:10,192,1,5,89,MotionSense,0.7587890625,0.7176222105657825,5.230560302734375,5.230560302734375
resnetse5,iid:MotionSense:10,192,1,5,90,MotionSense,0.7568359375,0.7114127086983172,5.230560302734375,5.230560302734375
resnetse5,iid:MotionSense:10,192,1,5,91,MotionSense,0.763671875,0.7213064901811559,5.230560302734375,5.230560302734375
resnetse5,iid:MotionSense:10,192,1,5,92,MotionSense,0.7568359375,0.7145734277015429,5.230560302734375,5.230560302734375
resnetse5,iid:MotionSense:10,192,1,5,93,MotionSense,0.763671875,0.720633280772837,5.230560302734375,5.230560302734375
resnetse5,iid:MotionSense:10,192,1,5,94,MotionSense,0.7607421875,0.7197111611935886,5.230560302734375,5.230560302734375
resnetse5,iid:MotionSense:10,192,1,5,95,MotionSense,0.7646484375,0.7205103770211685,5.230560302734375,5.230560302734375
resnetse5,iid:MotionSense:10,192,1,5,96,MotionSense,0.75390625,0.7110316778966235,5.230560302734375,5.230560302734375
resnetse5,iid:MotionSense:10,192,1,5,97,MotionSense,0.765625,0.7224041909231774,5.230560302734375,5.230560302734375
resnetse5,iid:MotionSense:10,192,1,5,98,MotionSense,0.7568359375,0.7169918128086459,5.230560302734375,5.230560302734375
resnetse5,iid:MotionSense:10,192,1,5,99,MotionSense,0.7939453125,0.7672115915963618,5.230560302734375,5.230560302734375
resnetse5,iid:MotionSense:10,192,1,5,100,MotionSense,0.7705078125,0.7401098497882743,5.230560302734375,5.230560302734375
resnetse5,iid:MotionSense:10,192,2,5,1,MotionSense,0.349609375,0.1915636166055171,5.230560302734375,5.230560302734375
resnetse5,iid:MotionSense:10,192,2,5,2,MotionSense,0.4091796875,0.2941263536417576,5.230560302734375,5.230560302734375
resnetse5,iid:MotionSense:10,192,2,5,3,MotionSense,0.5361328125,0.4317018204905146,5.230560302734375,5.230560302734375
resnetse5,iid:MotionSense:10,192,2,5,4,MotionSense,0.6123046875,0.5008787336729762,5.230560302734375,5.230560302734375
resnetse5,iid:MotionSense:10,192,2,5,5,MotionSense,0.6328125,0.5196856729192217,5.230560302734375,5.230560302734375
resnetse5,iid:MotionSense:10,192,2,5,6,MotionSense,0.64453125,0.5398052292512386,5.230560302734375,5.230560302734375
resnetse5,iid:MotionSense:10,192,2,5,7,MotionSense,0.7138671875,0.6520820194741938,5.230560302734375,5.230560302734375
resnetse5,iid:MotionSense:10,192,2,5,8,MotionSense,0.7626953125,0.7110865637585627,5.230560302734375,5.230560302734375
resnetse5,iid:MotionSense:10,192,2,5,9,MotionSense,0.7802734375,0.7300147431622034,5.230560302734375,5.230560302734375
resnetse5,iid:MotionSense:10,192,2,5,10,MotionSense,0.7841796875,0.735509312010238,5.230560302734375,5.230560302734375
resnetse5,iid:MotionSense:10,192,2,5,11,MotionSense,0.791015625,0.7486578418698678,5.230560302734375,5.230560302734375
resnetse5,iid:MotionSense:10,192,2,5,12,MotionSense,0.7880859375,0.7427599759686706,5.230560302734375,5.230560302734375
resnetse5,iid:MotionSense:10,192,2,5,13,MotionSense,0.7958984375,0.7610104091104225,5.230560302734375,5.230560302734375
resnetse5,iid:MotionSense:10,192,2,5,14,MotionSense,0.79296875,0.7538415647710518,5.230560302734375,5.230560302734375
resnetse5,iid:MotionSense:10,192,2,5,15,MotionSense,0.791015625,0.75627576552003,5.230560302734375,5.230560302734375
resnetse5,iid:MotionSense:10,192,2,5,16,MotionSense,0.8056640625,0.7803741179829916,5.230560302734375,5.230560302734375
resnetse5,iid:MotionSense:10,192,2,5,17,MotionSense,0.82421875,0.8141394932658689,5.230560302734375,5.230560302734375
resnetse5,iid:MotionSense:10,192,2,5,18,MotionSense,0.814453125,0.7990659705165736,5.230560302734375,5.230560302734375
resnetse5,iid:MotionSense:10,192,2,5,19,MotionSense,0.83984375,0.8354629809164016,5.230560302734375,5.230560302734375
resnetse5,iid:MotionSense:10,192,2,5,20,MotionSense,0.828125,0.8209861557737829,5.230560302734375,5.230560302734375
resnetse5,iid:MotionSense:10,192,2,5,21,MotionSense,0.84375,0.8422275420107376,5.230560302734375,5.230560302734375
resnetse5,iid:MotionSense:10,192,2,5,22,MotionSense,0.8486328125,0.8485199125315,5.230560302734375,5.230560302734375
resnetse5,iid:MotionSense:10,192,2,5,23,MotionSense,0.84375,0.8403314825633584,5.230560302734375,5.230560302734375
resnetse5,iid:MotionSense:10,192,2,5,24,MotionSense,0.857421875,0.8585747069086381,5.230560302734375,5.230560302734375
resnetse5,iid:MotionSense:10,192,2,5,25,MotionSense,0.8525390625,0.8549610845566248,5.230560302734375,5.230560302734375
resnetse5,iid:MotionSense:10,192,2,5,26,MotionSense,0.8583984375,0.8605729151901951,5.230560302734375,5.230560302734375
resnetse5,iid:MotionSense:10,192,2,5,27,MotionSense,0.857421875,0.8602868463356309,5.230560302734375,5.230560302734375
resnetse5,iid:MotionSense:10,192,2,5,28,MotionSense,0.8642578125,0.8671130711058431,5.230560302734375,5.230560302734375
resnetse5,iid:MotionSense:10,192,2,5,29,MotionSense,0.8818359375,0.8842600035462419,5.230560302734375,5.230560302734375
resnetse5,iid:MotionSense:10,192,2,5,30,MotionSense,0.8798828125,0.8823542702851617,5.230560302734375,5.230560302734375
resnetse5,iid:MotionSense:10,192,2,5,31,MotionSense,0.87109375,0.87276205304036,5.230560302734375,5.230560302734375
resnetse5,iid:MotionSense:10,192,2,5,32,MotionSense,0.8701171875,0.871730509878113,5.230560302734375,5.230560302734375
resnetse5,iid:MotionSense:10,192,2,5,33,MotionSense,0.890625,0.892237746755581,5.230560302734375,5.230560302734375
resnetse5,iid:MotionSense:10,192,2,5,34,MotionSense,0.841796875,0.8367509324615584,5.230560302734375,5.230560302734375
resnetse5,iid:MotionSense:10,192,2,5,35,MotionSense,0.88671875,0.888976807608613,5.230560302734375,5.230560302734375
resnetse5,iid:MotionSense:10,192,2,5,36,MotionSense,0.8974609375,0.8985223946486425,5.230560302734375,5.230560302734375
resnetse5,iid:MotionSense:10,192,2,5,37,MotionSense,0.90625,0.9079580958890544,5.230560302734375,5.230560302734375
resnetse5,iid:MotionSense:10,192,2,5,38,MotionSense,0.875,0.875155071876704,5.230560302734375,5.230560302734375
resnetse5,iid:MotionSense:10,192,2,5,39,MotionSense,0.9013671875,0.9031481414122218,5.230560302734375,5.230560302734375
resnetse5,iid:MotionSense:10,192,2,5,40,MotionSense,0.7900390625,0.7499502333486312,5.230560302734375,5.230560302734375
resnetse5,iid:MotionSense:10,192,2,5,41,MotionSense,0.9130859375,0.914581827803054,5.230560302734375,5.230560302734375
resnetse5,iid:MotionSense:10,192,2,5,42,MotionSense,0.77734375,0.7349065115370905,5.230560302734375,5.230560302734375
resnetse5,iid:MotionSense:10,192,2,5,43,MotionSense,0.8955078125,0.8957750700569664,5.230560302734375,5.230560302734375
resnetse5,iid:MotionSense:10,192,2,5,44,MotionSense,0.783203125,0.7401981931055345,5.230560302734375,5.230560302734375
resnetse5,iid:MotionSense:10,192,2,5,45,MotionSense,0.7900390625,0.7471009725353959,5.230560302734375,5.230560302734375
resnetse5,iid:MotionSense:10,192,2,5,46,MotionSense,0.78125,0.7371051977995657,5.230560302734375,5.230560302734375
resnetse5,iid:MotionSense:10,192,2,5,47,MotionSense,0.80078125,0.7668769055588633,5.230560302734375,5.230560302734375
resnetse5,iid:MotionSense:10,192,2,5,48,MotionSense,0.7841796875,0.7411194891561498,5.230560302734375,5.230560302734375
resnetse5,iid:MotionSense:10,192,2,5,49,MotionSense,0.787109375,0.7429651904387797,5.230560302734375,5.230560302734375
resnetse5,iid:MotionSense:10,192,2,5,50,MotionSense,0.775390625,0.7263124884707618,5.230560302734375,5.230560302734375
resnetse5,iid:MotionSense:10,192,2,5,51,MotionSense,0.7900390625,0.7470637667892349,5.230560302734375,5.230560302734375
resnetse5,iid:MotionSense:10,192,2,5,52,MotionSense,0.7919921875,0.754144467078219,5.230560302734375,5.230560302734375
resnetse5,iid:MotionSense:10,192,2,5,53,MotionSense,0.8017578125,0.7705136777946593,5.230560302734375,5.230560302734375
resnetse5,iid:MotionSense:10,192,2,5,54,MotionSense,0.783203125,0.740492620720469,5.230560302734375,5.230560302734375
resnetse5,iid:MotionSense:10,192,2,5,55,MotionSense,0.7900390625,0.7534113032262378,5.230560302734375,5.230560302734375
resnetse5,iid:MotionSense:10,192,2,5,56,MotionSense,0.8037109375,0.7769389007253981,5.230560302734375,5.230560302734375
resnetse5,iid:MotionSense:10,192,2,5,57,MotionSense,0.7841796875,0.7383684070856772,5.230560302734375,5.230560302734375
resnetse5,iid:MotionSense:10,192,2,5,58,MotionSense,0.783203125,0.7377252138224333,5.230560302734375,5.230560302734375
resnetse5,iid:MotionSense:10,192,2,5,59,MotionSense,0.7958984375,0.7606626676938877,5.230560302734375,5.230560302734375
resnetse5,iid:MotionSense:10,192,2,5,60,MotionSense,0.884765625,0.8839242730611944,5.230560302734375,5.230560302734375
resnetse5,iid:MotionSense:10,192,2,5,61,MotionSense,0.79296875,0.7578537331982228,5.230560302734375,5.230560302734375
resnetse5,iid:MotionSense:10,192,2,5,62,MotionSense,0.78515625,0.7373896649507716,5.230560302734375,5.230560302734375
resnetse5,iid:MotionSense:10,192,2,5,63,MotionSense,0.783203125,0.7364219594373562,5.230560302734375,5.230560302734375
resnetse5,iid:MotionSense:10,192,2,5,64,MotionSense,0.865234375,0.8624109627603954,5.230560302734375,5.230560302734375
resnetse5,iid:MotionSense:10,192,2,5,65,MotionSense,0.7861328125,0.7394919609359052,5.230560302734375,5.230560302734375
resnetse5,iid:MotionSense:10,192,2,5,66,MotionSense,0.8037109375,0.7747374084702182,5.230560302734375,5.230560302734375
resnetse5,iid:MotionSense:10,192,2,5,67,MotionSense,0.810546875,0.7850077356723144,5.230560302734375,5.230560302734375
resnetse5,iid:MotionSense:10,192,2,5,68,MotionSense,0.7783203125,0.7325482142766221,5.230560302734375,5.230560302734375
resnetse5,iid:MotionSense:10,192,2,5,69,MotionSense,0.8486328125,0.8414072045701215,5.230560302734375,5.230560302734375
resnetse5,iid:MotionSense:10,192,2,5,70,MotionSense,0.91796875,0.9186262605830292,5.230560302734375,5.230560302734375
resnetse5,iid:MotionSense:10,192,2,5,71,MotionSense,0.8056640625,0.7780547589855914,5.230560302734375,5.230560302734375
resnetse5,iid:MotionSense:10,192,2,5,72,MotionSense,0.8154296875,0.7947291078393706,5.230560302734375,5.230560302734375
resnetse5,iid:MotionSense:10,192,2,5,73,MotionSense,0.8076171875,0.7799454525807817,5.230560302734375,5.230560302734375
resnetse5,iid:MotionSense:10,192,2,5,74,MotionSense,0.7861328125,0.7423009299603837,5.230560302734375,5.230560302734375
resnetse5,iid:MotionSense:10,192,2,5,75,MotionSense,0.8212890625,0.8047298258894506,5.230560302734375,5.230560302734375
resnetse5,iid:MotionSense:10,192,2,5,76,MotionSense,0.8984375,0.8990842516101208,5.230560302734375,5.230560302734375
resnetse5,iid:MotionSense:10,192,2,5,77,MotionSense,0.8330078125,0.8217842941857061,5.230560302734375,5.230560302734375
resnetse5,iid:MotionSense:10,192,2,5,78,MotionSense,0.7978515625,0.7680382888500586,5.230560302734375,5.230560302734375
resnetse5,iid:MotionSense:10,192,2,5,79,MotionSense,0.8046875,0.7780483312404259,5.230560302734375,5.230560302734375
resnetse5,iid:MotionSense:10,192,2,5,80,MotionSense,0.9326171875,0.9328085677878176,5.230560302734375,5.230560302734375
resnetse5,iid:MotionSense:10,192,2,5,81,MotionSense,0.8427734375,0.834431353669901,5.230560302734375,5.230560302734375
resnetse5,iid:MotionSense:10,192,2,5,82,MotionSense,0.9296875,0.9295909793596104,5.230560302734375,5.230560302734375
resnetse5,iid:MotionSense:10,192,2,5,83,MotionSense,0.7939453125,0.7566921111631163,5.230560302734375,5.230560302734375
resnetse5,iid:MotionSense:10,192,2,5,84,MotionSense,0.791015625,0.7559267788009122,5.230560302734375,5.230560302734375
resnetse5,iid:MotionSense:10,192,2,5,85,MotionSense,0.80078125,0.7706585304846295,5.230560302734375,5.230560302734375
resnetse5,iid:MotionSense:10,192,2,5,86,MotionSense,0.7939453125,0.7574725152166666,5.230560302734375,5.230560302734375
resnetse5,iid:MotionSense:10,192,2,5,87,MotionSense,0.9248046875,0.9250243872636068,5.230560302734375,5.230560302734375
resnetse5,iid:MotionSense:10,192,2,5,88,MotionSense,0.796875,0.762082316973136,5.230560302734375,5.230560302734375
resnetse5,iid:MotionSense:10,192,2,5,89,MotionSense,0.79296875,0.754821612446456,5.230560302734375,5.230560302734375
resnetse5,iid:MotionSense:10,192,2,5,90,MotionSense,0.791015625,0.7508216949930352,5.230560302734375,5.230560302734375
resnetse5,iid:MotionSense:10,192,2,5,91,MotionSense,0.822265625,0.8090494649378418,5.230560302734375,5.230560302734375
resnetse5,iid:MotionSense:10,192,2,5,92,MotionSense,0.88671875,0.8861864075438043,5.230560302734375,5.230560302734375
resnetse5,iid:MotionSense:10,192,2,5,93,MotionSense,0.8037109375,0.7791513651845792,5.230560302734375,5.230560302734375
resnetse5,iid:MotionSense:10,192,2,5,94,MotionSense,0.857421875,0.853140286416675,5.230560302734375,5.230560302734375
resnetse5,iid:MotionSense:10,192,2,5,95,MotionSense,0.9228515625,0.9218738127182504,5.230560302734375,5.230560302734375
resnetse5,iid:MotionSense:10,192,2,5,96,MotionSense,0.80078125,0.7721866118570614,5.230560302734375,5.230560302734375
resnetse5,iid:MotionSense:10,192,2,5,97,MotionSense,0.8994140625,0.8995473489639187,5.230560302734375,5.230560302734375
resnetse5,iid:MotionSense:10,192,2,5,98,MotionSense,0.7958984375,0.766483473738861,5.230560302734375,5.230560302734375
resnetse5,iid:MotionSense:10,192,2,5,99,MotionSense,0.8125,0.7905308691676666,5.230560302734375,5.230560302734375
resnetse5,iid:MotionSense:10,192,2,5,100,MotionSense,0.8017578125,0.7763651366787038,5.230560302734375,5.230560302734375
resnetse5,iid:MotionSense:10,192,3,5,1,MotionSense,0.1796875,0.0812208434849944,5.230560302734375,5.230560302734375
resnetse5,iid:MotionSense:10,192,3,5,2,MotionSense,0.4638671875,0.324011184340621,5.230560302734375,5.230560302734375
resnetse5,iid:MotionSense:10,192,3,5,3,MotionSense,0.57421875,0.4765860001303588,5.230560302734375,5.230560302734375
resnetse5,iid:MotionSense:10,192,3,5,4,MotionSense,0.6162109375,0.5280001791233908,5.230560302734375,5.230560302734375
resnetse5,iid:MotionSense:10,192,3,5,5,MotionSense,0.66796875,0.60155476963797,5.230560302734375,5.230560302734375
resnetse5,iid:MotionSense:10,192,3,5,6,MotionSense,0.7236328125,0.6712873673101051,5.230560302734375,5.230560302734375
resnetse5,iid:MotionSense:10,192,3,5,7,MotionSense,0.7587890625,0.710507736264108,5.230560302734375,5.230560302734375
resnetse5,iid:MotionSense:10,192,3,5,8,MotionSense,0.767578125,0.7194345362866468,5.230560302734375,5.230560302734375
resnetse5,iid:MotionSense:10,192,3,5,9,MotionSense,0.7744140625,0.7262834716197067,5.230560302734375,5.230560302734375
resnetse5,iid:MotionSense:10,192,3,5,10,MotionSense,0.7763671875,0.7281109134119653,5.230560302734375,5.230560302734375
resnetse5,iid:MotionSense:10,192,3,5,11,MotionSense,0.77734375,0.7288380673242338,5.230560302734375,5.230560302734375
resnetse5,iid:MotionSense:10,192,3,5,12,MotionSense,0.8310546875,0.831974419971982,5.230560302734375,5.230560302734375
resnetse5,iid:MotionSense:10,192,3,5,13,MotionSense,0.8212890625,0.8082749421014332,5.230560302734375,5.230560302734375
resnetse5,iid:MotionSense:10,192,3,5,14,MotionSense,0.8154296875,0.8045168050719016,5.230560302734375,5.230560302734375
resnetse5,iid:MotionSense:10,192,3,5,15,MotionSense,0.8193359375,0.8126403800862388,5.230560302734375,5.230560302734375
resnetse5,iid:MotionSense:10,192,3,5,16,MotionSense,0.8017578125,0.7858906897479373,5.230560302734375,5.230560302734375
resnetse5,iid:MotionSense:10,192,3,5,17,MotionSense,0.80859375,0.7995399352065853,5.230560302734375,5.230560302734375
resnetse5,iid:MotionSense:10,192,3,5,18,MotionSense,0.8125,0.8052312350253282,5.230560302734375,5.230560302734375
resnetse5,iid:MotionSense:10,192,3,5,19,MotionSense,0.810546875,0.8046004347534889,5.230560302734375,5.230560302734375
resnetse5,iid:MotionSense:10,192,3,5,20,MotionSense,0.8017578125,0.7936264968468584,5.230560302734375,5.230560302734375
resnetse5,iid:MotionSense:10,192,3,5,21,MotionSense,0.7880859375,0.7708899593404194,5.230560302734375,5.230560302734375
resnetse5,iid:MotionSense:10,192,3,5,22,MotionSense,0.806640625,0.8004180584282721,5.230560302734375,5.230560302734375
resnetse5,iid:MotionSense:10,192,3,5,23,MotionSense,0.81640625,0.8153581133356963,5.230560302734375,5.230560302734375
resnetse5,iid:MotionSense:10,192,3,5,24,MotionSense,0.8154296875,0.8147932292186635,5.230560302734375,5.230560302734375
resnetse5,iid:MotionSense:10,192,3,5,25,MotionSense,0.814453125,0.8175511040767471,5.230560302734375,5.230560302734375
resnetse5,iid:MotionSense:10,192,3,5,26,MotionSense,0.81640625,0.8176051289373268,5.230560302734375,5.230560302734375
resnetse5,iid:MotionSense:10,192,3,5,27,MotionSense,0.8193359375,0.8228040880938594,5.230560302734375,5.230560302734375
resnetse5,iid:MotionSense:10,192,3,5,28,MotionSense,0.8193359375,0.8217868798288462,5.230560302734375,5.230560302734375
resnetse5,iid:MotionSense:10,192,3,5,29,MotionSense,0.8212890625,0.824902005845472,5.230560302734375,5.230560302734375
resnetse5,iid:MotionSense:10,192,3,5,30,MotionSense,0.818359375,0.822490547613591,5.230560302734375,5.230560302734375
resnetse5,iid:MotionSense:10,192,3,5,31,MotionSense,0.8212890625,0.8251426618566576,5.230560302734375,5.230560302734375
resnetse5,iid:MotionSense:10,192,3,5,32,MotionSense,0.8212890625,0.8251193588181129,5.230560302734375,5.230560302734375
resnetse5,iid:MotionSense:10,192,3,5,33,MotionSense,0.822265625,0.8265178321636433,5.230560302734375,5.230560302734375
resnetse5,iid:MotionSense:10,192,3,5,34,MotionSense,0.810546875,0.8139124515474889,5.230560302734375,5.230560302734375
resnetse5,iid:MotionSense:10,192,3,5,35,MotionSense,0.7978515625,0.7926762364388438,5.230560302734375,5.230560302734375
resnetse5,iid:MotionSense:10,192,3,5,36,MotionSense,0.8251953125,0.8283702081001635,5.230560302734375,5.230560302734375
resnetse5,iid:MotionSense:10,192,3,5,37,MotionSense,0.8046875,0.8010380004028917,5.230560302734375,5.230560302734375
resnetse5,iid:MotionSense:10,192,3,5,38,MotionSense,0.8193359375,0.8198036294085469,5.230560302734375,5.230560302734375
resnetse5,iid:MotionSense:10,192,3,5,39,MotionSense,0.720703125,0.6729694395607583,5.230560302734375,5.230560302734375
resnetse5,iid:MotionSense:10,192,3,5,40,MotionSense,0.810546875,0.8103643388629423,5.230560302734375,5.230560302734375
resnetse5,iid:MotionSense:10,192,3,5,41,MotionSense,0.830078125,0.8297814837769032,5.230560302734375,5.230560302734375
resnetse5,iid:MotionSense:10,192,3,5,42,MotionSense,0.8232421875,0.8242634947275769,5.230560302734375,5.230560302734375
resnetse5,iid:MotionSense:10,192,3,5,43,MotionSense,0.8115234375,0.8084838206110878,5.230560302734375,5.230560302734375
resnetse5,iid:MotionSense:10,192,3,5,44,MotionSense,0.7265625,0.6807131063087871,5.230560302734375,5.230560302734375
resnetse5,iid:MotionSense:10,192,3,5,45,MotionSense,0.80078125,0.792134093427921,5.230560302734375,5.230560302734375
resnetse5,iid:MotionSense:10,192,3,5,46,MotionSense,0.7998046875,0.7921238526770793,5.230560302734375,5.230560302734375
resnetse5,iid:MotionSense:10,192,3,5,47,MotionSense,0.732421875,0.6877575444479219,5.230560302734375,5.230560302734375
resnetse5,iid:MotionSense:10,192,3,5,48,MotionSense,0.7421875,0.698325328705211,5.230560302734375,5.230560302734375
resnetse5,iid:MotionSense:10,192,3,5,49,MotionSense,0.7216796875,0.6741314681168747,5.230560302734375,5.230560302734375
resnetse5,iid:MotionSense:10,192,3,5,50,MotionSense,0.82421875,0.8220038411966076,5.230560302734375,5.230560302734375
resnetse5,iid:MotionSense:10,192,3,5,51,MotionSense,0.8671875,0.8693371189842932,5.230560302734375,5.230560302734375
resnetse5,iid:MotionSense:10,192,3,5,52,MotionSense,0.7197265625,0.672584120293444,5.230560302734375,5.230560302734375
resnetse5,iid:MotionSense:10,192,3,5,53,MotionSense,0.7314453125,0.6844436595384593,5.230560302734375,5.230560302734375
resnetse5,iid:MotionSense:10,192,3,5,54,MotionSense,0.732421875,0.6853273977436118,5.230560302734375,5.230560302734375
resnetse5,iid:MotionSense:10,192,3,5,55,MotionSense,0.7314453125,0.6881873754729707,5.230560302734375,5.230560302734375
resnetse5,iid:MotionSense:10,192,3,5,56,MotionSense,0.7236328125,0.6764970005289702,5.230560302734375,5.230560302734375
resnetse5,iid:MotionSense:10,192,3,5,57,MotionSense,0.7431640625,0.7057928104170464,5.230560302734375,5.230560302734375
resnetse5,iid:MotionSense:10,192,3,5,58,MotionSense,0.822265625,0.8182722528563199,5.230560302734375,5.230560302734375
resnetse5,iid:MotionSense:10,192,3,5,59,MotionSense,0.7373046875,0.6925221667498628,5.230560302734375,5.230560302734375
resnetse5,iid:MotionSense:10,192,3,5,60,MotionSense,0.73046875,0.6831670098043108,5.230560302734375,5.230560302734375
resnetse5,iid:MotionSense:10,192,3,5,61,MotionSense,0.744140625,0.7047755367409235,5.230560302734375,5.230560302734375
resnetse5,iid:MotionSense:10,192,3,5,62,MotionSense,0.8095703125,0.8085618540406371,5.230560302734375,5.230560302734375
resnetse5,iid:MotionSense:10,192,3,5,63,MotionSense,0.8701171875,0.8719187652476877,5.230560302734375,5.230560302734375
resnetse5,iid:MotionSense:10,192,3,5,64,MotionSense,0.853515625,0.8544348860108749,5.230560302734375,5.230560302734375
resnetse5,iid:MotionSense:10,192,3,5,65,MotionSense,0.861328125,0.8623657600431686,5.230560302734375,5.230560302734375
resnetse5,iid:MotionSense:10,192,3,5,66,MotionSense,0.8623046875,0.8633879463943349,5.230560302734375,5.230560302734375
resnetse5,iid:MotionSense:10,192,3,5,67,MotionSense,0.8642578125,0.8657508484583355,5.230560302734375,5.230560302734375
resnetse5,iid:MotionSense:10,192,3,5,68,MotionSense,0.8525390625,0.8538535661617566,5.230560302734375,5.230560302734375
resnetse5,iid:MotionSense:10,192,3,5,69,MotionSense,0.7490234375,0.7123755236145138,5.230560302734375,5.230560302734375
resnetse5,iid:MotionSense:10,192,3,5,70,MotionSense,0.8515625,0.85233779224177,5.230560302734375,5.230560302734375
resnetse5,iid:MotionSense:10,192,3,5,71,MotionSense,0.7255859375,0.6866724106832044,5.230560302734375,5.230560302734375
resnetse5,iid:MotionSense:10,192,3,5,72,MotionSense,0.8505859375,0.8515090152032391,5.230560302734375,5.230560302734375
resnetse5,iid:MotionSense:10,192,3,5,73,MotionSense,0.8837890625,0.8850028951997911,5.230560302734375,5.230560302734375
resnetse5,iid:MotionSense:10,192,3,5,74,MotionSense,0.767578125,0.7395660540203393,5.230560302734375,5.230560302734375
resnetse5,iid:MotionSense:10,192,3,5,75,MotionSense,0.7490234375,0.7249802527773445,5.230560302734375,5.230560302734375
resnetse5,iid:MotionSense:10,192,3,5,76,MotionSense,0.7470703125,0.6998028569326166,5.230560302734375,5.230560302734375
resnetse5,iid:MotionSense:10,192,3,5,77,MotionSense,0.8388671875,0.8396280324468104,5.230560302734375,5.230560302734375
resnetse5,iid:MotionSense:10,192,3,5,78,MotionSense,0.7529296875,0.718597700551713,5.230560302734375,5.230560302734375
resnetse5,iid:MotionSense:10,192,3,5,79,MotionSense,0.7275390625,0.6847669021421873,5.230560302734375,5.230560302734375
resnetse5,iid:MotionSense:10,192,3,5,80,MotionSense,0.736328125,0.700183080962164,5.230560302734375,5.230560302734375
resnetse5,iid:MotionSense:10,192,3,5,81,MotionSense,0.75390625,0.7210802916330552,5.230560302734375,5.230560302734375
resnetse5,iid:MotionSense:10,192,3,5,82,MotionSense,0.8642578125,0.8658961843420432,5.230560302734375,5.230560302734375
resnetse5,iid:MotionSense:10,192,3,5,83,MotionSense,0.791015625,0.7870167878551939,5.230560302734375,5.230560302734375
resnetse5,iid:MotionSense:10,192,3,5,84,MotionSense,0.7490234375,0.71594873387766,5.230560302734375,5.230560302734375
resnetse5,iid:MotionSense:10,192,3,5,85,MotionSense,0.783203125,0.7717947993559058,5.230560302734375,5.230560302734375
resnetse5,iid:MotionSense:10,192,3,5,86,MotionSense,0.86328125,0.8639274370279462,5.230560302734375,5.230560302734375
resnetse5,iid:MotionSense:10,192,3,5,87,MotionSense,0.865234375,0.8664047587719389,5.230560302734375,5.230560302734375
resnetse5,iid:MotionSense:10,192,3,5,88,MotionSense,0.7763671875,0.7601544214603848,5.230560302734375,5.230560302734375
resnetse5,iid:MotionSense:10,192,3,5,89,MotionSense,0.765625,0.7407818571069917,5.230560302734375,5.230560302734375
resnetse5,iid:MotionSense:10,192,3,5,90,MotionSense,0.83984375,0.8400963500702047,5.230560302734375,5.230560302734375
resnetse5,iid:MotionSense:10,192,3,5,91,MotionSense,0.7470703125,0.7169096419446906,5.230560302734375,5.230560302734375
resnetse5,iid:MotionSense:10,192,3,5,92,MotionSense,0.76171875,0.7381359971977449,5.230560302734375,5.230560302734375
resnetse5,iid:MotionSense:10,192,3,5,93,MotionSense,0.75390625,0.7234575263039877,5.230560302734375,5.230560302734375
resnetse5,iid:MotionSense:10,192,3,5,94,MotionSense,0.7568359375,0.723729286678561,5.230560302734375,5.230560302734375
resnetse5,iid:MotionSense:10,192,3,5,95,MotionSense,0.74609375,0.7154819409487841,5.230560302734375,5.230560302734375
resnetse5,iid:MotionSense:10,192,3,5,96,MotionSense,0.75390625,0.7282771357538554,5.230560302734375,5.230560302734375
resnetse5,iid:MotionSense:10,192,3,5,97,MotionSense,0.759765625,0.7317798167753766,5.230560302734375,5.230560302734375
resnetse5,iid:MotionSense:10,192,3,5,98,MotionSense,0.8720703125,0.8727336058954648,5.230560302734375,5.230560302734375
resnetse5,iid:MotionSense:10,192,3,5,99,MotionSense,0.7626953125,0.7327480670067685,5.230560302734375,5.230560302734375
resnetse5,iid:MotionSense:10,192,3,5,100,MotionSense,0.7548828125,0.7242124873016289,5.230560302734375,5.230560302734375
resnetse5,iid:RealWorld_thigh:10,192,0,1,1,RealWorld_thigh,0.1260416666666666,0.081430761370011,5.230560302734375,5.230560302734375
resnetse5,iid:RealWorld_thigh:10,192,0,1,2,RealWorld_thigh,0.1361111111111111,0.1077066010579685,5.230560302734375,5.230560302734375
resnetse5,iid:RealWorld_thigh:10,192,0,1,3,RealWorld_thigh,0.3065972222222222,0.2189030957069546,5.230560302734375,5.230560302734375
resnetse5,iid:RealWorld_thigh:10,192,0,1,4,RealWorld_thigh,0.3263888888888889,0.2097484373428893,5.230560302734375,5.230560302734375
resnetse5,iid:RealWorld_thigh:10,192,0,1,5,RealWorld_thigh,0.3375,0.2278307727157052,5.230560302734375,5.230560302734375
resnetse5,iid:RealWorld_thigh:10,192,0,1,6,RealWorld_thigh,0.3638888888888889,0.268399431924249,5.230560302734375,5.230560302734375
resnetse5,iid:RealWorld_thigh:10,192,0,1,7,RealWorld_thigh,0.4038194444444444,0.3186133787588888,5.230560302734375,5.230560302734375
resnetse5,iid:RealWorld_thigh:10,192,0,1,8,RealWorld_thigh,0.4211805555555555,0.3342748541535929,5.230560302734375,5.230560302734375
resnetse5,iid:RealWorld_thigh:10,192,0,1,9,RealWorld_thigh,0.4333333333333333,0.3457424915445183,5.230560302734375,5.230560302734375
resnetse5,iid:RealWorld_thigh:10,192,0,1,10,RealWorld_thigh,0.4395833333333333,0.3451178964754376,5.230560302734375,5.230560302734375
resnetse5,iid:RealWorld_thigh:10,192,0,1,11,RealWorld_thigh,0.4482638888888889,0.3528623711297964,5.230560302734375,5.230560302734375
resnetse5,iid:RealWorld_thigh:10,192,0,1,12,RealWorld_thigh,0.4649305555555555,0.3696222488644207,5.230560302734375,5.230560302734375
resnetse5,iid:RealWorld_thigh:10,192,0,1,13,RealWorld_thigh,0.4899305555555555,0.3987069849440548,5.230560302734375,5.230560302734375
resnetse5,iid:RealWorld_thigh:10,192,0,1,14,RealWorld_thigh,0.5354166666666667,0.4856707927831938,5.230560302734375,5.230560302734375
resnetse5,iid:RealWorld_thigh:10,192,0,1,15,RealWorld_thigh,0.5368055555555555,0.4773578699601251,5.230560302734375,5.230560302734375
resnetse5,iid:RealWorld_thigh:10,192,0,1,16,RealWorld_thigh,0.5340277777777778,0.4677263191640521,5.230560302734375,5.230560302734375
resnetse5,iid:RealWorld_thigh:10,192,0,1,17,RealWorld_thigh,0.5371527777777778,0.4719125946276124,5.230560302734375,5.230560302734375
resnetse5,iid:RealWorld_thigh:10,192,0,1,18,RealWorld_thigh,0.5277777777777778,0.4578549713912475,5.230560302734375,5.230560302734375
resnetse5,iid:RealWorld_thigh:10,192,0,1,19,RealWorld_thigh,0.5177083333333333,0.4443137807077497,5.230560302734375,5.230560302734375
resnetse5,iid:RealWorld_thigh:10,192,0,1,20,RealWorld_thigh,0.5215277777777778,0.4523722837360588,5.230560302734375,5.230560302734375
resnetse5,iid:RealWorld_thigh:10,192,0,1,21,RealWorld_thigh,0.5253472222222222,0.4616307713712555,5.230560302734375,5.230560302734375
resnetse5,iid:RealWorld_thigh:10,192,0,1,22,RealWorld_thigh,0.5180555555555556,0.4507221433188204,5.230560302734375,5.230560302734375
resnetse5,iid:RealWorld_thigh:10,192,0,1,23,RealWorld_thigh,0.5243055555555556,0.4609895183632667,5.230560302734375,5.230560302734375
resnetse5,iid:RealWorld_thigh:10,192,0,1,24,RealWorld_thigh,0.5315972222222223,0.4723973050202526,5.230560302734375,5.230560302734375
resnetse5,iid:RealWorld_thigh:10,192,0,1,25,RealWorld_thigh,0.5336805555555556,0.4723757808453424,5.230560302734375,5.230560302734375
resnetse5,iid:RealWorld_thigh:10,192,0,1,26,RealWorld_thigh,0.5618055555555556,0.512583848035235,5.230560302734375,5.230560302734375
resnetse5,iid:RealWorld_thigh:10,192,0,1,27,RealWorld_thigh,0.5840277777777778,0.5430278960948075,5.230560302734375,5.230560302734375
resnetse5,iid:RealWorld_thigh:10,192,0,1,28,RealWorld_thigh,0.5909722222222222,0.5523145317425353,5.230560302734375,5.230560302734375
resnetse5,iid:RealWorld_thigh:10,192,0,1,29,RealWorld_thigh,0.6020833333333333,0.5666443027295259,5.230560302734375,5.230560302734375
resnetse5,iid:RealWorld_thigh:10,192,0,1,30,RealWorld_thigh,0.6038194444444445,0.5678499522065454,5.230560302734375,5.230560302734375
resnetse5,iid:RealWorld_thigh:10,192,0,1,31,RealWorld_thigh,0.6159722222222223,0.5796013100361631,5.230560302734375,5.230560302734375
resnetse5,iid:RealWorld_thigh:10,192,0,1,32,RealWorld_thigh,0.6236111111111111,0.5907354499368089,5.230560302734375,5.230560302734375
resnetse5,iid:RealWorld_thigh:10,192,0,1,33,RealWorld_thigh,0.6326388888888889,0.6009950472861925,5.230560302734375,5.230560302734375
resnetse5,iid:RealWorld_thigh:10,192,0,1,34,RealWorld_thigh,0.6430555555555556,0.6138060337441583,5.230560302734375,5.230560302734375
resnetse5,iid:RealWorld_thigh:10,192,0,1,35,RealWorld_thigh,0.6444444444444445,0.6141067516622828,5.230560302734375,5.230560302734375
resnetse5,iid:RealWorld_thigh:10,192,0,1,36,RealWorld_thigh,0.6607638888888889,0.6325134679132931,5.230560302734375,5.230560302734375
resnetse5,iid:RealWorld_thigh:10,192,0,1,37,RealWorld_thigh,0.6743055555555556,0.6482513178798296,5.230560302734375,5.230560302734375
resnetse5,iid:RealWorld_thigh:10,192,0,1,38,RealWorld_thigh,0.6788194444444444,0.6583371396222257,5.230560302734375,5.230560302734375
resnetse5,iid:RealWorld_thigh:10,192,0,1,39,RealWorld_thigh,0.6861111111111111,0.6588566213427464,5.230560302734375,5.230560302734375
resnetse5,iid:RealWorld_thigh:10,192,0,1,40,RealWorld_thigh,0.6850694444444444,0.6577326341953492,5.230560302734375,5.230560302734375
resnetse5,iid:RealWorld_thigh:10,192,0,1,41,RealWorld_thigh,0.6954861111111111,0.669702942374567,5.230560302734375,5.230560302734375
resnetse5,iid:RealWorld_thigh:10,192,0,1,42,RealWorld_thigh,0.7003472222222222,0.6751927239669411,5.230560302734375,5.230560302734375
resnetse5,iid:RealWorld_thigh:10,192,0,1,43,RealWorld_thigh,0.7048611111111112,0.6795520066947582,5.230560302734375,5.230560302734375
resnetse5,iid:RealWorld_thigh:10,192,0,1,44,RealWorld_thigh,0.7086805555555555,0.6834506723611683,5.230560302734375,5.230560302734375
resnetse5,iid:RealWorld_thigh:10,192,0,1,45,RealWorld_thigh,0.7107638888888889,0.684648561947263,5.230560302734375,5.230560302734375
resnetse5,iid:RealWorld_thigh:10,192,0,1,46,RealWorld_thigh,0.7166666666666667,0.6959644078769552,5.230560302734375,5.230560302734375
resnetse5,iid:RealWorld_thigh:10,192,0,1,47,RealWorld_thigh,0.7284722222222222,0.7157836028122828,5.230560302734375,5.230560302734375
resnetse5,iid:RealWorld_thigh:10,192,0,1,48,RealWorld_thigh,0.7322916666666667,0.7222811434888842,5.230560302734375,5.230560302734375
resnetse5,iid:RealWorld_thigh:10,192,0,1,49,RealWorld_thigh,0.7486111111111111,0.7488257591736498,5.230560302734375,5.230560302734375
resnetse5,iid:RealWorld_thigh:10,192,0,1,50,RealWorld_thigh,0.7222222222222222,0.7052134436963394,5.230560302734375,5.230560302734375
resnetse5,iid:RealWorld_thigh:10,192,0,1,51,RealWorld_thigh,0.7246527777777778,0.7077908752256339,5.230560302734375,5.230560302734375
resnetse5,iid:RealWorld_thigh:10,192,0,1,52,RealWorld_thigh,0.7190972222222223,0.6990478466173536,5.230560302734375,5.230560302734375
resnetse5,iid:RealWorld_thigh:10,192,0,1,53,RealWorld_thigh,0.7121527777777777,0.6922405075790569,5.230560302734375,5.230560302734375
resnetse5,iid:RealWorld_thigh:10,192,0,1,54,RealWorld_thigh,0.7222222222222222,0.7060343513943416,5.230560302734375,5.230560302734375
resnetse5,iid:RealWorld_thigh:10,192,0,1,55,RealWorld_thigh,0.7104166666666667,0.6869559502321967,5.230560302734375,5.230560302734375
resnetse5,iid:RealWorld_thigh:10,192,0,1,56,RealWorld_thigh,0.7184027777777777,0.6973964174161932,5.230560302734375,5.230560302734375
resnetse5,iid:RealWorld_thigh:10,192,0,1,57,RealWorld_thigh,0.7194444444444444,0.7007865391244411,5.230560302734375,5.230560302734375
resnetse5,iid:RealWorld_thigh:10,192,0,1,58,RealWorld_thigh,0.7125,0.6875361488313524,5.230560302734375,5.230560302734375
resnetse5,iid:RealWorld_thigh:10,192,0,1,59,RealWorld_thigh,0.7121527777777777,0.6874106459843841,5.230560302734375,5.230560302734375
resnetse5,iid:RealWorld_thigh:10,192,0,1,60,RealWorld_thigh,0.7138888888888889,0.6900734193391428,5.230560302734375,5.230560302734375
resnetse5,iid:RealWorld_thigh:10,192,0,1,61,RealWorld_thigh,0.7204861111111112,0.7027263666807365,5.230560302734375,5.230560302734375
resnetse5,iid:RealWorld_thigh:10,192,0,1,62,RealWorld_thigh,0.7166666666666667,0.697082813796941,5.230560302734375,5.230560302734375
resnetse5,iid:RealWorld_thigh:10,192,0,1,63,RealWorld_thigh,0.7180555555555556,0.6992407849496353,5.230560302734375,5.230560302734375
resnetse5,iid:RealWorld_thigh:10,192,0,1,64,RealWorld_thigh,0.71875,0.6997750032282283,5.230560302734375,5.230560302734375
resnetse5,iid:RealWorld_thigh:10,192,0,1,65,RealWorld_thigh,0.7180555555555556,0.7031564912757133,5.230560302734375,5.230560302734375
resnetse5,iid:RealWorld_thigh:10,192,0,1,66,RealWorld_thigh,0.7302083333333333,0.7243509770452025,5.230560302734375,5.230560302734375
resnetse5,iid:RealWorld_thigh:10,192,0,1,67,RealWorld_thigh,0.7163194444444444,0.6998497516988125,5.230560302734375,5.230560302734375
resnetse5,iid:RealWorld_thigh:10,192,0,1,68,RealWorld_thigh,0.7135416666666666,0.6948348400532889,5.230560302734375,5.230560302734375
resnetse5,iid:RealWorld_thigh:10,192,0,1,69,RealWorld_thigh,0.7190972222222223,0.700773896843598,5.230560302734375,5.230560302734375
resnetse5,iid:RealWorld_thigh:10,192,0,1,70,RealWorld_thigh,0.7201388888888889,0.7050394005009212,5.230560302734375,5.230560302734375
resnetse5,iid:RealWorld_thigh:10,192,0,1,71,RealWorld_thigh,0.7315972222222222,0.7301123755030933,5.230560302734375,5.230560302734375
resnetse5,iid:RealWorld_thigh:10,192,0,1,72,RealWorld_thigh,0.7447916666666666,0.74630789228498,5.230560302734375,5.230560302734375
resnetse5,iid:RealWorld_thigh:10,192,0,1,73,RealWorld_thigh,0.7291666666666666,0.7254594089845919,5.230560302734375,5.230560302734375
resnetse5,iid:RealWorld_thigh:10,192,0,1,74,RealWorld_thigh,0.7239583333333334,0.7164453404872614,5.230560302734375,5.230560302734375
resnetse5,iid:RealWorld_thigh:10,192,0,1,75,RealWorld_thigh,0.7263888888888889,0.719990068645347,5.230560302734375,5.230560302734375
resnetse5,iid:RealWorld_thigh:10,192,0,1,76,RealWorld_thigh,0.7204861111111112,0.7071752785361115,5.230560302734375,5.230560302734375
resnetse5,iid:RealWorld_thigh:10,192,0,1,77,RealWorld_thigh,0.7239583333333334,0.7172683260444502,5.230560302734375,5.230560302734375
resnetse5,iid:RealWorld_thigh:10,192,0,1,78,RealWorld_thigh,0.7239583333333334,0.7145252573960265,5.230560302734375,5.230560302734375
resnetse5,iid:RealWorld_thigh:10,192,0,1,79,RealWorld_thigh,0.7184027777777777,0.7031530146474894,5.230560302734375,5.230560302734375
resnetse5,iid:RealWorld_thigh:10,192,0,1,80,RealWorld_thigh,0.6975694444444445,0.678946841149444,5.230560302734375,5.230560302734375
resnetse5,iid:RealWorld_thigh:10,192,0,1,81,RealWorld_thigh,0.7135416666666666,0.6978006627433292,5.230560302734375,5.230560302734375
resnetse5,iid:RealWorld_thigh:10,192,0,1,82,RealWorld_thigh,0.7111111111111111,0.6983485314085435,5.230560302734375,5.230560302734375
resnetse5,iid:RealWorld_thigh:10,192,0,1,83,RealWorld_thigh,0.7128472222222222,0.6953719424654622,5.230560302734375,5.230560302734375
resnetse5,iid:RealWorld_thigh:10,192,0,1,84,RealWorld_thigh,0.7045138888888889,0.6859420394323387,5.230560302734375,5.230560302734375
resnetse5,iid:RealWorld_thigh:10,192,0,1,85,RealWorld_thigh,0.715625,0.7068211712989347,5.230560302734375,5.230560302734375
resnetse5,iid:RealWorld_thigh:10,192,0,1,86,RealWorld_thigh,0.7197916666666667,0.7135395983479876,5.230560302734375,5.230560302734375
resnetse5,iid:RealWorld_thigh:10,192,0,1,87,RealWorld_thigh,0.7125,0.7022781119969538,5.230560302734375,5.230560302734375
resnetse5,iid:RealWorld_thigh:10,192,0,1,88,RealWorld_thigh,0.7184027777777777,0.7116447881711673,5.230560302734375,5.230560302734375
resnetse5,iid:RealWorld_thigh:10,192,0,1,89,RealWorld_thigh,0.7166666666666667,0.7089417053465579,5.230560302734375,5.230560302734375
resnetse5,iid:RealWorld_thigh:10,192,0,1,90,RealWorld_thigh,0.7083333333333334,0.6921874069303161,5.230560302734375,5.230560302734375
resnetse5,iid:RealWorld_thigh:10,192,0,1,91,RealWorld_thigh,0.7052083333333333,0.6912302025908632,5.230560302734375,5.230560302734375
resnetse5,iid:RealWorld_thigh:10,192,0,1,92,RealWorld_thigh,0.7034722222222223,0.688104005080367,5.230560302734375,5.230560302734375
resnetse5,iid:RealWorld_thigh:10,192,0,1,93,RealWorld_thigh,0.7159722222222222,0.7048963244960302,5.230560302734375,5.230560302734375
resnetse5,iid:RealWorld_thigh:10,192,0,1,94,RealWorld_thigh,0.7177083333333333,0.7064368215930253,5.230560302734375,5.230560302734375
resnetse5,iid:RealWorld_thigh:10,192,0,1,95,RealWorld_thigh,0.6989583333333333,0.6844446946666528,5.230560302734375,5.230560302734375
resnetse5,iid:RealWorld_thigh:10,192,0,1,96,RealWorld_thigh,0.7045138888888889,0.6874381923471962,5.230560302734375,5.230560302734375
resnetse5,iid:RealWorld_thigh:10,192,0,1,97,RealWorld_thigh,0.7125,0.6988829611228732,5.230560302734375,5.230560302734375
resnetse5,iid:RealWorld_thigh:10,192,0,1,98,RealWorld_thigh,0.7152777777777778,0.7075918563091078,5.230560302734375,5.230560302734375
resnetse5,iid:RealWorld_thigh:10,192,0,1,99,RealWorld_thigh,0.7104166666666667,0.698068582805672,5.230560302734375,5.230560302734375
resnetse5,iid:RealWorld_thigh:10,192,0,1,100,RealWorld_thigh,0.7152777777777778,0.70408307550712,5.230560302734375,5.230560302734375
resnetse5,iid:RealWorld_thigh:10,192,1,1,1,RealWorld_thigh,0.1666666666666666,0.0484487768975126,5.230560302734375,5.230560302734375
resnetse5,iid:RealWorld_thigh:10,192,1,1,2,RealWorld_thigh,0.1868055555555555,0.0853744972532929,5.230560302734375,5.230560302734375
resnetse5,iid:RealWorld_thigh:10,192,1,1,3,RealWorld_thigh,0.2986111111111111,0.1576834056482728,5.230560302734375,5.230560302734375
resnetse5,iid:RealWorld_thigh:10,192,1,1,4,RealWorld_thigh,0.3038194444444444,0.1600025990406768,5.230560302734375,5.230560302734375
resnetse5,iid:RealWorld_thigh:10,192,1,1,5,RealWorld_thigh,0.3052083333333333,0.1605313219793311,5.230560302734375,5.230560302734375
resnetse5,iid:RealWorld_thigh:10,192,1,1,6,RealWorld_thigh,0.3052083333333333,0.1603993366768045,5.230560302734375,5.230560302734375
resnetse5,iid:RealWorld_thigh:10,192,1,1,7,RealWorld_thigh,0.3045138888888888,0.1599349968593737,5.230560302734375,5.230560302734375
resnetse5,iid:RealWorld_thigh:10,192,1,1,8,RealWorld_thigh,0.3107638888888889,0.1732909150570354,5.230560302734375,5.230560302734375
resnetse5,iid:RealWorld_thigh:10,192,1,1,9,RealWorld_thigh,0.3527777777777778,0.2376992115105789,5.230560302734375,5.230560302734375
resnetse5,iid:RealWorld_thigh:10,192,1,1,10,RealWorld_thigh,0.3680555555555556,0.2516271992375688,5.230560302734375,5.230560302734375
resnetse5,iid:RealWorld_thigh:10,192,1,1,11,RealWorld_thigh,0.40625,0.2957764131698512,5.230560302734375,5.230560302734375
resnetse5,iid:RealWorld_thigh:10,192,1,1,12,RealWorld_thigh,0.4354166666666667,0.3317528824609315,5.230560302734375,5.230560302734375
resnetse5,iid:RealWorld_thigh:10,192,1,1,13,RealWorld_thigh,0.4753472222222222,0.3817959101424036,5.230560302734375,5.230560302734375
resnetse5,iid:RealWorld_thigh:10,192,1,1,14,RealWorld_thigh,0.5045138888888889,0.41404324682456,5.230560302734375,5.230560302734375
resnetse5,iid:RealWorld_thigh:10,192,1,1,15,RealWorld_thigh,0.5444444444444444,0.4699803408908563,5.230560302734375,5.230560302734375
resnetse5,iid:RealWorld_thigh:10,192,1,1,16,RealWorld_thigh,0.5559027777777777,0.4838240444758626,5.230560302734375,5.230560302734375
resnetse5,iid:RealWorld_thigh:10,192,1,1,17,RealWorld_thigh,0.5618055555555556,0.4907622033933035,5.230560302734375,5.230560302734375
resnetse5,iid:RealWorld_thigh:10,192,1,1,18,RealWorld_thigh,0.5673611111111111,0.5000977737463607,5.230560302734375,5.230560302734375
resnetse5,iid:RealWorld_thigh:10,192,1,1,19,RealWorld_thigh,0.5791666666666667,0.5191530104695028,5.230560302734375,5.230560302734375
resnetse5,iid:RealWorld_thigh:10,192,1,1,20,RealWorld_thigh,0.5868055555555556,0.5299766635056075,5.230560302734375,5.230560302734375
resnetse5,iid:RealWorld_thigh:10,192,1,1,21,RealWorld_thigh,0.5913194444444444,0.5364657785779894,5.230560302734375,5.230560302734375
resnetse5,iid:RealWorld_thigh:10,192,1,1,22,RealWorld_thigh,0.5961805555555556,0.5423135040484405,5.230560302734375,5.230560302734375
resnetse5,iid:RealWorld_thigh:10,192,1,1,23,RealWorld_thigh,0.6194444444444445,0.5698476192255851,5.230560302734375,5.230560302734375
resnetse5,iid:RealWorld_thigh:10,192,1,1,24,RealWorld_thigh,0.6180555555555556,0.5688547039951081,5.230560302734375,5.230560302734375
resnetse5,iid:RealWorld_thigh:10,192,1,1,25,RealWorld_thigh,0.6152777777777778,0.5655434918360093,5.230560302734375,5.230560302734375
resnetse5,iid:RealWorld_thigh:10,192,1,1,26,RealWorld_thigh,0.6274305555555556,0.5796240192471671,5.230560302734375,5.230560302734375
resnetse5,iid:RealWorld_thigh:10,192,1,1,27,RealWorld_thigh,0.6451388888888889,0.598590019353597,5.230560302734375,5.230560302734375
resnetse5,iid:RealWorld_thigh:10,192,1,1,28,RealWorld_thigh,0.6576388888888889,0.6118848905611821,5.230560302734375,5.230560302734375
resnetse5,iid:RealWorld_thigh:10,192,1,1,29,RealWorld_thigh,0.6701388888888888,0.6249861392218059,5.230560302734375,5.230560302734375
resnetse5,iid:RealWorld_thigh:10,192,1,1,30,RealWorld_thigh,0.6684027777777778,0.6231646300041178,5.230560302734375,5.230560302734375
resnetse5,iid:RealWorld_thigh:10,192,1,1,31,RealWorld_thigh,0.6767361111111111,0.6316467412886749,5.230560302734375,5.230560302734375
resnetse5,iid:RealWorld_thigh:10,192,1,1,32,RealWorld_thigh,0.6930555555555555,0.6482201044736194,5.230560302734375,5.230560302734375
resnetse5,iid:RealWorld_thigh:10,192,1,1,33,RealWorld_thigh,0.6729166666666667,0.6277494436493941,5.230560302734375,5.230560302734375
resnetse5,iid:RealWorld_thigh:10,192,1,1,34,RealWorld_thigh,0.7010416666666667,0.6563543710372169,5.230560302734375,5.230560302734375
resnetse5,iid:RealWorld_thigh:10,192,1,1,35,RealWorld_thigh,0.6982638888888889,0.6537445324359209,5.230560302734375,5.230560302734375
resnetse5,iid:RealWorld_thigh:10,192,1,1,36,RealWorld_thigh,0.7027777777777777,0.6583874669526516,5.230560302734375,5.230560302734375
resnetse5,iid:RealWorld_thigh:10,192,1,1,37,RealWorld_thigh,0.7013888888888888,0.6570625605803605,5.230560302734375,5.230560302734375
resnetse5,iid:RealWorld_thigh:10,192,1,1,38,RealWorld_thigh,0.7020833333333333,0.6578215066862817,5.230560302734375,5.230560302734375
resnetse5,iid:RealWorld_thigh:10,192,1,1,39,RealWorld_thigh,0.7097222222222223,0.6655988332419683,5.230560302734375,5.230560302734375
resnetse5,iid:RealWorld_thigh:10,192,1,1,40,RealWorld_thigh,0.7097222222222223,0.6654421691456943,5.230560302734375,5.230560302734375
resnetse5,iid:RealWorld_thigh:10,192,1,1,41,RealWorld_thigh,0.7100694444444444,0.6658890302369967,5.230560302734375,5.230560302734375
resnetse5,iid:RealWorld_thigh:10,192,1,1,42,RealWorld_thigh,0.7131944444444445,0.6689089310725264,5.230560302734375,5.230560302734375
resnetse5,iid:RealWorld_thigh:10,192,1,1,43,RealWorld_thigh,0.7079861111111111,0.6637741205219093,5.230560302734375,5.230560302734375
resnetse5,iid:RealWorld_thigh:10,192,1,1,44,RealWorld_thigh,0.7149305555555555,0.670565821694426,5.230560302734375,5.230560302734375
resnetse5,iid:RealWorld_thigh:10,192,1,1,45,RealWorld_thigh,0.7138888888888889,0.6694899663001962,5.230560302734375,5.230560302734375
resnetse5,iid:RealWorld_thigh:10,192,1,1,46,RealWorld_thigh,0.7142361111111111,0.6698909815081668,5.230560302734375,5.230560302734375
resnetse5,iid:RealWorld_thigh:10,192,1,1,47,RealWorld_thigh,0.7128472222222222,0.6684548910230484,5.230560302734375,5.230560302734375
resnetse5,iid:RealWorld_thigh:10,192,1,1,48,RealWorld_thigh,0.7163194444444444,0.671713624326418,5.230560302734375,5.230560302734375
resnetse5,iid:RealWorld_thigh:10,192,1,1,49,RealWorld_thigh,0.7138888888888889,0.6697419020653398,5.230560302734375,5.230560302734375
resnetse5,iid:RealWorld_thigh:10,192,1,1,50,RealWorld_thigh,0.7142361111111111,0.6699981628215023,5.230560302734375,5.230560302734375
resnetse5,iid:RealWorld_thigh:10,192,1,1,51,RealWorld_thigh,0.7173611111111111,0.6729625911485639,5.230560302734375,5.230560302734375
resnetse5,iid:RealWorld_thigh:10,192,1,1,52,RealWorld_thigh,0.7472222222222222,0.7536554166362462,5.230560302734375,5.230560302734375
resnetse5,iid:RealWorld_thigh:10,192,1,1,53,RealWorld_thigh,0.7322916666666667,0.7373716613076287,5.230560302734375,5.230560302734375
resnetse5,iid:RealWorld_thigh:10,192,1,1,54,RealWorld_thigh,0.7361111111111112,0.7412024290400612,5.230560302734375,5.230560302734375
resnetse5,iid:RealWorld_thigh:10,192,1,1,55,RealWorld_thigh,0.7513888888888889,0.758229614560042,5.230560302734375,5.230560302734375
resnetse5,iid:RealWorld_thigh:10,192,1,1,56,RealWorld_thigh,0.7465277777777778,0.7527205204401776,5.230560302734375,5.230560302734375
resnetse5,iid:RealWorld_thigh:10,192,1,1,57,RealWorld_thigh,0.7524305555555556,0.7482952169804006,5.230560302734375,5.230560302734375
resnetse5,iid:RealWorld_thigh:10,192,1,1,58,RealWorld_thigh,0.7534722222222222,0.747884727937907,5.230560302734375,5.230560302734375
resnetse5,iid:RealWorld_thigh:10,192,1,1,59,RealWorld_thigh,0.7454861111111111,0.7371266968352876,5.230560302734375,5.230560302734375
resnetse5,iid:RealWorld_thigh:10,192,1,1,60,RealWorld_thigh,0.7545138888888889,0.7488507962074844,5.230560302734375,5.230560302734375
resnetse5,iid:RealWorld_thigh:10,192,1,1,61,RealWorld_thigh,0.7482638888888888,0.7377970579725646,5.230560302734375,5.230560302734375
resnetse5,iid:RealWorld_thigh:10,192,1,1,62,RealWorld_thigh,0.7458333333333333,0.73439568924834,5.230560302734375,5.230560302734375
resnetse5,iid:RealWorld_thigh:10,192,1,1,63,RealWorld_thigh,0.7503472222222223,0.7406235990646812,5.230560302734375,5.230560302734375
resnetse5,iid:RealWorld_thigh:10,192,1,1,64,RealWorld_thigh,0.7458333333333333,0.7326584431100792,5.230560302734375,5.230560302734375
resnetse5,iid:RealWorld_thigh:10,192,1,1,65,RealWorld_thigh,0.74375,0.7281318612749059,5.230560302734375,5.230560302734375
resnetse5,iid:RealWorld_thigh:10,192,1,1,66,RealWorld_thigh,0.7423611111111111,0.725046704649052,5.230560302734375,5.230560302734375
resnetse5,iid:RealWorld_thigh:10,192,1,1,67,RealWorld_thigh,0.7496527777777777,0.7390269240011803,5.230560302734375,5.230560302734375
resnetse5,iid:RealWorld_thigh:10,192,1,1,68,RealWorld_thigh,0.7430555555555556,0.7307034535131303,5.230560302734375,5.230560302734375
resnetse5,iid:RealWorld_thigh:10,192,1,1,69,RealWorld_thigh,0.7517361111111112,0.7447196505205875,5.230560302734375,5.230560302734375
resnetse5,iid:RealWorld_thigh:10,192,1,1,70,RealWorld_thigh,0.75,0.7399193524899236,5.230560302734375,5.230560302734375
resnetse5,iid:RealWorld_thigh:10,192,1,1,71,RealWorld_thigh,0.7475694444444444,0.7386597580817106,5.230560302734375,5.230560302734375
resnetse5,iid:RealWorld_thigh:10,192,1,1,72,RealWorld_thigh,0.7315972222222222,0.7147652134180058,5.230560302734375,5.230560302734375
resnetse5,iid:RealWorld_thigh:10,192,1,1,73,RealWorld_thigh,0.7461805555555555,0.7335619855213,5.230560302734375,5.230560302734375
resnetse5,iid:RealWorld_thigh:10,192,1,1,74,RealWorld_thigh,0.7475694444444444,0.7396177584145701,5.230560302734375,5.230560302734375
resnetse5,iid:RealWorld_thigh:10,192,1,1,75,RealWorld_thigh,0.7409722222222223,0.7322833511350426,5.230560302734375,5.230560302734375
resnetse5,iid:RealWorld_thigh:10,192,1,1,76,RealWorld_thigh,0.7555555555555555,0.7506499629643238,5.230560302734375,5.230560302734375
resnetse5,iid:RealWorld_thigh:10,192,1,1,77,RealWorld_thigh,0.7482638888888888,0.7446045183946679,5.230560302734375,5.230560302734375
resnetse5,iid:RealWorld_thigh:10,192,1,1,78,RealWorld_thigh,0.75625,0.7526091736174796,5.230560302734375,5.230560302734375
resnetse5,iid:RealWorld_thigh:10,192,1,1,79,RealWorld_thigh,0.7517361111111112,0.743804901094301,5.230560302734375,5.230560302734375
resnetse5,iid:RealWorld_thigh:10,192,1,1,80,RealWorld_thigh,0.7371527777777778,0.7249286416326596,5.230560302734375,5.230560302734375
resnetse5,iid:RealWorld_thigh:10,192,1,1,81,RealWorld_thigh,0.7496527777777777,0.738840967392998,5.230560302734375,5.230560302734375
resnetse5,iid:RealWorld_thigh:10,192,1,1,82,RealWorld_thigh,0.7444444444444445,0.7355916076763681,5.230560302734375,5.230560302734375
resnetse5,iid:RealWorld_thigh:10,192,1,1,83,RealWorld_thigh,0.753125,0.7480015362401634,5.230560302734375,5.230560302734375
resnetse5,iid:RealWorld_thigh:10,192,1,1,84,RealWorld_thigh,0.7465277777777778,0.7394064956189684,5.230560302734375,5.230560302734375
resnetse5,iid:RealWorld_thigh:10,192,1,1,85,RealWorld_thigh,0.7510416666666667,0.7476572310091835,5.230560302734375,5.230560302734375
resnetse5,iid:RealWorld_thigh:10,192,1,1,86,RealWorld_thigh,0.73125,0.7219622869767202,5.230560302734375,5.230560302734375
resnetse5,iid:RealWorld_thigh:10,192,1,1,87,RealWorld_thigh,0.7458333333333333,0.737882901758698,5.230560302734375,5.230560302734375
resnetse5,iid:RealWorld_thigh:10,192,1,1,88,RealWorld_thigh,0.7267361111111111,0.720564851986418,5.230560302734375,5.230560302734375
resnetse5,iid:RealWorld_thigh:10,192,1,1,89,RealWorld_thigh,0.7416666666666667,0.7354397116062662,5.230560302734375,5.230560302734375
resnetse5,iid:RealWorld_thigh:10,192,1,1,90,RealWorld_thigh,0.7444444444444445,0.7411123156799412,5.230560302734375,5.230560302734375
resnetse5,iid:RealWorld_thigh:10,192,1,1,91,RealWorld_thigh,0.7420138888888889,0.7357832351915189,5.230560302734375,5.230560302734375
resnetse5,iid:RealWorld_thigh:10,192,1,1,92,RealWorld_thigh,0.734375,0.7321819026378694,5.230560302734375,5.230560302734375
resnetse5,iid:RealWorld_thigh:10,192,1,1,93,RealWorld_thigh,0.721875,0.7088489450137092,5.230560302734375,5.230560302734375
resnetse5,iid:RealWorld_thigh:10,192,1,1,94,RealWorld_thigh,0.7152777777777778,0.7039843859569578,5.230560302734375,5.230560302734375
resnetse5,iid:RealWorld_thigh:10,192,1,1,95,RealWorld_thigh,0.7336805555555556,0.7247577786065801,5.230560302734375,5.230560302734375
resnetse5,iid:RealWorld_thigh:10,192,1,1,96,RealWorld_thigh,0.7239583333333334,0.7155065056345769,5.230560302734375,5.230560302734375
resnetse5,iid:RealWorld_thigh:10,192,1,1,97,RealWorld_thigh,0.7284722222222222,0.7193792940165525,5.230560302734375,5.230560302734375
resnetse5,iid:RealWorld_thigh:10,192,1,1,98,RealWorld_thigh,0.7222222222222222,0.7127649965896258,5.230560302734375,5.230560302734375
resnetse5,iid:RealWorld_thigh:10,192,1,1,99,RealWorld_thigh,0.7340277777777777,0.7305725330721414,5.230560302734375,5.230560302734375
resnetse5,iid:RealWorld_thigh:10,192,1,1,100,RealWorld_thigh,0.7295138888888889,0.7248028304787894,5.230560302734375,5.230560302734375
resnetse5,iid:RealWorld_thigh:10,192,2,1,1,RealWorld_thigh,0.0079861111111111,0.0044209854760409,5.230560302734375,5.230560302734375
resnetse5,iid:RealWorld_thigh:10,192,2,1,2,RealWorld_thigh,0.109375,0.0474108146540551,5.230560302734375,5.230560302734375
resnetse5,iid:RealWorld_thigh:10,192,2,1,3,RealWorld_thigh,0.1659722222222222,0.0975642171531963,5.230560302734375,5.230560302734375
resnetse5,iid:RealWorld_thigh:10,192,2,1,4,RealWorld_thigh,0.3166666666666666,0.1872272891827738,5.230560302734375,5.230560302734375
resnetse5,iid:RealWorld_thigh:10,192,2,1,5,RealWorld_thigh,0.3225694444444444,0.1935651272225657,5.230560302734375,5.230560302734375
resnetse5,iid:RealWorld_thigh:10,192,2,1,6,RealWorld_thigh,0.3364583333333333,0.2089529315278113,5.230560302734375,5.230560302734375
resnetse5,iid:RealWorld_thigh:10,192,2,1,7,RealWorld_thigh,0.3472222222222222,0.2198048210728206,5.230560302734375,5.230560302734375
resnetse5,iid:RealWorld_thigh:10,192,2,1,8,RealWorld_thigh,0.3625,0.2435304051595157,5.230560302734375,5.230560302734375
resnetse5,iid:RealWorld_thigh:10,192,2,1,9,RealWorld_thigh,0.390625,0.2893494386294021,5.230560302734375,5.230560302734375
resnetse5,iid:RealWorld_thigh:10,192,2,1,10,RealWorld_thigh,0.4170138888888889,0.3238504080094727,5.230560302734375,5.230560302734375
resnetse5,iid:RealWorld_thigh:10,192,2,1,11,RealWorld_thigh,0.4267361111111111,0.3347492905886087,5.230560302734375,5.230560302734375
resnetse5,iid:RealWorld_thigh:10,192,2,1,12,RealWorld_thigh,0.4510416666666667,0.3571265352359831,5.230560302734375,5.230560302734375
resnetse5,iid:RealWorld_thigh:10,192,2,1,13,RealWorld_thigh,0.4722222222222222,0.3750566746748047,5.230560302734375,5.230560302734375
resnetse5,iid:RealWorld_thigh:10,192,2,1,14,RealWorld_thigh,0.4940972222222222,0.3959349015774891,5.230560302734375,5.230560302734375
resnetse5,iid:RealWorld_thigh:10,192,2,1,15,RealWorld_thigh,0.5069444444444444,0.4094206320800725,5.230560302734375,5.230560302734375
resnetse5,iid:RealWorld_thigh:10,192,2,1,16,RealWorld_thigh,0.5121527777777778,0.4153330434599929,5.230560302734375,5.230560302734375
resnetse5,iid:RealWorld_thigh:10,192,2,1,17,RealWorld_thigh,0.5152777777777777,0.4185988736066059,5.230560302734375,5.230560302734375
resnetse5,iid:RealWorld_thigh:10,192,2,1,18,RealWorld_thigh,0.5256944444444445,0.4291088491429538,5.230560302734375,5.230560302734375
resnetse5,iid:RealWorld_thigh:10,192,2,1,19,RealWorld_thigh,0.5315972222222223,0.4353108743580141,5.230560302734375,5.230560302734375
resnetse5,iid:RealWorld_thigh:10,192,2,1,20,RealWorld_thigh,0.5322916666666667,0.4363793364808804,5.230560302734375,5.230560302734375
resnetse5,iid:RealWorld_thigh:10,192,2,1,21,RealWorld_thigh,0.5392361111111111,0.4420910564146051,5.230560302734375,5.230560302734375
resnetse5,iid:RealWorld_thigh:10,192,2,1,22,RealWorld_thigh,0.5263888888888889,0.4768198494449898,5.230560302734375,5.230560302734375
resnetse5,iid:RealWorld_thigh:10,192,2,1,23,RealWorld_thigh,0.5260416666666666,0.453099934345177,5.230560302734375,5.230560302734375
resnetse5,iid:RealWorld_thigh:10,192,2,1,24,RealWorld_thigh,0.5326388888888889,0.4493931464252815,5.230560302734375,5.230560302734375
resnetse5,iid:RealWorld_thigh:10,192,2,1,25,RealWorld_thigh,0.5333333333333333,0.4471738743506929,5.230560302734375,5.230560302734375
resnetse5,iid:RealWorld_thigh:10,192,2,1,26,RealWorld_thigh,0.5288194444444444,0.4464319795142061,5.230560302734375,5.230560302734375
resnetse5,iid:RealWorld_thigh:10,192,2,1,27,RealWorld_thigh,0.53125,0.4470463379002465,5.230560302734375,5.230560302734375
resnetse5,iid:RealWorld_thigh:10,192,2,1,28,RealWorld_thigh,0.5357638888888889,0.4547950410958494,5.230560302734375,5.230560302734375
resnetse5,iid:RealWorld_thigh:10,192,2,1,29,RealWorld_thigh,0.540625,0.4673342763116365,5.230560302734375,5.230560302734375
resnetse5,iid:RealWorld_thigh:10,192,2,1,30,RealWorld_thigh,0.5722222222222222,0.5053883529659426,5.230560302734375,5.230560302734375
resnetse5,iid:RealWorld_thigh:10,192,2,1,31,RealWorld_thigh,0.6097222222222223,0.5877907922476083,5.230560302734375,5.230560302734375
resnetse5,iid:RealWorld_thigh:10,192,2,1,32,RealWorld_thigh,0.5288194444444444,0.4959372750873509,5.230560302734375,5.230560302734375
resnetse5,iid:RealWorld_thigh:10,192,2,1,33,RealWorld_thigh,0.6243055555555556,0.5984817605751861,5.230560302734375,5.230560302734375
resnetse5,iid:RealWorld_thigh:10,192,2,1,34,RealWorld_thigh,0.5982638888888889,0.5502405388059984,5.230560302734375,5.230560302734375
resnetse5,iid:RealWorld_thigh:10,192,2,1,35,RealWorld_thigh,0.6229166666666667,0.5794542036852813,5.230560302734375,5.230560302734375
resnetse5,iid:RealWorld_thigh:10,192,2,1,36,RealWorld_thigh,0.5892361111111111,0.5736115845442996,5.230560302734375,5.230560302734375
resnetse5,iid:RealWorld_thigh:10,192,2,1,37,RealWorld_thigh,0.6052083333333333,0.5904185284906818,5.230560302734375,5.230560302734375
resnetse5,iid:RealWorld_thigh:10,192,2,1,38,RealWorld_thigh,0.6791666666666667,0.6617324813933401,5.230560302734375,5.230560302734375
resnetse5,iid:RealWorld_thigh:10,192,2,1,39,RealWorld_thigh,0.7416666666666667,0.7414357878350365,5.230560302734375,5.230560302734375
resnetse5,iid:RealWorld_thigh:10,192,2,1,40,RealWorld_thigh,0.7347222222222223,0.7374571131019954,5.230560302734375,5.230560302734375
resnetse5,iid:RealWorld_thigh:10,192,2,1,41,RealWorld_thigh,0.6895833333333333,0.656575233745436,5.230560302734375,5.230560302734375
resnetse5,iid:RealWorld_thigh:10,192,2,1,42,RealWorld_thigh,0.7590277777777777,0.7600933833731144,5.230560302734375,5.230560302734375
resnetse5,iid:RealWorld_thigh:10,192,2,1,43,RealWorld_thigh,0.6923611111111111,0.6540123232312975,5.230560302734375,5.230560302734375
resnetse5,iid:RealWorld_thigh:10,192,2,1,44,RealWorld_thigh,0.65,0.6389668306124,5.230560302734375,5.230560302734375
resnetse5,iid:RealWorld_thigh:10,192,2,1,45,RealWorld_thigh,0.7131944444444445,0.6935901196055286,5.230560302734375,5.230560302734375
resnetse5,iid:RealWorld_thigh:10,192,2,1,46,RealWorld_thigh,0.7777777777777778,0.7808463337613226,5.230560302734375,5.230560302734375
resnetse5,iid:RealWorld_thigh:10,192,2,1,47,RealWorld_thigh,0.7065972222222222,0.6745794770592486,5.230560302734375,5.230560302734375
resnetse5,iid:RealWorld_thigh:10,192,2,1,48,RealWorld_thigh,0.7267361111111111,0.7184484423904144,5.230560302734375,5.230560302734375
resnetse5,iid:RealWorld_thigh:10,192,2,1,49,RealWorld_thigh,0.715625,0.6958006679609885,5.230560302734375,5.230560302734375
resnetse5,iid:RealWorld_thigh:10,192,2,1,50,RealWorld_thigh,0.7722222222222223,0.7764106975044861,5.230560302734375,5.230560302734375
resnetse5,iid:RealWorld_thigh:10,192,2,1,51,RealWorld_thigh,0.778125,0.7814144076300172,5.230560302734375,5.230560302734375
resnetse5,iid:RealWorld_thigh:10,192,2,1,52,RealWorld_thigh,0.7520833333333333,0.7523042186770333,5.230560302734375,5.230560302734375
resnetse5,iid:RealWorld_thigh:10,192,2,1,53,RealWorld_thigh,0.7371527777777778,0.7326203054220666,5.230560302734375,5.230560302734375
resnetse5,iid:RealWorld_thigh:10,192,2,1,54,RealWorld_thigh,0.7697916666666667,0.7723240238773323,5.230560302734375,5.230560302734375
resnetse5,iid:RealWorld_thigh:10,192,2,1,55,RealWorld_thigh,0.7319444444444444,0.7262065008937674,5.230560302734375,5.230560302734375
resnetse5,iid:RealWorld_thigh:10,192,2,1,56,RealWorld_thigh,0.7333333333333333,0.7269529289455483,5.230560302734375,5.230560302734375
resnetse5,iid:RealWorld_thigh:10,192,2,1,57,RealWorld_thigh,0.7194444444444444,0.7019211380402309,5.230560302734375,5.230560302734375
resnetse5,iid:RealWorld_thigh:10,192,2,1,58,RealWorld_thigh,0.7388888888888889,0.7364508542893425,5.230560302734375,5.230560302734375
resnetse5,iid:RealWorld_thigh:10,192,2,1,59,RealWorld_thigh,0.7350694444444444,0.7297813994481407,5.230560302734375,5.230560302734375
resnetse5,iid:RealWorld_thigh:10,192,2,1,60,RealWorld_thigh,0.7284722222222222,0.7155598603505414,5.230560302734375,5.230560302734375
resnetse5,iid:RealWorld_thigh:10,192,2,1,61,RealWorld_thigh,0.7802083333333333,0.7835052116208664,5.230560302734375,5.230560302734375
resnetse5,iid:RealWorld_thigh:10,192,2,1,62,RealWorld_thigh,0.7277777777777777,0.7159780020674594,5.230560302734375,5.230560302734375
resnetse5,iid:RealWorld_thigh:10,192,2,1,63,RealWorld_thigh,0.7246527777777778,0.7131674927598807,5.230560302734375,5.230560302734375
resnetse5,iid:RealWorld_thigh:10,192,2,1,64,RealWorld_thigh,0.7173611111111111,0.6971058170122242,5.230560302734375,5.230560302734375
resnetse5,iid:RealWorld_thigh:10,192,2,1,65,RealWorld_thigh,0.7270833333333333,0.7190143172388846,5.230560302734375,5.230560302734375
resnetse5,iid:RealWorld_thigh:10,192,2,1,66,RealWorld_thigh,0.7423611111111111,0.7402581761376443,5.230560302734375,5.230560302734375
resnetse5,iid:RealWorld_thigh:10,192,2,1,67,RealWorld_thigh,0.7291666666666666,0.7178614185201795,5.230560302734375,5.230560302734375
resnetse5,iid:RealWorld_thigh:10,192,2,1,68,RealWorld_thigh,0.7479166666666667,0.7473609288511325,5.230560302734375,5.230560302734375
resnetse5,iid:RealWorld_thigh:10,192,2,1,69,RealWorld_thigh,0.7416666666666667,0.7377380669140422,5.230560302734375,5.230560302734375
resnetse5,iid:RealWorld_thigh:10,192,2,1,70,RealWorld_thigh,0.7326388888888888,0.7227986519118536,5.230560302734375,5.230560302734375
resnetse5,iid:RealWorld_thigh:10,192,2,1,71,RealWorld_thigh,0.7461805555555555,0.7443042290717329,5.230560302734375,5.230560302734375
resnetse5,iid:RealWorld_thigh:10,192,2,1,72,RealWorld_thigh,0.7326388888888888,0.7209624452195099,5.230560302734375,5.230560302734375
resnetse5,iid:RealWorld_thigh:10,192,2,1,73,RealWorld_thigh,0.7378472222222222,0.7304489797179189,5.230560302734375,5.230560302734375
resnetse5,iid:RealWorld_thigh:10,192,2,1,74,RealWorld_thigh,0.7434027777777777,0.7392735311343083,5.230560302734375,5.230560302734375
resnetse5,iid:RealWorld_thigh:10,192,2,1,75,RealWorld_thigh,0.7482638888888888,0.7456697428772499,5.230560302734375,5.230560302734375
resnetse5,iid:RealWorld_thigh:10,192,2,1,76,RealWorld_thigh,0.7503472222222223,0.7480319505339584,5.230560302734375,5.230560302734375
resnetse5,iid:RealWorld_thigh:10,192,2,1,77,RealWorld_thigh,0.7364583333333333,0.7264506489217011,5.230560302734375,5.230560302734375
resnetse5,iid:RealWorld_thigh:10,192,2,1,78,RealWorld_thigh,0.7361111111111112,0.7262700506357609,5.230560302734375,5.230560302734375
resnetse5,iid:RealWorld_thigh:10,192,2,1,79,RealWorld_thigh,0.7486111111111111,0.7472359831437773,5.230560302734375,5.230560302734375
resnetse5,iid:RealWorld_thigh:10,192,2,1,80,RealWorld_thigh,0.7850694444444445,0.7891968229060461,5.230560302734375,5.230560302734375
resnetse5,iid:RealWorld_thigh:10,192,2,1,81,RealWorld_thigh,0.7375,0.7298562143946238,5.230560302734375,5.230560302734375
resnetse5,iid:RealWorld_thigh:10,192,2,1,82,RealWorld_thigh,0.734375,0.722120365705632,5.230560302734375,5.230560302734375
resnetse5,iid:RealWorld_thigh:10,192,2,1,83,RealWorld_thigh,0.7434027777777777,0.7389446904799559,5.230560302734375,5.230560302734375
resnetse5,iid:RealWorld_thigh:10,192,2,1,84,RealWorld_thigh,0.7572916666666667,0.7569221591865146,5.230560302734375,5.230560302734375
resnetse5,iid:RealWorld_thigh:10,192,2,1,85,RealWorld_thigh,0.740625,0.7328729300474622,5.230560302734375,5.230560302734375
resnetse5,iid:RealWorld_thigh:10,192,2,1,86,RealWorld_thigh,0.7371527777777778,0.7272910792188556,5.230560302734375,5.230560302734375
resnetse5,iid:RealWorld_thigh:10,192,2,1,87,RealWorld_thigh,0.7559027777777778,0.7552856688978081,5.230560302734375,5.230560302734375
resnetse5,iid:RealWorld_thigh:10,192,2,1,88,RealWorld_thigh,0.7524305555555556,0.7508413035621878,5.230560302734375,5.230560302734375
resnetse5,iid:RealWorld_thigh:10,192,2,1,89,RealWorld_thigh,0.7381944444444445,0.7291971188767011,5.230560302734375,5.230560302734375
resnetse5,iid:RealWorld_thigh:10,192,2,1,90,RealWorld_thigh,0.7375,0.7253356184926479,5.230560302734375,5.230560302734375
resnetse5,iid:RealWorld_thigh:10,192,2,1,91,RealWorld_thigh,0.7385416666666667,0.7282372402506413,5.230560302734375,5.230560302734375
resnetse5,iid:RealWorld_thigh:10,192,2,1,92,RealWorld_thigh,0.7381944444444445,0.7272850667595835,5.230560302734375,5.230560302734375
resnetse5,iid:RealWorld_thigh:10,192,2,1,93,RealWorld_thigh,0.7402777777777778,0.7322297669238697,5.230560302734375,5.230560302734375
resnetse5,iid:RealWorld_thigh:10,192,2,1,94,RealWorld_thigh,0.7413194444444444,0.7335173814141505,5.230560302734375,5.230560302734375
resnetse5,iid:RealWorld_thigh:10,192,2,1,95,RealWorld_thigh,0.7357638888888889,0.7264309297972734,5.230560302734375,5.230560302734375
resnetse5,iid:RealWorld_thigh:10,192,2,1,96,RealWorld_thigh,0.7371527777777778,0.726101729845729,5.230560302734375,5.230560302734375
resnetse5,iid:RealWorld_thigh:10,192,2,1,97,RealWorld_thigh,0.7402777777777778,0.7305301567844958,5.230560302734375,5.230560302734375
resnetse5,iid:RealWorld_thigh:10,192,2,1,98,RealWorld_thigh,0.7395833333333334,0.7324002104943359,5.230560302734375,5.230560302734375
resnetse5,iid:RealWorld_thigh:10,192,2,1,99,RealWorld_thigh,0.7430555555555556,0.7368380450596973,5.230560302734375,5.230560302734375
resnetse5,iid:RealWorld_thigh:10,192,2,1,100,RealWorld_thigh,0.7413194444444444,0.7337453775389373,5.230560302734375,5.230560302734375
resnetse5,iid:RealWorld_thigh:10,192,3,1,1,RealWorld_thigh,0.1586805555555555,0.0843069784075397,5.230560302734375,5.230560302734375
resnetse5,iid:RealWorld_thigh:10,192,3,1,2,RealWorld_thigh,0.1423611111111111,0.0673801028367331,5.230560302734375,5.230560302734375
resnetse5,iid:RealWorld_thigh:10,192,3,1,3,RealWorld_thigh,0.1413194444444444,0.0645952070671698,5.230560302734375,5.230560302734375
resnetse5,iid:RealWorld_thigh:10,192,3,1,4,RealWorld_thigh,0.1427083333333333,0.0673637777620256,5.230560302734375,5.230560302734375
resnetse5,iid:RealWorld_thigh:10,192,3,1,5,RealWorld_thigh,0.1503472222222222,0.0791973504004299,5.230560302734375,5.230560302734375
resnetse5,iid:RealWorld_thigh:10,192,3,1,6,RealWorld_thigh,0.1565972222222222,0.0891090238601736,5.230560302734375,5.230560302734375
resnetse5,iid:RealWorld_thigh:10,192,3,1,7,RealWorld_thigh,0.3711805555555555,0.2978900839179857,5.230560302734375,5.230560302734375
resnetse5,iid:RealWorld_thigh:10,192,3,1,8,RealWorld_thigh,0.3444444444444444,0.22048421481229,5.230560302734375,5.230560302734375
resnetse5,iid:RealWorld_thigh:10,192,3,1,9,RealWorld_thigh,0.3642361111111111,0.2403876021420682,5.230560302734375,5.230560302734375
resnetse5,iid:RealWorld_thigh:10,192,3,1,10,RealWorld_thigh,0.4020833333333333,0.294347571073847,5.230560302734375,5.230560302734375
resnetse5,iid:RealWorld_thigh:10,192,3,1,11,RealWorld_thigh,0.4336805555555555,0.3379057757240913,5.230560302734375,5.230560302734375
resnetse5,iid:RealWorld_thigh:10,192,3,1,12,RealWorld_thigh,0.4722222222222222,0.3816923419805447,5.230560302734375,5.230560302734375
resnetse5,iid:RealWorld_thigh:10,192,3,1,13,RealWorld_thigh,0.5006944444444444,0.4126897688186721,5.230560302734375,5.230560302734375
resnetse5,iid:RealWorld_thigh:10,192,3,1,14,RealWorld_thigh,0.5447916666666667,0.450082812264337,5.230560302734375,5.230560302734375
resnetse5,iid:RealWorld_thigh:10,192,3,1,15,RealWorld_thigh,0.5517361111111111,0.458388533697551,5.230560302734375,5.230560302734375
resnetse5,iid:RealWorld_thigh:10,192,3,1,16,RealWorld_thigh,0.5447916666666667,0.4530075953112691,5.230560302734375,5.230560302734375
resnetse5,iid:RealWorld_thigh:10,192,3,1,17,RealWorld_thigh,0.5385416666666667,0.4495633025893946,5.230560302734375,5.230560302734375
resnetse5,iid:RealWorld_thigh:10,192,3,1,18,RealWorld_thigh,0.5350694444444445,0.4517317823933615,5.230560302734375,5.230560302734375
resnetse5,iid:RealWorld_thigh:10,192,3,1,19,RealWorld_thigh,0.5305555555555556,0.454634201523622,5.230560302734375,5.230560302734375
resnetse5,iid:RealWorld_thigh:10,192,3,1,20,RealWorld_thigh,0.5482638888888889,0.4892699675265473,5.230560302734375,5.230560302734375
resnetse5,iid:RealWorld_thigh:10,192,3,1,21,RealWorld_thigh,0.5611111111111111,0.5159929791653702,5.230560302734375,5.230560302734375
resnetse5,iid:RealWorld_thigh:10,192,3,1,22,RealWorld_thigh,0.609375,0.5862411410931728,5.230560302734375,5.230560302734375
resnetse5,iid:RealWorld_thigh:10,192,3,1,23,RealWorld_thigh,0.5152777777777777,0.4767772131024779,5.230560302734375,5.230560302734375
resnetse5,iid:RealWorld_thigh:10,192,3,1,24,RealWorld_thigh,0.5256944444444445,0.4931636946194648,5.230560302734375,5.230560302734375
resnetse5,iid:RealWorld_thigh:10,192,3,1,25,RealWorld_thigh,0.5503472222222222,0.5171873397526986,5.230560302734375,5.230560302734375
resnetse5,iid:RealWorld_thigh:10,192,3,1,26,RealWorld_thigh,0.5954861111111112,0.545205294894796,5.230560302734375,5.230560302734375
resnetse5,iid:RealWorld_thigh:10,192,3,1,27,RealWorld_thigh,0.6243055555555556,0.5780159370377295,5.230560302734375,5.230560302734375
resnetse5,iid:RealWorld_thigh:10,192,3,1,28,RealWorld_thigh,0.6402777777777777,0.5952564464079007,5.230560302734375,5.230560302734375
resnetse5,iid:RealWorld_thigh:10,192,3,1,29,RealWorld_thigh,0.6548611111111111,0.6108234125235049,5.230560302734375,5.230560302734375
resnetse5,iid:RealWorld_thigh:10,192,3,1,30,RealWorld_thigh,0.6711805555555556,0.6278393750285169,5.230560302734375,5.230560302734375
resnetse5,iid:RealWorld_thigh:10,192,3,1,31,RealWorld_thigh,0.6777777777777778,0.6343280300959768,5.230560302734375,5.230560302734375
resnetse5,iid:RealWorld_thigh:10,192,3,1,32,RealWorld_thigh,0.6802083333333333,0.6366516019496214,5.230560302734375,5.230560302734375
resnetse5,iid:RealWorld_thigh:10,192,3,1,33,RealWorld_thigh,0.6916666666666667,0.6481591184512442,5.230560302734375,5.230560302734375
resnetse5,iid:RealWorld_thigh:10,192,3,1,34,RealWorld_thigh,0.6954861111111111,0.6518203114783807,5.230560302734375,5.230560302734375
resnetse5,iid:RealWorld_thigh:10,192,3,1,35,RealWorld_thigh,0.6975694444444445,0.6539478328079825,5.230560302734375,5.230560302734375
resnetse5,iid:RealWorld_thigh:10,192,3,1,36,RealWorld_thigh,0.7,0.6563484176452388,5.230560302734375,5.230560302734375
resnetse5,iid:RealWorld_thigh:10,192,3,1,37,RealWorld_thigh,0.7138888888888889,0.7172817490248576,5.230560302734375,5.230560302734375
resnetse5,iid:RealWorld_thigh:10,192,3,1,38,RealWorld_thigh,0.6663194444444445,0.6430742633630223,5.230560302734375,5.230560302734375
resnetse5,iid:RealWorld_thigh:10,192,3,1,39,RealWorld_thigh,0.7024305555555556,0.6587245462407519,5.230560302734375,5.230560302734375
resnetse5,iid:RealWorld_thigh:10,192,3,1,40,RealWorld_thigh,0.7013888888888888,0.6577369011213553,5.230560302734375,5.230560302734375
resnetse5,iid:RealWorld_thigh:10,192,3,1,41,RealWorld_thigh,0.6982638888888889,0.6550490414680628,5.230560302734375,5.230560302734375
resnetse5,iid:RealWorld_thigh:10,192,3,1,42,RealWorld_thigh,0.7038194444444444,0.6603894390863894,5.230560302734375,5.230560302734375
resnetse5,iid:RealWorld_thigh:10,192,3,1,43,RealWorld_thigh,0.6649305555555556,0.6423400982993646,5.230560302734375,5.230560302734375
resnetse5,iid:RealWorld_thigh:10,192,3,1,44,RealWorld_thigh,0.7017361111111111,0.7003360993611727,5.230560302734375,5.230560302734375
resnetse5,iid:RealWorld_thigh:10,192,3,1,45,RealWorld_thigh,0.7375,0.7417355091781128,5.230560302734375,5.230560302734375
resnetse5,iid:RealWorld_thigh:10,192,3,1,46,RealWorld_thigh,0.7354166666666667,0.7278689966971822,5.230560302734375,5.230560302734375
resnetse5,iid:RealWorld_thigh:10,192,3,1,47,RealWorld_thigh,0.6677083333333333,0.6530423825320542,5.230560302734375,5.230560302734375
resnetse5,iid:RealWorld_thigh:10,192,3,1,48,RealWorld_thigh,0.6684027777777778,0.6523956253298986,5.230560302734375,5.230560302734375
resnetse5,iid:RealWorld_thigh:10,192,3,1,49,RealWorld_thigh,0.6635416666666667,0.6474843605791508,5.230560302734375,5.230560302734375
resnetse5,iid:RealWorld_thigh:10,192,3,1,50,RealWorld_thigh,0.7284722222222222,0.718493718586371,5.230560302734375,5.230560302734375
resnetse5,iid:RealWorld_thigh:10,192,3,1,51,RealWorld_thigh,0.7395833333333334,0.7417189106252159,5.230560302734375,5.230560302734375
resnetse5,iid:RealWorld_thigh:10,192,3,1,52,RealWorld_thigh,0.7385416666666667,0.735924956880949,5.230560302734375,5.230560302734375
resnetse5,iid:RealWorld_thigh:10,192,3,1,53,RealWorld_thigh,0.7045138888888889,0.6602550139628273,5.230560302734375,5.230560302734375
resnetse5,iid:RealWorld_thigh:10,192,3,1,54,RealWorld_thigh,0.7319444444444444,0.7393619175031868,5.230560302734375,5.230560302734375
resnetse5,iid:RealWorld_thigh:10,192,3,1,55,RealWorld_thigh,0.6666666666666666,0.6436910045494205,5.230560302734375,5.230560302734375
resnetse5,iid:RealWorld_thigh:10,192,3,1,56,RealWorld_thigh,0.7020833333333333,0.6976882844017323,5.230560302734375,5.230560302734375
resnetse5,iid:RealWorld_thigh:10,192,3,1,57,RealWorld_thigh,0.6715277777777777,0.6453825611403218,5.230560302734375,5.230560302734375
resnetse5,iid:RealWorld_thigh:10,192,3,1,58,RealWorld_thigh,0.7444444444444445,0.7409592029229217,5.230560302734375,5.230560302734375
resnetse5,iid:RealWorld_thigh:10,192,3,1,59,RealWorld_thigh,0.7427083333333333,0.7493194332433641,5.230560302734375,5.230560302734375
resnetse5,iid:RealWorld_thigh:10,192,3,1,60,RealWorld_thigh,0.7472222222222222,0.7524217722372675,5.230560302734375,5.230560302734375
resnetse5,iid:RealWorld_thigh:10,192,3,1,61,RealWorld_thigh,0.7361111111111112,0.7279593960929734,5.230560302734375,5.230560302734375
resnetse5,iid:RealWorld_thigh:10,192,3,1,62,RealWorld_thigh,0.7381944444444445,0.7342337623214293,5.230560302734375,5.230560302734375
resnetse5,iid:RealWorld_thigh:10,192,3,1,63,RealWorld_thigh,0.728125,0.714130778650901,5.230560302734375,5.230560302734375
resnetse5,iid:RealWorld_thigh:10,192,3,1,64,RealWorld_thigh,0.7329861111111111,0.7226175835251315,5.230560302734375,5.230560302734375
resnetse5,iid:RealWorld_thigh:10,192,3,1,65,RealWorld_thigh,0.7267361111111111,0.7127294576113962,5.230560302734375,5.230560302734375
resnetse5,iid:RealWorld_thigh:10,192,3,1,66,RealWorld_thigh,0.7274305555555556,0.714167604794658,5.230560302734375,5.230560302734375
resnetse5,iid:RealWorld_thigh:10,192,3,1,67,RealWorld_thigh,0.734375,0.7240848196877033,5.230560302734375,5.230560302734375
resnetse5,iid:RealWorld_thigh:10,192,3,1,68,RealWorld_thigh,0.7413194444444444,0.7371576990315657,5.230560302734375,5.230560302734375
resnetse5,iid:RealWorld_thigh:10,192,3,1,69,RealWorld_thigh,0.7368055555555556,0.7294981547307371,5.230560302734375,5.230560302734375
resnetse5,iid:RealWorld_thigh:10,192,3,1,70,RealWorld_thigh,0.7340277777777777,0.72484768129915,5.230560302734375,5.230560302734375
resnetse5,iid:RealWorld_thigh:10,192,3,1,71,RealWorld_thigh,0.7444444444444445,0.7396538697664798,5.230560302734375,5.230560302734375
resnetse5,iid:RealWorld_thigh:10,192,3,1,72,RealWorld_thigh,0.7357638888888889,0.7266934197393727,5.230560302734375,5.230560302734375
resnetse5,iid:RealWorld_thigh:10,192,3,1,73,RealWorld_thigh,0.7388888888888889,0.7313888917281645,5.230560302734375,5.230560302734375
resnetse5,iid:RealWorld_thigh:10,192,3,1,74,RealWorld_thigh,0.7482638888888888,0.7449315586506661,5.230560302734375,5.230560302734375
resnetse5,iid:RealWorld_thigh:10,192,3,1,75,RealWorld_thigh,0.7368055555555556,0.7264816729250057,5.230560302734375,5.230560302734375
resnetse5,iid:RealWorld_thigh:10,192,3,1,76,RealWorld_thigh,0.7447916666666666,0.7355694907439548,5.230560302734375,5.230560302734375
resnetse5,iid:RealWorld_thigh:10,192,3,1,77,RealWorld_thigh,0.7375,0.7299092795164994,5.230560302734375,5.230560302734375
resnetse5,iid:RealWorld_thigh:10,192,3,1,78,RealWorld_thigh,0.7482638888888888,0.7453584880349102,5.230560302734375,5.230560302734375
resnetse5,iid:RealWorld_thigh:10,192,3,1,79,RealWorld_thigh,0.7451388888888889,0.7421529945145879,5.230560302734375,5.230560302734375
resnetse5,iid:RealWorld_thigh:10,192,3,1,80,RealWorld_thigh,0.7465277777777778,0.7435146035072773,5.230560302734375,5.230560302734375
resnetse5,iid:RealWorld_thigh:10,192,3,1,81,RealWorld_thigh,0.7378472222222222,0.7307971481813184,5.230560302734375,5.230560302734375
resnetse5,iid:RealWorld_thigh:10,192,3,1,82,RealWorld_thigh,0.7409722222222223,0.7347260972156594,5.230560302734375,5.230560302734375
resnetse5,iid:RealWorld_thigh:10,192,3,1,83,RealWorld_thigh,0.7322916666666667,0.7246634247876885,5.230560302734375,5.230560302734375
resnetse5,iid:RealWorld_thigh:10,192,3,1,84,RealWorld_thigh,0.7381944444444445,0.7310920157896336,5.230560302734375,5.230560302734375
resnetse5,iid:RealWorld_thigh:10,192,3,1,85,RealWorld_thigh,0.7416666666666667,0.7425792915020951,5.230560302734375,5.230560302734375
resnetse5,iid:RealWorld_thigh:10,192,3,1,86,RealWorld_thigh,0.7503472222222223,0.7460627816788311,5.230560302734375,5.230560302734375
resnetse5,iid:RealWorld_thigh:10,192,3,1,87,RealWorld_thigh,0.7329861111111111,0.7245192237265865,5.230560302734375,5.230560302734375
resnetse5,iid:RealWorld_thigh:10,192,3,1,88,RealWorld_thigh,0.7381944444444445,0.7316257328391057,5.230560302734375,5.230560302734375
resnetse5,iid:RealWorld_thigh:10,192,3,1,89,RealWorld_thigh,0.7503472222222223,0.7493407648419028,5.230560302734375,5.230560302734375
resnetse5,iid:RealWorld_thigh:10,192,3,1,90,RealWorld_thigh,0.7399305555555555,0.7361973530059472,5.230560302734375,5.230560302734375
resnetse5,iid:RealWorld_thigh:10,192,3,1,91,RealWorld_thigh,0.7413194444444444,0.7384166072791571,5.230560302734375,5.230560302734375
resnetse5,iid:RealWorld_thigh:10,192,3,1,92,RealWorld_thigh,0.7430555555555556,0.7419027000693736,5.230560302734375,5.230560302734375
resnetse5,iid:RealWorld_thigh:10,192,3,1,93,RealWorld_thigh,0.7381944444444445,0.7359972903420425,5.230560302734375,5.230560302734375
resnetse5,iid:RealWorld_thigh:10,192,3,1,94,RealWorld_thigh,0.7493055555555556,0.7463088904783194,5.230560302734375,5.230560302734375
resnetse5,iid:RealWorld_thigh:10,192,3,1,95,RealWorld_thigh,0.7402777777777778,0.7378845442942062,5.230560302734375,5.230560302734375
resnetse5,iid:RealWorld_thigh:10,192,3,1,96,RealWorld_thigh,0.7420138888888889,0.7366622713208263,5.230560302734375,5.230560302734375
resnetse5,iid:RealWorld_thigh:10,192,3,1,97,RealWorld_thigh,0.7392361111111111,0.7363777094555841,5.230560302734375,5.230560302734375
resnetse5,iid:RealWorld_thigh:10,192,3,1,98,RealWorld_thigh,0.7420138888888889,0.7440016918199722,5.230560302734375,5.230560302734375
resnetse5,iid:RealWorld_thigh:10,192,3,1,99,RealWorld_thigh,0.7385416666666667,0.7375267243845073,5.230560302734375,5.230560302734375
resnetse5,iid:RealWorld_thigh:10,192,3,1,100,RealWorld_thigh,0.7399305555555555,0.7376109867858873,5.230560302734375,5.230560302734375
resnetse5,iid:RealWorld_thigh:10,192,0,5,1,RealWorld_thigh,0.3322916666666666,0.2179327993732037,5.230560302734375,5.230560302734375
resnetse5,iid:RealWorld_thigh:10,192,0,5,2,RealWorld_thigh,0.4354166666666667,0.3450370439009436,5.230560302734375,5.230560302734375
resnetse5,iid:RealWorld_thigh:10,192,0,5,3,RealWorld_thigh,0.5232638888888889,0.4636878514794131,5.230560302734375,5.230560302734375
resnetse5,iid:RealWorld_thigh:10,192,0,5,4,RealWorld_thigh,0.525,0.4545355034121909,5.230560302734375,5.230560302734375
resnetse5,iid:RealWorld_thigh:10,192,0,5,5,RealWorld_thigh,0.5381944444444444,0.4827637784907499,5.230560302734375,5.230560302734375
resnetse5,iid:RealWorld_thigh:10,192,0,5,6,RealWorld_thigh,0.6017361111111111,0.5689380486671075,5.230560302734375,5.230560302734375
resnetse5,iid:RealWorld_thigh:10,192,0,5,7,RealWorld_thigh,0.6572916666666667,0.6370968761236412,5.230560302734375,5.230560302734375
resnetse5,iid:RealWorld_thigh:10,192,0,5,8,RealWorld_thigh,0.6822916666666666,0.6596393052335283,5.230560302734375,5.230560302734375
resnetse5,iid:RealWorld_thigh:10,192,0,5,9,RealWorld_thigh,0.7170138888888888,0.6996732090773722,5.230560302734375,5.230560302734375
resnetse5,iid:RealWorld_thigh:10,192,0,5,10,RealWorld_thigh,0.7184027777777777,0.6991063776360852,5.230560302734375,5.230560302734375
resnetse5,iid:RealWorld_thigh:10,192,0,5,11,RealWorld_thigh,0.7232638888888889,0.7076813342685838,5.230560302734375,5.230560302734375
resnetse5,iid:RealWorld_thigh:10,192,0,5,12,RealWorld_thigh,0.7236111111111111,0.7093812581874438,5.230560302734375,5.230560302734375
resnetse5,iid:RealWorld_thigh:10,192,0,5,13,RealWorld_thigh,0.721875,0.706952746294777,5.230560302734375,5.230560302734375
resnetse5,iid:RealWorld_thigh:10,192,0,5,14,RealWorld_thigh,0.71875,0.7070945331342607,5.230560302734375,5.230560302734375
resnetse5,iid:RealWorld_thigh:10,192,0,5,15,RealWorld_thigh,0.7236111111111111,0.7141337356456621,5.230560302734375,5.230560302734375
resnetse5,iid:RealWorld_thigh:10,192,0,5,16,RealWorld_thigh,0.71875,0.7058855292508976,5.230560302734375,5.230560302734375
resnetse5,iid:RealWorld_thigh:10,192,0,5,17,RealWorld_thigh,0.7229166666666667,0.7182197511427769,5.230560302734375,5.230560302734375
resnetse5,iid:RealWorld_thigh:10,192,0,5,18,RealWorld_thigh,0.7125,0.7005166122314542,5.230560302734375,5.230560302734375
resnetse5,iid:RealWorld_thigh:10,192,0,5,19,RealWorld_thigh,0.7118055555555556,0.7069791244611836,5.230560302734375,5.230560302734375
resnetse5,iid:RealWorld_thigh:10,192,0,5,20,RealWorld_thigh,0.7076388888888889,0.7006082664039593,5.230560302734375,5.230560302734375
resnetse5,iid:RealWorld_thigh:10,192,0,5,21,RealWorld_thigh,0.7125,0.7112977870637526,5.230560302734375,5.230560302734375
resnetse5,iid:RealWorld_thigh:10,192,0,5,22,RealWorld_thigh,0.7086805555555555,0.7052530850521572,5.230560302734375,5.230560302734375
resnetse5,iid:RealWorld_thigh:10,192,0,5,23,RealWorld_thigh,0.6913194444444445,0.6876468687995474,5.230560302734375,5.230560302734375
resnetse5,iid:RealWorld_thigh:10,192,0,5,24,RealWorld_thigh,0.6986111111111111,0.6995084664378273,5.230560302734375,5.230560302734375
resnetse5,iid:RealWorld_thigh:10,192,0,5,25,RealWorld_thigh,0.6673611111111111,0.6706382846848705,5.230560302734375,5.230560302734375
resnetse5,iid:RealWorld_thigh:10,192,0,5,26,RealWorld_thigh,0.6565972222222223,0.6612304560856577,5.230560302734375,5.230560302734375
resnetse5,iid:RealWorld_thigh:10,192,0,5,27,RealWorld_thigh,0.6423611111111112,0.6502798894350125,5.230560302734375,5.230560302734375
resnetse5,iid:RealWorld_thigh:10,192,0,5,28,RealWorld_thigh,0.6145833333333334,0.623178740923933,5.230560302734375,5.230560302734375
resnetse5,iid:RealWorld_thigh:10,192,0,5,29,RealWorld_thigh,0.6180555555555556,0.6264811075104525,5.230560302734375,5.230560302734375
resnetse5,iid:RealWorld_thigh:10,192,0,5,30,RealWorld_thigh,0.6340277777777777,0.6357988847268298,5.230560302734375,5.230560302734375
resnetse5,iid:RealWorld_thigh:10,192,0,5,31,RealWorld_thigh,0.6142361111111111,0.6227247651957725,5.230560302734375,5.230560302734375
resnetse5,iid:RealWorld_thigh:10,192,0,5,32,RealWorld_thigh,0.6545138888888888,0.6494450532093495,5.230560302734375,5.230560302734375
resnetse5,iid:RealWorld_thigh:10,192,0,5,33,RealWorld_thigh,0.6375,0.6361555823353094,5.230560302734375,5.230560302734375
resnetse5,iid:RealWorld_thigh:10,192,0,5,34,RealWorld_thigh,0.6333333333333333,0.6362486472477852,5.230560302734375,5.230560302734375
resnetse5,iid:RealWorld_thigh:10,192,0,5,35,RealWorld_thigh,0.6177083333333333,0.6247275547806584,5.230560302734375,5.230560302734375
resnetse5,iid:RealWorld_thigh:10,192,0,5,36,RealWorld_thigh,0.6274305555555556,0.6304836564926886,5.230560302734375,5.230560302734375
resnetse5,iid:RealWorld_thigh:10,192,0,5,37,RealWorld_thigh,0.6215277777777778,0.5893472373457609,5.230560302734375,5.230560302734375
resnetse5,iid:RealWorld_thigh:10,192,0,5,38,RealWorld_thigh,0.6291666666666667,0.5953326624404163,5.230560302734375,5.230560302734375
resnetse5,iid:RealWorld_thigh:10,192,0,5,39,RealWorld_thigh,0.65,0.6562293176801287,5.230560302734375,5.230560302734375
resnetse5,iid:RealWorld_thigh:10,192,0,5,40,RealWorld_thigh,0.6440972222222222,0.6016782170738532,5.230560302734375,5.230560302734375
resnetse5,iid:RealWorld_thigh:10,192,0,5,41,RealWorld_thigh,0.6475694444444444,0.6278316960095266,5.230560302734375,5.230560302734375
resnetse5,iid:RealWorld_thigh:10,192,0,5,42,RealWorld_thigh,0.653125,0.6339074051646186,5.230560302734375,5.230560302734375
resnetse5,iid:RealWorld_thigh:10,192,0,5,43,RealWorld_thigh,0.6267361111111112,0.5968101632716764,5.230560302734375,5.230560302734375
resnetse5,iid:RealWorld_thigh:10,192,0,5,44,RealWorld_thigh,0.6420138888888889,0.6316815132766063,5.230560302734375,5.230560302734375
resnetse5,iid:RealWorld_thigh:10,192,0,5,45,RealWorld_thigh,0.6434027777777778,0.6026541170941672,5.230560302734375,5.230560302734375
resnetse5,iid:RealWorld_thigh:10,192,0,5,46,RealWorld_thigh,0.6458333333333334,0.6055171872611304,5.230560302734375,5.230560302734375
resnetse5,iid:RealWorld_thigh:10,192,0,5,47,RealWorld_thigh,0.6284722222222222,0.5946494580306015,5.230560302734375,5.230560302734375
resnetse5,iid:RealWorld_thigh:10,192,0,5,48,RealWorld_thigh,0.6427083333333333,0.6133179828356381,5.230560302734375,5.230560302734375
resnetse5,iid:RealWorld_thigh:10,192,0,5,49,RealWorld_thigh,0.6333333333333333,0.5921194867126145,5.230560302734375,5.230560302734375
resnetse5,iid:RealWorld_thigh:10,192,0,5,50,RealWorld_thigh,0.6277777777777778,0.5863755865255701,5.230560302734375,5.230560302734375
resnetse5,iid:RealWorld_thigh:10,192,0,5,51,RealWorld_thigh,0.6288194444444445,0.5882253068690578,5.230560302734375,5.230560302734375
resnetse5,iid:RealWorld_thigh:10,192,0,5,52,RealWorld_thigh,0.6576388888888889,0.640512718154525,5.230560302734375,5.230560302734375
resnetse5,iid:RealWorld_thigh:10,192,0,5,53,RealWorld_thigh,0.6319444444444444,0.6283628011954406,5.230560302734375,5.230560302734375
resnetse5,iid:RealWorld_thigh:10,192,0,5,54,RealWorld_thigh,0.6434027777777778,0.6187896292290652,5.230560302734375,5.230560302734375
resnetse5,iid:RealWorld_thigh:10,192,0,5,55,RealWorld_thigh,0.6225694444444444,0.5800110777614481,5.230560302734375,5.230560302734375
resnetse5,iid:RealWorld_thigh:10,192,0,5,56,RealWorld_thigh,0.625,0.5826639459461859,5.230560302734375,5.230560302734375
resnetse5,iid:RealWorld_thigh:10,192,0,5,57,RealWorld_thigh,0.6378472222222222,0.5979465713903224,5.230560302734375,5.230560302734375
resnetse5,iid:RealWorld_thigh:10,192,0,5,58,RealWorld_thigh,0.6256944444444444,0.5840394630760369,5.230560302734375,5.230560302734375
resnetse5,iid:RealWorld_thigh:10,192,0,5,59,RealWorld_thigh,0.6236111111111111,0.5815329901780021,5.230560302734375,5.230560302734375
resnetse5,iid:RealWorld_thigh:10,192,0,5,60,RealWorld_thigh,0.6305555555555555,0.6276283076662422,5.230560302734375,5.230560302734375
resnetse5,iid:RealWorld_thigh:10,192,0,5,61,RealWorld_thigh,0.634375,0.5939147559533714,5.230560302734375,5.230560302734375
resnetse5,iid:RealWorld_thigh:10,192,0,5,62,RealWorld_thigh,0.6434027777777778,0.6247724973983851,5.230560302734375,5.230560302734375
resnetse5,iid:RealWorld_thigh:10,192,0,5,63,RealWorld_thigh,0.6246527777777777,0.5837715267912625,5.230560302734375,5.230560302734375
resnetse5,iid:RealWorld_thigh:10,192,0,5,64,RealWorld_thigh,0.621875,0.579569037022848,5.230560302734375,5.230560302734375
resnetse5,iid:RealWorld_thigh:10,192,0,5,65,RealWorld_thigh,0.6225694444444444,0.5830000056776293,5.230560302734375,5.230560302734375
resnetse5,iid:RealWorld_thigh:10,192,0,5,66,RealWorld_thigh,0.628125,0.6105415725495029,5.230560302734375,5.230560302734375
resnetse5,iid:RealWorld_thigh:10,192,0,5,67,RealWorld_thigh,0.6322916666666667,0.5935689454754686,5.230560302734375,5.230560302734375
resnetse5,iid:RealWorld_thigh:10,192,0,5,68,RealWorld_thigh,0.6263888888888889,0.5858578521459348,5.230560302734375,5.230560302734375
resnetse5,iid:RealWorld_thigh:10,192,0,5,69,RealWorld_thigh,0.6225694444444444,0.5806811696873015,5.230560302734375,5.230560302734375
resnetse5,iid:RealWorld_thigh:10,192,0,5,70,RealWorld_thigh,0.6177083333333333,0.5747554042682259,5.230560302734375,5.230560302734375
resnetse5,iid:RealWorld_thigh:10,192,0,5,71,RealWorld_thigh,0.596875,0.5485896344107998,5.230560302734375,5.230560302734375
resnetse5,iid:RealWorld_thigh:10,192,0,5,72,RealWorld_thigh,0.6395833333333333,0.6284251105040132,5.230560302734375,5.230560302734375
resnetse5,iid:RealWorld_thigh:10,192,0,5,73,RealWorld_thigh,0.6319444444444444,0.5915935323966441,5.230560302734375,5.230560302734375
resnetse5,iid:RealWorld_thigh:10,192,0,5,74,RealWorld_thigh,0.6288194444444445,0.5894471607108663,5.230560302734375,5.230560302734375
resnetse5,iid:RealWorld_thigh:10,192,0,5,75,RealWorld_thigh,0.6208333333333333,0.5775274103499864,5.230560302734375,5.230560302734375
resnetse5,iid:RealWorld_thigh:10,192,0,5,76,RealWorld_thigh,0.6072916666666667,0.5701602315189781,5.230560302734375,5.230560302734375
resnetse5,iid:RealWorld_thigh:10,192,0,5,77,RealWorld_thigh,0.6295138888888889,0.5899256899842075,5.230560302734375,5.230560302734375
resnetse5,iid:RealWorld_thigh:10,192,0,5,78,RealWorld_thigh,0.6340277777777777,0.5946700084525961,5.230560302734375,5.230560302734375
resnetse5,iid:RealWorld_thigh:10,192,0,5,79,RealWorld_thigh,0.6145833333333334,0.572542656110531,5.230560302734375,5.230560302734375
resnetse5,iid:RealWorld_thigh:10,192,0,5,80,RealWorld_thigh,0.6194444444444445,0.6211719144045205,5.230560302734375,5.230560302734375
resnetse5,iid:RealWorld_thigh:10,192,0,5,81,RealWorld_thigh,0.6142361111111111,0.5726282576840488,5.230560302734375,5.230560302734375
resnetse5,iid:RealWorld_thigh:10,192,0,5,82,RealWorld_thigh,0.6166666666666667,0.5738086503270278,5.230560302734375,5.230560302734375
resnetse5,iid:RealWorld_thigh:10,192,0,5,83,RealWorld_thigh,0.6795138888888889,0.6781075778647505,5.230560302734375,5.230560302734375
resnetse5,iid:RealWorld_thigh:10,192,0,5,84,RealWorld_thigh,0.6180555555555556,0.5750346924196389,5.230560302734375,5.230560302734375
resnetse5,iid:RealWorld_thigh:10,192,0,5,85,RealWorld_thigh,0.6295138888888889,0.5892879115396795,5.230560302734375,5.230560302734375
resnetse5,iid:RealWorld_thigh:10,192,0,5,86,RealWorld_thigh,0.6246527777777777,0.5836609217073466,5.230560302734375,5.230560302734375
resnetse5,iid:RealWorld_thigh:10,192,0,5,87,RealWorld_thigh,0.5902777777777778,0.5560148417977253,5.230560302734375,5.230560302734375
resnetse5,iid:RealWorld_thigh:10,192,0,5,88,RealWorld_thigh,0.6069444444444444,0.5823338908831306,5.230560302734375,5.230560302734375
resnetse5,iid:RealWorld_thigh:10,192,0,5,89,RealWorld_thigh,0.6059027777777778,0.5662233238358849,5.230560302734375,5.230560302734375
resnetse5,iid:RealWorld_thigh:10,192,0,5,90,RealWorld_thigh,0.6211805555555555,0.5804644130720984,5.230560302734375,5.230560302734375
resnetse5,iid:RealWorld_thigh:10,192,0,5,91,RealWorld_thigh,0.6055555555555555,0.6024550142886084,5.230560302734375,5.230560302734375
resnetse5,iid:RealWorld_thigh:10,192,0,5,92,RealWorld_thigh,0.6159722222222223,0.6095058714941974,5.230560302734375,5.230560302734375
resnetse5,iid:RealWorld_thigh:10,192,0,5,93,RealWorld_thigh,0.6076388888888888,0.5643293331788563,5.230560302734375,5.230560302734375
resnetse5,iid:RealWorld_thigh:10,192,0,5,94,RealWorld_thigh,0.5951388888888889,0.5595003501140824,5.230560302734375,5.230560302734375
resnetse5,iid:RealWorld_thigh:10,192,0,5,95,RealWorld_thigh,0.6163194444444444,0.5758326534783632,5.230560302734375,5.230560302734375
resnetse5,iid:RealWorld_thigh:10,192,0,5,96,RealWorld_thigh,0.6125,0.5989725752476632,5.230560302734375,5.230560302734375
resnetse5,iid:RealWorld_thigh:10,192,0,5,97,RealWorld_thigh,0.6180555555555556,0.5766853709961678,5.230560302734375,5.230560302734375
resnetse5,iid:RealWorld_thigh:10,192,0,5,98,RealWorld_thigh,0.6083333333333333,0.5717483156556016,5.230560302734375,5.230560302734375
resnetse5,iid:RealWorld_thigh:10,192,0,5,99,RealWorld_thigh,0.6159722222222223,0.5751948162032379,5.230560302734375,5.230560302734375
resnetse5,iid:RealWorld_thigh:10,192,0,5,100,RealWorld_thigh,0.621875,0.582010483355322,5.230560302734375,5.230560302734375
resnetse5,iid:RealWorld_thigh:10,192,1,5,1,RealWorld_thigh,0.3045138888888888,0.1602247994423162,5.230560302734375,5.230560302734375
resnetse5,iid:RealWorld_thigh:10,192,1,5,2,RealWorld_thigh,0.3579861111111111,0.2429893725211211,5.230560302734375,5.230560302734375
resnetse5,iid:RealWorld_thigh:10,192,1,5,3,RealWorld_thigh,0.5291666666666667,0.457026647155693,5.230560302734375,5.230560302734375
resnetse5,iid:RealWorld_thigh:10,192,1,5,4,RealWorld_thigh,0.6041666666666666,0.551562251667243,5.230560302734375,5.230560302734375
resnetse5,iid:RealWorld_thigh:10,192,1,5,5,RealWorld_thigh,0.6222222222222222,0.5733727269071611,5.230560302734375,5.230560302734375
resnetse5,iid:RealWorld_thigh:10,192,1,5,6,RealWorld_thigh,0.6555555555555556,0.60945400027629,5.230560302734375,5.230560302734375
resnetse5,iid:RealWorld_thigh:10,192,1,5,7,RealWorld_thigh,0.69375,0.649083250356979,5.230560302734375,5.230560302734375
resnetse5,iid:RealWorld_thigh:10,192,1,5,8,RealWorld_thigh,0.7121527777777777,0.6677700597466657,5.230560302734375,5.230560302734375
resnetse5,iid:RealWorld_thigh:10,192,1,5,9,RealWorld_thigh,0.7135416666666666,0.6693527231596971,5.230560302734375,5.230560302734375
resnetse5,iid:RealWorld_thigh:10,192,1,5,10,RealWorld_thigh,0.7177083333333333,0.6733034719210974,5.230560302734375,5.230560302734375
resnetse5,iid:RealWorld_thigh:10,192,1,5,11,RealWorld_thigh,0.7517361111111112,0.7584960976528493,5.230560302734375,5.230560302734375
resnetse5,iid:RealWorld_thigh:10,192,1,5,12,RealWorld_thigh,0.7475694444444444,0.7370700616984789,5.230560302734375,5.230560302734375
resnetse5,iid:RealWorld_thigh:10,192,1,5,13,RealWorld_thigh,0.7489583333333333,0.7394426330178855,5.230560302734375,5.230560302734375
resnetse5,iid:RealWorld_thigh:10,192,1,5,14,RealWorld_thigh,0.7496527777777777,0.7400458056636724,5.230560302734375,5.230560302734375
resnetse5,iid:RealWorld_thigh:10,192,1,5,15,RealWorld_thigh,0.7479166666666667,0.7391390068631356,5.230560302734375,5.230560302734375
resnetse5,iid:RealWorld_thigh:10,192,1,5,16,RealWorld_thigh,0.7548611111111111,0.750554150708155,5.230560302734375,5.230560302734375
resnetse5,iid:RealWorld_thigh:10,192,1,5,17,RealWorld_thigh,0.7454861111111111,0.7348225693686815,5.230560302734375,5.230560302734375
resnetse5,iid:RealWorld_thigh:10,192,1,5,18,RealWorld_thigh,0.7447916666666666,0.7402190232764122,5.230560302734375,5.230560302734375
resnetse5,iid:RealWorld_thigh:10,192,1,5,19,RealWorld_thigh,0.7409722222222223,0.7316980929772668,5.230560302734375,5.230560302734375
resnetse5,iid:RealWorld_thigh:10,192,1,5,20,RealWorld_thigh,0.7295138888888889,0.7239830952666179,5.230560302734375,5.230560302734375
resnetse5,iid:RealWorld_thigh:10,192,1,5,21,RealWorld_thigh,0.7256944444444444,0.7149821223517515,5.230560302734375,5.230560302734375
resnetse5,iid:RealWorld_thigh:10,192,1,5,22,RealWorld_thigh,0.7263888888888889,0.7206245360114476,5.230560302734375,5.230560302734375
resnetse5,iid:RealWorld_thigh:10,192,1,5,23,RealWorld_thigh,0.7277777777777777,0.7254221969336281,5.230560302734375,5.230560302734375
resnetse5,iid:RealWorld_thigh:10,192,1,5,24,RealWorld_thigh,0.7309027777777778,0.728914755954493,5.230560302734375,5.230560302734375
resnetse5,iid:RealWorld_thigh:10,192,1,5,25,RealWorld_thigh,0.7041666666666667,0.7039308032596995,5.230560302734375,5.230560302734375
resnetse5,iid:RealWorld_thigh:10,192,1,5,26,RealWorld_thigh,0.6791666666666667,0.6848069843851189,5.230560302734375,5.230560302734375
resnetse5,iid:RealWorld_thigh:10,192,1,5,27,RealWorld_thigh,0.6711805555555556,0.6770045088662031,5.230560302734375,5.230560302734375
resnetse5,iid:RealWorld_thigh:10,192,1,5,28,RealWorld_thigh,0.6486111111111111,0.6534911266974475,5.230560302734375,5.230560302734375
resnetse5,iid:RealWorld_thigh:10,192,1,5,29,RealWorld_thigh,0.6611111111111111,0.6671334430161672,5.230560302734375,5.230560302734375
resnetse5,iid:RealWorld_thigh:10,192,1,5,30,RealWorld_thigh,0.6586805555555556,0.6649474274488522,5.230560302734375,5.230560302734375
resnetse5,iid:RealWorld_thigh:10,192,1,5,31,RealWorld_thigh,0.6597222222222222,0.6665183455842435,5.230560302734375,5.230560302734375
resnetse5,iid:RealWorld_thigh:10,192,1,5,32,RealWorld_thigh,0.6902777777777778,0.6924820035154906,5.230560302734375,5.230560302734375
resnetse5,iid:RealWorld_thigh:10,192,1,5,33,RealWorld_thigh,0.6958333333333333,0.7014713979761256,5.230560302734375,5.230560302734375
resnetse5,iid:RealWorld_thigh:10,192,1,5,34,RealWorld_thigh,0.6975694444444445,0.6986197470102455,5.230560302734375,5.230560302734375
resnetse5,iid:RealWorld_thigh:10,192,1,5,35,RealWorld_thigh,0.6642361111111111,0.6576318474920061,5.230560302734375,5.230560302734375
resnetse5,iid:RealWorld_thigh:10,192,1,5,36,RealWorld_thigh,0.6944444444444444,0.6915236108827686,5.230560302734375,5.230560302734375
resnetse5,iid:RealWorld_thigh:10,192,1,5,37,RealWorld_thigh,0.6729166666666667,0.6348487189981461,5.230560302734375,5.230560302734375
resnetse5,iid:RealWorld_thigh:10,192,1,5,38,RealWorld_thigh,0.6892361111111112,0.644578360631565,5.230560302734375,5.230560302734375
resnetse5,iid:RealWorld_thigh:10,192,1,5,39,RealWorld_thigh,0.6763888888888889,0.630950198539936,5.230560302734375,5.230560302734375
resnetse5,iid:RealWorld_thigh:10,192,1,5,40,RealWorld_thigh,0.6628472222222223,0.6262803535766979,5.230560302734375,5.230560302734375
resnetse5,iid:RealWorld_thigh:10,192,1,5,41,RealWorld_thigh,0.6576388888888889,0.609883059167227,5.230560302734375,5.230560302734375
resnetse5,iid:RealWorld_thigh:10,192,1,5,42,RealWorld_thigh,0.6829861111111111,0.638951938959247,5.230560302734375,5.230560302734375
resnetse5,iid:RealWorld_thigh:10,192,1,5,43,RealWorld_thigh,0.6756944444444445,0.6318154684080345,5.230560302734375,5.230560302734375
resnetse5,iid:RealWorld_thigh:10,192,1,5,44,RealWorld_thigh,0.6899305555555556,0.6473388239526928,5.230560302734375,5.230560302734375
resnetse5,iid:RealWorld_thigh:10,192,1,5,45,RealWorld_thigh,0.6847222222222222,0.6416547327657613,5.230560302734375,5.230560302734375
resnetse5,iid:RealWorld_thigh:10,192,1,5,46,RealWorld_thigh,0.6680555555555555,0.6239253786261942,5.230560302734375,5.230560302734375
resnetse5,iid:RealWorld_thigh:10,192,1,5,47,RealWorld_thigh,0.684375,0.6408969534279674,5.230560302734375,5.230560302734375
resnetse5,iid:RealWorld_thigh:10,192,1,5,48,RealWorld_thigh,0.6878472222222223,0.644731922260798,5.230560302734375,5.230560302734375
resnetse5,iid:RealWorld_thigh:10,192,1,5,49,RealWorld_thigh,0.6628472222222223,0.6175570760660988,5.230560302734375,5.230560302734375
resnetse5,iid:RealWorld_thigh:10,192,1,5,50,RealWorld_thigh,0.6774305555555555,0.6339009032022387,5.230560302734375,5.230560302734375
resnetse5,iid:RealWorld_thigh:10,192,1,5,51,RealWorld_thigh,0.6493055555555556,0.6021074831664709,5.230560302734375,5.230560302734375
resnetse5,iid:RealWorld_thigh:10,192,1,5,52,RealWorld_thigh,0.6684027777777778,0.6226603328734288,5.230560302734375,5.230560302734375
resnetse5,iid:RealWorld_thigh:10,192,1,5,53,RealWorld_thigh,0.6684027777777778,0.6240784139621817,5.230560302734375,5.230560302734375
resnetse5,iid:RealWorld_thigh:10,192,1,5,54,RealWorld_thigh,0.6819444444444445,0.63944242663124,5.230560302734375,5.230560302734375
resnetse5,iid:RealWorld_thigh:10,192,1,5,55,RealWorld_thigh,0.6871527777777777,0.6442588494960896,5.230560302734375,5.230560302734375
resnetse5,iid:RealWorld_thigh:10,192,1,5,56,RealWorld_thigh,0.6517361111111111,0.6047284971420341,5.230560302734375,5.230560302734375
resnetse5,iid:RealWorld_thigh:10,192,1,5,57,RealWorld_thigh,0.6440972222222222,0.6026378684209083,5.230560302734375,5.230560302734375
resnetse5,iid:RealWorld_thigh:10,192,1,5,58,RealWorld_thigh,0.6576388888888889,0.6094731559833878,5.230560302734375,5.230560302734375
resnetse5,iid:RealWorld_thigh:10,192,1,5,59,RealWorld_thigh,0.6826388888888889,0.6405340736475351,5.230560302734375,5.230560302734375
resnetse5,iid:RealWorld_thigh:10,192,1,5,60,RealWorld_thigh,0.6788194444444444,0.6354468446192323,5.230560302734375,5.230560302734375
resnetse5,iid:RealWorld_thigh:10,192,1,5,61,RealWorld_thigh,0.6704861111111111,0.6275349503605059,5.230560302734375,5.230560302734375
resnetse5,iid:RealWorld_thigh:10,192,1,5,62,RealWorld_thigh,0.6756944444444445,0.6326415536370927,5.230560302734375,5.230560302734375
resnetse5,iid:RealWorld_thigh:10,192,1,5,63,RealWorld_thigh,0.6902777777777778,0.6493033136471312,5.230560302734375,5.230560302734375
resnetse5,iid:RealWorld_thigh:10,192,1,5,64,RealWorld_thigh,0.6579861111111112,0.6133446214201755,5.230560302734375,5.230560302734375
resnetse5,iid:RealWorld_thigh:10,192,1,5,65,RealWorld_thigh,0.6659722222222222,0.6233422579937745,5.230560302734375,5.230560302734375
resnetse5,iid:RealWorld_thigh:10,192,1,5,66,RealWorld_thigh,0.6663194444444445,0.6366770720761185,5.230560302734375,5.230560302734375
resnetse5,iid:RealWorld_thigh:10,192,1,5,67,RealWorld_thigh,0.6798611111111111,0.6372032840669383,5.230560302734375,5.230560302734375
resnetse5,iid:RealWorld_thigh:10,192,1,5,68,RealWorld_thigh,0.6850694444444444,0.6420980920503988,5.230560302734375,5.230560302734375
resnetse5,iid:RealWorld_thigh:10,192,1,5,69,RealWorld_thigh,0.6888888888888889,0.6487574230867847,5.230560302734375,5.230560302734375
resnetse5,iid:RealWorld_thigh:10,192,1,5,70,RealWorld_thigh,0.659375,0.6164032663997147,5.230560302734375,5.230560302734375
resnetse5,iid:RealWorld_thigh:10,192,1,5,71,RealWorld_thigh,0.6795138888888889,0.6537450343709532,5.230560302734375,5.230560302734375
resnetse5,iid:RealWorld_thigh:10,192,1,5,72,RealWorld_thigh,0.6565972222222223,0.6272081111079305,5.230560302734375,5.230560302734375
resnetse5,iid:RealWorld_thigh:10,192,1,5,73,RealWorld_thigh,0.6465277777777778,0.6200759731067635,5.230560302734375,5.230560302734375
resnetse5,iid:RealWorld_thigh:10,192,1,5,74,RealWorld_thigh,0.6614583333333334,0.6342759211825747,5.230560302734375,5.230560302734375
resnetse5,iid:RealWorld_thigh:10,192,1,5,75,RealWorld_thigh,0.6295138888888889,0.594120689285547,5.230560302734375,5.230560302734375
resnetse5,iid:RealWorld_thigh:10,192,1,5,76,RealWorld_thigh,0.6645833333333333,0.6360338807351433,5.230560302734375,5.230560302734375
resnetse5,iid:RealWorld_thigh:10,192,1,5,77,RealWorld_thigh,0.6666666666666666,0.6295678099750345,5.230560302734375,5.230560302734375
resnetse5,iid:RealWorld_thigh:10,192,1,5,78,RealWorld_thigh,0.6840277777777778,0.642056429424656,5.230560302734375,5.230560302734375
resnetse5,iid:RealWorld_thigh:10,192,1,5,79,RealWorld_thigh,0.6520833333333333,0.6244256231808676,5.230560302734375,5.230560302734375
resnetse5,iid:RealWorld_thigh:10,192,1,5,80,RealWorld_thigh,0.6663194444444445,0.6462490133411205,5.230560302734375,5.230560302734375
resnetse5,iid:RealWorld_thigh:10,192,1,5,81,RealWorld_thigh,0.6548611111111111,0.6197692733712606,5.230560302734375,5.230560302734375
resnetse5,iid:RealWorld_thigh:10,192,1,5,82,RealWorld_thigh,0.690625,0.6492760577260891,5.230560302734375,5.230560302734375
resnetse5,iid:RealWorld_thigh:10,192,1,5,83,RealWorld_thigh,0.6697916666666667,0.6361359988120344,5.230560302734375,5.230560302734375
resnetse5,iid:RealWorld_thigh:10,192,1,5,84,RealWorld_thigh,0.6850694444444444,0.6478879681964019,5.230560302734375,5.230560302734375
resnetse5,iid:RealWorld_thigh:10,192,1,5,85,RealWorld_thigh,0.696875,0.6578675738367666,5.230560302734375,5.230560302734375
resnetse5,iid:RealWorld_thigh:10,192,1,5,86,RealWorld_thigh,0.6670138888888889,0.6496698789917518,5.230560302734375,5.230560302734375
resnetse5,iid:RealWorld_thigh:10,192,1,5,87,RealWorld_thigh,0.6711805555555556,0.6484581773663315,5.230560302734375,5.230560302734375
resnetse5,iid:RealWorld_thigh:10,192,1,5,88,RealWorld_thigh,0.6454861111111111,0.6145310727515602,5.230560302734375,5.230560302734375
resnetse5,iid:RealWorld_thigh:10,192,1,5,89,RealWorld_thigh,0.6607638888888889,0.6292430071858263,5.230560302734375,5.230560302734375
resnetse5,iid:RealWorld_thigh:10,192,1,5,90,RealWorld_thigh,0.6920138888888889,0.6504018246154311,5.230560302734375,5.230560302734375
resnetse5,iid:RealWorld_thigh:10,192,1,5,91,RealWorld_thigh,0.6788194444444444,0.6498625508321112,5.230560302734375,5.230560302734375
resnetse5,iid:RealWorld_thigh:10,192,1,5,92,RealWorld_thigh,0.6979166666666666,0.6545833121769552,5.230560302734375,5.230560302734375
resnetse5,iid:RealWorld_thigh:10,192,1,5,93,RealWorld_thigh,0.6670138888888889,0.6381079761427612,5.230560302734375,5.230560302734375
resnetse5,iid:RealWorld_thigh:10,192,1,5,94,RealWorld_thigh,0.6802083333333333,0.6507632485719296,5.230560302734375,5.230560302734375
resnetse5,iid:RealWorld_thigh:10,192,1,5,95,RealWorld_thigh,0.7034722222222223,0.6618306274623585,5.230560302734375,5.230560302734375
resnetse5,iid:RealWorld_thigh:10,192,1,5,96,RealWorld_thigh,0.7065972222222222,0.6638817796162572,5.230560302734375,5.230560302734375
resnetse5,iid:RealWorld_thigh:10,192,1,5,97,RealWorld_thigh,0.6791666666666667,0.6475554188428506,5.230560302734375,5.230560302734375
resnetse5,iid:RealWorld_thigh:10,192,1,5,98,RealWorld_thigh,0.6694444444444444,0.6472524213906214,5.230560302734375,5.230560302734375
resnetse5,iid:RealWorld_thigh:10,192,1,5,99,RealWorld_thigh,0.6770833333333334,0.648159417833537,5.230560302734375,5.230560302734375
resnetse5,iid:RealWorld_thigh:10,192,1,5,100,RealWorld_thigh,0.6847222222222222,0.6484279277526294,5.230560302734375,5.230560302734375
resnetse5,iid:RealWorld_thigh:10,192,2,5,1,RealWorld_thigh,0.3194444444444444,0.189695207566005,5.230560302734375,5.230560302734375
resnetse5,iid:RealWorld_thigh:10,192,2,5,2,RealWorld_thigh,0.4055555555555555,0.311024206150446,5.230560302734375,5.230560302734375
resnetse5,iid:RealWorld_thigh:10,192,2,5,3,RealWorld_thigh,0.4864583333333333,0.3879858201969373,5.230560302734375,5.230560302734375
resnetse5,iid:RealWorld_thigh:10,192,2,5,4,RealWorld_thigh,0.5170138888888889,0.4371009372828073,5.230560302734375,5.230560302734375
resnetse5,iid:RealWorld_thigh:10,192,2,5,5,RealWorld_thigh,0.5378472222222223,0.4490164650468227,5.230560302734375,5.230560302734375
resnetse5,iid:RealWorld_thigh:10,192,2,5,6,RealWorld_thigh,0.5465277777777777,0.4689173224449784,5.230560302734375,5.230560302734375
resnetse5,iid:RealWorld_thigh:10,192,2,5,7,RealWorld_thigh,0.6100694444444444,0.5628790036952346,5.230560302734375,5.230560302734375
resnetse5,iid:RealWorld_thigh:10,192,2,5,8,RealWorld_thigh,0.6604166666666667,0.620176614606416,5.230560302734375,5.230560302734375
resnetse5,iid:RealWorld_thigh:10,192,2,5,9,RealWorld_thigh,0.6895833333333333,0.6513420916886331,5.230560302734375,5.230560302734375
resnetse5,iid:RealWorld_thigh:10,192,2,5,10,RealWorld_thigh,0.6506944444444445,0.6358399942351561,5.230560302734375,5.230560302734375
resnetse5,iid:RealWorld_thigh:10,192,2,5,11,RealWorld_thigh,0.7222222222222222,0.7064192290320847,5.230560302734375,5.230560302734375
resnetse5,iid:RealWorld_thigh:10,192,2,5,12,RealWorld_thigh,0.7375,0.7319147907155344,5.230560302734375,5.230560302734375
resnetse5,iid:RealWorld_thigh:10,192,2,5,13,RealWorld_thigh,0.7270833333333333,0.7147775295309508,5.230560302734375,5.230560302734375
resnetse5,iid:RealWorld_thigh:10,192,2,5,14,RealWorld_thigh,0.7302083333333333,0.7181972316174569,5.230560302734375,5.230560302734375
resnetse5,iid:RealWorld_thigh:10,192,2,5,15,RealWorld_thigh,0.7444444444444445,0.7392970116015176,5.230560302734375,5.230560302734375
resnetse5,iid:RealWorld_thigh:10,192,2,5,16,RealWorld_thigh,0.7357638888888889,0.7254909841336761,5.230560302734375,5.230560302734375
resnetse5,iid:RealWorld_thigh:10,192,2,5,17,RealWorld_thigh,0.7357638888888889,0.723117709597708,5.230560302734375,5.230560302734375
resnetse5,iid:RealWorld_thigh:10,192,2,5,18,RealWorld_thigh,0.740625,0.7336357168465312,5.230560302734375,5.230560302734375
resnetse5,iid:RealWorld_thigh:10,192,2,5,19,RealWorld_thigh,0.7409722222222223,0.7333832027749198,5.230560302734375,5.230560302734375
resnetse5,iid:RealWorld_thigh:10,192,2,5,20,RealWorld_thigh,0.7454861111111111,0.7419027679626128,5.230560302734375,5.230560302734375
resnetse5,iid:RealWorld_thigh:10,192,2,5,21,RealWorld_thigh,0.7444444444444445,0.738380557274187,5.230560302734375,5.230560302734375
resnetse5,iid:RealWorld_thigh:10,192,2,5,22,RealWorld_thigh,0.7440972222222222,0.7372069932079645,5.230560302734375,5.230560302734375
resnetse5,iid:RealWorld_thigh:10,192,2,5,23,RealWorld_thigh,0.7496527777777777,0.7465768381046788,5.230560302734375,5.230560302734375
resnetse5,iid:RealWorld_thigh:10,192,2,5,24,RealWorld_thigh,0.7746527777777777,0.7775490929955233,5.230560302734375,5.230560302734375
resnetse5,iid:RealWorld_thigh:10,192,2,5,25,RealWorld_thigh,0.7760416666666666,0.7789339113548001,5.230560302734375,5.230560302734375
resnetse5,iid:RealWorld_thigh:10,192,2,5,26,RealWorld_thigh,0.7555555555555555,0.7603458046417503,5.230560302734375,5.230560302734375
resnetse5,iid:RealWorld_thigh:10,192,2,5,27,RealWorld_thigh,0.7059027777777778,0.6989469950980126,5.230560302734375,5.230560302734375
resnetse5,iid:RealWorld_thigh:10,192,2,5,28,RealWorld_thigh,0.6802083333333333,0.652802618977368,5.230560302734375,5.230560302734375
resnetse5,iid:RealWorld_thigh:10,192,2,5,29,RealWorld_thigh,0.6829861111111111,0.6553041376101439,5.230560302734375,5.230560302734375
resnetse5,iid:RealWorld_thigh:10,192,2,5,30,RealWorld_thigh,0.6840277777777778,0.6551122207142014,5.230560302734375,5.230560302734375
resnetse5,iid:RealWorld_thigh:10,192,2,5,31,RealWorld_thigh,0.7076388888888889,0.6653899244537848,5.230560302734375,5.230560302734375
resnetse5,iid:RealWorld_thigh:10,192,2,5,32,RealWorld_thigh,0.7125,0.6686758806655528,5.230560302734375,5.230560302734375
resnetse5,iid:RealWorld_thigh:10,192,2,5,33,RealWorld_thigh,0.7048611111111112,0.6685559177341941,5.230560302734375,5.230560302734375
resnetse5,iid:RealWorld_thigh:10,192,2,5,34,RealWorld_thigh,0.715625,0.67242918319698,5.230560302734375,5.230560302734375
resnetse5,iid:RealWorld_thigh:10,192,2,5,35,RealWorld_thigh,0.7177083333333333,0.6750160264270136,5.230560302734375,5.230560302734375
resnetse5,iid:RealWorld_thigh:10,192,2,5,36,RealWorld_thigh,0.7090277777777778,0.6663479143552881,5.230560302734375,5.230560302734375
resnetse5,iid:RealWorld_thigh:10,192,2,5,37,RealWorld_thigh,0.7128472222222222,0.6701834041980664,5.230560302734375,5.230560302734375
resnetse5,iid:RealWorld_thigh:10,192,2,5,38,RealWorld_thigh,0.7,0.6654877334046608,5.230560302734375,5.230560302734375
resnetse5,iid:RealWorld_thigh:10,192,2,5,39,RealWorld_thigh,0.7166666666666667,0.6747950920201607,5.230560302734375,5.230560302734375
resnetse5,iid:RealWorld_thigh:10,192,2,5,40,RealWorld_thigh,0.7125,0.6707405469822972,5.230560302734375,5.230560302734375
resnetse5,iid:RealWorld_thigh:10,192,2,5,41,RealWorld_thigh,0.7125,0.6712929411202485,5.230560302734375,5.230560302734375
resnetse5,iid:RealWorld_thigh:10,192,2,5,42,RealWorld_thigh,0.7125,0.6708196307049533,5.230560302734375,5.230560302734375
resnetse5,iid:RealWorld_thigh:10,192,2,5,43,RealWorld_thigh,0.7159722222222222,0.6762012172784027,5.230560302734375,5.230560302734375
resnetse5,iid:RealWorld_thigh:10,192,2,5,44,RealWorld_thigh,0.7166666666666667,0.6782747986219384,5.230560302734375,5.230560302734375
resnetse5,iid:RealWorld_thigh:10,192,2,5,45,RealWorld_thigh,0.7111111111111111,0.6775449055769917,5.230560302734375,5.230560302734375
resnetse5,iid:RealWorld_thigh:10,192,2,5,46,RealWorld_thigh,0.7204861111111112,0.6809673033740147,5.230560302734375,5.230560302734375
resnetse5,iid:RealWorld_thigh:10,192,2,5,47,RealWorld_thigh,0.7170138888888888,0.6802181478252093,5.230560302734375,5.230560302734375
resnetse5,iid:RealWorld_thigh:10,192,2,5,48,RealWorld_thigh,0.7152777777777778,0.6756590774970955,5.230560302734375,5.230560302734375
resnetse5,iid:RealWorld_thigh:10,192,2,5,49,RealWorld_thigh,0.7149305555555555,0.6747824848121174,5.230560302734375,5.230560302734375
resnetse5,iid:RealWorld_thigh:10,192,2,5,50,RealWorld_thigh,0.7159722222222222,0.678579195856113,5.230560302734375,5.230560302734375
resnetse5,iid:RealWorld_thigh:10,192,2,5,51,RealWorld_thigh,0.7138888888888889,0.6745890750239015,5.230560302734375,5.230560302734375
resnetse5,iid:RealWorld_thigh:10,192,2,5,52,RealWorld_thigh,0.715625,0.6765040434172067,5.230560302734375,5.230560302734375
resnetse5,iid:RealWorld_thigh:10,192,2,5,53,RealWorld_thigh,0.7173611111111111,0.6782163547646917,5.230560302734375,5.230560302734375
resnetse5,iid:RealWorld_thigh:10,192,2,5,54,RealWorld_thigh,0.7159722222222222,0.6764801295242094,5.230560302734375,5.230560302734375
resnetse5,iid:RealWorld_thigh:10,192,2,5,55,RealWorld_thigh,0.7163194444444444,0.6773090762573934,5.230560302734375,5.230560302734375
resnetse5,iid:RealWorld_thigh:10,192,2,5,56,RealWorld_thigh,0.7173611111111111,0.6776959605524797,5.230560302734375,5.230560302734375
resnetse5,iid:RealWorld_thigh:10,192,2,5,57,RealWorld_thigh,0.7201388888888889,0.6828434628034031,5.230560302734375,5.230560302734375
resnetse5,iid:RealWorld_thigh:10,192,2,5,58,RealWorld_thigh,0.7201388888888889,0.6803480651035231,5.230560302734375,5.230560302734375
resnetse5,iid:RealWorld_thigh:10,192,2,5,59,RealWorld_thigh,0.7166666666666667,0.6784393666430245,5.230560302734375,5.230560302734375
resnetse5,iid:RealWorld_thigh:10,192,2,5,60,RealWorld_thigh,0.7083333333333334,0.6791109611223517,5.230560302734375,5.230560302734375
resnetse5,iid:RealWorld_thigh:10,192,2,5,61,RealWorld_thigh,0.725,0.6866031005874147,5.230560302734375,5.230560302734375
resnetse5,iid:RealWorld_thigh:10,192,2,5,62,RealWorld_thigh,0.7229166666666667,0.6840237614185644,5.230560302734375,5.230560302734375
resnetse5,iid:RealWorld_thigh:10,192,2,5,63,RealWorld_thigh,0.7243055555555555,0.6851642300304891,5.230560302734375,5.230560302734375
resnetse5,iid:RealWorld_thigh:10,192,2,5,64,RealWorld_thigh,0.7100694444444444,0.6912300062189481,5.230560302734375,5.230560302734375
resnetse5,iid:RealWorld_thigh:10,192,2,5,65,RealWorld_thigh,0.7204861111111112,0.6829830044661366,5.230560302734375,5.230560302734375
resnetse5,iid:RealWorld_thigh:10,192,2,5,66,RealWorld_thigh,0.7253472222222223,0.6869483004834817,5.230560302734375,5.230560302734375
resnetse5,iid:RealWorld_thigh:10,192,2,5,67,RealWorld_thigh,0.7232638888888889,0.6883967651649248,5.230560302734375,5.230560302734375
resnetse5,iid:RealWorld_thigh:10,192,2,5,68,RealWorld_thigh,0.7197916666666667,0.6856386610785824,5.230560302734375,5.230560302734375
resnetse5,iid:RealWorld_thigh:10,192,2,5,69,RealWorld_thigh,0.7149305555555555,0.6842126207301517,5.230560302734375,5.230560302734375
resnetse5,iid:RealWorld_thigh:10,192,2,5,70,RealWorld_thigh,0.7302083333333333,0.6904304373801294,5.230560302734375,5.230560302734375
resnetse5,iid:RealWorld_thigh:10,192,2,5,71,RealWorld_thigh,0.7243055555555555,0.6857136227561744,5.230560302734375,5.230560302734375
resnetse5,iid:RealWorld_thigh:10,192,2,5,72,RealWorld_thigh,0.7142361111111111,0.6808004977612464,5.230560302734375,5.230560302734375
resnetse5,iid:RealWorld_thigh:10,192,2,5,73,RealWorld_thigh,0.7208333333333333,0.6865424142826351,5.230560302734375,5.230560302734375
resnetse5,iid:RealWorld_thigh:10,192,2,5,74,RealWorld_thigh,0.7274305555555556,0.6868447258437237,5.230560302734375,5.230560302734375
resnetse5,iid:RealWorld_thigh:10,192,2,5,75,RealWorld_thigh,0.709375,0.673761081393898,5.230560302734375,5.230560302734375
resnetse5,iid:RealWorld_thigh:10,192,2,5,76,RealWorld_thigh,0.7222222222222222,0.6858720406264304,5.230560302734375,5.230560302734375
resnetse5,iid:RealWorld_thigh:10,192,2,5,77,RealWorld_thigh,0.7135416666666666,0.6727243775894753,5.230560302734375,5.230560302734375
resnetse5,iid:RealWorld_thigh:10,192,2,5,78,RealWorld_thigh,0.7128472222222222,0.6858879187978643,5.230560302734375,5.230560302734375
resnetse5,iid:RealWorld_thigh:10,192,2,5,79,RealWorld_thigh,0.7097222222222223,0.6771293209627167,5.230560302734375,5.230560302734375
resnetse5,iid:RealWorld_thigh:10,192,2,5,80,RealWorld_thigh,0.7173611111111111,0.6828141870923229,5.230560302734375,5.230560302734375
resnetse5,iid:RealWorld_thigh:10,192,2,5,81,RealWorld_thigh,0.7190972222222223,0.7056999993518293,5.230560302734375,5.230560302734375
resnetse5,iid:RealWorld_thigh:10,192,2,5,82,RealWorld_thigh,0.7024305555555556,0.6774014365203401,5.230560302734375,5.230560302734375
resnetse5,iid:RealWorld_thigh:10,192,2,5,83,RealWorld_thigh,0.7184027777777777,0.6777844000489006,5.230560302734375,5.230560302734375
resnetse5,iid:RealWorld_thigh:10,192,2,5,84,RealWorld_thigh,0.7163194444444444,0.6856806460137793,5.230560302734375,5.230560302734375
resnetse5,iid:RealWorld_thigh:10,192,2,5,85,RealWorld_thigh,0.7267361111111111,0.685597967006073,5.230560302734375,5.230560302734375
resnetse5,iid:RealWorld_thigh:10,192,2,5,86,RealWorld_thigh,0.7128472222222222,0.6847480680441982,5.230560302734375,5.230560302734375
resnetse5,iid:RealWorld_thigh:10,192,2,5,87,RealWorld_thigh,0.7454861111111111,0.7456184950245731,5.230560302734375,5.230560302734375
resnetse5,iid:RealWorld_thigh:10,192,2,5,88,RealWorld_thigh,0.7083333333333334,0.6830944284194592,5.230560302734375,5.230560302734375
resnetse5,iid:RealWorld_thigh:10,192,2,5,89,RealWorld_thigh,0.6965277777777777,0.6596533526916298,5.230560302734375,5.230560302734375
resnetse5,iid:RealWorld_thigh:10,192,2,5,90,RealWorld_thigh,0.6708333333333333,0.6422806007794216,5.230560302734375,5.230560302734375
resnetse5,iid:RealWorld_thigh:10,192,2,5,91,RealWorld_thigh,0.7090277777777778,0.6957612325611732,5.230560302734375,5.230560302734375
resnetse5,iid:RealWorld_thigh:10,192,2,5,92,RealWorld_thigh,0.7100694444444444,0.6821383667553075,5.230560302734375,5.230560302734375
resnetse5,iid:RealWorld_thigh:10,192,2,5,93,RealWorld_thigh,0.7142361111111111,0.6805410171636718,5.230560302734375,5.230560302734375
resnetse5,iid:RealWorld_thigh:10,192,2,5,94,RealWorld_thigh,0.6864583333333333,0.6468345909386958,5.230560302734375,5.230560302734375
resnetse5,iid:RealWorld_thigh:10,192,2,5,95,RealWorld_thigh,0.6621527777777778,0.6338564356577471,5.230560302734375,5.230560302734375
resnetse5,iid:RealWorld_thigh:10,192,2,5,96,RealWorld_thigh,0.65625,0.6256996316696093,5.230560302734375,5.230560302734375
resnetse5,iid:RealWorld_thigh:10,192,2,5,97,RealWorld_thigh,0.6732638888888889,0.6369774914030485,5.230560302734375,5.230560302734375
resnetse5,iid:RealWorld_thigh:10,192,2,5,98,RealWorld_thigh,0.69375,0.6580331232917968,5.230560302734375,5.230560302734375
resnetse5,iid:RealWorld_thigh:10,192,2,5,99,RealWorld_thigh,0.7076388888888889,0.6735341141859511,5.230560302734375,5.230560302734375
resnetse5,iid:RealWorld_thigh:10,192,2,5,100,RealWorld_thigh,0.7024305555555556,0.6952577439047315,5.230560302734375,5.230560302734375
resnetse5,iid:RealWorld_thigh:10,192,3,5,1,RealWorld_thigh,0.1461805555555555,0.0726260288217679,5.230560302734375,5.230560302734375
resnetse5,iid:RealWorld_thigh:10,192,3,5,2,RealWorld_thigh,0.3892361111111111,0.2826862278836196,5.230560302734375,5.230560302734375
resnetse5,iid:RealWorld_thigh:10,192,3,5,3,RealWorld_thigh,0.5506944444444445,0.455215311606794,5.230560302734375,5.230560302734375
resnetse5,iid:RealWorld_thigh:10,192,3,5,4,RealWorld_thigh,0.5444444444444444,0.4751260026690247,5.230560302734375,5.230560302734375
resnetse5,iid:RealWorld_thigh:10,192,3,5,5,RealWorld_thigh,0.6041666666666666,0.5800082478937083,5.230560302734375,5.230560302734375
resnetse5,iid:RealWorld_thigh:10,192,3,5,6,RealWorld_thigh,0.6552083333333333,0.6116785854015584,5.230560302734375,5.230560302734375
resnetse5,iid:RealWorld_thigh:10,192,3,5,7,RealWorld_thigh,0.6503472222222222,0.6294736873237934,5.230560302734375,5.230560302734375
resnetse5,iid:RealWorld_thigh:10,192,3,5,8,RealWorld_thigh,0.6625,0.6413490753970846,5.230560302734375,5.230560302734375
resnetse5,iid:RealWorld_thigh:10,192,3,5,9,RealWorld_thigh,0.6934027777777778,0.6555005159516374,5.230560302734375,5.230560302734375
resnetse5,iid:RealWorld_thigh:10,192,3,5,10,RealWorld_thigh,0.7045138888888889,0.6610389236279366,5.230560302734375,5.230560302734375
resnetse5,iid:RealWorld_thigh:10,192,3,5,11,RealWorld_thigh,0.6861111111111111,0.6614957426581859,5.230560302734375,5.230560302734375
resnetse5,iid:RealWorld_thigh:10,192,3,5,12,RealWorld_thigh,0.7454861111111111,0.7441685527782421,5.230560302734375,5.230560302734375
resnetse5,iid:RealWorld_thigh:10,192,3,5,13,RealWorld_thigh,0.7416666666666667,0.7370064819109627,5.230560302734375,5.230560302734375
resnetse5,iid:RealWorld_thigh:10,192,3,5,14,RealWorld_thigh,0.7420138888888889,0.7326963764340945,5.230560302734375,5.230560302734375
resnetse5,iid:RealWorld_thigh:10,192,3,5,15,RealWorld_thigh,0.7333333333333333,0.7227989767132906,5.230560302734375,5.230560302734375
resnetse5,iid:RealWorld_thigh:10,192,3,5,16,RealWorld_thigh,0.7364583333333333,0.7296202855313642,5.230560302734375,5.230560302734375
resnetse5,iid:RealWorld_thigh:10,192,3,5,17,RealWorld_thigh,0.7444444444444445,0.7383599356026348,5.230560302734375,5.230560302734375
resnetse5,iid:RealWorld_thigh:10,192,3,5,18,RealWorld_thigh,0.7427083333333333,0.7386082944675185,5.230560302734375,5.230560302734375
resnetse5,iid:RealWorld_thigh:10,192,3,5,19,RealWorld_thigh,0.7402777777777778,0.7354363829494314,5.230560302734375,5.230560302734375
resnetse5,iid:RealWorld_thigh:10,192,3,5,20,RealWorld_thigh,0.7447916666666666,0.7437207047974276,5.230560302734375,5.230560302734375
resnetse5,iid:RealWorld_thigh:10,192,3,5,21,RealWorld_thigh,0.74375,0.7434228873189058,5.230560302734375,5.230560302734375
resnetse5,iid:RealWorld_thigh:10,192,3,5,22,RealWorld_thigh,0.6954861111111111,0.7034776537575791,5.230560302734375,5.230560302734375
resnetse5,iid:RealWorld_thigh:10,192,3,5,23,RealWorld_thigh,0.6951388888888889,0.7035448159575592,5.230560302734375,5.230560302734375
resnetse5,iid:RealWorld_thigh:10,192,3,5,24,RealWorld_thigh,0.7118055555555556,0.7180979918766153,5.230560302734375,5.230560302734375
resnetse5,iid:RealWorld_thigh:10,192,3,5,25,RealWorld_thigh,0.6989583333333333,0.7071146059522935,5.230560302734375,5.230560302734375
resnetse5,iid:RealWorld_thigh:10,192,3,5,26,RealWorld_thigh,0.7020833333333333,0.7041289233623784,5.230560302734375,5.230560302734375
resnetse5,iid:RealWorld_thigh:10,192,3,5,27,RealWorld_thigh,0.7121527777777777,0.7098102768072828,5.230560302734375,5.230560302734375
resnetse5,iid:RealWorld_thigh:10,192,3,5,28,RealWorld_thigh,0.6996527777777778,0.6908342612920159,5.230560302734375,5.230560302734375
resnetse5,iid:RealWorld_thigh:10,192,3,5,29,RealWorld_thigh,0.6711805555555556,0.6403589479978341,5.230560302734375,5.230560302734375
resnetse5,iid:RealWorld_thigh:10,192,3,5,30,RealWorld_thigh,0.7208333333333333,0.7204285480454994,5.230560302734375,5.230560302734375
resnetse5,iid:RealWorld_thigh:10,192,3,5,31,RealWorld_thigh,0.6847222222222222,0.6507886088002773,5.230560302734375,5.230560302734375
resnetse5,iid:RealWorld_thigh:10,192,3,5,32,RealWorld_thigh,0.6642361111111111,0.6365727895720377,5.230560302734375,5.230560302734375
resnetse5,iid:RealWorld_thigh:10,192,3,5,33,RealWorld_thigh,0.6736111111111112,0.6500524929569355,5.230560302734375,5.230560302734375
resnetse5,iid:RealWorld_thigh:10,192,3,5,34,RealWorld_thigh,0.6857638888888888,0.6685882787210827,5.230560302734375,5.230560302734375
resnetse5,iid:RealWorld_thigh:10,192,3,5,35,RealWorld_thigh,0.6777777777777778,0.645255158280406,5.230560302734375,5.230560302734375
resnetse5,iid:RealWorld_thigh:10,192,3,5,36,RealWorld_thigh,0.7253472222222223,0.7257840703857045,5.230560302734375,5.230560302734375
resnetse5,iid:RealWorld_thigh:10,192,3,5,37,RealWorld_thigh,0.6975694444444445,0.6522145973744214,5.230560302734375,5.230560302734375
resnetse5,iid:RealWorld_thigh:10,192,3,5,38,RealWorld_thigh,0.6802083333333333,0.6414043231371717,5.230560302734375,5.230560302734375
resnetse5,iid:RealWorld_thigh:10,192,3,5,39,RealWorld_thigh,0.6916666666666667,0.6768329636952878,5.230560302734375,5.230560302734375
resnetse5,iid:RealWorld_thigh:10,192,3,5,40,RealWorld_thigh,0.6916666666666667,0.6787479484471511,5.230560302734375,5.230560302734375
resnetse5,iid:RealWorld_thigh:10,192,3,5,41,RealWorld_thigh,0.6788194444444444,0.6452262725399273,5.230560302734375,5.230560302734375
resnetse5,iid:RealWorld_thigh:10,192,3,5,42,RealWorld_thigh,0.7003472222222222,0.6587681543609373,5.230560302734375,5.230560302734375
resnetse5,iid:RealWorld_thigh:10,192,3,5,43,RealWorld_thigh,0.6996527777777778,0.6830961803678056,5.230560302734375,5.230560302734375
resnetse5,iid:RealWorld_thigh:10,192,3,5,44,RealWorld_thigh,0.6930555555555555,0.6808981084381038,5.230560302734375,5.230560302734375
resnetse5,iid:RealWorld_thigh:10,192,3,5,45,RealWorld_thigh,0.6975694444444445,0.6532236539178075,5.230560302734375,5.230560302734375
resnetse5,iid:RealWorld_thigh:10,192,3,5,46,RealWorld_thigh,0.7048611111111112,0.6852877190166163,5.230560302734375,5.230560302734375
resnetse5,iid:RealWorld_thigh:10,192,3,5,47,RealWorld_thigh,0.6944444444444444,0.6493946147155012,5.230560302734375,5.230560302734375
resnetse5,iid:RealWorld_thigh:10,192,3,5,48,RealWorld_thigh,0.6993055555555555,0.6545455832926393,5.230560302734375,5.230560302734375
resnetse5,iid:RealWorld_thigh:10,192,3,5,49,RealWorld_thigh,0.6954861111111111,0.6510744128002105,5.230560302734375,5.230560302734375
resnetse5,iid:RealWorld_thigh:10,192,3,5,50,RealWorld_thigh,0.7086805555555555,0.6655632222640517,5.230560302734375,5.230560302734375
resnetse5,iid:RealWorld_thigh:10,192,3,5,51,RealWorld_thigh,0.6927083333333334,0.6479670742019785,5.230560302734375,5.230560302734375
resnetse5,iid:RealWorld_thigh:10,192,3,5,52,RealWorld_thigh,0.6888888888888889,0.6446525202394825,5.230560302734375,5.230560302734375
resnetse5,iid:RealWorld_thigh:10,192,3,5,53,RealWorld_thigh,0.6840277777777778,0.6396744523734662,5.230560302734375,5.230560302734375
resnetse5,iid:RealWorld_thigh:10,192,3,5,54,RealWorld_thigh,0.6993055555555555,0.6558529153901369,5.230560302734375,5.230560302734375
resnetse5,iid:RealWorld_thigh:10,192,3,5,55,RealWorld_thigh,0.6947916666666667,0.6503739475196069,5.230560302734375,5.230560302734375
resnetse5,iid:RealWorld_thigh:10,192,3,5,56,RealWorld_thigh,0.6885416666666667,0.6447263177232634,5.230560302734375,5.230560302734375
resnetse5,iid:RealWorld_thigh:10,192,3,5,57,RealWorld_thigh,0.6899305555555556,0.645495405051519,5.230560302734375,5.230560302734375
resnetse5,iid:RealWorld_thigh:10,192,3,5,58,RealWorld_thigh,0.6878472222222223,0.6470985453682222,5.230560302734375,5.230560302734375
resnetse5,iid:RealWorld_thigh:10,192,3,5,59,RealWorld_thigh,0.6708333333333333,0.6375793037441834,5.230560302734375,5.230560302734375
resnetse5,iid:RealWorld_thigh:10,192,3,5,60,RealWorld_thigh,0.6875,0.6498593517340018,5.230560302734375,5.230560302734375
resnetse5,iid:RealWorld_thigh:10,192,3,5,61,RealWorld_thigh,0.6927083333333334,0.6491365492801511,5.230560302734375,5.230560302734375
resnetse5,iid:RealWorld_thigh:10,192,3,5,62,RealWorld_thigh,0.7048611111111112,0.6623867137190848,5.230560302734375,5.230560302734375
resnetse5,iid:RealWorld_thigh:10,192,3,5,63,RealWorld_thigh,0.6701388888888888,0.6321943883536395,5.230560302734375,5.230560302734375
resnetse5,iid:RealWorld_thigh:10,192,3,5,64,RealWorld_thigh,0.7,0.6568935269827015,5.230560302734375,5.230560302734375
resnetse5,iid:RealWorld_thigh:10,192,3,5,65,RealWorld_thigh,0.6975694444444445,0.6543500257933915,5.230560302734375,5.230560302734375
resnetse5,iid:RealWorld_thigh:10,192,3,5,66,RealWorld_thigh,0.6961805555555556,0.6528945697603916,5.230560302734375,5.230560302734375
resnetse5,iid:RealWorld_thigh:10,192,3,5,67,RealWorld_thigh,0.6815972222222222,0.6489949290614567,5.230560302734375,5.230560302734375
resnetse5,iid:RealWorld_thigh:10,192,3,5,68,RealWorld_thigh,0.709375,0.7007791539815269,5.230560302734375,5.230560302734375
resnetse5,iid:RealWorld_thigh:10,192,3,5,69,RealWorld_thigh,0.6920138888888889,0.6486520125233356,5.230560302734375,5.230560302734375
resnetse5,iid:RealWorld_thigh:10,192,3,5,70,RealWorld_thigh,0.6982638888888889,0.6561167012972702,5.230560302734375,5.230560302734375
resnetse5,iid:RealWorld_thigh:10,192,3,5,71,RealWorld_thigh,0.690625,0.6471435108727727,5.230560302734375,5.230560302734375
resnetse5,iid:RealWorld_thigh:10,192,3,5,72,RealWorld_thigh,0.6892361111111112,0.6495257771927772,5.230560302734375,5.230560302734375
resnetse5,iid:RealWorld_thigh:10,192,3,5,73,RealWorld_thigh,0.6829861111111111,0.6499669076574777,5.230560302734375,5.230560302734375
resnetse5,iid:RealWorld_thigh:10,192,3,5,74,RealWorld_thigh,0.6892361111111112,0.6457829429736205,5.230560302734375,5.230560302734375
resnetse5,iid:RealWorld_thigh:10,192,3,5,75,RealWorld_thigh,0.71875,0.7117202334403462,5.230560302734375,5.230560302734375
resnetse5,iid:RealWorld_thigh:10,192,3,5,76,RealWorld_thigh,0.7694444444444445,0.7713220800447201,5.230560302734375,5.230560302734375
resnetse5,iid:RealWorld_thigh:10,192,3,5,77,RealWorld_thigh,0.6972222222222222,0.6532061553592566,5.230560302734375,5.230560302734375
resnetse5,iid:RealWorld_thigh:10,192,3,5,78,RealWorld_thigh,0.696875,0.6542667954318108,5.230560302734375,5.230560302734375
resnetse5,iid:RealWorld_thigh:10,192,3,5,79,RealWorld_thigh,0.6993055555555555,0.6565418272431082,5.230560302734375,5.230560302734375
resnetse5,iid:RealWorld_thigh:10,192,3,5,80,RealWorld_thigh,0.6875,0.653252735373468,5.230560302734375,5.230560302734375
resnetse5,iid:RealWorld_thigh:10,192,3,5,81,RealWorld_thigh,0.6954861111111111,0.6527541865926699,5.230560302734375,5.230560302734375
resnetse5,iid:RealWorld_thigh:10,192,3,5,82,RealWorld_thigh,0.6861111111111111,0.6402659874290144,5.230560302734375,5.230560302734375
resnetse5,iid:RealWorld_thigh:10,192,3,5,83,RealWorld_thigh,0.6954861111111111,0.6514839689579399,5.230560302734375,5.230560302734375
resnetse5,iid:RealWorld_thigh:10,192,3,5,84,RealWorld_thigh,0.6930555555555555,0.6749527696211954,5.230560302734375,5.230560302734375
resnetse5,iid:RealWorld_thigh:10,192,3,5,85,RealWorld_thigh,0.7111111111111111,0.7006658954088015,5.230560302734375,5.230560302734375
resnetse5,iid:RealWorld_thigh:10,192,3,5,86,RealWorld_thigh,0.6836805555555555,0.6524530626863595,5.230560302734375,5.230560302734375
resnetse5,iid:RealWorld_thigh:10,192,3,5,87,RealWorld_thigh,0.6826388888888889,0.6438957238424928,5.230560302734375,5.230560302734375
resnetse5,iid:RealWorld_thigh:10,192,3,5,88,RealWorld_thigh,0.6899305555555556,0.644836314978345,5.230560302734375,5.230560302734375
resnetse5,iid:RealWorld_thigh:10,192,3,5,89,RealWorld_thigh,0.6940972222222223,0.650746087196405,5.230560302734375,5.230560302734375
resnetse5,iid:RealWorld_thigh:10,192,3,5,90,RealWorld_thigh,0.690625,0.6451718948988407,5.230560302734375,5.230560302734375
resnetse5,iid:RealWorld_thigh:10,192,3,5,91,RealWorld_thigh,0.6833333333333333,0.6473507903904793,5.230560302734375,5.230560302734375
resnetse5,iid:RealWorld_thigh:10,192,3,5,92,RealWorld_thigh,0.6902777777777778,0.644032063070311,5.230560302734375,5.230560302734375
resnetse5,iid:RealWorld_thigh:10,192,3,5,93,RealWorld_thigh,0.7041666666666667,0.6597269492634152,5.230560302734375,5.230560302734375
resnetse5,iid:RealWorld_thigh:10,192,3,5,94,RealWorld_thigh,0.6836805555555555,0.6363669622036282,5.230560302734375,5.230560302734375
resnetse5,iid:RealWorld_thigh:10,192,3,5,95,RealWorld_thigh,0.6923611111111111,0.6460994929635006,5.230560302734375,5.230560302734375
resnetse5,iid:RealWorld_thigh:10,192,3,5,96,RealWorld_thigh,0.6934027777777778,0.6487957347442257,5.230560302734375,5.230560302734375
resnetse5,iid:RealWorld_thigh:10,192,3,5,97,RealWorld_thigh,0.6878472222222223,0.6416003091199897,5.230560302734375,5.230560302734375
resnetse5,iid:RealWorld_thigh:10,192,3,5,98,RealWorld_thigh,0.6972222222222222,0.6539826006749029,5.230560302734375,5.230560302734375
resnetse5,iid:RealWorld_thigh:10,192,3,5,99,RealWorld_thigh,0.6895833333333333,0.6448987976157099,5.230560302734375,5.230560302734375
resnetse5,iid:RealWorld_thigh:10,192,3,5,100,RealWorld_thigh,0.7013888888888888,0.6571882815687508,5.230560302734375,5.230560302734375
